pmid,title,abstract,authors,first_author_affiliation,journal,pub_date,doi,score,matched_keywords,api_keywords
42507832,Barriers to Population Data Use in Overdose Fatality Reviews: Observational and Interview Study of Dashboard Deployment.,"<h4>Background</h4>Overdose fatality reviews (OFRs) are an important public health tool for developing local overdose prevention strategies by reviewing individual overdose cases. While this approach offers a rich, contextual understanding of drug overdose factors in communities, it examines a small number of cases, providing limited insight into broader population-level risk patterns. To complement OFRs, we developed a real-time dashboard that visualizes trends about 5 key ""touchpoints"" (ie, interactions with medical and justice services preceding overdose). We then trained local OFR teams to use this dashboard to identify prevention opportunities.<h4>Objective</h4>This study examines the integration of population-level data into OFR practices, as well as the tensions that emerge between OFRs' traditional case-driven review processes and the statistical, population-level analysis typical in public health. We analyze how and when the dashboard was used in meetings, determine the extent to which the data informed recommendations, and identify barriers that prevented the broad uptake of this intervention.<h4>Methods</h4>We observed 26 OFR meetings across 11 counties in Indiana over 10 months, from November 2024 to September 2025, during which teams conducted case reviews and developed recommendations. We documented instances of dashboard use as well as ""missed opportunities,"" in which relevant population-level data were available but not incorporated into the discussion. We also conducted semistructured interviews with OFR team members (n=7) to understand their perceptions of the dashboard, including its usefulness, usability, and adoption barriers.<h4>Results</h4>Despite its intended role, the dashboard was rarely integrated into OFR meetings; it was used only 10 times, compared to 114 missed opportunities in which relevant data could have informed discussions. Interviews revealed that this limited uptake was not solely due to usability barriers but reflected a deeper tension between 2 distinct analytic approaches. OFR teams prioritized narrative-driven case reviews that were grounded in empathy, local knowledge, and lived experience. This approach seemed at odds with the population-level visualizations shown in the dashboard, which required statistical abstraction and interpretation. Other barriers identified included limited time and resources, staff turnover, and varying levels of data fluency, which made it difficult for teams to confidently interpret the dashboard despite training.<h4>Conclusions</h4>The results highlight a tension between case-based and data-driven approaches to overdose prevention. These approaches are grounded in different workflows, values, and motivations, making it challenging for OFR teams to maintain their traditional, empathetic review practices while incorporating population-level trends. Our findings indicate the need for data tools that bridge these approaches, such as visualizations that connect aggregate patterns to individual cases. The results also underscore the need for additional support and training for teams, such as dedicated data specialists who interpret population-level trends and provide insights to augment team discussions and inform prevention strategies.",Salvi A; Holladay C; Dir AL; Ray B; Aalsma MC; Reda K,"School of Informatics, Computing, and Engineering, Indiana University Indianapolis, Indianapolis, IN, United States.",JMIR human factors,2026-07-27,10.2196/98864,15.7,"visualization(kw,abstract); dashboard(kw,title,abstract); visual(kw,abstract); data(title,abstract)",Prevention; Visualization; Recommendations; Public Health; Interview; Substance Abuse; Overdose; Observation Study; Dashboard; Overdose Prevention; Fatality Review; Touchpoints
42503554,Global research trends in artificial intelligence-integrated robot-assisted spine surgery: a bibliometric and visualized analysis.,"This study aims to employ bibliometric analysis methods to systematically review the current research progress, developmental trajectory, and emerging research hotspots in artificial intelligence-integrated robot-assisted spine surgery (AI-RASS), thereby providing visualized support for future research planning. A total of 588 publications related to AI-RASS were extracted from the Web of Science Core Collection (WoSCC) database between 2005 and 2025.The study employed tools such as Bibliometrix, CiteSpace, VOSviewer, and Scimago Graphica to analyze publication trends, international collaboration networks, and research hotspots, generating visualized maps that elucidate the knowledge framework and conceptual structure of this field. The annual average growth rate of publication volume is 24.22%, reaching its peak in 2025. The USA, China, and Germany have the highest number of published papers, with high H-indexes, strong collaboration intensity, and significant impact. Switzerland has the highest average citation frequency per paper. In terms of total co-citation frequency, Spine ranks highest among journals in this field. Although scholarly interest continues to grow, notable gaps remain in areas such as high-quality prospective multicenter randomized controlled trials, international collaboration, ethical oversight, and rigorous cost-effectiveness evaluations. It is essential to establish comprehensive databases and international big data sharing platforms, advance methodologically rigorous clinical trial research, develop corresponding ethical frameworks, and create innovative yet accessible AI-integrated surgical protocols to promote deep integration of AI and RASS. The AI-RASS research has garnered significant attention over the past two decades. This study employed bibliometric and visualization analysis methods to systematically examine the evolutionary trends in AI-RASS research. Future developments in this field should prioritize the following directions: strengthening interdisciplinary collaboration, establishing a systematic clinical evaluation framework, creating comprehensive clinical research databases, and developing evidence-based ethical guidelines; simultaneously enhancing international and institutional cooperation to ensure alignment between technological advancement and patient safety.",He Y; Liu X; Ren D; Li Z,"Department of Orthopaedics, Guang Yuan Central Hospital, Guangyuan, China.",Journal of robotic surgery,2026-07-27,10.1007/s11701-026-03730-w,14.2,"visualization(kw,abstract); visual(kw,title,abstract); artificial intelligence(kw,title,abstract); data(abstract)",Artificial intelligence; Bibliometric Analysis; Visualization Analysis; Robot-assisted Spine Surgery
42530011,A pharmacy-led dual-source informatics framework for intravenous fluid stewardship during a national shortage.,"<h4>Purpose</h4>National shortages of intravenous (IV) fluids pose persistent operational challenges for health-system pharmacies, prompting the development of a pharmacy-led informatics approach to improve timely stewardship and forecasting. We describe the design and implementation of a dual-source framework that integrates electronic health record (EHR)-derived IV fluid utilization data with pharmacy inventory management systems to provide timely operational visibility. The objective of this innovation was to support anticipatory decision-making and coordinated stewardship during a national IV fluid shortage.<h4>Summary</h4>During the 2024 national IV fluid shortage, our institution developed a dual-source dashboard in the perioperative setting, where IV fluid use is high and documentation is structured and timestamped, that combined timely clinical utilization signals with pharmacy inventory data to generate actionable operational metrics. Patient-level IV fluid administration data were extracted from the EHR using structured query tools and processed through automated data integration pipelines. These data were normalized to pharmacy stock-keeping units and integrated with on-hand inventory data to calculate a rolling daily burn rate and projected days of supply. Metrics were refreshed hourly and visualized in a centralized dashboard accessible to pharmacy leadership and clinical stakeholders. Predefined escalation thresholds supported proactive review, allocation planning, and coordination with institutional drug shortage mitigation strategies. Although developed during the 2024 shortage, the framework was continuously monitored and validated through April 2025 to confirm stability beyond the acute shortage period.<h4>Conclusion</h4>Integrating EHR-derived utilization data with pharmacy inventory systems enabled anticipatory IV fluid stewardship during a national shortage. This platform-agnostic, dual-source framework provides health-system pharmacists with a scalable approach to improving situational awareness, forecasting risk, and coordinating multidisciplinary responses to future drug and supply-chain disruptions.",Luo XS; Chan S; Mason M; Minneci PC; Russo K; Steinmetz K; Olbrecht VA,"Division of Anesthesiology and Perioperative Medicine, Nemours Children's Health, Wilmington, DE, USA.",American journal of health-system pharmacy : AJHP : official journal of the American Society of Health-System Pharmacists,2026-07-30,10.1093/ajhp/zxag226,12.1,"dashboard(abstract); visual(abstract); data(abstract); informatics(kw,title,abstract); electronic health record(kw,abstract)",Quality improvement; Electronic Health Records; Inventory Management; Intravenous Fluids; Drug Shortages; Pharmacy Informatics
42503526,From robot assistance to surgical intelligence: global research trends and emerging frontiers of artificial intelligence-enhanced robotic surgery in urology.,"To systematically characterize global publication trends, collaboration patterns, intellectual foundations, research hotspots, and emerging frontiers in artificial intelligence (AI)-enhanced robotic and robot-assisted surgery in urology. Publications were retrieved from the Web of Science Core Collection (WoSCC) using a topic search strategy that included three keyword groups: robot-assisted surgery, urologic diseases or procedures, and AI-related technologies. English-language articles and reviews were included. Meeting abstracts, conference proceedings, editorials, letters, non-English publications, studies unrelated to urologic robotic surgery, and studies without substantive AI or intelligent algorithmic content were excluded. RStudio was used for descriptive statistics and annual publication trend visualization. VOSviewer was used for auxiliary bibliometric network construction and visualization. CiteSpace was used to construct collaboration networks, co-citation networks, keyword co-occurrence maps, cluster maps, timeline and time-zone maps, and citation burst maps. A total of 401 records were initially retrieved, and 253 publications were finally included after screening by document type, language, and topical relevance. These comprised 199 articles (78.66%) and 54 reviews (21.34%). Publications in this field began in 2004 and increased rapidly after 2018, reaching a peak of 53 publications in 2025. Because 2026 was an incomplete retrieval year, only 23 publications were recorded. Italy, the United States, the Netherlands, China, and Japan were the leading contributing countries. The University of Turin, Azienda Ospedaliero-Universitaria San Luigi Gonzaga, IRCCS Fondazione del Piemonte per l'Oncologia, the Netherlands Cancer Institute, and Leiden University Medical Center were the most productive institutions. Keyword clustering showed that the major research hotspots included renal cell carcinoma, augmented reality, image-guided surgery, indocyanine green, machine learning, registration, deep learning, and bladder cancer. AI-enhanced robotic surgery in urology has evolved from early research on registration, navigation, and image-guided surgery toward a surgical intelligence stage characterized by augmented reality, three-dimensional reconstruction, machine learning-based prediction, deep learning-based segmentation, surgical video understanding, and skill assessment. Future studies should prioritize multicenter standardized datasets, sharing of intraoperative video and robotic platform data, model interpretability, prospective validation, and integration into real-world clinical workflows.",Jiao P; Chen S; Yang J; Wang L; Cheng K; Si X; Yang L,"Department of Urology, Institute of Urology, Gansu Province Clinical Research Center for Urinary System Disease, Lanzhou University Second Hospital, Lanzhou, 730030, Gansu, China.",Journal of robotic surgery,2026-07-27,10.1007/s11701-026-03697-8,10.6,"visualization(abstract); visual(abstract); artificial intelligence(kw,title,abstract); machine learning(kw,abstract); data(abstract)",Artificial intelligence; bibliometrics; Urology; Machine Learning; Robotic Surgery; Augmented Reality; Robot-assisted Surgery; Citespace; Surgical Intelligence
42531522,Human-Centered Design of a Multistakeholder Reporting Dashboard for Disseminating HIV Implementation Research in the Ending the HIV Epidemic Initiative: Development and Formative Evaluation Study.,"<h4>Background</h4>Interactive dashboards have expanded public access to HIV surveillance and programmatic data, but existing tools do not synthesize implementation research evidence into formats accessible to the diverse stakeholders who could use it. Designing such tools requires deliberate alignment with users' needs, language, and decision-making contexts.<h4>Objective</h4>We describe the human-centered design (HCD) process used to develop and conduct a formative evaluation of the Ending the HIV Epidemic (EHE) Implementation Science (IS) Reporting Dashboard, a public-facing tool intended to synthesize HIV implementation research conducted in EHE priority jurisdictions, and to identify generalizable lessons on translating IS evidence for diverse academic and nonacademic audiences.<h4>Methods</h4>Guided by the Design Council's Double Diamond framework, the Johns Hopkins HIV IS Hub used iterative Discover, Define, Develop, and Deliver phases to conceptualize, prototype, and refine the dashboard. Initial consultations with representatives from the National Institutes of Health and a national HIV IS coordination team identified 5 primary user groups: funders, academics, community partners, implementing partners, and domestic HIV IS experts. The Define phase used a purposeful working corpus of 15 EHE IS publications to develop a theory-informed, inductively refined extraction structure. From June 2024 to April 2025, we conducted 14 virtual user-testing sessions across 3 rounds, using purposeful recruitment through established professional networks. Round 1 included 4 academics; rounds 2 and 3 each included 5 participants, with 1 representative from each user group. Sessions used a semistructured dashboard walkthrough, were recorded and transcribed, and were analyzed by 3 team members using rapid qualitative analysis. Notes and transcript observations were organized into structured insight-translation tables and synthesized through team consensus meetings.<h4>Results</h4>The HCD process produced a dashboard concept, a user-group and use-case framework, a data extraction architecture, wireframes, and a prototype organized around study design, populations, outcomes, and community engagement. User testing generated 5 cross-cutting themes: IS terminology created translation barriers; users needed clearer orientation to the dashboard's purpose and audience; nonacademic users wanted plain-language, action-oriented summaries of research findings; representing community organizations and population affiliations required attention to consent and political sensitivity; and sustained use would require active dissemination beyond launch. These findings informed revisions to navigation, terminology, glossary features, plain-language study profiles, consent-based organization profiles, and dissemination planning.<h4>Conclusions</h4>This study illustrates how HCD can inform both interface design and upstream evidence synthesis decisions when developing dissemination tools for implementation research. We offer practical lessons on translating IS evidence for diverse academic, public health, and community audiences.",Johnson TS; Katomski AS; Datar R; Lucas L; Roach MAE; Baral S; Hanrahan CF; Kemp C; Schwartz SR; Beres LK,"Department of International Health, Bloomberg School of Public Health, Johns Hopkins University, 615 N Wolfe St, Baltimore, MD, 21205, United States, 1 410-955-3543.",JMIR formative research,2026-07-30,10.2196/92156,10.4,"visualization(kw); dashboard(title,abstract); visual(kw); data(kw,abstract)",United States; Hiv Infections; Community Participation; Health Information Systems; Data Visualization; User-centered Design; Information Dissemination; Implementation Science
42517937,[Concepts and clinical application of digital 3D microscopy].,"<h4>Background</h4>Heads-up 3D surgery is becoming increasingly more important in ophthalmic microsurgery. Digital 3D visualization systems supplement traditional binocular microscopes by high-resolution monitor presentations and enable improved depth perception, ergonomics, team communication and teaching.<h4>Objective</h4>This review aims to summarize the development, current evidence, technical features, advantages, and limitations of heads-up 3D surgery in routine clinical ophthalmology.<h4>Methods</h4>This article provides a narrative review of clinical studies, case series, systematic reviews and meta-analyses evaluating the application of 3D visualization systems in cataract, vitreoretinal, corneal and glaucoma surgery. Ergonomic, educational and technological aspects were additionally assessed.<h4>Results</h4>The available evidence demonstrates comparable safety and effectiveness of heads-up 3D surgery and conventional microscopy for cataract and vitreoretinal procedures, without increased complication rates. Enhanced depth of field, digital color and contrast filters as well as the possibility of reduced intensity of illumination improve the visualization of delicate structures and support precise surgical maneuvers with reduced light exposure. The integration of intraoperative imaging facilitates real-time decision-making. In addition, consistent ergonomic advantages and clear educational benefits for ophthalmic surgeons are reported. Future advances in the fields of augmented reality, artificial intelligence and telemedicine are expected to further expand the clinical and educational role of heads-up 3D systems.",Eckardt F; Plettenberg P; Hattenbach LO; Priglinger S,"Klinik für Augenheilkunde, Ludwig-Maximilians-Universität München, München, Deutschland. Franziska.eckardt@med.uni-muenchen.de.",Die Ophthalmologie,2026-07-28,10.1007/s00347-026-02488-8,8.5,"visualization(kw,abstract); visual(kw,abstract); artificial intelligence(abstract)",Light exposure; 3D Visualization Systems; Ergonomic Advantages; Heads-up 3D Surgery; Ophthalmic Microsurgery
42532343,A Replicable Colectomy Surgical Site Infection Prevention Bundle: Implementation and Electronic Health Record-Enabled Compliance Monitoring.,"<h4>Background</h4>Surgical site infections (SSIs) after colectomy are a major source of morbidity, mortality, and cost. Despite evidence supporting prevention bundles, reliable implementation remains challenging. We describe the implementation of a colectomy SSI bundle guided by the Translating Research into Practice (TRIP) model, featuring novel electronic health record (EHR)-enabled compliance monitoring.<h4>Methods</h4>A pre/post quasi-experimental study compared baseline (n = 227) and post-implementation (n = 164) colectomies at a community teaching hospital. An Epic (Epic Systems Corporation, Verona, WI) EHR dashboard monitored compliance. The primary outcome was the National Healthcare Safety Network (NHSN) Standardized Infection Ratio (SIR).<h4>Results</h4>SSI rates decreased from 10.6% to 4.9% (relative risk 0.46, 95% CI: 0.21-0.99, p = 0.051). The SIR decreased from 2.04 to 0.895 (relative risk 0.44, 95% CI: 0.19-0.95, p = 0.037), indicating fewer SSIs than expected. Compliance was high across most elements.<h4>Discussion</h4>The TRIP model provided a replicable implementation framework. The EHR dashboard enabled actionable compliance monitoring without requiring capital investment.<h4>Conclusions</h4>A colectomy SSI prevention bundle, guided by the TRIP model and supported by an EHR dashboard, achieved a statistically significant reduction in SIR and a clinically meaningful decrease in SSI rates.",Rodriguez R; Cromer AL; Jones C; Porupski E,"Associate Professor of Surgery, Medical College of Georgia, Northwest Georgia Campus, Clinical Associate Professor of Surgery, Philadelphia College of Osteopathic Medicine, Suwanee, Georgia; Senior Attending Surgeon, Hamilton Medical Center, Dalton, Georgia. Electronic address: rrodriguez@hhcs.org.",American journal of infection control,2026-07-30,10.1016/j.ajic.2026.07.016,8.4,"dashboard(abstract); electronic health record(kw,title,abstract)",Quality improvement; Colectomy; Electronic Health Records; Surgical Site Infection; Implementation Science; Patient Care Bundles
42507013,Transfer learning prediction of 2-year native liver survival in biliary atresia following Kasai portoenterostomy using early perioperative biochemical data up to 3 months postoperatively.,"<h4>Background</h4>Biliary atresia (BA), a rare but life-threatening neonatal cholestatic disorder, necessitates Kasai portoenterostomy (KPE) as the primary surgical intervention. However, despite timely KPE within the recommended 60-day window, approximately 60% of infants ultimately require liver transplantation before age 2. Current prognostic tools lack the capacity to predict long-term native liver survival (NLS) using early perioperative biomarkers.<h4>Methods</h4>The study subjects were BA patients treated by a senior KPE surgeon at our center (93 cases) and another senior KPE surgeon at Jiangxi Children's Hospital (61 cases) from January 2017 to December 2022. Clinical and pathological follow-up data were collected. Five traditional machine learning (ML) algorithms (LRM, DET, MLP, SVC, RF) were trained on preoperative, intraoperative, and postoperative biomarkers up to 3 months post-KPE, encompassing biochemical profiles. The best-performing RF model was further enhanced using transfer learning (TL).<h4>Results</h4>For a combined cohort of 154 patients, traditional statistical analysis revealed significant differences in perioperative factors between NLS and non-NLS groups, with multivariate logistic regression identifying surgical age (P = 0.029), globular proteins at 1 week postoperatively (GLO_1W, P < 0.001), aspartate aminotransferase at 1 month postoperatively (AST_1M, P = 0.007), albumin at 3 months postoperatively (ALB_3M, P = 0.029), gamma-glutamyl transpeptidase at 3 months postoperatively (GGT_3M, P < 0.001), direct bilirubin at 3 months postoperatively (DBIL_3M, P = 0.005), and prealbumin at 3 months postoperatively (PALB_3M, P = 0.004) as independent risk factors. The five traditional ML models showed varying performance, with RF demonstrating the highest average AUC in the training set (AUC = 0.795, 95% CI 0.709-0.881). The TL model, built on the RF base, achieved superior performance in the training set (AUC = 0.888, 95% CI 0.819-0.943) and validation set (AUC = 0.856, 95% CI 0.738-0.947). GGT_3M, ALB_3M, DBIL_3M, DBIL_1M and GLO_1W were identified as the most critical predictive features. A TL-based clinical decision support system was deployed, providing dynamic visualization of individualized 24-month NLS trajectories.<h4>Conclusion</h4>Early perioperative biochemical data-driven ML models, enhanced by transfer learning, enable accurate prediction of 2-year NLS in BA. GGT_3M, ALB_3M, DBIL_3M, DBIL_1M, and GLO_1W are among the most influential predictors for 2-year NLS after KPE procedure.",Xie C; Yan W; Zhao Y; Li S; Liao J; Zhang Y; Hua K; Gu Y; Wang P; Sun J; Jin Y; Liu Z; Sun D; Wang D; Huang J,"Department of Neonatal Surgery, Beijing Children's Hospital, Capital Medical University, National Center for Children's Health, Beijing, 100045, China.",Pediatric surgery international,2026-07-27,10.1007/s00383-026-06542-z,7.8,"visualization(abstract); visual(abstract); machine learning(kw,abstract); clinical decision support(abstract); data(title,abstract)",Machine Learning; Biliary Atresia; Prognostic Model; Native Liver Survival
42535706,Utilization of an electronic dashboard to improve health maintenance in veterans with IBD receiving biologic therapy.,"<h4>Abstract</h4>Globally, the incidence of inflammatory bowel disease increased by 47.5% between 1990 and 2019. Biologic medications are often used in moderate-to-severe cases of inflammatory bowel disease. These medications suppress the immune system, placing individuals at increased risk of infections, vitamin deficiencies, and other adverse outcomes. This 12-week quality improvement project evaluated the use of an electronic dashboard to improve rates of health maintenance activities in patients diagnosed with inflammatory bowel disease receiving biologic therapies utilizing a Plan-Do-Study-Act design. Baseline data showed laboratory monitoring at 67%, bone density testing at 46%, tuberculosis screening at 54%, and pneumococcal vaccination at 33%. The rate of influenza vaccination for the previous season was 63%. Postimplementation, increases in rates of all five health maintenance activities were seen, with laboratory monitoring at 96%, bone density testing at 96%, tuberculosis screening at 96%, pneumococcal vaccination at 78%, and influenza vaccination at 78%. The care of patients with inflammatory bowel disease is complex and requires commitment from medical professionals to provide up-to-date care. Electronic dashboards can assist with providing this type of care.",Gaulke C,"Carolyn Gaulke is a Clinical Assistant Professor at Upstate Medical University College of Nursing in Syracuse, NY.",The Nurse practitioner,2026-07-28,10.1097/01.npr.0000000000000463,7.4,"dashboard(kw,title,abstract); data(abstract)",Inflammatory Bowel Disease; Health Maintenance; Biologics; Electronic Dashboard
42533500,A novel ultrasound-based vein visualization technology can better detect optimal peripheral veins when compared to landmark.,"<h4>Introduction</h4>Peripheral intravenous catheter (PIVC) failure prior to therapy completion is a major issue. Technology to identify more suitable veins for cannulation is essential to improve successful insertion and reduce post-insertion complications and avoidable costs.<h4>Objective</h4>The experimental study was designed to compare vessel selection for cannulation when using a novel ultrasound-based vein visualization prototype versus traditional landmark technique.<h4>Methods</h4>Three clinicians competent in cannulation (CCC) used landmark technique to select and mark a vein indicated for short peripheral catheter (SPC) placement on each arm of the 12 patients recruited (24 arms). This process was repeated using the vein visualization prototype. A blinded Vascular Access Specialist (VAS) evaluated each marked site using ultrasound (GE Logiq S7). Vessel cannulation suitability was rated on a 5-point Likert (⩾3 considered suitable). Ethics approval was obtained (SMHS HREC RGS0000006930).<h4>Results</h4>Landmark-selected veins were deemed suitable less often (52.2% vs 78.3%; <i>p</i> = 0.08) than prototype-selected veins and had lower average suitability scores (2.57 vs 3.22; <i>p</i> = 0.03). Landmark technique selected veins from various sites: hand (4.3%), wrist (17.4%), mid-forearm (73.9%), and antecubital fossa (4.3%), whereas the prototype predominantly selected mid-forearm veins (95.7%). Landmark-selected veins were significantly shallower (1.83 mm vs 2.61 mm; <i>p</i> = 0.03) than prototype-selected veins, however the diameter of these veins were not significantly different between the two techniques (2.20 mm vs 2.72 mm; <i>p</i> = 0.05). Both techniques detected veins with 95.8% sensitivity.<h4>Conclusion</h4>The prototype outperformed the landmark technique by visualizing non-palpable, non-visible vessels. The veins identified were larger and optimally located in the mid-forearm, both attributes linked to fewer complications and improved first-time insertion success. Future prototype refinement will include ergonomic improvements and clinical data to enhance performance.",Liddelow MD; Hansen EL; Jackson GM; Molan KC; Ho PH; Doyle BJ; Bappoo N; Carr PJ,"VeinTech Pty Ltd, Perth, WA, Australia.",The journal of vascular access,2026-07-30,10.1177/11297298261469954,7.0,"visualization(title,abstract); visual(title,abstract); data(abstract)",Veins; Ultrasonography; Complications; Biomedical technology; Cannula; Technology Assessment
42506799,Clinical evaluation of deep learning-accelerated 3D FLAIR imaging at 1.5T and 3T for visualization of cerebral white matter lesions.,"BackgroundFluid-attenuated inversion recovery (FLAIR) imaging is a standard sequence used for the detection of white matter lesions; however, 1-mm isotropic FLAIR can take 5-7 min at 1.5T and 3T using routine methods, limiting routine use of high-resolution 3D FLAIR imaging.PurposeTo evaluate a deep learning (DL)-based unrolled optimization 3D FLAIR technique, Sonic DL™ 3D (SDL), in comparison to a standard 3D FLAIR protocol, both combined with DL-based post-processing (AIR™ Recon DL) at 1.5T and 3T.Material and MethodsA total of 67 patients (15 scanned at 1.5T and 52 at 3T) with suspected white matter lesions were included. Two neuroradiologists performed blinded, head-to-head image quality evaluation (motion, noise, and overall diagnostic quality). Quantitative lesion volume and lesion counts were derived from automated segmentation using SPM 12. Cohen's kappa, Wilcoxon signed-rank tests, and paired <i>t</i>-tests were applied.ResultsAt 1.5T, SDL FLAIR (4 min 53 s) reduced scan times by 15% compared to standard 3D FLAIR (5 min 43 s) and performed similarly or better in lesion visualization and image quality, with significantly (<i>P</i> <0.05) improved noise quality. At 3T, SDL FLAIR (2 min 45 s) achieved a reduction in scan time of approximately 35% compared to standard 3D FLAIR (4 min 15 s) and showed improved lesion conspicuity (periventricular, juxtacortical, and other regions) and image quality metrics. However, except for noise quality, these differences did not reach statistical significance despite moderate to almost perfect interrater agreement (Cohen's kappa 0.55-0.85; <i>P</i> <0.001).ConclusionAccelerated SDL FLAIR demonstrated improved diagnostic quality, comparable lesion conspicuity, and volumetric measurements to standard 3D FLAIR sequence at 1.5T and 3T.",Buathong S; Filippakis A; Hua Chiang C; Milshteyn E; Thomas M; Rettmann D; Hemond C; Huang SY; Jambor I,"Department of Radiology, Athinoula A. Martinos Center for Biomedical Imaging, Charlestown, MA, USA.","Acta radiologica (Stockholm, Sweden : 1987)",2026-07-27,10.1177/02841851261460842,6.5,"visualization(title,abstract); visual(title,abstract)",Brain; Central nervous system; Brain stem; Magnetic Resonance Imaging
42542008,Visualization of the endogenous ONOO&lt;sup&gt;-&lt;/sup&gt; in the drug-induced liver injury mice by a mitochondria-targeting ratiometric fluorescence probe.,"Fluorescence spectroscopy has attracted considerable interest owing to its distinct advantages. In Particular, ratiometric fluorescence probes enable more accurate quantitative detection in complex biological specimens. As a key member of the reactive nitrogen species (RNS) family, peroxynitrite (ONOO<sup>-</sup>) plays critical roles in physiological and pathological processes. Drug-induced liver injury (DILI), a global health concern, represents a major contributor to advanced liver diseases, including hepatocellular carcinoma. Although ONOO<sup>-</sup> serves as an important biomarker of hepatotoxicity, the visualization of endogenous ONOO<sup>-</sup> in DILI models remains challenging, primarily due to the scarcity of specific ratiometric probes. Herein, we report a novel mitochondria-targeting ratiometric fluorescent probe, Mito-P, based on a xanthene scaffold. Mito-P shows high sensitivity, excellent selectivity, and robust anti-interference capability toward ONOO<sup>-</sup>. Using probe Mito-P, we demonstrate real-time fluorescence imaging of intracellular ONOO<sup>-</sup>. Besides, Mito-P enables the monitoring of ONOO<sup>-</sup> dynamics in DILI models. We anticipate that Mito-P will serve as a powerful molecular tool for elucidating the pathophysiological roles of ONOO<sup>-</sup>.",Shen L; Wang ZC; Ji ZX; Wang YZ; He JH; Shen SL; Zhang XF,"Institute of optical functional materials for biomedical imaging, School of Chemistry and Pharmaceutical Engineering, Shandong First Medical University & Shandong Academy of Medical Sciences, Taian, Shandong 271016, PR China.",Bioorganic chemistry,2026-07-30,10.1016/j.bioorg.2026.110315,6.5,"visualization(title,abstract); visual(title,abstract)",Mitochondrial; Peroxynitrite; Liver injury; fluorescence imaging; Ratiometric Probe
42536242,Global research trends and frontier evolution in robot-assisted distal pancreatectomy: a bibliometric and visualization analysis.,"Robot-assisted distal pancreatectomy is increasingly recognized as an important minimally invasive option for lesions of the pancreatic body and tail. Given the technical complexity inherent to distal pancreatectomy, including deep operative planes, vascular dissection, splenic vessel management, and the persistent risk of postoperative pancreatic fistula, robotic systems may offer specific advantages in selected settings. However, although the number of relevant publications has continued to rise, the overall research landscape and thematic development of this field remain insufficiently and unsystematically characterized. The present study was designed to assess the global research status, knowledge structure, and evolving hotspots in the field of robot-assisted distal pancreatectomy through bibliometric and visualization analysis. A total of 254 eligible publications indexed in the Web of Science Core Collection between January 1, 2007 and December 31, 2025, including 210 articles and 44 reviews, were analyzed using Bibliometrix, VOSviewer, CiteSpace, and Scimago Graphica. The yearly publication output demonstrated a general increasing pattern, with more marked growth from the mid-2010s onward and the highest output recorded in 2025. Italy together with the United States remained the principal contributors across much of the study period, while China showed sustained growth in recent years. The United States ranked first in citation impact. Several institutions, including the University of Amsterdam, University of Verona, and University of Pisa, emerged as major contributors. Among the leading publication venues were Surgical Endoscopy and Other Interventional Techniques, Annals of Surgical Oncology, and Journal of Robotic Surgery. Citation and co-citation analyses showed that the intellectual structure of the field has been shaped mainly by studies focusing on surgical technique, perioperative outcomes, and comparisons with laparoscopic distal pancreatectomy. Keyword analysis indicated that spleen preservation, pancreatic fistula, laparoscopic comparison, learning curve, clinical outcomes, and multicenter evaluation are among the main research themes, with recent attention increasingly directed toward preservation strategies, outcome assessment, and more refined clinical application. In conclusion, research on robot-assisted distal pancreatectomy has expanded steadily and is moving from early feasibility-focused exploration toward a more specialized and clinically oriented stage. Future progress in this field will likely depend on stronger multicenter collaboration, more indication-specific evaluation, and more standardized evidence generation.",Li J; Miao Y; Zhang Y,"Second Department of General Surgery, Gansu Provincial Hospital, Lanzhou, Gansu, 730000, China.",Journal of robotic surgery,2026-07-31,10.1007/s11701-026-03526-y,6.5,"visualization(title,abstract); visual(title,abstract)",Pancreatic Fistula; Bibliometric Analysis; Spleen Preservation; Minimally Invasive Pancreatic Surgery; Robot-assisted Distal Pancreatectomy
42519994,Logic Models on Health Information Technology-Related Interventions: Scoping Review Across Disciplines.,"<h4>Background</h4>Health information technology (HIT) interventions are complex, context-dependent, and often insufficiently theorized, which can hinder their design, implementation, and evaluation. Program theory approaches such as logic models and theory of change (ToC) are well-established in public health and implementation science for articulating causal assumptions. Their use in medical informatics, however, appears inconsistent. A systematic overview of how logic models and ToC have been applied to HIT interventions is therefore needed to support theory-informed development and cumulative learning in the field.<h4>Objective</h4>We aimed to map how logic models, ToC, and related program theory approaches have been conceptualized, constructed, and applied in HIT-related interventions across disciplines. A secondary objective was to identify implications for medical informatics research and practice.<h4>Methods</h4>Following PRISMA-ScR (Preferred Reporting Items for Systematic Reviews and Meta-Analyses extension for Scoping Reviews), searches were conducted in PubMed, Web of Science, Academic Search Elite, APA PsycArticles, and CINAHL. Eligible publications used a logic model, ToC, or related construct within an HIT intervention in any health care or social-care setting. Next, 2 reviewers independently screened records and extracted data on study characteristics, type and purpose of HIT, model structure, theoretical foundations, and reported benefits and challenges.<h4>Results</h4>A total of 69 publications (2012-2025) met the criteria. Use of program theory increased markedly after 2020 and spanned medical informatics, public health, health services research, and implementation science. Logic models were most frequently applied to patient-facing and self-management technologies, particularly mobile health, telehealth, and home-based remote monitoring. Most models were used to support HIT development or evaluation. Of the total, 60 (87%) studies provided a logic model visualization, although structures varied considerably. Out of 69, 50 (72%) studies cited guidelines for model development, most commonly UK Medical Research Council guidance, realist evaluation, or the Kellogg Logic Model. Out of 69 studies, 28 (41%) used behavioral or implementation frameworks, such as Capability, Opportunity, Motivation-Behavior model (COM-B), Consolidated Framework for Implementation Research (CFIR), Expert Recommendations for Implementing Change (ERIC), Fit between Individuals, Task, and Technology (FITT), or Non-adoption, Abandonment, and challenges to the Scale-up, Spread, and Sustainability (NASSS) to populate model content. Only 3 (4%) studies reused an existing model. Reported benefits concerned improved theorization, structured evaluation, and stakeholder engagement; challenges included limited empirical evidence, high resource demands, and tensions between specificity and generalizability.<h4>Conclusions</h4>Program theory approaches are increasingly used to conceptualize and evaluate HIT interventions; yet, their application in medical informatics remains fragmented. More systematic and theory-informed use of logic models could enhance conceptual clarity, methodological rigor, and cumulative learning. Future work should promote model reuse, establish repositories, strengthen reporting standards, and integrate program theory in HIT education and research to support coherent development, evaluation, and scaling of digital health interventions.",Ammenwerth E; Hörhammer I; Bindel M,"UMIT TIROL - Private University for Health Sciences and Health Technology, Eduard Wallnöfer Zentrum 1, Hall in Tirol, 6060, Austria.",JMIR medical informatics,2026-07-28,10.2196/87848,6.0,"visualization(abstract); visual(abstract); data(abstract); informatics(kw,abstract)",Program Evaluation; Medical Informatics; Implementation Science; Logic Model; Theory Of Change; Program Theory
42530912,"Visual detection technologies for mycotoxins in food products: recent advances, current challenges, and future perspectives.","Food products are highly vulnerable to fungal contamination throughout storage, transportation, and processing, leading to the accumulation of mycotoxins that pose significant risks to food safety and public health. Therefore, there is an urgent need to develop sensitive, rapid, and reliable detection tools. Visual detection enables real-time monitoring of mycotoxin contamination using miniaturized equipment, offering advantages such as simple operation, user-friendliness, fast detection speed, and high sensitivity. As a result, it has gained increasing favor among researchers and practitioners across various fields. This review summarizes recent advances in visual detection methods for mycotoxins, including colorimetric, fluorescent, electrochemiluminescent, and photoelectrochromic visualization approaches. For each category, the design principles, representative applications, key advantages, and inherent limitations are systematically analyzed. Finally, the key scientific and technological challenges currently facing this field are critically examined, and the emerging opportunities arising from the integration of visual biosensing with big data analytics and machine learning are highlighted. This review is intended to serve as a valuable reference for the development of novel visual biosensors for mycotoxin detection and for the broader application of next-generation visual biosensors in on-site mycotoxin monitoring.",Wei KH; Jia MX; Heng HD; Yang YF; Wang K,"School of Agricultural Engineering, Jiangsu University, Zhenjiang 212013, PR China. wangkun@ujs.edu.cn.","Chemical communications (Cambridge, England)",2026-07-30,10.1039/d6cc03959f,5.6,"visualization(abstract); visual(title,abstract); machine learning(abstract); data(abstract)",
42517523,A Multidimensional Digital Health Platform to Support Intrinsic Capacity and Healthy Aging: Pilot Feasibility Study.,"<h4>Background</h4>By 2050, 22% of the global population will be aged 60 years or older, with Europe experiencing rapid aging. This increase in chronic diseases and functional decline demands a shift from fragmented, hospital-centric care to continuous care models. The World Health Organization's healthy aging framework prioritizes intrinsic capacity (IC)-defined as physical and mental abilities across the locomotion, vitality, sensory, cognition, and psychology domains. Digital health solutions enable remote monitoring but face barriers, such as low digital literacy and usability challenges among older adults.<h4>Objective</h4>This study evaluates the impact of a multidimensional, artificial intelligence-driven digital health platform (CAREUP) on the dynamic monitoring and personalized enhancement of IC in community-dwelling older adults through the integration of real-time physiological, cognitive, and behavioral data streams.<h4>Methods</h4>This pilot feasibility study was conducted from September to December 2024 in Italy, Romania, and Austria. It involved 66 older adults as primary users and 17 caregivers as secondary users. The CAREUP system included Android apps (Careplan and Positive Health), smart devices, and a dashboard. Users followed a 2-month plan. We assessed usability (System Usability Scale [SUS]), user experience (User Experience Questionnaire short version [UEQ-S]), and acceptance (qualitative) at 3 time points (T0, T1, and T2), along with health and quality-of-life measures.<h4>Results</h4>Of the 66 enrolled participants, 61 primary users (37 women and 24 men; mean age 73.9 years) completed the study. The overall SUS score was 68, indicating acceptable but improvable usability, with significant variation across countries. The UEQ-S score of 1.45 indicated a good overall user experience, with high Hedonic Quality (1.66) suggesting strong emotional appeal and Pragmatic Quality (1.23) reflecting above-average usability. Most participants (49/61, 80%) rated the platform as interesting, helpful, and efficient, and 48 out of 61 (79%) were willing to recommend it to friends. Secondary outcomes demonstrated stable physical and mental health and maintained independence in daily activities. Technical connectivity issues and device complexity emerged as the primary barriers to adoption.<h4>Conclusions</h4>CAREUP demonstrated feasibility for IC monitoring, with acceptable usability and a positive user experience. However, technical challenges and cross-country variations indicate a need for adaptations to address cultural differences and varying levels of digital literacy. Prioritizing reliability, simplifying the system, and providing user support will be essential to enhance broader adoption.",Kolakowski M; Lupica A; Bader SB; Ayadi J; Gilardi L; Consoli A; Mocanu IG; Cramariuc O; Ferrazzini L; Reithner E; Velciu M; Borgogni B; Rivaira S; Antognoli L; Leonzi S; Felici E; Rampioni M; Cucchieri G; Stara V,"Institute of Radioelectronics and Multimedia Technology, Warsaw University of Technology, Warsaw, Poland.",JMIR aging,2026-07-28,10.2196/79862,5.0,"dashboard(abstract); artificial intelligence(kw,abstract); data(abstract)",Artificial intelligence; Usability; Older Adults; Remote Monitoring; Healthy Aging; User Experience; Digital Health; Intrinsic Capacity; Integrated Care Platform; Multidimensional Health Assessment
42522897,Identification and importance analysis of osteoporosis risk factors in perimenopausal women based on the Transformer-LSTM hybrid model and SMOTE.,"<h4>Objective</h4>This study aimed to identify the core risk factors for osteoporosis in perimenopausal women and propose an analytical framework based on the Transformer-LSTM hybrid model and SMOTE algorithm.<h4>Method</h4>Cohort data on perimenopausal osteoporosis from the Department of Gynecology, Peking University Third Hospital were preprocessed, including cleaning invalid samples, converting feature types and imputing missing values. The SMOTE algorithm was then used to generate synthetic samples to balance the class distribution. Subsequently, a hybrid model integrating Transformer and long short-term memory (LSTM) was constructed: Transformer was employed to capture long-range correlations between features, while LSTM extracted sequence dependencies, thereby improving classification performance. Random errors were controlled through 20 independent experiments. Feature importance was calculated using the permutation method, and multi-dimensional visualization analyses were conducted using lollipop charts, horizontal bar charts, cumulative contribution curves and radar charts.<h4>Results</h4>The results showed that total type 1 collagen N-terminal propeptide (TP1NP) is the most critical physiological indicator affecting abnormal bone mineral density. Factors such as 'educational level', 'body weight (kg)' and 'whether menopause occurred before the age of 45' also exerted significant influences. Notably, the top 25 core features could explain 80% of the associated risk. The proposed Transformer-LSTM hybrid model achieved an overall classification accuracy of 89.52 ± 1.48%, a macro F1-score of 0.867 ± 0.018 and a macro area under the curve (AUC) of 0.923 ± 0.012 - representing improvements of 3.76% in accuracy, 2.5% in F1-score and 3.6% in AUC compared with the single Transformer model, and of 7.38% in accuracy, 6.4% in F1-score and 7.8% in AUC compared with the single LSTM model. For the minority osteoporosis class, the model's recall rate reached 0.879 ± 0.025, which was 11.4% higher than that of the random forest model and 19.0% higher than that of the logistic regression model.<h4>Conclusion</h4>This study provides a scientific basis and quantitative reference for the early identification, prevention, clinical assessment and health management of osteoporosis. The significant performance improvements of the proposed model (3.76-19.0% across key metrics) validate its superiority in capturing complex feature correlations and identifying minority class samples, addressing the core challenges of imbalanced clinical data and limited feature mining capability of traditional models. The identification of core risk factors and their quantitative importance not only enhances the interpretability of machine learning-based osteoporosis risk assessment but also enables targeted screening and personalized intervention for perimenopausal women, which is of great significance for improving the early diagnosis rate of osteoporosis and reducing the social and economic burden of related fractures.",Hu HX; Wang W; Liang HM,"Department of Obstetrics and Gynecology, Peking University Third Hospital, Beijing, China.",Climacteric : the journal of the International Menopause Society,2026-07-29,10.1080/13697137.2026.2671750,5.0,"visualization(abstract); visual(abstract); machine learning(abstract); data(kw,abstract)",Osteoporosis; Data Augmentation; Perimenopausal Women; Feature Importance; Risk Factor Identification; Smote Algorithm; Transformer–lstm Hybrid Model
42535298,An Effective Machine Learning for Prioritizing Hearing Loss Screening in Older Adults: A Primary Care Approach.,"<h4>Background/objectives</h4>The high prevalence of hearing impairment in older adults and the scarcity of diagnostic resources in primary health care (PHC) highlight the need for solutions based on artificial intelligence. This study aimed to develop and evaluate a decision tree model to prioritize hearing examinations in this population.<h4>Methods</h4>An observational study was conducted using 60 clinical profiles. The decision tree model was developed in R, using the Recursive Partitioning and Regression Trees (rpart) package after data preprocessing that included cleaning, dichotomization, and multiple imputations by chained equations (MICE). The algorithm was trained on 70% of the sample and tested on the remaining 30%. Its performance was evaluated using standard metrics.<h4>Results</h4>The model achieved satisfactory performance with good accuracy, sensitivity, and specificity. The area under the curve (AUC) was 0.825, outperforming a classic logistic regression model (AUC 0.700). Based on the model's key predictors, which include the presence of tinnitus, not having a partner, female sex, hypertension and/or diabetes, and age ≥ 65 years, a user-friendly, interactive web-based dashboard was developed for clinical use.<h4>Conclusion</h4>The decision tree model is a promising tool that demonstrates technical viability for prioritizing hearing loss screening. While further large-scale external validation is required, it serves as a foundational step for integrating AI-driven prioritization in primary health care.",Cruz SSD; Rodrigues EJ; Ramos MSX; Oliveira DCS; Matos PJDS; Coelho JMF; Rabelo DF; Hintz AM; Passos-Soares JS; Figueiredo ACMG; Gomes-Filho IS,"Federal University of Recôncavo da Bahia (UFRB), Santo Antônio de Jesus, Bahia, Brazil.",Journal of the American Geriatrics Society,2026-07-31,10.1111/jgs.70634,4.6,dashboard(abstract); artificial intelligence(abstract); machine learning(title); data(abstract),Predictive modeling; Primary Health Care; Decision trees; Older Adults
42530281,Development of an RPA-CRISPR/Cas12a-Based Assay for Sensitive and Visual Detection of Channel Catfish Calicivirus (ChCV).,"Channel catfish calicivirus (ChCV) has emerged as a novel viral pathogen threatening the sustainability of channel catfish (Ictalurus punctatus) aquaculture. The absence of rapid, on-site detection methods has hindered effective disease prevention and control. In this study, a visual RPA-CRISPR/Cas12a detection platform targeting the conserved non-structural protein (NS) gene of ChCV was established, and the key reaction parameters were systematically optimized. The optimal combination was identified as the F3/R3 primer pair with crRNA3-2. The optimal reaction conditions included RPA amplification at 37°C for 30 min, followed by CRISPR/Cas12a detection at 37°C for 30 min using 250 nM ssDNA reporter, 50 nM crRNA3-2 and 200 nM Cas12a. Specificity analysis showed that the established system specifically recognizes ChCV without cross-reactivity with other common aquatic pathogens affecting channel catfish, including channel catfish virus (CCV, also known as Ictalurid herpesvirus 1, IcHV1), channel catfish reovirus (CCRV), Edwardsiella tarda, Aeromonas hydrophila and Aeromonas veronii. Sensitivity evaluation demonstrated that the fluorescence visualization mode of the system achieved a limit of detection (LOD) of 2 copies/μL, while the lateral flow dipstick (LFD) mode exhibited an LOD of 2 × 10<sup>2</sup> copies/μL. Both detection modes were significantly more sensitive than conventional PCR. When applied to 20 clinical samples, the RPA-CRISPR/Cas12a system yielded a positive detection rate of 60%, substantially higher than that of conventional PCR (25%). In conclusion, the RPA-CRISPR/Cas12a system established in this study exhibits high specificity, ultra-sensitivity and operational simplicity, making it a promising tool for rapid and field-deplorable detection of ChCV.",Ma C; Zhou Y; Ren X; Wang H; Jiang N; Li Y; Meng Y; Xu C; Fan Y; Liu W,"College of Fisheries and Life Science, Shanghai Ocean University, Shanghai, China.",Journal of fish diseases,2026-07-30,10.1111/jfd.70264,4.1,"visualization(abstract); visual(title,abstract)",Detection; Channel Catfish (Ictalurus Punctatus); Rpa‐crispr/cas12a; Channel Catfish Calicivirus (Chcv)
42538137,"Beyond Facets, Beyond Dogma: Endoscopically Directly Visualized Medial Branch Transection for the Axial-Radicular Pain Spectrum.","<h4>Purpose</h4>To define directly visualized endoscopic posterior sensory network interruption (endoscopic transection/neurectomy of targeted dorsal ramus tributaries) as surgically distinct from percutaneous fluoroscopy-guided radiofrequency lesioning, and to propose a bounded, physiology-informed pathway that positions it after functional confirmation, and before structural reconstruction in selected phenotypes.<h4>Study design</h4>Narrative, mechanism-informed perspective.<h4>Methods</h4>Selective synthesis of peer-reviewed evidence on dorsal root ganglion (DRG) neurobiology, functional diagnostics, imaging-symptom noncorrelation, and endoscopic posterior sensory procedures; and development of an operational decision framework specifying pragmatic diagnostic anchors, exclusion thresholds, reassessment expectations, and stopping rules.<h4>Results</h4>Axial and radiating/appendicular symptoms frequently coexist along a continuum influenced by DRG excitability rather than separating cleanly into ""facet"" vs ""compression"" categories. In imaging-noncorrelative presentations, magnetic resonance imaging noncorrelation is treated as a diagnostic classification rather than an indication: directly visualized endoscopic neurectomy is considered only when a suspected level/pathway is physiologically localized using predefined functional confirmation (eg, concordant diagnostic testing with clinically meaningful immediate relief) and when competing dominant mechanisms (instability, deformity, or predominant neuromuscular failure) are reasonably excluded. The framework constrains procedural ""dose"" and retreatment through explicit safety boundaries, including conservative multilevel use, interval objective neuromuscular reassessment, and stopping rules-particularly in patients with multifidus compromise, sarcopenia/frailty phenotypes, extensor-compartment vulnerability, or radiographic instability.<h4>Conclusions</h4>Directly visualized endoscopic interruption of medial branch and related dorsal ramus tributaries is a surgical procedure with verified anatomic access under endoscopic visualization and should be distinguished from needle-based fluoroscopic radiofrequency lesioning when interpreting technique, reach, outcomes, and risk. Within a restricted, auditable selection framework requiring functional confirmation and defined safety boundaries, it may serve as a motion-preserving, escalation-friendly option in selected DRG-dominant axial-radiating pain phenotypes, while preserving escalation pathways to decompression or fusion when structural progression becomes dominant.<h4>Clinical relevance</h4>A DRG-centered, endoscopic framework may address a common treatment gap-function-limiting symptoms with noncorrelative routine imaging-by pairing functional diagnostics with directly visualized posterior sensory network interruption while maintaining longitudinal accountability for neuromuscular and biomechanical risk.<h4>Level of evidence: 5</h4>",Lewandrowski KU; Elfar J; Hellinger S; Kim P; Alhammoud A; Lorio MP,"Department of Orthopedics at Hospital Universitário Gaffree Guinle Universidade Federal do Estado do Rio de Janeiro, Rio de Janeiro, Brazil business@tucsonspine.com.",International journal of spine surgery,2026-07-31,10.14444/8919,4.1,"visualization(abstract); visual(title,abstract)",Dorsal root ganglion; Surgery; lateral branch; Endoscopic Spine Surgery; Neurectomy; Functional Diagnostics; Medial Branch; Radiating Pain; Axial Pain; Rhizotomy; Accessory Branches; Mri-occult Pathology; Early-stage Spine Care
42497021,Design of a dual-route acoustic-feature and EfficientNet-B0 spectrogram-based voice-screening device for Parkinson's disease assessment.,"<h4>Objectives</h4>Parkinson's disease (PD) can affect vocal production before severe motor symptoms become apparent. This study presents a device-oriented dual-route voice-screening framework that combines interpretable acoustic descriptors with spectrogram-based transfer learning for PD assessment support.<h4>Methods</h4>Publicly available sustained-vowel /a/ recordings from the Parkinson Speech Dataset with Multiple Types of Sound Recordings were used for algorithmic evaluation. The proposed handheld device, dashboard, and connectivity workflow were treated as a conceptual deployment scenario. The acoustic route generated an integrated acoustic-feature vector and grouped representation-level summaries of selected descriptor families. The spectrogram route generated RGB color-mapped and grayscale time-frequency representations, which were processed using an EfficientNet-B0 transfer-learning convolutional neural network.<h4>Results</h4>Among conventional acoustic-feature classifiers, the Ensemble Boosting Classifier achieved the highest AUC point estimate for the integrated acoustic-feature route. Grouped representation-level evidence showed weak-to-moderate discrimination for acoustic descriptor families. RGB and grayscale spectrograms processed through the EfficientNet-B0 route produced reported AUC point estimates of 0.93 and 0.89, respectively, within the available public-dataset evaluation.<h4>Conclusions</h4>The proposed framework combines interpretable acoustic descriptors and spectrogram-based transfer learning within a device-oriented screening-support workflow. Integrated acoustic features support interpretable reporting, while spectrogram-based transfer learning provides higher representation-level discrimination. Future validation with physical prototypes, standardized acquisition protocols, and independent clinical cohorts is required before clinical deployment.",Zhou W; Yu Z; Luo S,"Department of Product Design, Hunan International Economics University, Changsha, China.",Biomedizinische Technik. Biomedical engineering,2026-07-27,10.1515/bmt-2026-0357,3.0,"dashboard(abstract); data(kw,abstract)",Parkinson’s Disease; Spectrogram; Public Dataset; Acoustic Features; Voice Screening
42517921,Development of a simplified population pharmacokinetic-pharmacodynamic framework for exposure-informed risk stratification of neutropenia during amrubicin treatment.,"<h4>Background</h4>Amrubicin is an important chemotherapeutic agent for small cell lung cancer; however, severe neutropenia is a major dose-limiting toxicity. Exposure to its active metabolite, amrubicinol, has been associated with neutropenia severity, suggesting potential utility for exposure-informed risk stratification. Given the lack of a clearly defined therapeutic window for cytotoxic agents, alternative strategies to mitigate toxicity are needed.<h4>Methods</h4>A previously published population pharmacokinetic-pharmacodynamic (PK-PD) model of amrubicin was simplified to enhance its practical applicability by removing the enterohepatic circulation component and associated genetic covariate. Model performance was evaluated using prediction-corrected visual predictive checks and nonparametric bootstrapping. A prototype interactive application was developed using R Shiny and RsNLME to enable Bayesian estimation and visualization of individual PK and neutrophil profiles based on sparse first-cycle data.<h4>Results</h4>The simplified model adequately described the plasma concentration-time profiles of amrubicin and amrubicinol and the time course of neutrophil counts. Internal validation demonstrated consistency between observed and simulated data. The application enabled visualization of predicted neutrophil trajectories and associated uncertainty, facilitating exposure-informed assessment of neutropenia risk with visualization of predictive uncertainty.<h4>Conclusion</h4>We developed a simplified PK-PD framework and implemented it in a prototype application to support risk stratification of neutropenia during amrubicin treatment. The framework does not provide dose recommendations but may support identification of patients who could benefit from prophylactic supportive care, such as pegylated G-CSF. Prospective studies are ongoing to evaluate its clinical utility.",Makino Y; Ogawa T; Makihara-Ando R; Sakiyama N; Yamazaki M; Naito C; Takayama H; Ueda G; Kohyama S; Todo M; Kuwata Y; Hirasaki M; Hamaguchi T,"Department of Clinical Cancer Genomics, Department of Pharmacy, Saitama Medical University International Medical Center, 1397-1 Yamane, Hidaka-shi, Saitama, 350-1298, Japan. ymakino@saitama-med.ac.jp.",Cancer chemotherapy and pharmacology,2026-07-28,10.1007/s00280-026-04931-8,3.0,visualization(abstract); visual(abstract); data(abstract),Neutropenia; small cell lung cancer; Supportive Care; Amrubicin; Population Pharmacokinetic–pharmacodynamic Model
42541624,"Beyond Coverage: A Systematic Review and Thematic Analysis of Delivery, Compliance, Equity and Impact in Mass Deworming for Soil-Transmitted Helminths.","<h4>Purpose</h4>Soil-transmitted helminth (STH) infections affect approximately 1.5 billion people globally. Although the World Health Organization (WHO) aims for 75% mass drug administration (MDA) coverage by 2030, the long-term population benefit remains debated. This review aims to describe the characteristics of recent mass deworming studies, synthesize parasitologic and coverage outcomes, and identify programmatic themes.<h4>Methods</h4>Search was conducted across Scopus, PubMed, and EBSCO CINAHL, restricted to studies reporting both parasitologic efficacy outcomes and MDA coverage. Following a risk of bias assessment in Review Manager 5.4, qualitative data were processed in Taguette 1.5.1 through a hierarchical thematic analysis to generate basic, organizing, and global themes and supplemented by VOSviewer 1.6.20 overlay visualization.<h4>Results</h4>Thirteen eligible studies primarily featured African countries and cross-sectional study designs. While overall risk of bias was low, lack of blinding revealed high performance bias. Thematic analysis, supported by bibliographic visualization, identified four global themes on delivery, compliance, equity and impact. Findings indicate that annual dosing is often insufficient and requires bi-annual schedules and WASH integration. Compliance is hindered by temporal inaccessibility and unreliable decentralized monitoring while equity gaps persist for out-of-school children and pregnant women. Although drug efficacy is confirmed, risks of resistance and diagnostic underreporting via the Kato-Katz method remain critical concerns.<h4>Conclusion</h4>This review identifies four interrelated pillars of delivery, compliance, equity, and impact that shape the effectiveness of mass deworming programs and have direct implications for achieving WHO 2030 targets.",Rodriguez HM; Rostata AMB; Salgado JJRCMV; Rivera TLD; Angeles JMM,"College of Medicine, University of the Philippines Manila, 547 Pedro Gil Street, Ermita, Manila, 1000, Philippines. hmrodriguez2@up.edu.ph.",Acta parasitologica,2026-08-01,10.1007/s11686-026-01370-6,3.0,visualization(abstract); visual(abstract); data(abstract),Delivery; Impact; Compliance; Equity; Mass Drug Administration; Soil-transmitted Helminths; Thematic Analysis
42533324,Assessment of classification accuracy in endodontics by dental students: a comparative study of holographic imaging and conventional radiography.,"<h4>Background</h4>Dental students must master endodontic anatomy, radiographic diagnostics, and treatment strategies early in their clinical training-yet traditional teaching methods, including two-dimensional radiographs, often fail to effectively convey complex spatial structures. Hologram technology has emerged as a promising tool for three-dimensional visualization in dental education. The aim of the study was to compare the classification accuracy of dental students using holograms versus conventional periapical radiographs in identifying endodontic structures.<h4>Methods</h4>This randomized single center-controlled trial included 79 dental students (years 4-6). After a calibration seminar and pre-test each of the 79 students assessed six tooth cases-three presented as holograms and three as periapical radiographs. Holograms were created from cone-beam computed tomography data, annotated by two calibrated examiners to establish reference points regarding the number of canals, Vertucci classification, and treatment complexity. Students evaluated each case for these parameters; responses were compared to the reference points to assess classification accuracy. The final evaluation form captured their subjective perceptions of the new hologram system. Primary binary outcomes were analyzed using logistic mixed-effects models. P-values were adjusted for multiple testing using the Benjamini-Hochberg procedure. Statistical significance was set at p < 0.05.<h4>Results</h4>After Benjamini-Hochberg correction, holography significantly improved root-canal number identification in three multi-rooted cases (adjusted p ≤ 0.007). For Vertucci classification, only the maxillary anterior tooth remained significant (adjusted p = 0.044). Treatment-complexity assessment showed case-dependent results, favoring radiography in two cases (adjusted p = 0.045 and p = 0.006) and holography in one case (adjusted p = 0.013).<h4>Conclusions</h4>Holographic visualization demonstrated case- and task-specific effects in endodontic training. Holograms were able to improve classification accuracy in certain endodontic tasks. However, they did not outperform conventional periapical radiographs in all outcomes. Holography could be an effective, supplementary tool for teaching certain endodontic tasks, but its application requires further investigation.<h4>Trial registration</h4>The study was prospectively registered in the German Clinical Trials Register (DRKS-ID: DRKS00035000) on 13.09.2024.",Lederer ML; Barbe AG; Janson M; von Kohout M; Schoppmeier CM,"Polyclinic for Operative Dentistry and Periodontology, University of Cologne, Faculty of Medicine and University Hospital Cologne, Cologne, Germany. maximilian.lederer@uk-koeln.de.",BMC medical education,2026-07-29,10.1186/s12909-026-10035-x,3.0,visualization(abstract); visual(abstract); data(abstract),Radiography; Education; Endodontics; Dental; Three-dimensional Imaging; Holography
42503586,Considerations for transoral robotic surgery with fluorescence imaging: a narrative review.,"To review evidence and practical considerations for integrating fluorescence imaging into robotic head and neck surgery, emphasizing technical parameters, optical limitations, and clinical utility. We additionally incorporate insights derived from our institutional experience to contextualize real-world implementation challenges. Transoral robotic surgery (TORS) has expanded minimally invasive treatment for head and neck squamous cell carcinoma, improving functional outcomes and reducing morbidity. However, absent tactile feedback and limited depth perception remain challenges, particularly during margin assessment. Fluorescence-guided surgery (FGS) has emerged as a potential solution for real-time tumor visualization. This narrative review synthesizes literature on nonspecific dyes (indocyanine green) and tumor-targeted agents (panitumumab-IRDye800CW), evaluating compatibility with the da Vinci Firefly system. Institutional intraoperative observations complement existing data and highlight workflow considerations. Fluorescence imaging improves intraoperative tumor delineation and deep margin assessment. Critical technical variables include imaging mode selection, scope angle, illumination characteristics, field uniformity, and autoscaling behavior. Tumor-targeted tracers demonstrate superior contrast in Sensitive Firefly mode but require standardized protocols for optimal performance. Fluorescence-guided robotic surgery can improve oncologic precision in TORS by compensating for inherent sensory limitations. Consistent clinical benefit requires further development of targeted agents, workflow standardization, and robust validation studies.",Wodeyar AM; Kasten BB; James S; Jeyarajan H; Kane AC; Rosenthal EL; Warram JM,"Department of Otolaryngology, University of Alabama at Birmingham, Volker Hall G082, 1670 University Boulevard, Birmingham, AL, 35294, USA.",Journal of robotic surgery,2026-07-27,10.1007/s11701-026-03724-8,3.0,visualization(abstract); visual(abstract); data(abstract),
42523089,Superior Eyelid Endoscopic Transorbital Approach for Middle Cerebral Artery Aneurysms Clipping: A Surgical Case Series.,"<h4>Background and objective</h4>Middle cerebral artery (MCA) aneurysms often present anatomic features that favor microsurgical clipping, despite advances in endovascular techniques. Traditional transcranial approaches provide reliable exposure but are associated with soft tissue manipulation and brain retraction. The superior eyelid endoscopic transorbital approach (SETOA) has recently emerged as a minimally invasive corridor to the sylvian fissure, but its role in MCA aneurysm surgery remains largely unexplored. This study aimed to evaluate the feasibility, safety, and preliminary clinical outcomes of SETOA for the treatment of selected MCA aneurysms.<h4>Methods</h4>A retrospective analysis was performed on 10 consecutive patients harboring 11 MCA aneurysms treated by SETOA between September 2024 and May 2025. All procedures were conducted under full endoscopic visualization. Clinical, radiological, and intraoperative data were reviewed. Primary endpoints included surgical feasibility, aneurysm occlusion rate, intraoperative and postoperative complications, and cosmetic outcomes.<h4>Results</h4>Complete aneurysm occlusion was achieved in all cases, with no residual perfusion on postoperative imaging. One intraoperative aneurysm rupture occurred and was successfully managed without conversion or adverse sequelae. No postoperative cerebrospinal fluid leaks, infections, cranial nerve deficits, or wound complications were observed. Transient periorbital edema and mild upper eyelid paresis occurred in all patients and resolved spontaneously within the first postoperative week. Mean operative time was 141 minutes, and no conversion to transcranial approaches was required. Cosmetic outcomes were judged favorable in all cases.<h4>Conclusion</h4>The SETOA represents a feasible and safe minimally invasive option for microsurgical clipping of carefully selected MCA aneurysms in this feasibility study. By providing a direct anterior corridor to the sylvian fissure with minimal brain manipulation and favorable cosmetic results, SETOA may expand the surgical armamentarium for selected cerebrovascular lesions. Further studies with larger cohorts are required to better define its indications and long-term outcomes.",Caballero-García J; Corrivetti F; González González J; de Notaris M,"Department of Neurosurgery, Medical Cubacenter and Hesburgh Hospital, Santo Domingo, Ecuador.","Operative neurosurgery (Hagerstown, Md.)",2026-07-29,10.1227/ons.0000000000002141,3.0,visualization(abstract); visual(abstract); data(abstract),Middle cerebral artery; Endoscopy; Intracranial aneurysm; minimally invasive surgery; Transorbital Approach
42536739,A hemispherical latitude-gradient sensor for closed-loop monitoring and management of scoliosis correction.,"Conservative treatment of scoliosis relies on physiotherapy and bracing, yet both approaches lack tools for quantitative, real-time monitoring of corrective forces. Here, we introduce a hemispherical latitude-gradient (HS-LG) sensor as a previously unknown sensing paradigm for soft, curved-body interfaces, using scoliosis as a clinical exemplar. Leveraging a nonzero Gaussian curvature ([Formula: see text]) geometry, the device acts as a spatiotemporal mechanical filter, converting normal pressure into in-plane tensile forces to overcome shear and stress artifacts limiting conventional sensors. Integrated into a wireless platform, the HS-LG sensor enables immediate visualization of spatiotemporal pressure dynamics during therapy. In physiotherapy, bilateral deployment established the first quantitative, closed-loop Schroth regimen. Real-time visual feedback amplified targeted asymmetric breathing by ∼40% and decoupled nontargeted regional effort, transforming subjective instruction into data-driven neuromuscular internalization. In bracing, embedded sensors mapped pressures during daily activities, uncovering highly dynamic, posture-specific force redistributions, including transient pressure gradient reversals during ambulation, that challenge conventional static orthotic paradigms. Furthermore, age ([Formula: see text]) and body mass index (BMI; [Formula: see text]) emerged as strong predictors of daily wear compliance in the lumbar cohort, while BMI consistently drove interfacial mechanical loading across both spinal regions (lumbar [Formula: see text]; thoracic [Formula: see text]). Together, these results establish the HS-LG sensor design as a versatile, patient-ready platform that links geometry-driven sensing design to personalized, data-informed scoliosis management, while broadly advancing the development of wearable mechanosensing technologies for soft, curved biological surfaces.",Zhang H; Gao Y; He X; Wang H; Zhang J; Zhu W; Guo Y; Chen Z; Zhang B; Jia S; Yao K; Liu Y; Yu X,"Department of Biomedical Engineering, City University of Hong Kong, Hong Kong, China.",Science advances,2026-07-31,10.1126/sciadv.aeh1421,3.0,visualization(abstract); visual(abstract); data(abstract),
42541623,Robot-assisted vs. open ureteric reimplantation for pediatric vesicoureteral reflux: a systematic review and meta-analysis.,"The standard surgical approach to the treatment of pediatric VUR is ureteral reimplantation. Although open surgery is still the standard benchmark for its long-term durability and high success rate, the development of minimally invasive techniques led to the creation of laparoscopic ureteral reimplantation. The high learning curve and technical difficulty needed for accurate intracorporeal suturing, however, have limited its widely adopted in clinical practice. Robotic platforms have since emerged as a promising alternative, offering enhanced dexterity and improved visualization, which facilitate complex suturing and achieve success rates comparable to open surgery. However, most available meta-analytical data are limited by high degrees of heterogeneity because previous studies have often combined laparoscopic and robotic procedures and have combined intravesical and extravesical reimplantation. This is a very general classification that can introduce systematic bias and mask underlying differences between modalities. Through this direct comparison of these two specific surgical approaches, the goal of this study is to isolate these variables to provide highly granular, clinically relevant evidence to inform surgical selection for modern practice. We conducted a comprehensive literature search across PubMed, Embase, Web of Science, and the Cochrane Library to identify clinical studies that directly compared the efficacy of RAUR via the extravesical approach with OUR for the treatment of VUR in pediatric patients. For the OUR group, no restriction was placed on the surgical approach, and both extravesical and intravesical techniques were included. The operative time, hospital stay, success rates, and postoperative complications such as urinary tract infection, urinary retention, and other complications were extracted for comparative analysis. A total of 473 patients from seven studies were analyzed. The results of the meta-analysis showed that there was no significant difference between the two groups in terms of total complications, but the RAUR group had significantly longer operative time (WMD = 48.1 min, 95% CI [27.43, 68.76], p < 0.05) and significantly shorter length of hospitalization (WMD = -0.54 days, 95% CI [-0.96, -0.13], p < 0.05) when compared with the OUR group. When assessing surgical success rate, postoperative urinary tract infection, postoperative urinary retention, or overall complications, no significant differences were recorded between the two groups. In summary, these preliminary findings indicate that RAUR is associated with significantly longer operative time, which should be interpreted in the context of the learning curve. Although RAUR showed a statistically shorter hospital stay, the clinical benefit may be limited as most patients were discharged after overnight observation. Success and complication rates, including urinary tract infection and retention, were comparable to OUR, supporting the safety and efficacy of the robotic platform. Given equivalent key outcomes and expected experience accumulation, RAUR may be a viable alternative to OUR. However, owing to inherent confounding factors such as study design and surgical approach variations, these conclusions require further validation through high-quality multicenter randomized controlled trials.",Chen G; Li J; Xu Y; Yu S; Kong J; Tang Y,"Department of Urology, Lu County People's Hospital, Luzhou, China.",Journal of robotic surgery,2026-08-01,10.1007/s11701-026-03754-2,3.0,visualization(abstract); visual(abstract); data(abstract),Pediatrics; Vesicoureteral Reflux; Ureteral Reimplantation; Robotics-assisted Surgery
42541533,Identification and validation of Parkinson's disease relevant microRNAs in plasma extracellular vesicles.,"<h4>Background</h4>The diagnosis of Parkinson's disease (PD) is currently clinical. While CSF-based α-synuclein Real-time quaking-induced conversion (RT-QuIC) assays have shown promising diagnostic performance in sporadic PD, accessible blood-based biomarkers for early diagnosis, prognosis, and disease monitoring remain limited. Evidence suggests that microRNAs in Extracellular vesicles (EV) are stable in circulation and may reflect disease-associated dysregulation.<h4>Objective</h4>To identify a panel of dysregulated EV-microRNAs that are linked to PD pathogenesis and to validate them in plasma EVs.<h4>Methods</h4>Dysregulated miRNAs in PD were identified from GEO datasets and from published high-throughput next-generation sequencing (NGS) data on plasma EV. Based on recurrence and biological relevance, five miRNAs were selected for validation. Gene Ontology (GO) and Kyoto Encyclopedia of Genes and Genomes (KEGG) pathway enrichment analysis were conducted using Funrich, Enrichr, and Database for Annotation, Visualization and Integrated Discovery (DAVID), and further target gene analysis for hub genes was performed using Cytoscape. qRT-PCR was used for the validation of selected miRNAs.<h4>Results</h4>Comparative analysis of miRNAs in PD revealed 89 unique miRNAs. Integrated target prediction yielded 36 genes, among which the top 10 hub genes were identified using the protein-protein interaction network. KEGG and GO enrichment analyses indicate that the predicted target genes were significantly associated with cell-cell adhesion, endoplasmic reticulum protein processing, apoptosis, cellular senescence, and key pathways such as p53, MAPK, and FOXO signaling. RT-PCR revealed significant increase in hsa-let-7e-5p, hsa-miR-19b-3p, hsa-miR-24-3p and hsa-miR-331-5p in PD.<h4>Conclusion</h4>The EV miRNAs, specifically, hsa-let-7e-5p, hsa-miR-19b-3p, hsa-miR-24-3p, and hsa-miR-331-5p are promising candidates for PD diagnosis as they are associated with regulatory pathways involved in PD pathogenesis.",Chandran D; Krishnan S; Gopala S; Urulangodi M,"Department of Biochemistry, Sree Chitra Tirunal Institute for Medical Sciences and Technology (SCTIMST), Thiruvananthapuram, Kerala, 695011, India.",Neurological sciences : official journal of the Italian Neurological Society and of the Italian Society of Clinical Neurophysiology,2026-08-01,10.1007/s10072-026-09287-8,3.0,visualization(abstract); visual(abstract); data(abstract),miRNA; Biomarkers; Parkinson’s Disease; Extracellular Vesicles
42526510,Evaluation of Carotid artery Elasticity Functional Changes in Amateur Marathon Runners.,"<h4>Abstract</h4>The aim of this study was to analyze the mid- and long-term changes in carotid artery structure and function in amateur marathon runners by applying the vascular quality intima-media thickness technique in conjunction with quantitative arterial stiffness testing. Fifty-five cases of amateur marathon runners recruited in somewhere in 2019 (marathon group) and 43 cases of healthy volunteers in the same period (control group) were included. Two tests were performed on all the subjects (completed in 2019 and 2024, respectively). The quality intima-media thickness technique was used to measure the thickness of bilateral carotid intima-media thickness, and QAS was used to measure the elasticity parameters of the carotid arteries bilaterally, including the dilatation coefficient, compliance coefficient, stiffness coefficients (α and β), and pulse wave velocity. Demographic and clinical data including age, gender, heart rate, blood pressure (systolic and diastolic), body mass index, running age, and monthly running volume were collected from the subjects. We compared the differences in intima-media thickness and elasticity parameters between the two groups and analyzed the medium- and long-term changes in carotid artery parameters between the two groups; a logistic regression model was used to analyze factors associated with changes in intima-media thickness and elasticity parameters in the marathon group after 5 years. During the 5-year study period, comparison between the marathon group 5 years ago and 5 years later and comparison between the control group 5 years ago and 5 years later were performed. Carotid intima-media thickness, α, β, and pulse wave velocity increased, while dilatation coefficient and compliance coefficient decreased, with all differences being statistically significant (<i>p</i><0.05). In 2019, comparisons between the marathon group and the control group showed no statistically significant differences in intima-media thickness, α, β, pulse wave velocity, dilatation coefficient, or compliance coefficient (<i>p</i>>0.05). The intima-media thickness, α, β, and pulse wave velocity increased and the dilatation coefficient and compliance coefficient decreased in the 2024 marathon group compared with the control group, and the differences were statistically significant (<i>p</i><0.05). Univariate logistic regression models analyzed the relationship among age, running duration, monthly running volume, and changes in carotid intima-media thickness and elasticity parameters 5 years after marathon participation. Repeatability tests showed good intra- and inter-observer agreement. Marathon exercise leads to thickening and increased stiffness of the carotid intima-media thickness in athletes, and the application of quality intima-media thickness combined with quantitative arterial stiffness allows for early and dynamic visualization of this change.",Long L; Li B; Chen L; Ma H; Zhang H,"Hangzhou Normal University Affiliated Hospital, Department of Ultrasound, Zhejiang, China, Hangzhou.",International journal of sports medicine,2026-07-29,10.1055/a-2917-0294,3.0,visualization(abstract); visual(abstract); data(abstract),
42506913,Short-term clinical efficacy of arthroscopic-assisted uni-portal spinal surgery- transforaminal lumbar interbody fusion for the treatment of single-segment low-grade degenerative lumbar spondylolisthesis: A retrospective cohort study.,"ObjectiveA retrospective cohort study was conducted to evaluate the short-term clinical efficacy and technical advantages of arthroscopic-assisted uni-portal spinal surgery (AUSS) combined with transforaminal lumbar interbody fusion (TLIF) in the treatment of degenerative lumbar spondylolisthesis.MethodsThis study included 73 patients with low-grade degenerative lumbar spondylolisthesis who underwent surgical treatment in September 2023 and December 2024. Among these, 33 patients underwent AUSS-TLIF, and 40 underwent open TLIF. Preoperative and postoperative assessments were conducted using the visual analogue scale for low back pain and leg pain, Oswestry Disability Index, and surgery-related parameters, including operation time, intraoperative blood loss, postoperative drainage volume, slip reduction rate, and length of hospital stay. Additionally, the surgical outcomes and postoperative fusion status were compared between the two groups. Baseline data were collected and analyzed for confounding factors, including body mass index, duration of symptoms, preoperative medication history, and comorbidities (hypertension and diabetes). All patient data were anonymized to protect privacy. Normality and homogeneity of variance tests were performed for measurement data. Repeated measures analysis of variance was used for visual analog scale scores and Oswestry Disability Index values at different time points.ResultsAll 73 patients successfully underwent the surgical procedure and were followed up for 6 months. Preoperative comparisons of visual analog scale scores and Oswestry Disability Index values between the two groups revealed no statistically significant differences (<i>p</i> > 0.05). Both groups demonstrated significantly reduced visual analog scale scores for low back pain and leg pain as well as significantly lower Oswestry Disability Index values after the surgery. At 6 months postoperatively, there were no significant differences in the visual analog scale scores, Oswestry Disability Index values, or imaging parameters between the two groups (<i>p</i> > 0.05). The AUSS-TLIF group exhibited significantly lower visual analog scale scores for low back pain at the 3-day and 3-month follow-ups than the open TLIF group (<i>p</i> < 0.05). However, no difference was observed at the 6-month follow-up (<i>p</i> > 0.05). Additionally, there were no differences in the visual analog scale scores for leg pain between the two groups at 3 days, 3 months, or 6 months postoperatively (<i>p</i> > 0.05). At the 3-month follow-up, the Oswestry Disability Index values of the AUSS-TLIF group were significantly lower than those of the OPEN-TLIF group (<i>p</i> < 0.05), with no significant difference observed at the 6-month follow-up (<i>p</i> > 0.05). Intraoperative blood loss, postoperative drainage volume, and hospital stay were significantly lower in the AUSS-TLIF group than in the open TLIF group (<i>p</i> < 0.05). The operation time in the AUSS-TLIF group was longer than that in the open TLIF group, and this difference was statistically significant (<i>p</i> < 0.05). No significant differences were observed in the slip reduction rate or the total incidence of complications between the two groups (<i>p</i> > 0.05). At the final follow-up, there were no significant differences in the MacNab criteria or the imaging fusion rate between the two groups (<i>p</i> > 0.05). The fusion rates were 96.97% (32/33) in the AUSS-TLIF group and 95.00% (38/40) in the open TLIF group. Postoperative analgesic usage was lower in the AUSS-TLIF group (mean 2.5 ± 1.1 administrations) than in the open TLIF group (mean 3.9 ± 1.1 administrations) at the same postoperative times.ConclusionBoth AUSS-TLIF and open TLIF can achieve excellent clinical outcomes in the treatment of degenerative lumbar spondylolisthesis. As an endoscopic procedure, AUSS-TLIF offers distinct advantages, such as improved visualization of the surgical field, enhanced surgical maneuverability, reduced paraspinal muscle damage, reduced intraoperative blood loss, and shortened hospitalization duration. Its short-term efficacy surpasses that of open surgery.",Zhang J; He Y; Xi T; Ren D; Zhang Z; Liu D; Zhou J; Gong K; Song E; Li Z,"Department of Orthopaedics, Guangyuan Central Hospital, China.",The Journal of international medical research,2026-07-27,10.1177/03000605261465271,3.0,visualization(abstract); visual(abstract); data(abstract),Endoscopic Surgery; clinical efficacy; Degenerative Lumbar Spondylolisthesis; Open Transforaminal Lumbar Interbody Fusion; Arthroscopic-assisted Uni-portal Spinal Surgery–transforaminal Lumbar Interbody Fusion
42532676,Neuro Optical Coherence Tomography Imaging for Intracranial Aneurysm Treatment: A Technical Video Case.,"Endovascular therapies are increasingly becoming the primary approach for treating cerebrovascular disorders.<sup>1,2</sup> However, these procedures rely on DSA, which provides limited visualization due to inherently limited spatial resolution.<sup>3</sup> Intravascular optical coherence tomography (OCT) enables 3D, high-resolution visualization of coronary arteries, allowing detailed assessment of the vascular wall, atherosclerotic plaque characteristics, and stent deployment.<sup>4</sup> This has lead cardiology societies to recommend intravascular OCT for the management of complex coronary interventions (level 1A evidence).<sup>5,6</sup> OCT is now being adapted for neurointerventional applications.<sup>7</sup> A dedicated neuro-OCT (<i>n</i>OCT™, Spryte Medical) technology, designed to enable OCT imaging in tortuous intracranial arteries, has been recently introduced.<sup>8</sup> Initial studies showed <i>n</i>OCT safety and feasibility for neurovascular use and explored its potential value for improved intracranial vascular imaging in stroke settings.<sup>9</sup> The successful integration of <i>n</i>OCT technology into clinical workflows requires standardized principles for image acquisition and interpretation.<sup>10,11</sup> This video describes how to use <i>n</i>OCT in clinical practice. VIDEO.",Forestier G; Cancelliere NM; Lylyk P; Ughi GJ; Pereira VM,"From the University Hospital of Clermont Ferrand (G.F.), Neuroradiology Department, Gabriel Montpied, Institut Pascal, TGI (G.F.), UMR6602 CNRS SIGMA Université Clermont Auvergne, Clermont-Ferrand, France; RADIS Lab, St Michael's Hospital Li Ka Shing Knowledge Institute (G.F., N.M.C., V.M.P.), Department of Neurosurgery (N.M.C.), St Michael's Hospital, Toronto, Ontario, Canada; Interventional Neuroradiology (P.L.), Instituto Medico ENERI, Buenos Aires, Argentina; Department of Radiology (G.J.U.), University of Massachusetts Chan Medical School, Worcester, MA 01655, USA; Department of Medical Affairs (G.J.U.), Gentuity LLC, Sudbury, MA 01776, USA and Department of Advanced Development (G.J.U.), Spryte Medical, Bedford, MA 01730, USA. geraudforestier@gmail.com.",AJNR. American journal of neuroradiology,2026-07-30,10.3174/ajnr.a9561,2.5,visualization(abstract); visual(abstract),
42521154,Mixed Reality Holography-Assisted Neuroendovascular Coil Embolization of Intracranial Aneurysms: Feasibility and a Novel Benefit Scoring System in 123 Consecutive Cases.,"<h4>Background</h4>Endovascular coil embolization is an established treatment for intracranial aneurysms; however, it is limited by its reliance on two-dimensional (2D) fluoroscopic imaging. Mixed Reality Holography (MRH) offers real-time three-dimensional (3D) visualization, potentially improving procedural accuracy and patient outcomes. This study evaluated the feasibility and clinical utility of MRH for neuroendovascular procedures.<h4>Objective</h4>To assess the feasibility, benefits, and outcomes of MRH-assisted endovascular coil embolization for treating intracranial aneurysms.<h4>Methods</h4>Object Loader, an existing mixed reality application built on the Unity platform, was deployed on HoloLens 2. Between September 2021 and August 2024, 115 consecutive patients with 123 intracranial saccular aneurysms underwent MRH-assisted embolization. Preoperative 3D vascular models were created using rotational angiography and were integrated into the MRH system. The benefits of MRH were assessed using a novel scoring system, developed by the authors, that quantified its impact on anatomical visualization, spatial awareness, and catheter navigation. Procedural success, aneurysm occlusion rates, and complications were analyzed.<h4>Results</h4>MRH significantly improved spatial perception and anatomical discrimination with a mean benefit score of 6.0. The most frequent benefits were enhanced visualization of the overlapping anatomy (89%) and improved spatial awareness (64%). Immediate postoperative angiography revealed a complete occlusion rate of 92% (modified Raymond-Roy classification I). No hemorrhagic complications occurred, and two cases of in-stent thrombosis were successfully managed intraoperatively. No new neurological deficits were observed in any of the patients.<h4>Conclusion</h4>MRH enhanced intraoperative spatial awareness and anatomical discrimination in neuroendovascular aneurysm embolization. The MRH Benefit Scoring system provides a reproducible framework for evaluating visualization technologies in this field. MRH may serve as a valuable adjunct that could help reduce cognitive load and enhance spatial awareness; however, its effect on procedural outcomes remains to be established through prospective, controlled studies.",Jo H; Seok J; Roh H; Kwon TH; Yoon W,"Department of Neurosurgery, Korea University Guro Hospital, Korea University College of Medicine, Seoul, Republic of Korea.",World neurosurgery,2026-07-28,10.1016/j.wneu.2026.125214,2.5,visualization(abstract); visual(abstract),Intracranial aneurysm; Coil Embolization; Augmented Reality; Neuroendovascular; Cognitive Load; Holography; Mixed Reality; Spatial Awareness; Hololens; Benefit Scoring
42524073,Clinical Utility and Safety of a Novel Ultraslim Catheter-Type Peroral Cholangioscope/Pancreatoscope: A Single-Center Case Series.,"Peroral cholangioscopy (POCS) and peroral pancreatoscopy (POPS) enable direct intraductal visualization for pancreatobiliary disease diagnosis and management. Nonetheless, conventional devices have relatively large diameters, limiting their use in narrow ducts. This single-center, retrospective, observational study aimed to evaluate the feasibility and safety of a novel ultraslim catheter-type POCS/POPS (UCPOCS/UCPOPS) (distal outer diameter: 2.3 mm) in 12 patients who underwent UCPOCS or UCPOPS from November 2022 to August 2024. UCPOCS was performed in eight patients with bile duct stones (<i>n</i> = 3), biliary strictures (<i>n</i> = 2), intrahepatic cholangiocarcinoma (<i>n</i> = 1), post-hepatectomy biliary bleeding (<i>n</i> = 1), and acute cholecystitis requiring endoscopic naso-gallbladder drainage (<i>n</i> = 1). UCPOPS was performed in four patients for postoperative pancreatic duct evaluation (<i>n</i> = 2) and intraductal papillary mucinous neoplasm assessment (<i>n</i> = 2). Technical success, defined as successful scope insertion into the target duct, was achieved in all cases. Clinical success was achieved in 11/12 cases (91.7%), including diagnostic clinical success in 10/11 diagnostic cases (90.9%) and procedural utility success in 1/1 procedural utility case (100%). The smallest successfully visualized duct measured 1.8 mm in diameter based on fluoroscopic estimation at the intended insertion site. One patient developed mild post-endoscopic retrograde cholangiopancreatography pancreatitis, which resolved with conservative management; no other adverse events were observed. The median total procedure time and scope insertion time were 42 and 7 min, respectively. These findings indicate that the UCPOCS or UCPOPS is a feasible and safe intraductal visualization tool for pancreatobiliary diseases, particularly in patients with narrow ducts or challenging anatomy. <b>Trial Registration</b>: N/A.",Kojima H; Mukai S; Sofuni A; Tsuchiya T; Tanaka R; Tonozuka R; Nagai K; Matsunami Y; Minami H; Hirakawa N; Asano K; Shionoya K; Hama K; Itoi T,Department of Gastroenterology and Hepatology Tokyo Medical University Tokyo Japan.,DEN open,2026-07-28,10.1002/deo2.70388,2.5,visualization(abstract); visual(abstract),Pancreatobiliary Disease; Peroral Cholangioscopy; Peroral Pancreatoscopy; Ultraslim Catheter‐type Peroral Cholangioscope; Ultraslim Catheter‐type Peroral Pancreatoscope
42541436,Safety and surgical outcomes of fluorescein sodium use in vestibular schwannoma: experience from 55 consecutive cases.,"<h4>Background</h4>Vestibular schwannomas (VSs) are benign tumors of the vestibulocochlear nerve for which surgical resection remains challenging due to the risk of facial and cochlear nerve injury. Fluorescein sodium (FS) has been introduced to enhance intraoperative visualization, but its clinical role in VS surgery is not fully established.<h4>Objective</h4>To assess the safety of FS and its association with extent of resection and postoperative neurological outcomes in VS surgery.<h4>Methods</h4>We retrospectively analyzed 55 consecutive patients undergoing retrosigmoid VS resection with intraoperative FS administration (5 mg/kg). Tumors were graded according to the Koos classification. Fluorescein uptake was categorized as absent, moderate, or high. Extent of resection was confirmed by postoperative magnetic resonance imaging (MRI). Facial nerve function was assessed using the House-Brackmann scale, hearing outcomes were evaluated using standard audiological criteria, and renal safety was assessed by paired serum creatinine measurements.<h4>Results</h4>Higher fluorescein uptake was significantly associated with a greater extent of tumor resection (<i>p</i> = 0.029). Facial nerve function improved over long-term follow-up, particularly in patients with moderate and high uptake. Postoperative hearing decline was more frequent in cases with higher uptake and more extensive resections, likely reflecting increased surgical complexity rather than a direct effect of fluorescein. No evidence of nephrotoxicity was observed.<h4>Conclusions</h4>Fluorescein sodium appears to be a safe intraoperative adjunct that enhances visualization during VS surgery. In this descriptive cohort, higher fluorescein uptake was associated with differences in extent of tumor resection and postoperative neurological outcomes. However, given the absence of a non-fluorescein control group, these findings should be interpreted as exploratory and hypothesis-generating rather than evidence of a causal effect of fluorescein on surgical outcomes.",Alomari AA; Shatarat F; Sameer Eid S; Michelini S; Mastronardi L,"Department of Special Surgery, Division of Neurosurgery, Faculty of Medicine, Mutah University, Al-Karak, Jordan.",British journal of neurosurgery,2026-08-01,10.1080/02688697.2026.2708677,2.5,visualization(abstract); visual(abstract),Facial nerve; Acoustic Neuroma; Vestibular Schwannoma; Fluorescein Sodium; Hearing Level
42533817,A biomimetic microphysiological system predicts the impact of sepsis therapeutics on neutrophil-endothelial dynamics.,"Current preclinical models fail to capture human neutrophil-endothelial interactions central to sepsis, contributing to repeated failure of candidate therapeutics in clinical trials. Here, we present a biomimetic microphysiological system (bMPS) integrating primary human endothelial cells, human neutrophils and controlled chemoattractant gradients under physiological flow in a microvascular network. This platform enables real-time visualization of neutrophil adhesion and transmigration, along with quantitative analysis of endothelial barrier integrity. We demonstrate chemoattractant-dependent differential neutrophil recruitment to host-derived IL-8 and bacterial-derived fMLP and differential responses to two different therapeutics: the PAF receptor antagonist BN-52021 reduces recruitment in response to IL-8 but not to fMLP, whereas the PKC-<i>δ</i> inhibitor suppresses adhesion, transmigration, and NET formation to both IL-8 and fMLP. Confocal imaging and quantitative analysis demonstrate that Cytomix-induced endothelial barrier disruption in primary human lung microvascular endothelial cells (HLMVECs) is significantly ameliorated by BN-52021 and the PKC-<i>δ</i> inhibitor-restoring VE-cadherin integrity and reducing intercellular gaps. This bMPS provides a predictive, human-relevant platform for function-focused sepsis drug screening.",Liu D; Esmalian Afyouni N; Yang Q; Kallogjerovic S; Gligorijevic B; Kunapuli S; Kilpatrick LE; Kiani MF,"Department of Bioengineering, Temple University, Philadelphia, PA 19122, USA. mohammad.kiani@temple.edu.",Lab on a chip,2026-07-31,10.1039/d6lc00347h,2.5,visualization(abstract); visual(abstract),
42507976,Bridging the Gap: Neurocircuitry Behind Mutism: Insights From a Midbrain Lesion.,"Acquired mutism, including akinetic mutism (AM) and postoperative pediatric cerebellar mutism syndrome (ppCMS), arises from damage to specific brain regions and is characterized by an inability to produce verbal communication. AM is associated with damage to fronto-subcortical motivational circuits and-in addition to mutism-presents with akinesia, whereas ppCMS involves disruption of (non)motor cerebello-cerebral circuits and is further characterized by emotional lability and a typically delayed onset. We report a case of a 10-year-old patient who developed mutism after surgical resection of a suprasellar craniopharyngioma complicated by a focal ischemic lesion in the midbrain. Postoperatively, the patient experienced progressive loss of speech and voluntary motor functions beginning on day 5 and culminating in mutism and akinesia on day 12. In the absence of spontaneous recovery, treatment with methylphenidate was initiated, after which the patient demonstrated gradual improvement, regaining speech and showing continued recovery of motor deficits up to 4 months after the ischemic event. This case highlights overlap between AM and ppCMS features, raising the possibility that these entities may represent a disease spectrum, driven by disruptions in specific neurocircuits. The neurocircuits involved in AM and ppCMS intersect at the level of the midbrain (presented in Graphical Abstract for visualization). We hypothesize that the co-occurrence of clinical features of both AM and ppCMS reflects disruption of overlapping neurocircuitry at the midbrain level.",Obdeijn IV; Langereis EJ; Berk MC; Partanen M; Hoving EW; Brandsma R,"Research Department, Princess Máxima Center for Pediatric Oncology, Utrecht, the Netherlands.",Neurology,2026-07-27,10.1212/wnl.0000000000218069,2.5,visualization(abstract); visual(abstract),
42532308,"Processed-meat-attributable ischemic stroke burden, 1990-2023: a Global Burden of Disease 2023 analysis.","<h4>Background & aims</h4>The Global Burden of Disease (GBD) study provides standardized estimates of fatal and non-fatal health loss by cause, risk, age, sex, location, and year. Processed meat intake is a modifiable dietary exposure within the GBD comparative risk assessment framework, but its contribution to ischemic stroke burden has not been characterized using GBD 2023 estimates. We assessed annual trends from 1990 to 2023.<h4>Methods</h4>We extracted annual GBD 2023 estimates of deaths, disability-adjusted life years (DALYs), years lived with disability (YLDs), years of life lost (YLLs), and corresponding age-standardized rates. Log-linear and Joinpoint regression, age- and sex-specific analyses, descriptive age-period-cohort visualization, and three-factor decomposition were used.<h4>Results</h4>In 2023, the attributable burden comprised 2,023 deaths, 48,159 DALYs, 11,413 YLDs, and 36,746 YLLs. Age-standardized rates per 100,000 population were 0.09 for deaths, 2.09 for DALYs, 0.50 for YLDs, and 1.59 for YLLs, with consistently higher values in males. From 1990 to 2023, absolute burden increased, whereas age-standardized death and YLL rates declined modestly and the YLD rate increased. Population aging and population growth accounted for the increase in deaths, partly offset by favorable epidemiological change.<h4>Conclusion</h4>Processed-meat-attributable ischemic stroke represents a small but measurable dietary-risk-related burden. Risk reduction should be integrated with sodium reduction, healthier protein substitution, and comprehensive vascular prevention rather than considered a stand-alone strategy.",Lin D; Guo P; Li Y; Luo S; Xue A; Liang J; Li X,"Dongguan Hospital of Traditional Chinese Medicine, Guangzhou University of Chinese Medicine, Dongguan, China.",Clinical nutrition ESPEN,2026-07-30,10.1016/j.clnesp.2026.103629,2.5,visualization(abstract); visual(abstract),Ischemic stroke; Population Aging; Global Burden Of Disease; Processed Meat; Age-standardized Rate; Dietary Risk
42504094,First imaging of secondary electron bremsstrahlung x-rays emitted from a patient during proton beam irradiation.,"<i>Objective.</i>A low-energy x-rays camera-based system has been introduced to image secondary electron bremsstrahlung x-rays, enabling external visualization of proton beam profiles during irradiation. To date, this approach has been demonstrated only in phantom studies and simulations, and has not yet been successfully applied in patients. To overcome this limitation, it is essential to establish the feasibility of SEB x-ray imaging in a clinical condition.<i>Approach.</i>We first optimized the energy window and threshold settings for range estimation by acquiring SEB x-ray images of a water phantom comparable in size to the human lower abdomen, using a cerium doped yttrium aluminum perovskite (YAP(Ce)) x-ray camera with a pinhole collimator. We then performed the first<i>in vivo</i>SEB x-ray measurement by imaging proton beams during treatment of a patient of prostate cancer with two opposed fields, each delivering an RBE-weighted dose of 1.5 Gy.<i>Main results.</i>In the patient study, SEB x-ray distributions were observed in the measured images using the same energy window as that established in the water phantom study. From these images, the beam ranges were estimated to be within approximately 1 cm of the values calculated by the treatment planning system using the optimized profile threshold. Dynamic imaging at 1 s time intervals was achieved, enabling temporal evaluation of count rate curves.<i>Significance.</i>We present, for the first time, measurements of SEB x-ray images acquired in a patient during proton beam irradiation. These preliminary results indicate that<i>in vivo</i>SEB x-ray imaging could be a promising approach for clinical real-time beam monitoring in proton therapy.<i>Ethics approval.</i>Ethics approval was obtained from the institutional review board of Kobe Proton Center: approval number: 06-10.",Yamamoto S; Yamashita T; Yabe T; Yamaguchi M; Kawachi N; Kamada K; Yoshikawa A; Kataoka J; Parodi K,"Faculty of Science and Engineering, Waseda University, Tokyo, Japan.",Physics in medicine and biology,2026-07-27,10.1088/1361-6560/ae88b0,2.5,visualization(abstract); visual(abstract),Proton; Imaging; Proton Therapy; Secondary Electron Bremsstrahlung X-ray; Yap(ce) Camera; Prostate Cancer Patient
42503539,A proposed technique for robotic port placement and arterial control of the femoral region for a peripheral arterial bypass with the Da Vinci SP system.,"Robotic surgery has expanded minimally invasive options across several surgical specialties, yet adoption in peripheral vascular surgery remains limited. Groin incisions carry a high risk of wound infection with potentially devastating consequences. The da Vinci Single Port (SP) surgical system enables development of a subcutaneous space, relocating the incision away from the femoral region and potentially reducing wound complications. Earlier cadaveric studies identified arterial control and port placement as challenges for robotic femoral access. Additional iterative cadaveric sessions were undertaken to optimise these parameters. Each session assessed port positioning, exposure of femoral vessels, and feasibility of vascular reconstruction and arterial control. Initial medial mid-thigh port placement resulted in limited visualisation, extended dissection, or frequent robotic arm collision with the lower limb. Lateral repositioning to the ventral thigh improved visualization of the femoral triangle and eliminated external robotic arm interference. Centring the port 5 cm caudal to the femoral bifurcation on the ventral aspect of the thigh provided a reproducible anatomical landmark. Utilizing this configuration, robotic dissection of the arteries was consistently achieved, and vascular reconstruction was feasible. Arterial control strategies were evaluated, with percutaneous vascular clamping under robotic visualisation, slings with a vascular tourniquet, or endovascular control all being feasible techniques. Lateral ventral-thigh port placement avoids robotic arm collision with the patient and facilitates vascular reconstruction. Percutaneous clamping provides a practical strategy for arterial control with slings and endovascular approaches viable alternatives. These technical parameters provide a foundation for future clinical evaluation of robotic peripheral vascular surgery.",Stather P; Williamson AJ; Stante G; Ryckembusch L; Bhandari P; Howard AQ,"Norwich Vascular Unit, Norfolk and Norwich University Hospital, Norwich, UK. p.stather@uea.ac.uk.",Journal of robotic surgery,2026-07-27,10.1007/s11701-026-03664-3,2.5,visualization(abstract); visual(abstract),Vascular; Femoral; Robotic; Arterial; Clamping
42532973,Navigating the learning curve of 3D-4K exoscopic microvascular decompression: technical nuances and clinical outcomes in a 37-patient cohort.,"<h4>Background</h4>The 3D-4K exoscope is an emerging digital technology in microneurosurgery. While feasible, its specific impact on surgical efficiency and diagnostic precision during microvascular decompression (MVD) remains under-researched. This study evaluates clinical outcomes, technical nuances, and the technical learning curve of 3D-4K exoscopic MVD for classic trigeminal neuralgia (TN1).<h4>Methods</h4>A retrospective, longitudinal, single-center study of 37 consecutive patients with refractory TN1 was conducted in 2024. Procedures used a retrosigmoid infra-asterional approach with a robotic 3D-4K exoscope. Outcomes included pain relief, via Visual Analog Scale and Barrow Neurological Institute (BNI) Pain Scale, and surgical efficiency (total operative time). Chronological tertile analysis modeled the learning curve.<h4>Results</h4>Mean operative time was 48 ± 13 minutes, a ~ 50% reduction compared to international benchmarks. Chronological analysis showed a significant reduction in operative duration from the early (53.2 min) to the late tertile (40.5 min) (<i>p</i> = 0.017) without added complications. Intraoperative 4K visualization identified additional venous conflicts in 16.2% of cases that were occult on preoperative 3T-MRI. At 6-month follow-up, successful pain relief (BNI I-II) reached 89.2%, with a significant median BNI score improvement from 4 (IQR 4-4) to 2 (IQR 1-4) (<i>p</i> < 0.001). The complication rate was 2.7%, consisting of a single incidental transverse sinus injury successfully managed.<h4>Conclusion</h4>3D-4K exoscopic MVD is safe, and effective. By providing depth perception and a shared real-time visual axis, it enhances diagnostic accuracy for hidden venous conflicts, allowing a rapid technical transition without compromising traditional microscopic standards.",Ichikawa-Escamilla E; Fonseca-Cosio J; Castro-Prado FC; Espinosa-Cárdenas R; Falcón-Molina JE; García-Iturbide R; Chávez-Herrera VR; López-Valdés JC; López-Félix BE,"Department of Neurosurgery, Centro Médico Nacional Siglo XXI, Hospital de Especialidades ""Bernardo Sepúlveda Gutiérrez"", I.M.S.S, Mexico City, Mexico.",Neurological research,2026-07-30,10.1080/01616412.2026.2711007,2.5,visualization(abstract); visual(abstract),Trigeminal neuralgia; Treatment outcome; Microvascular decompression; Learning Curve; Neurosurgical Procedures; 3D-4k Exoscope
42538452,Imaging of ROR1 expression in tumors using radiolabeled affibody molecules.,"<h4>Purpose</h4>Receptor tyrosine kinase-like orphan receptor 1 (ROR1) is an attractive molecular target for anti-tumor therapies undergoing late-stage clinical development. Quantitative imaging of ROR1 expression could enable identification of patients likely to respond to such treatments. This study aimed to assess the feasibility of specific in vivo imaging of ROR1 using radiolabeled affibody molecules.<h4>Methods</h4>The affibody molecule ZROR1:A10, with high affinity for human (4 nM) and murine (2 nM) ROR1, was labeled with indium-111 using a DOTA chelator. In vitro binding specificity, affinity, and cellular processing were evaluated using a panel of ROR1-expressing cell lines. The affibody [<sup>111</sup>In]In-DOTA-Zcov19s, which does not bind ROR1, served as a nonspecific control. The biodistribution of [<sup>111</sup>In]In-DOTA-ZROR1:A10 and [<sup>111</sup>In]In-DOTA-Zcov19s was measured in immunodeficient mice bearing ROR1-positive tumors, with ROR1-negative Ramos xenografts used as an additional specificity control.<h4>Results</h4>[<sup>111</sup>In]In-DOTA-ZROR1:A10 bound specifically to ROR1-expressing cells, with significantly higher uptake than [<sup>111</sup>In]In-DOTA-Zcov19s. The apparent equilibrium dissociation constant for ROR1 binding in vitro was 1-4 nM. Tumor uptake of [<sup>111</sup>In]In-DOTA-ZROR1:A10 in MDA-MB-468 xenografts was saturable and significantly (p < 0.05) higher than in Ramos tumors, as well as higher than uptake of the control affibody. At 4 h post‑injection of 1 µg (50 µg/kg), tumor‑to‑blood, tumor‑to‑bone, and tumor‑to‑muscle ratios were 14 ± 6, 19 ± 6, and 11 ± 1, respectively. Micro-SPECT/CT imaging clearly visualized ROR1‑positive tumors and discriminated them from ROR1‑negative xenografts.<h4>Conclusion</h4>The preclinical evaluation shows that visualization of ROR1-expressing tumors using a radiolabeled affibody molecule is feasible.",Westerberg C; Xu T; Marth M; Ud-Din M; Abushaia R; Hagelin T; Ståhl S; Orlova A; Tolmachev V; Löfblom J; Vorobyeva A,"Department of Protein Science, School of Engineering Sciences in Chemistry, Biotechnology and Health, KTH Royal Institute of Technology, 100 44, Stockholm, Sweden.",European journal of nuclear medicine and molecular imaging,2026-08-01,10.1007/s00259-026-08106-8,2.5,visualization(abstract); visual(abstract),Radionuclide imaging; Ror1; Mda-mb-468; Affibody
42532203,Efficacy of Targeted Vasopressin Injection at the Recto-Uterine Endometrioid Lesion during Laparoscopic Surgery for Deep Infiltrating Endometriosis: A Randomized Clinical Trial.,"<h4>Study objective</h4>To evaluate the efficacy of targeted vasopressin injection at the recto-uterine endometrioid lesion during laparoscopic dissection in patients with deep infiltrating endometriosis (DIE).<h4>Design</h4>Double blind randomized clinical trial from January 2023 to January 2024.<h4>Setting</h4>Tertiary university hospital.<h4>Patients</h4>Women aged 20-50 years with severe pelvic DIE (stage III/IV, ASRM criteria).<h4>Interventions</h4>In laparoscopic surgery, in the intervention group, 20 units/mL of vasopressin, diluted in 300 mL of normal saline, was precisely injected into the endometrioid lesions located between the posterior uterus and rectum (retro-uterine DIE nodules). In the control group, an equal volume of saline was injected at the same sites.<h4>Measurements</h4>Surgical time, intraoperative bleeding, hemoglobin drop, surgical complications, and surgeon satisfaction with anatomical dissection.<h4>Results</h4>There was no significant difference between the two groups in demographic characteristics, except for primary infertility. The results of the present study showed that in laparoscopic surgery for pelvic endometriosis, the injection of Vasopressin significantly reduced the duration of the surgery (p=0.016), decreased bleeding and hemoglobin drop (P=0.034), surgery complications (P=0.041), and increased surgeon satisfaction (p<0.001) about the dissection of endometriosis tissue and anatomical differentiation of the pelvic organs compared to saline injection. In addition, 30 and 14 patients in the intervention group and 23 and 8 patients in the control group, respectively, complained of dysmenorrhea and dyspareunia. The findings showed that postoperative dysmenorrhea and dyspareunia in the intervention group decreased to 2 and 2 patients, respectively, and in the control group, they decreased to 2 and 1 patients, respectively.<h4>Conclusion</h4>Targeted vasopressin injection at the recto-uterine DIE lesion as a simple way facilitates laparoscopic dissection by reducing operative time and bleeding, improving anatomical visualization, and decreasing surgical complications. The study's limitations may have affected the findings; future comprehensive studies are needed to confirm our findings.",Tanha FD; Feizabad E; Salehi F; Ebrahimi M; Valizadeh A; Poursaadat N; Behzadi AM; Mohammadkhani R,"Department of Infertility, Yas Hospital Complex, Tehran University of Medical Sciences, Tehran, Iran.",Journal of minimally invasive gynecology,2026-07-30,10.1016/j.jmig.2026.07.030,2.5,visualization(abstract); visual(abstract),Dysmenorrhea; Hemostasis; Pelvic Pain; Surgical Complications; Minimally Invasive Surgical Procedure; Pelvic Dissection
42517427,Structural and Functional Characteristics of Cardiac MRI-Detected Corridors in Ischemic Ventricular Tachycardia.,"<h4>Background</h4>Cardiac magnetic resonance imaging (CMRI) could identify potential critical substrate having role in the development of ventricular tachycardia (VT). This study aimed to evaluate the correlation between corridors identified using software based analysis of late- gadolinium enhanced CMRI (ADAS-3D) and electroanatomical mapping (EAM) findings as well as predictors of arrhythmogenicity and clinical outcomes.<h4>Methods</h4>We retrospectively analyzed a total of 43 consecutive patients who underwent ischemic VT ablation with pre-procedural ADAS 3D CMRI analysis. Substrate mapping including functional evaluation via isochronal late activation mapping (ILAM) was performed in every patient. The correlation between corridor morphometric parameters and electroanatomic mapping findings were analyzed.<h4>Results</h4>Among 89 identified CMRI corridors, 57.3% were related to deceleration zones (DZs) during ILAM. DZ-related corridors demonstrated greater length (72.6 vs. 32.2 mm, p < 0.001), border zone mass, and protected volume (p < 0.001) compared to DZ-unrelated corridors. In 30/43 patients with inducible VT, 54.4% of the CMRI-detected corridors were VT-isthmus related.  Multivariable analysis revealed that corridor length was the strongest independent predictor of arrhythmogenicity (OR = 1.032, 95% CI:1.012-1.054, p < 0.001 for DZ and OR = 1.025, 95% CI:1.002-1.049, p = 0.033 for VT). In patients with inducible VT, CMRI-detected corridors demonstrated most commonly transmural / partial transmural (40.5%) involvement, with complete endocardial visualization of VT circuit in only 20% of VTs. At a 14-month follow-up with a recurrence rate of 18.6%, epicardial BZ+scar percentage was associated with VT recurrence, in an exploratory univariable analysis (HR = 1.058, 95% CI: 1.002-1.117, p = 0.042).<h4>Conclusions</h4>ADAS 3D analysis revealed the 3-D complexity of VT corridors in ischemic cardiomyopathy, predominantly having non-endocardial distribution.",Dogan M; Coteli C; Aytemir K; Yorgun H,"Department of Cardiology, Hacettepe University Faculty of Medicine, Ankara, Turkey.",Pacing and clinical electrophysiology : PACE,2026-07-28,10.1111/pace.70379,2.5,visualization(abstract); visual(abstract),Cardiac Magnetic Resonance Imaging; Electroanatomical Mapping; Ischemic Ventricular Tachycardia; Ventricular Tachycardia Ablation; Critical Isthmus
42526176,Effectiveness of BNT162B2 and CoronaVac vaccines in reducing COVID-19 severity among children aged 3-4 years in Brazil.,"<h4>Introduction</h4>National population-based databases from large countries can provide real-world estimates of COVID-19 vaccine effectiveness. This analysis examined the effectiveness of BNT162b2 and CoronaVac against severe COVID-19-related outcomes in children aged 3 to 4 years during the Omicron phase of the pandemic in Brazil.<h4>Methods</h4>This nationwide population-based cohort study assessed incidence rate ratios for hospitalization due to COVID-19-associated severe acute respiratory syndrome, invasive ventilatory support, and death among children aged 3 to 4 years, according to vaccination status (unvaccinated, 1 dose, or 2 doses), during 2022-2023. The study period spanned epidemiological weeks 31-52 of 2022 and weeks 1-13 of 2023. Data on laboratory-confirmed COVID-19-related hospitalizations, clinical outcomes, and vaccination status were obtained from OpenDATASUS, and vaccination coverage was estimated using data from the Brazilian Ministry of Health COVID-19 vaccination dashboard.<h4>Results</h4>Among children aged 3 to 4 years completion of the primary series increased to 15% for CoronaVac and 2% for BNT162b2 during the study period, corresponding to 797,956 and 79,650 individuals receiving the second dose, respectively. A total of 963 children were hospitalized with COVID-19-associated severe acute respiratory syndrome. Vaccine effectiveness against hospitalization was 79.0% (95% CI, 69.9%-85.4%) after partial vaccination and 49.2% (95% CI, 32.5%-61.9%) after completion of the primary series (p < 0.01). Effectiveness against invasive mechanical ventilation was 77.6% and 79.1%, respectively; no deaths occurred among fully vaccinated children. Direct comparisons between vaccines were not feasible because of the lower proportion of BNT162b2 recipients.<h4>Conclusions</h4>COVID-19 vaccination, predominantly based on the CoronaVac vaccine, was associated with a significant reduction in severe outcomes among children aged 3-4 years, providing robust evidence to support pediatric immunization strategies and public health efforts.",de Padua MC; Antunes MOB; Stein RT; Pinto LA; Jones MH; Friedrich F; Scotta MC,"School of Medicine, Pontifícia Universidade Católica do Rio Grande do Sul (PUCRS), Avenida Ipiranga 6681, 2nd floor, Porto Alegre, Rio Grande do Sul state 90619-900, Brazil. Electronic address: marina.padua@edu.pucrs.br.",Vaccine,2026-07-29,10.1016/j.vaccine.2026.128974,2.0,dashboard(abstract); data(abstract),Preschool child; Inactivated vaccines; Vaccine Effectiveness; Vaccine Efficacy; Mrna Vaccines; Covid-19 Vaccines; Covid-19 Vaccines In Children
42524201,"MYcology Stewardship Tool (MyST): a retrospective, descriptive multidisciplinary team review of antifungal prescribing practice in a UK tertiary centre.","<h4>Background</h4>Antifungal stewardship (AFS) is essential to managing antimicrobial resistance (AMR), yet remains less well established than antibacterial stewardship. This project aimed to support development of an AFS programme at Oxford University Hospitals NHS Foundation Trust (OUHFT) by characterizing antifungal use and identifying priorities for service improvement.<h4>Methods</h4>This retrospective service evaluation reviewed all adult patients prescribed systemic antifungal therapy between 1 November 2021 and 28 February 2022. Data were collected using the MYcology Stewardship Tool (MyST) and included patient demographics, underlying diagnosis, fungal infection investigations, antifungal indication, prescribing details and reason for stopping treatment. Guideline compliance and stewardship appropriateness were reviewed independently by two pharmacists. Categorical variables were summarized using counts and percentages, and continuous variables using medians and interquartile ranges. Results were reviewed at fortnightly AFS project team meetings to identify opportunities for service improvement.<h4>Results</h4>Two hundred patients, comprising 210 patient episodes, were captured in MyST. Median age was 65 years (IQR 56-73), and 61.5% (123/200) were haematology/oncology patients. Among 140 antifungal prophylaxis prescriptions, 91% (128/140) were guideline compliant and 87% (122/140) were stewardship appropriate. Incorrect duration and poor documentation were the main reasons for inappropriateness. Among 165 antifungal treatment prescriptions, 84% (138/165) were guideline compliant and 85% (140/165) were stewardship appropriate. Incorrect dose or dosing frequency were the main reasons for inappropriateness. AFS project team review identified priority areas for improvement, including staff education, patient information resources and improved therapeutic drug monitoring guidance for complex patients.<h4>Conclusion</h4>This project established the foundations for an AFS strategy at OUHFT and identified priorities for further development, including patient information resources, healthcare worker education and therapeutic drug monitoring guidance. Although MyST supported structured data capture and analysis, its use was labour intensive. A dashboard integrated with electronic patient records and capable of providing real-time antifungal prescribing data would facilitate more sustainable, timely and targeted stewardship interventions.",Ng BY; Dunsmure L; Richards J; Parsons T; Jones N; Tsakok M; Agrawal S; Peniket A; Andersson MI,"Department of Pharmacy, Oxford University Hospitals NHS Foundation Trust, Oxford, UK.",JAC-antimicrobial resistance,2026-07-28,10.1093/jacamr/dlag149,2.0,dashboard(abstract); data(abstract),
