pmid,title,abstract,authors,first_author_affiliation,journal,pub_date,doi,score,matched_keywords,api_keywords
42240038,In-plane ultrasound-guided venipuncture: The underestimated risk of slice thickness artefact and strategies for safe needle tip visualization.,"In-plane (IP) ultrasound-guided venipuncture is widely used for its recognized advantages, including improved needle tip identification and a shallower puncture angle, which enhances echogenicity, reduces posterior wall injury, and facilitates guidewire insertion. These benefits, however, can create a false sense of security if the inherent limitations of ultrasound imaging are not appreciated. Among these, slice thickness artefact, caused by the finite elevational thickness of the ultrasound beam, is frequently overlooked in clinical practice. This narrative review examines the mechanisms, clinical implications, and strategies to mitigate slice thickness artefact during IP venipuncture, with particular emphasis on factors influencing artefact magnitude and needle tip visualization. Slice thickness artefact projects echoes from structures outside the imaging plane onto the two-dimensional image, making the needle tip appear intraluminal while it actually lies in a parallel, off-plane trajectory. Misinterpretation may increase the risk of injury to adjacent arteries, nerves, or other critical structures and lead to inadvertent extravascular catheter placement. The magnitude of the artefact depends on imaging depth, focal zone alignment, beam divergence, and transducer design, and is particularly relevant for deep, small-caliber veins and low-frequency or handheld devices. Mitigation strategies include awareness of beam limitations, careful probe selection, optimization of depth and focal zone, dynamic probe manipulation, controlled needle advancement, backflow verification, and complementary out-of-plane confirmation. When recognized and managed appropriately, slice thickness artefact can be minimized, preserving the procedural advantages of IP guidance. Understanding ultrasound beam geometry and applying targeted technical strategies are essential to optimize needle tip visualization, procedural safety, and patient outcomes.",Bianchini A; Zangheri E,"Anesthesiology and General Intensive Care Unit, IRCCS Azienda Ospedaliero-Universitaria di Bologna, Bologna, Italy.",The journal of vascular access,2026-06-04,10.1177/11297298261452899,11.5,"visualization(kw,title,abstract); visual(kw,title,abstract)",Venous Cannulation; Ultrasound Artifacts; Needle Tip Visualization; Ultrasound-guided Vascular Access; In-plane Technique; Out-of-plane Technique; Vascular Access Safety; Slice Thickness Artifact; Ultrasound Beam Width
42229883,Near-Real-Time Clinical Trial Accrual Dashboard in a National Cancer Institute-Designated Cancer Center: Mixed Methods Implementation Study.,"<h4>Background</h4>Clinical trial accrual monitoring is a critical component of trial operations, influencing feasibility, timeliness, and scientific validity. Despite its importance, many National Cancer Institute-designated cancer centers continue to rely on static spreadsheets or manually generated reports that provide delayed and incomplete insight for study teams. These limitations hinder timely identification of recruitment challenges, reduce transparency across stakeholders, and constrain proactive operational decision‑making. Scalable, institution‑wide systems that support near-real‑time accrual oversight remain uncommon in academic settings.<h4>Objective</h4>This study aimed to design, implement, and operationalize a near-real‑time clinical trial accrual dashboard within a National Cancer Institute-designated cancer center, and to evaluate its use, adoption, and early operational impact on accrual monitoring workflows.<h4>Methods</h4>We developed an enterprise accrual dashboard integrating daily extracts from the institutional clinical trial management system with automated data quality validation and time series accrual forecasting. The system supported multiple stakeholder roles through role‑based access and was deployed within existing governance and oversight workflows. Implementation and evaluation were guided by the reach, effectiveness, adoption, implementation, and maintenance (RE-AIM) framework and the Guidelines and Checklist for the Reporting on Digital Health Implementations framework, with system logs used to assess reach and adoption, and qualitative operational feedback used to characterize use in practice.<h4>Implementation (results)</h4>From May 2022 to May 2026, the dashboard was used institution wide for monitoring therapeutic and nontherapeutic trials, logging 1605 unique user sessions across investigators, coordinators, data managers, and leaders. Automated daily validation enabled earlier detection and correction of missing or invalid accrual data, improving the reliability of institutional reporting over time. The dashboard replaced manual monthly reports with continuous monitoring and was incorporated into routine operational and leadership reviews, enabling earlier identification of lagging studies and more timely discussions regarding resource allocation and recruitment strategies. Accrual forecasting models demonstrated stable in sample and out of sample performance and were used to support anticipatory planning rather than prescriptive decision making. Initial increases in data correction workload and user resistance decreased as workflows matured and data transparency became normalized.<h4>Conclusions</h4>Implementation of a near-real‑time accrual dashboard within an academic cancer center is feasible and sustainable and can meaningfully improve accrual oversight by strengthening data quality, transparency, and integration into routine workflows. The primary value of such systems lies not only in visualization or analytics but in their ability to shift accrual monitoring from retrospective reporting to proactive, institution‑wide operational review. With appropriate governance and clinical trial management system infrastructure, similar dashboards are transferable to other research centers seeking to modernize trial oversight.",Pepper S; Ratnayake I; Mahmudur Rahman M; Islam Talukder MR; Islam Saif MS; Rippee O; Jayawardhana A; Lin T; Streeter N; Gajewski B; Wick J; Mayo MS; Mudaranthakam DP,"University of Kansas Medical Center, Kansas City, KS, United States.",JMIR medical informatics,2026-06-02,10.2196/82920,10.9,"visualization(abstract); dashboard(kw,title,abstract); visual(abstract); data(kw,abstract)",Data Quality; Implementation Science; Clinical Trial Accrual; R Shiny Dashboard; Cancer Center Operations
42243631,SeqBoard: a genomics-based data dashboard for comprehensive wastewater virome monitoring.,"<h4>Objectives</h4>To develop the first public-facing dashboard that translates genomic sequencing data from wastewater into accessible and actionable community information concerning human pathogenic viruses, representing a shift to sequencing-based public health wastewater monitoring.<h4>Materials and methods</h4>We developed SeqBoard, a user-friendly dashboard that displays sequencing information from the total wastewater virome. The dashboard integrates diverse expertise and components, including data processing and analysis, visualization and management, security, and stakeholder engagement and feedback. We implemented a 3-tiered system for user interactions, customized to the general public, public health officials, and genomics experts.<h4>Results</h4>SeqBoard provides an intuitive interface for presenting genomic information as species-specific trend lines, level indicators, and all-site aggregates. It translates complex sequencing data into public health insights, including reporting on dozens of viruses of concern with modules for detections, variant information, and genomic context.<h4>Discussion</h4>The prevention of the next pandemic will require comprehensive pan-monitoring of deadly viruses and their evolution. Genomics-based dashboards will be essential for early detection of viral activity before significant clinical manifestation, thereby allowing public health systems to provide warnings, ready actions, and develop vaccines.<h4>Conclusion</h4>SeqBoard shows that sequencing data can be translated into useful public health information, serving as a model for future sequencing-based pathogen dashboards. The dashboard is publicly available at https://tephi-ww.uth.edu/public-dashboard and represents the first publicly available dashboard providing pan viral genomic detection data for wastewater monitoring.",Bauer C; Reger N; Rustem HAL; Tisza M; Triosi CL; Javornik Cregeen S; Ghobrial L; Gitter A; Wu F; Surathu A; Deegan J; Mena KD; Petrosino J; Boerwinkle E; Hanson BM; Maresso AW,"Department of Biostatistics and Data Science, University of Texas Health Science Center at Houston School of Public Health, Houston, TX 77030, United States.",Journal of the American Medical Informatics Association : JAMIA,2026-06-05,10.1093/jamia/ocag088,10.7,"visualization(abstract); dashboard(kw,title,abstract); visual(abstract); data(title,abstract)",Surveillance; Public Health; Metagenomics; Dashboard; Wastewater Monitoring
42249942,Deep learning reconstruction improves appendix visualization on pediatric magnetic resonance imaging (MRI): a single-center experience.,"<h4>Background</h4>Thin-slice MRI may improve appendix visualization in children with suspected appendicitis, but reducing slice thickness decreases signal-to-noise ratio (SNR) and can degrade image quality. Deep learning reconstruction (DLR) enables denoising of thin-slice images and may mitigate these limitations.<h4>Objective</h4>To evaluate whether 2-mm T2-weighted magnetic resonance imaging (MRI) with DLR improves appendix visualization and diagnostic performance compared with conventional 4-mm MRI in pediatric appendicitis.<h4>Materials and methods</h4>In this prospective, Institutional Review Board-approved, single-center study (January 2022-June 2025), 82 pediatric patients (mean age 9.6 years; age range 5-20 years) undergoing MRI for suspected appendicitis were included. MRI protocols contained both standard 4-mm and thin-slice 2-mm single-shot T2-weighted images; DLR was applied to 2-mm images (2-mm+DLR). Three blinded radiologists independently assessed paired series for appendix visualization, confidence, appendicitis diagnosis, ancillary findings, and overall image quality. Objective SNR was measured in psoas muscle, bladder, and fat. Diagnostic performance was calculated against surgical or clinical reference standards using paired statistical tests.<h4>Results</h4>In the first 16 exploratory cases, quantitative analysis showed that the signal-to-noise ratio of 2-mm+DLR images was comparable to that of standard 4-mm images. Across the full cohort, pooled analysis showed improved appendix visualization with 2-mm+DLR compared with standard 4-mm MRI (88.2% [217/246] vs 83.3% [205/246], P=0.006). Overall diagnostic image quality was also higher with 2-mm+DLR (median 5 vs 4, P<0.001), while confidence in appendix visualization and appendicitis diagnosis was similar between techniques (both medians 4, P>0.1). Exploratory pooled diagnostic performance numerically favored 2-mm+DLR, with higher sensitivity (89% [78/87] vs 81% [71/87]) and accuracy (89% [218/246] vs 86% [210/246]), although paired comparisons did not reach statistical significance (Table 4).<h4>Conclusion</h4>DLR-enhanced 2-mm MRI improves appendix visualization and overall diagnostic image quality in pediatric appendicitis without reducing reader confidence or specificity. Thin-slice DLR MRI supports improved depiction of the appendix and alternative abdominal pathology in children.",Gallo-Bernal S; Pena-Trujillo V; Shoaib N; Machado-Rivas F; Victoria T; Khadir R; Milshteyn E; Guidon A; Conklin J; Gee MS,"Massachusetts General Hospital/Mass General Brigham, Boston, MA, USA. sgallobernal@mgh.harvard.edu.",Pediatric radiology,2026-06-06,10.1007/s00247-026-06686-z,8.5,"visualization(title,abstract); visual(title,abstract); artificial intelligence(kw)",Artificial intelligence; Signal-to-noise ratio; Appendicitis; Magnetic Resonance Imaging; Pediatrics; Deep Learning
42247157,"Chromovitrectomy: current evidence, emerging technologies, and practical applications in vitreoretinal surgery.","Chromovitrectomy has revolutionized vitreoretinal surgery by enabling the visualization of nearly transparent intraocular structures. This review evaluates the clinical utility of key vital dyes, such as brilliant blue G, trypan blue, indocyanine green, and triamcinolone acetonide, focusing on their physicochemical properties, staining affinities, and safety profiles. Recent advancements in dye formulation, including high-density and multi-component preparations, have improved tissue selectivity and surgical handling. These pharmacological innovations are now complemented by digital visualization technologies, such as 3D heads-up displays and customizable spectral filtering, which enhance contrast perception and ergonomics. We further discuss specialized surgical strategies for identifying occult retinal breaks and sequential staining techniques, while addressing critical concerns regarding phototoxicity and macular protection. As the field moves toward integrating intraoperative OCT and artificial intelligence, chromovitrectomy remains a dynamic cornerstone of posterior segment surgery. Understanding the synergy between novel biocompatible agents and digital platforms is essential for optimizing surgical precision and patient outcomes.",Giannuzzi F; Hu L; Cusato M; Carlà MM; Crincoli E; Maragno F; Cestrone V; De Vico U; Rizzo S,"Ophthalmology Unit, ""Fondazione Policlinico Universitario A. Gemelli, IRCCS"", Largo A. Gemelli, 8, Rome, Italy.",Graefe's archive for clinical and experimental ophthalmology = Albrecht von Graefes Archiv fur klinische und experimentelle Ophthalmologie,2026-06-05,10.1007/s00417-026-07307-z,8.5,"visualization(kw,abstract); visual(kw,abstract); artificial intelligence(abstract)",Phototoxicity; Trypan Blue; Internal Limiting Membrane; Vital Dyes; Chromovitrectomy; Brilliant Blue G; Digital Visualization
42245256,Construction of an artificial intelligence system for the Los Angeles classification-based assessment of reflux esophagitis (with video).,"<h4>Background</h4>This study aims to develop an artificial intelligence system capable of automatically classifying endoscopic images of reflux esophagitis (RE) according to the Los Angeles (LA) classification, thereby improving the accuracy and efficiency of RE diagnosis and providing intelligent support for clinical decision-making.<h4>Methods</h4>RE images from three centers were collected to construct a dataset for training, validating, and testing a deep learning model. Model performance was evaluated using metrics such as accuracy, sensitivity, specificity, precision, area under the receiver operating characteristic curve (AUC), and F1 score. After model training, Grad-CAM (Gradient-weighted Class Activation Mapping) visualization techniques were applied to enhance model transparency. Finally, a clinical application was developed using PyQt5 technology for portable use.<h4>Results</h4>Among the five models evaluated, YOLOv11l demonstrated the best performance, achieving an accuracy, precision, sensitivity, and F1 score of 97.89%, 94.90%, 93.69%, and 94.28% on the validation set, respectively; and a weighted average accuracy, precision, specificity, and AUC of 96.26%, 91.58%, 98.04%, and 0.995 on the test set. The diagnostic accuracy of this model was significantly higher than that of both junior (χ<sup>2</sup>=45.93, P<0.05) and senior endoscopists (χ<sup>2</sup>=8.34, P<0.05).<h4>Conclusions</h4>The artificial intelligence model and application developed based on the YOLOv11 network can rapidly and accurately grade the severity of RE according to the LA classification on retrospective external test data, providing a promising proof-of-concept system that warrants further prospective and multi-reader validation before routine clinical deployment.",Chen J; Zhu M; Wang G; Xia K; Liu X; Xu X,"Department of Gastroenterology, Changshu Hospital Affiliated to Soochow University, Suzhou, China.",Digital health,2026-06-02,10.1177/20552076261458065,7.6,"visualization(abstract); visual(abstract); artificial intelligence(kw,title,abstract); data(abstract)",Artificial intelligence; Reflux esophagitis; Gastroesophageal Reflux Disease; Los Angeles Classification; Deep Learning
42243816,Evaluation of D&amp;C Red No. 33 as an alternative to erythrosine for plaque disclosure: a randomized crossover trial.,"<h4>Background</h4>Plaque disclosing agents facilitate the visualization of dental biofilm and support effective oral hygiene instruction. Erythrosine remains the most commonly used agent; however, concerns regarding its safety and regulatory restrictions have prompted the search for alternative colorants. This study aimed to evaluate and compare the clinical performance and user acceptability of three plaque disclosing formulations: 3% erythrosine, 3% D&C Red No. 33, and a mixed formulation of 3% D&C Red No. 33 with green powder.<h4>Methods</h4>A randomized cross-over clinical design was employed. Subjective outcomes were assessed using visual analogue scales (VAS) for plaque visibility, residual staining, brushing difficulty, and taste satisfaction. Objective plaque accumulation was measured with the Turesky modification of the Quigley-Hein Plaque Index (TQHPI) by a calibrated examiner before and after oral hygiene procedures.<h4>Results</h4>Erythrosine produced the highest plaque visibility scores, significantly exceeding those of both alternative agents. However, all formulations showed comparable percentage reductions in plaque index following brushing and flossing. Residual staining was greatest with erythrosine, particularly on oral mucosa and lips, whereas D&C Red No. 33 produced the least. The mixed formulation yielded intermediate outcomes but demonstrated the lowest overall plaque visibility. Participants reported significantly greater difficulty in stain removal with erythrosine compared to D&C Red No. 33. Taste acceptability was highest for D&C Red No. 33, intermediate for the mixed formulation, and lowest for erythrosine.<h4>Conclusions</h4>While erythrosine provides superior plaque visibility, its drawbacks in staining persistence, brushing difficulty, and taste limit acceptability. D&C Red No. 33 demonstrated a more favorable balance between effectiveness and user acceptance, supporting its potential as an alternative plaque disclosing agent.<h4>Trial registration</h4>The trial was registered at Thai Clinical Trials Registry (Trial registration number: TCTR20250313002) on 13 March 2025.",Sooampon S; Bootyod Y; Panchanon P; Phowan T; Issaranggun Na Ayuthaya B,"Department of Pharmacology, Faculty of Dentistry, Chulalongkorn University, Bangkok, Thailand.",BMC oral health,2026-06-04,10.1186/s12903-026-08786-6,7.5,"visualization(kw,abstract); visual(kw,abstract)",Plaque Index; Patient Acceptability; Mixed Formulation; Erythrosine; D&c Red No. 33; Plaque Disclosing Agent; Dental Plaque Visualization; Green Powder; Residual Staining
42225859,A multi objective framework with an interactive dashboard for cost optimal infectious disease management.,"During an infectious disease outbreak, policymakers face the critical challenge of balancing the healthcare burden with the socioeconomic consequences of social distancing. To facilitate this complex decision-making process, we developed an integrated framework that combines multi-objective optimization, economic evaluation, and an interactive dashboard. This dashboard allows stakeholders to input dynamic cost parameters and immediately derive cost-optimal intervention strategies. We validated this framework using data from the early COVID-19 outbreak in South Korea. Our results demonstrate that cost-optimal solutions remained remarkably consistent across a wide range of costs per infection (from 4,410 USD to 361,000 USD), exhibiting similar transmission reduction patterns. This suggests that the cost-optimal policy is relatively insensitive to variations in the estimated cost per infection, providing a robust basis for intervention planning. By synthesizing rapid optimization with rigorous economic evaluation, our framework offers a scalable tool for timely, evidence-based decision-making during the urgent situation of a pandemic.",Lee J; Mendoza R; Mendoza VMP; Jung E,"Department of Mathematics, Konkuk University, Seoul, 05029, Korea.",Scientific reports,2026-06-01,10.1038/s41598-026-55201-9,7.4,"dashboard(kw,title,abstract); data(abstract)",Infectious disease; Multi-objective optimization; Cost-benefit Analysis; Mathematical Modeling; Dashboard
42224909,A five-year QATrack+ dashboard for radiotherapy physics quality management: A technical note on longitudinal LINAC and HDR monitoring.,"<h4>Introduction</h4>Routine radiotherapy physics quality assurance (QA) generates heterogeneous data from machine checks, patient-specific treatment verification, maintenance records and clinical activity logs, which are often fragmented across multiple systems. We developed a QATrack + -based dashboard designed to support longitudinal monitoring of LINAC and HDR performance through a compact monthly review framework.<h4>Methods</h4>In this technical implementation study, we analysed a five-year monthly aggregated dataset structured in QATrack + for one Elekta Versa HD linear accelerator and one Elekta Flexitron Ir-192 HDR afterloader. Operational, QA and modality-specific indicators were extracted and summarised using descriptive statistics.<h4>Results</h4>The proposed dashboard consolidated service availability, QA workload, QA pass rates, maintenance events and sentinel modality-specific metrics into a unified governance view. It enabled stable longitudinal review of LINAC and HDR performance and facilitated identification of trends in operational readiness and QA conformance.<h4>Conclusions</h4>The proposed dashboard provides a practical method for integrating heterogeneous radiotherapy QA records into a structured longitudinal monitoring tool.<h4>Implications for practice</h4>This approach may support monthly physics review, service oversight and early detection of performance drift in radiotherapy departments.",El Mouden O; Sekkat H; Bannan A; Brika I; El Baydaoui R; Tahiri M; Mounir M,"Sciences and Engineering of Biomedicals, Biophysics and Health Laboratory, Higher Institute of Health Sciences, Hassan First University, Settat, 26000, Morocco; International Hospital of Settat, Department of Radiotherapy, Settat, Morocco. Electronic address: oussama.elmouden.doc@uhp.ac.ma.","Radiography (London, England : 1995)",2026-06-01,10.1016/j.radi.2026.103460,7.4,"dashboard(kw,title,abstract); data(abstract)",Quality Management; Hdr Brachytherapy; Linear Accelerator; Dashboard; Radiotherapy Qa; Qatrack+
42233233,CPSM: An R Package for Cancer Patient Survival Risk Model Using Transcriptomics and Clinical Data.,"Traditional Kaplan-Meier curves capture aggregate survival trends within broad patient subgroups but overlook the heterogeneity of individual patients. In contrast, single-patient survival risk models bridge this gap by incorporating each patient's unique clinical, genomic, and demographic characteristics, generating personalized survival curves. These individualized visualizations enhance patient-clinician communication by translating complex statistics into intuitive, time-based visuals that are easier to interpret. However, the complexity, high dimensionality, and heterogeneity of multi-omics data present significant challenges for analysis, interpretation, and model development. To address these challenges, we introduce the Cancer Patient Survival Model (CPSM), an R package designed to deliver individualized survival and risk predictions through a fully integrated, reproducible computational pipeline. CPSM includes 10 core functions organized into four key steps: (1) Data Preprocessing and Normalization, (2) Feature Selection, (3) Survival Risk-Group Prediction Modeling, and (4) Visualization and Nomogram Construction. We demonstrate the utility of CPSM using publicly available TCGA datasets for four cancer types: glioblastoma multiforme (GBM), acute myeloid leukemia (LAML), pancreatic adenocarcinoma (PAAD) and breast invasive cancer (BRCA). CPSM efficiently handles high-dimensional datasets with over 60,000 RNA transcripts and diverse clinical variables, enabling robust and interpretable individualized survival predictions under varying data conditions. Model performance was evaluated using repeated cross-validation with uncertainty quantification, ensuring robust and reliable estimates in high-dimensional, small-sample settings. In summary, CPSM provides an efficient, user-friendly, end-to-end solution for integrating patient data and generating personalized survival and risk predictions. Its integrated visual tools enhance interpretability and support more informed clinical decision-making. The package is freely available on Bioconductor (https://bioconductor.org/packages/devel/bioc/html/CPSM.html) and GitHub (https://github.com/hks5august/CPSM).",Kaur H; Das P; Camphausen K; Shankavaram U,"Radiation Oncology Branch, Center for Cancer Research, National Cancer Institute, National Institutes of Health, Bethesda, MD 20892, USA.",GigaScience,2026-06-02,10.1093/gigascience/giag067,5.8,"visualization(abstract); visual(abstract); data(title,abstract); informatics(kw)",Prediction; Cancer; Survival; Bioinformatics; Biomarker; Package
42224633,Estimating Small Area Statistics and Developing a Novel Mapping Tool to Display Them Using a User-Centered Design Process.,"<h4>Purpose</h4>Cancer registries are often asked to present cancer data for small geographic areas to inform and facilitate targeted interventions and prevention programs. However, it is challenging to compute and visualize reliable cancer estimates for areas with small case counts and populations to support cancer control planning.<h4>Methods</h4>Leveraging a user-centered design process, we developed a visual analytics platform and interactive graphics to display modeled cancer risk estimates for small areas. Development of our visual analytics platform was informed by cancer registry and public health professionals through focus groups and surveys. The reliable cancer risk estimates for small areas that we displayed on this platform were created using a Bayesian hierarchical model that borrows strength from neighboring areas and over time to produce cancer estimates for small areas.<h4>Results</h4>The Cancer Analytics and Maps for Small Areas tool (CAMSA) provided age-adjusted cancer incidence and mortality rates and risk probabilities for eight cancers at the county and ZIP-code tabulation area levels. It allowed the user to identify areas of high cancer incidence, including among subgroups defined by sex and race/ethnicity. Potential end users were enthusiastic about the opportunity to implement CAMSA within their practice, emphasizing the tool's potential for increased collaborative opportunities at local and state levels. Suggestions for improvement included adding map overlays such as additional cancer risk variables and incorporating functionalities such as exportable data tables.<h4>Conclusion</h4>CAMSA presented cancer rate and risk estimates for small geographic areas where they may have previously been suppressed. Through our user-centered design process, we developed statistical models and data visualizations to support the needs of an array of potential end users.",Wissler Gerdes EO; Cai J; Mahoney C; Brown GD; Clark J; Charlton ME; Koylu C; Roberts EK; McKelvey BA; Wiggins CL; Meisner AW; Christian WJ; Huang B; Smith MJ; Oleson JJ; Nash SH,"Department of Epidemiology, College of Public Health, University of Iowa, Iowa City, IA.",JCO clinical cancer informatics,2026-06-01,10.1200/cci-25-00139,5.0,visual analytics(abstract); visualization(abstract); visual(abstract); data(abstract),
42231908,LncRCD: A Comprehensive Database for Pan-Cancer Characterization of lncRNAs Related to 12 Regulated Cell Death Types.,"Regulated cell death (RCD) is a fundamental biological process that determines tumor progression and treatment response. Although high-throughput sequencing technologies have revealed a large number of tumor-related long noncoding RNAs (lncRNAs), systematically analyzing the regulatory landscape of lncRNAs under multiple RCD patterns remains a challenge. Here, we present LncRCD (https://lncrcddb.bio-database.com/), a comprehensive resource and analysis platform specifically for cancer cell death-related lncRNAs. This study systematically integrated 1,595 core genes involved in 12 types of RCD and identified 4,624 pairs of RCD-lncRNA regulatory relationships in 18 cancer types, covering 2,088 lncRNAs with potential functional significance. To demonstrate the clinical translational value of this large-scale dataset, we conducted a comprehensive downstream bioinformatics analysis, including constructing a robust prognostic evaluation model based on RCD-lncRNA signatures, using the non-negative matrix factorization (NMF) algorithm to identify molecular subtypes with unique immune characteristics and survival outcomes, and predicting potential treatment drug sensitivity based on cancer treatment response portal data, thereby linking molecular phenotypes to clinical therapeutic guidance. The LncRCD database is a comprehensive resource database and a discovery-oriented platform, integrating user-friendly search, analysis, browsing, download, and visualization functions. Its aim is to provide a convenient resource for exploring the complex regulatory relationships between RCD and lncRNAs in human cancers. Ultimately, this study not only presents a panoramic view of lncRNAs participating in the regulation of multiple RCD patterns but also provides a valuable resource for linking omics data to biological interpretation, which may help elucidate tumor death mechanisms and offer insights for future precision immuno-oncology strategies.",Zhao H; Bai L; Li S; Sun Y; Liu W; Chen Z; Wang L; Hao C; Wang L,"College of Bioinformatics Science and Technology, Harbin Medical University, Harbin 150081, China.",Computational and structural biotechnology journal,2026-06-01,10.34133/csbj.0110,4.8,"visualization(abstract); visual(abstract); data(title,abstract); informatics(abstract)",
42230664,Hepatic Vessel Map (HVM): An Expert-Annotated CT Dataset for Clinically Applicable AI in Liver Vascular Segmentation and Surgical Planning.,"Precise delineation of hepatic and portal venous anatomy is crucial for the diagnosis of liver disease, surgical planning, and prognosis prediction. Current three-dimensional visualization of these complex vascular structures relies on manual or semi-automated CT segmentation, which is time-consuming and operator-dependent. Although artificial intelligence (AI) presents a promising alternative, existing methods remain constrained by the scarcity of publicly available datasets with fine-grained vascular annotations and inadequate validation in real-world diseased liver populations, which represent the majority of patients undergoing hepatic procedures. To address this gap, we present the Hepatic Vessel Map (HVM) Dataset, a dual-center resource comprising contrast-enhanced CT scans from 282 patients with over 4,1400 slices and 4,8300 annotations, each with meticulously annotated hepatic veins, portal veins (to third-order branches), and liver tumors. The dataset comprises a substantial proportion of cases with underlying hepatic pathology and has been validated for use in preoperative planning for major hepatectomy, ensuring both clinical relevance and model generalizability. This dataset supports: 1) development and benchmarking of robust hepatic and portal venous segmentation models; 2) vasoimcs research through quantitative analysis of vascular morphology, topology, and radiomic features; 3) generation of patient-specific 3D ""digital vascular roadmaps"" to enhance surgical precision and safety. As such, this dataset establishes a foundational resource for advancing AI-driven innovations in hepatobiliary surgery and intervention.",Xie T; Li X; Zhang L; Huang X; Liu Z; Huang C; Cai Q; Zhang Z; Wang C; Ma X; Huang R; Luo Z; Cheng G; Xu D; Liu Z; Lu C,"Guangdong Cardiovascular Institute, Guangdong Provincial People's Hospital, Guangdong Academy of Sciences, Guangzhou, 510080, China.",Scientific data,2026-06-02,10.1038/s41597-026-07550-3,4.8,"visualization(abstract); visual(abstract); artificial intelligence(abstract); data(title,abstract)",
42250862,Clustering-based federated causal discovery for multicenter clinical data analysis.,"<h4>Objective</h4>Traditional causal structure learning algorithms struggle in distributed and privacy-sensitive environments, particularly when dealing with non-independent and identically distributed (non-IID) data. To address these limitations, this study proposes the Clustering-Based Federated Causal Discovery (CFedCD) framework, designed to enhance causal learning accuracy and applicability in multicenter clinical data analysis.<h4>Methods</h4>The CFedCD framework integrates deterministic representation encoding and federated optimization techniques to address the data heterogeneity and privacy constraints inherent in distributed causal learning tasks. Each client independently extracts high-dimensional feature digests from local electronic medical records (EMR) using a Deep Sets model, which captures complex data distributions while preserving privacy. These locally computed digests are then aggregated on the server side, where K-means clustering is applied to group clients with similar data characteristics into federated clusters. Within each cluster, collaborative construction of cluster-specific causal graphs is facilitated through adaptive aggregation strategies and regularization techniques that mitigate distributional shifts. The framework's effectiveness is validated using EMR data from the eICU Collaborative Research Database for acute kidney injury (AKI) risk prediction, with performance evaluated using the area under the receiver operating characteristic curve (AUROC).<h4>Results</h4>CFedCD successfully identified key candidate causal factors contributing to AKI, including pulmonary disease, hypertension, diabetes, stroke, and blood urea nitrogen levels. It demonstrated significant improvements in both causal learning and predictive performance across heterogeneous client sites. Specifically, the baseline federated learning alone led to a 0.025 decrease in AUROC (p<0.01), whereas the integration of clustering-driven personalized causal learning improved the overall performance by 0.014 AUROC (p<0.05). Visualization of causal graphs across clusters revealed substantial heterogeneity in patient populations and clinical practices, uncovering novel associations specific to different subpopulations.<h4>Conclusion</h4>The CFedCD framework offers an effective solution for federated causal structure learning in heterogeneous environments, producing graphical models that represent candidate causal relationships informed by observational data and clinical knowledge.",Zhang M; Wang H; Zhao J; Wu L,"School of Social Sciences, Henan Normal University, Xinxiang 453007, China.",Journal of biomedical informatics,2026-06-05,10.1016/j.jbi.2026.105066,4.8,"visualization(abstract); visual(abstract); data(kw,title,abstract)",Risk Prediction; Electronic Medical Records; Data Heterogeneity; Acutekidneyinjury; Clustering-basedlearning; Federated Causallearning
42228677,Visual loss after silicone oil removal - Analysis of a German cohort.,"<h4>Introduction</h4>Silicone oil (SO) has been used in ophthalmic surgery for many years as a long-acting endotamponade. However, its use remains a subject of ongoing debate due to potential complications, including emulsification and retinal toxicity. A further concern described by surgeons is the unexplained functional deterioration associated with SO removal. Recent analyses suggest that this SO-associated impairment in visual acuity is an underrecognized problem and may have been insufficiently investigated to date. The present study aims to evaluate visual outcomes after SO 7 removal in eyes that had previously undergone SO tamponade for rhegmatogenous retinal 8 detachment and to identify factors associated with postoperative visual deterioration.<h4>Methods</h4>Retrospective single-center longitudinal study at the Department of Ophthalmology, University of Bonn, Germany. Patients who underwent SO (Siluron®; Fluoron, Ulm, Germany) removal in our department within a period of 1.5 years (07/2022 - 12/2023) with a follow-up of at least 6 months were included. Demographic data, clinical course and visual acuity development of these patients were analyzed. In addition, intraocular pressure (IOP), type of silicone oil, optical coherence tomography (OCT) and surgical parameters including duration of the SO tamponade were recorded. The analysis was conducted using a logistic regression model with a binomial link function to estimate the risk of visual loss after SO removal, complemented by predictive modeling and visualization of key predictors' effects on outcome probabilities.<h4>Results</h4>A total of 255 SO removals were performed during the review period. The most common reason for SO removal was retinal detachment surgery, accounting for 160 cases (62.7 %). Of these, 88 eyes met the inclusion criteria and were included in the analysis. 63 (72.5 %) were male. The median age at SO removal was 64 years (20-91 years). Macular involvement was present in 38.5 % of retinal detachments. Logistic regression analysis indicated that a greater macular volume of the foveal area >0.23 mm³ during SO endotamponade was significantly associated with a lower risk of visual loss. Further, a higher IOP reduction following surgery was also a significant factor associated with a lower risk of visual deterioration.<h4>Conclusion</h4>Visual loss following SO removal remains an underrecognized and insufficiently studied complication. In this cohort, lower foveal macular volume during SO removal and a smaller postoperative decrease in IOP were the only variables signficantly associated with visual deterioration after SO removal.",Meinke J; Liegl C; Aretz B; Holz FG; Liegl R,,Ophthalmologica. Journal international d'ophtalmologie. International journal of ophthalmology. Zeitschrift fur Augenheilkunde,2026-06-02,10.1159/000552793,4.6,"visualization(abstract); visual(title,abstract); data(abstract)",
42236996,Advancing equitable postpartum depression screening in a level-IV NICU: a quality improvement approach shaped by planned experimentation.,"<h4>Background</h4>Given the incidence and impact of postpartum depression (PPD) on families in the NICU, we aimed to increase the percentage of birthing parents screened for PPD from 0 to 90% over 18-months and provide psychosocial support.<h4>Methods</h4>Planned experimentation was used to design an effective screening framework in a level IV NICU. Interventions included process standardization, electronic health record (EHR) support, and data visualization for feedback. Data were displayed on a control chart and stratified for race and language to ensure equitable delivery.<h4>Results</h4>Provider screening utilizing the PHQ-2 proved the most reliable screening framework in our context. Screening rates increased to a mean of 75%, with 90% of positive screens referred to a unit psychologist; rates were comparable across stratified groups.<h4>Conclusion</h4>Successful implementation of PPD screening in tertiary NICUs requires planning to ensure efficient and equitable processes and adequate psychosocial support.",Schweinhart S; Milligan CN; Evans S; Singh T; Fischer H,"University of Louisville affiliated with Norton Children's Hospital, Louisville, KY, USA. Shelbye.schweinhart.1@louisville.edu.",Journal of perinatology : official journal of the California Perinatal Association,2026-06-03,10.1038/s41372-026-02741-7,4.5,visualization(abstract); visual(abstract); data(abstract); electronic health record(abstract),
42228190,Investigation of a GPC1-targeted and LIFU-responsive nanoplatform with ADV effect for visualized chemo-sonodynamic therapy against pancreatic ductal adenocarcinoma.,"<h4>Background</h4>Pancreatic ductal adenocarcinoma (PDAC) remains one of the most lethal malignancies. Regardless of surgical resection, chemotherapy acts as the first-line treatment for PDAC. However, the clinical outcomes are severely compromised by insufficient tumour-specific targeting, chemoresistance, and systemic toxicity. Thus, new synergistic therapeutic strategies are urgently needed to improve therapeutic efficacy of PDAC.<h4>Purpose</h4>This study developed a glypican-1 (GPC1)-targeted and low-intensity focused ultrasound (LIFU)-responsive nanoplatform for visualized treatment against PDAC.<h4>Methods</h4>This nanoplatform, termed GCPIP, integrated glypican-1-antibody (GPC1-Ab)-guided tumour-specific targeting, perfluoropentane (PFP)-driven acoustic imaging, ultrasound targeted nanobubble destruction (UTND)-triggered drug release, paclitaxel (PTX)-mediated chemotherapy and sonosensitizer-assisted sonodynamic therapy (SDT).<h4>Results</h4>GCPIP exhibited favourable physicochemical properties as a delivery system, showing excellent stability, responsive drug release behaviour, and robust ROS-generating capacity. In vitro studies revealed that GCPIP exhibited outstading tumour-targeting capability and potent inhibitory activity against PDAC tumour cells. Near-infrared fluorescence (NIRF) imaging in vivo demonstrated that GCPIP displayed a biodistribution profile broadly consistent with typical metabolic fate of nanoparticles, enabling preferential intratumoural accumulation. Leveraging acoustic droplet vaporization (ADV) effect of PFP, ultrasound (US) imaging further allowed real-time visualization of the uptake and spatial distribution of GCPIP within the tumour. Importantly, GCPIP elicited a pronounced synergistic antitumour effect upon LIFU, as evidenced by substantial inhibition in both tumour volume and tumour weight. Additionally, GCPIP exhibited favourable biosafety in vivo.<h4>Conclusion</h4>GCPIP successfully achieved US imaging, tumour-specific drug delivery, spatiotemporally controlled drug release, and amplified chemo-sonodynamic therapy, providing a promising strategy to overcome chemoresistance of PDAC and reduce systemic toxicity.",Ren B; Quan G; Li H; Ye L; Xie X; Yu J; Xu J; Li J; Wong C,"Department of Ultrasound, Affiliated Hospital of North Sichuan Medical College, Nanchong, 637000, Sichuan, China.",Journal of cancer research and clinical oncology,2026-06-01,10.1007/s00432-026-06518-5,4.1,"visualization(abstract); visual(title,abstract)",Pancreatic Ductal Adenocarcinoma; Sonodynamic Therapy; Low-intensity Focused Ultrasound; Ultrasound Targeted Nanobubble Destruction
42251153,Deep learning-based automated classification of endometrial lesions in IVF patients using hysteroscopic images.,"Endometrial health is a key determinant of female fertility and successful pregnancy outcomes, making the accurate diagnosis of endometrial lesions essential for the success of assisted reproductive technology. While hysteroscopy remains the gold standard for uterine cavity evaluation, interpretation can vary based on clinical expertise. To address this, we developed a deep learning-based clinical decision support system to classify hysteroscopic images from high-resolution (4 K) videos into three categories: normal endometrium, endometrial polyps, and endometritis. Endometritis cases were classified based on hysteroscopic features suggestive of inflammation; no histopathological confirmation was obtained. Utilizing a dataset of 1500 expert-annotated images from 200 clinical videos, we applied transfer learning across four architectures: VGG-16, VGG-19, DenseNet-121, and EfficientNet-B0. Our results show that the models achieved classification accuracies between 85 and 89%, with DenseNet-121 demonstrating superior performance, specifically achieving a sensitivity of 93% and an AUC of 98.8% for polyp detection, alongside a precision of 90% for endometritis. Furthermore, Grad-CAM visualization confirmed that the networks focused on clinically relevant morphological features, enhancing model interpretability. These findings suggest that deep learning may serve as a supportive tool to assist clinicians in hysteroscopic analysis, pending validation on external datasets and with pathologically confirmed labels.",Barakat M; Massoud R; Alhalabi M,"Department of Biomedical Engineering, Faculty of Mechanical and Electrical Engineering, Damascus University, Damascus, Syrian Arab Republic. marah123.barakat@damascusuniversity.edu.sy.",Scientific reports,2026-06-06,10.1038/s41598-026-57032-0,4.0,visualization(abstract); visual(abstract); clinical decision support(abstract); data(abstract),In vitro fertilization (IVF); Hysteroscopy; Endometritis; Endometrial Polyps; Transfer Learning; Grad-cam
42241934,Rural Airborne PM&lt;sub&gt;2.5&lt;/sub&gt;-bound Microplastics and Heavy Metals: GIS-AI Risk Assessment Review.,"Fine particulate matter (PM<sub>2.5</sub>) is a critical air pollutant and carrier of toxic co-contaminants, including microplastics (MPs) and heavy metals (HMs), posing severe human health risks. Rural exposure studies lag behind urban ones. This review systematically evaluates the sources, spatial and temporal patterns, analytical methods, and health risks of PM<sub>2.5</sub>-bound MP and HM across 110 articles (2008-2025) retrieved from the Web of Science database. The bibliometric analysis performed in the VoS viewer revealed sharp growth in publications post-2018, peaking in 2024. Major contributors are China (38.12%), the United States (15.45%), and India (10%), with the Chinese Academy of Sciences being the most productive institution. The keyword network identified HM, PM<sub>2.5</sub>, and MP as the dominant research themes. Rural concentrations of these PM<sub>2.5</sub>-bound contaminants vary widely due to seasonal factors, biomass burning, agriculture, and long-range transport. Although urban levels are often higher, rural risks may be equal to or exceed health risks observed in urban areas due to prolonged exposure and occupational hazards. Inhalation is identified as the primary exposure pathway, followed by ingestion and dermal contact. Health risks are commonly assessed using United States Environmental Protection Agency (USEPA) based cancer and non-cancer risk metrics, while Fourier Transform Infrared (FTIR), Raman spectroscopy, Scanning Electron Microscopy with Energy-Dispersive X-ray Spectroscopy (SEM-EDS), and Inductively Coupled Plasma Mass Spectrometry (ICP-MS) remain the most widely applied analytical techniques. Existing studies exhibit considerable methodological inconsistency, limited integration of toxicology, and minimal use of Geographic Information Systems (GIS) and artificial intelligence (AI). The integration of GIS and AI approaches offers significant potential to improve source identification, spatial visualization and quantitative mapping, hotspot analysis, and predictive modeling, particularly in under-studied rural regions. These findings support the World Health Organization air quality guidelines and Sustainable Development Goals 3, 7, and 11.",Ashlin A; Gautam S; Kumar RP; Ho CH,"Karunya Institute of Technology and Sciences, Coimbatore, 641114, Tamil Nadu, India.",The Science of the total environment,2026-06-04,10.1016/j.scitotenv.2026.181928,4.0,visualization(abstract); visual(abstract); artificial intelligence(abstract); data(abstract),GIS; Heavy metals (HMs); Health Risk Assessment; Pm(2.5); Microplastics (Mps)
42236921,Dual swin transformer for assisting in the diagnosis and surgical prediction of necrotizing enterocolitis.,"<h4>Background</h4>The diagnosis and surgical prediction of necrotizing enterocolitis (NEC) remain challenging. Our goal is to develop an interpretable multimodal artificial intelligence model to assist these key clinical decisions.<h4>Methods</h4>This retrospective study included 484 neonates (242 with NEC, 242 without NEC). We developed a dual Swin Transformer integrating abdominal X-rays (2D branch) and laboratory parameters (1D branch) via late fusion. The model was refined using an external data domain adaptation strategy (n = 50) and evaluated on independent internal and external test sets. The interpretability of the model was evaluated by Grad-CAM and SHAP.<h4>Results</h4>The optimized multimodal model showed high performance on the internal test set, achieving AUCs of 0.915 for NEC diagnosis and 0.920 for surgical prediction. On the independent external test set, it achieved AUCs of 0.903 (diagnosis) and 0.894 (surgical prediction), significantly outperforming baseline models. Interpretability analyses highlighted clinically relevant features, including intestinal pneumatosis and specific inflammatory markers (such as C-reactive protein) as key predictive factors.<h4>Conclusions</h4>The dual Swin Transformer provides an accurate, interpretable, and adaptable multimodal tool that integrates radiographic and laboratory data to support NEC diagnosis and personalized surgical decision-making.<h4>Impact</h4>This study developed a dual Swin Transformer, which integrates abdominal X-rays and laboratory data to provide a robust multimodal framework for the diagnosis and surgical prediction of necrotizing enterocolitis. By implementing an external data domain adaptation strategy, the study contributes to overcoming the key challenge of clinical heterogeneity and temporal variability in NEC cohorts. Using Grad-CAM and SHAP visualization to identify specific predictive characteristics improves model transparency and clinician trust. These findings provide an explainable and adaptable AI tool to support evidence-based and personalized clinical decision-making in neonatal intensive care.",Wang C; Jin J; Cai L; Jiang W; Shu Q; Lai D,"Heart Center, Children's Hospital, Zhejiang University School of Medicine, National Clinical Research Center for Children and Adolescents' Health and Diseases, Hangzhou, 310000, China.",Pediatric research,2026-06-03,10.1038/s41390-026-05145-7,4.0,visualization(abstract); visual(abstract); artificial intelligence(abstract); data(abstract),
42248565,Hyperspectral Imaging for Breast-Conserving Surgery Margin Assessment: A Systematic Review.,"<h4>Context.—</h4>Breast-conserving surgery (BCS) offers comparable overall survival rates to mastectomy. However, 14% to 37% of cases require re-excision owing to tumor-positive margins after BCS. Hyperspectral imaging (HSI) provides rapid, real-time, thorough margin assessment, reducing the burden of re-excisions.<h4>Objective.—</h4>To systematically review studies published up to January 2026 investigating HSI or multispectral imaging for breast cancer margin assessment.<h4>Data sources.—</h4>Twenty-four primary studies involving HSI or multispectral imaging of fresh lumpectomy specimens or histologic slides in breast cancer were included, focusing on reporting methodology, imaging setup, machine learning models, diagnostic performance, and comparisons to standard techniques. Key data on sample types, imaging acquisition (spectral range, modality), preprocessing, algorithms (conventional classifiers and deep learning), validation methods, and diagnostic accuracy (sensitivity, specificity, and area under the receiver operating characteristic curve [AUC]) were extracted.<h4>Conclusions.—</h4>HSI consistently differentiated malignant from normal breast tissue across studies. In ex vivo lumpectomy specimens, HSI classifiers achieved sensitivity of 83% to 96% and specificity of 72% to 96% for margin-level detection, with AUC approximating 0.9. Machine learning ranged from linear discriminant analysis and support vector machines to convolutional neural networks and clustering algorithms, leveraging visible spectrum to near-infrared spectral range. HSI was integrated into simulated surgical workflows, imaging a lumpectomy surface within ∼10 minutes and providing automated margin maps in 3 minutes. Bulky hardware, calibration requirements, reduced spectral resolution, and regulatory approval remain major challenges to clinical adoption. No HSI devices have regulatory approval for intraoperative margin assessment in BCS. HSI enables whole-surface visualization of tumor margins. Translating HSI requires multidisciplinary efforts and prospective multisite trials.",Kumari K; Singh L; Pandey R; Rathore R; Iyer VK; Mathur SR,,Archives of pathology & laboratory medicine,2026-06-05,10.5858/arpa.2025-0627-ra,4.0,visualization(abstract); visual(abstract); machine learning(abstract); data(abstract),
42224228,Introducing the Dutch Quality Registry for Acute Internal Medicine (DRAIM): Method of development and opportunities of use from a single-centre pilot study.,"<h4>Background</h4>The Dutch Quality Registry for Acute Internal Medicine (DRAIM) aims to evaluate and improve the quality of care for internal medicine patients presenting in the Dutch acute care chain. Using an online dashboard, comprising organizational, process, and patient characteristics, DRAIM provides insight into local institutional characteristics and enables comparisons with a benchmark. The aim is to identify potential bottlenecks, develop of interventions to optimize acute care and to create a learning environment.<h4>Methods</h4>DRAIM is a multicenter quality registry. However, this study reports findings from a single-centre pilot conducted in one teaching hospital. Data for this cohort was collected from November 2019 to June 2023, including patients presenting in the Emergency Department (ED) for internal medicine. Data was extracted from the Electronic Health Record, including patient and organizational characteristics, such as presenting complaint, and process- and outcome measures, such as length of stay in the ED (LOS-ED).<h4>Results</h4>A total of 6,071 patients aged ≥65 years were included. Older adults were more likely to experience adverse outcomes, including longer LOS-ED, increased hospital admissions, extended hospital stays, and higher in-hospital mortality rates. Additionally, 2.366 patients (46.6%) presented with general malaise. Compared to patients with other presenting complaints, those with general malaise had longer LOS-ED and higher hospital admission rates. These findings prompted the development and implementation of a standardized care-pathway for patients with non-specific complaints in the ED.<h4>Conclusion</h4>This single-centre pilot demonstrates the potential of DRAIM to provide valuable insights into acute-care processes and identify bottlenecks in patient flow. While findings cannot yet be generalised nationally, they highlight important trends, such as the vulnerability of older patients and those presenting with non-specific complaints. Future use of DRAIM for multicentre studies will validate these observations and facilitate the evaluation and improvement of the Dutch acute-care network.",van der Velde MGAM; Mols EM; Alsma J; Nanayakkara PWB; Haak HR; Kremers MNT; ,"Department of Internal Medicine, Máxima MC, Veldhoven/Eindhoven, the Netherlands.",PloS one,2026-06-01,10.1371/journal.pone.0350110,3.5,dashboard(abstract); data(abstract); electronic health record(abstract),
42234803,Mapping the scholarly landscape of Saudi Arabia-related folk medicine: a bibliometric study.,"Folk medicine remains an important component of health practices in Saudi Arabia and continues to attract growing scholarly attention. This study maps the scholarly landscape of folk medicine research related to Saudi Arabia by examining publication trends, author keywords, collaboration among institutions and countries, and the impact of authors and sources. Publications were retrieved from the Scopus and Web of Science databases using Saudi Arabia as the country affiliation. After PRISMA-guided identification, screening, deduplication, and eligibility assessment, 2527 publications published between 1989 and 2024 were retained for analysis. Bibliometrix was used for bibliometric computation and visualization, and VOSviewer was used to map country co-authorship and keyword co-occurrence networks. The results show sustained growth in publication output, strong participation by Saudi institutions, and broad international collaboration. The most prominent research themes were antioxidant activity, antimicrobial properties, herbal medicine, and traditional medicine. These findings provide a bibliometric overview of knowledge production in this area and may inform future systematic, clinical, and policy-oriented research on traditional medicine in Saudi Arabia.",Ghoneim MM; Fahmy EK; Nael M; El-Sherbiny M; Al-Serwi RH; Hossain S; Elokely K; Ahmad N,"Department of Pharmacy Practice, College of Pharmacy, AlMaarefa University, Ad Diriyah, Riyadh, Saudi Arabia.",The Libyan journal of medicine,2026-06-03,10.1080/19932820.2026.2681841,3.0,visualization(abstract); visual(abstract); data(abstract),herbal medicine; Indigenous medicine; Traditional medicine; Folk Medicine; Ancestral Medicine; Cultural Healing Practices
42247690,Esophageal sonography: a review of the utility of ultrasound in clinical esophagology.,"<h4>Abstract</h4>The utility and availability of ultrasound (US) are increasing. While US has traditionally not been performed on the esophagus, as the entire length of the esophagus cannot be optimally viewed, it does allow for visualization of the cervical and intraabdominal esophagus. There is growing evidence that esophageal US can be useful in clinical esophagology. This review summarizes the current knowledge concerning esophageal US in various esophageal disorders. Studies of achalasia patients have shown that US can distinguish patients with achalasia from health controls and esophagogastric cancer patients. US may be helpful as a screening test for esophageal varices in cirrhotic patients as esophageal wall thickness has been shown to correlate with the presence of varices. US has also been shown to identify the presence of esophageal foreign bodies in case reports in both the adult and pediatric population. In infants, numerous studies have shown its utility in diagnosing GERD and its correlation with pH study results, although the data in adults is less convincing. Taken together, these results suggest that there is a role for US-a non-invasive, cost-effective, and widely-available test-in evaluating esophageal disorders. Despite these promising results, it does not appear that esophageal US is frequently used in clinical practice. Barriers to its implementation, including the availability of US and the training required, are discussed, along with the lack of standardized US protocols, equipment, and normal values. Future high-quality studies on the utility of US in esophageal disorders are warranted and will accelerate the implementation of this promising technology.",Cohen DL; Wandel A; Khashper A; Shirin H; Richter V,"The Gonczarowski Family Institute of Gastroenterology and Liver Diseases, Shamir Medical Center, Zerifin, Israel.",Clinical and translational gastroenterology,2026-06-05,10.14309/ctg.0000000000001048,3.0,visualization(abstract); visual(abstract); data(abstract),Esophagus; Ultrasonography; Achalasia; Esophageal Varices; Esophageal Foreign Bodies
42251177,Spatial analysis of cross-boundary hospitalizations of very low birth weight infants in Japan.,"<h4>Background</h4>Very low birth weight (VLBW) infants require prompt access to intensive care for survival and optimal outcomes. While Japan manages healthcare through 335 Secondary Medical Areas (SMAs) across 47 prefectures, cross-boundary patient flow remains poorly characterized. We evaluated spatial patterns of admission of VLBW infants within Japan's perinatal system, hypothesizing that cross-boundary hospitalizations follow distinct patterns reflecting structural reliance on external resources.<h4>Methods</h4>We conducted a retrospective, population-based study using nationwide administrative claims data for VLBW infants born between 2021 and 2023. Spatial indicators, including the localization index and outflow balance, were analyzed alongside travel distances to characterize cross-boundary patient flow and travel burden.<h4>Results</h4>Among 12,093 infants, 56% were admitted within their SMA and 92% within their prefecture. Spatial analysis identified distinct regional patterns: SMAs with Comprehensive Perinatal Medical Centers showed high localization indices and inflow, whereas outflow hotspots surrounding Tokyo were identified in populous SMAs without any such centers. Furthermore, northern prefectures exhibited clusters of longer cross-SMA travel distances.<h4>Conclusion</h4>Geographical variation in hospitalization revealed structural reliance on external resources and regional inequities in access. Integrating spatial context into perinatal planning provides a fundamental basis for ensuring adequate capacity, thereby fostering a resilient, equitable neonatal care system.<h4>Impact</h4>Nationwide spatial analysis revealed distinct patterns of cross-boundary hospitalization among very low birth weight infants in Japan, reflecting a structural reliance on external regional resources. This study provides the first population-based visualization of regionalized care reliance, shifting the analytical focus from individual facility performance to system-wide patient flow indicators. The identification of specific regional vulnerabilities-metropolitan resource gaps and northern travel burdens-demonstrates the critical need to integrate spatial context into perinatal healthcare planning.",Yoneda K; Shinjo D; Fushimi K,"Department of Health Policy and Informatics, Graduate School of Medical and Dental Sciences, Institute of Science Tokyo, Tokyo, Japan.",Pediatric research,2026-06-06,10.1038/s41390-026-05169-z,3.0,visualization(abstract); visual(abstract); data(abstract),
41565357,Superiority of Ferumoxytol MRI Over Precontrast Imaging in Patients with Malignant Brain Lesions.,"<h4>Background and purpose</h4>Patients with suspected brain tumors typically undergo an MRI with an IV contrast agent to detect regions of disrupted BBB caused by the tumor. Gadolinium-based contrast agents are standard for enhancing lesion visualization but may be contraindicated in patients with renal insufficiency. Ferumoxytol is an iron oxide nanoparticle approved for the treatment of iron deficiency anemia, and unlike gadolinium-based contrast agents, is not contraindicated in patients with renal impairment. Our study aimed to evaluate whether ferumoxytol-enhanced MRI is superior to precontrast imaging for structural delineation of intra-axial malignant brain lesions.<h4>Materials and methods</h4>This was a prospective, blinded reread study of MR images from patients with known or suspected intra-axial primary malignant or metastatic brain tumors, enrolled in an Institutional Review Board-approved research study, to support an FDA New Drug Application. Following FDA guidance, 3 independent neuroradiologist readers, blinded to contrast agent information, evaluated brain lesions of randomly ordered ferumoxytol-enhanced, gadolinium-enhanced, or precontrast images in separate reading sessions organized by an independent contract research organization. The 3 primary end points were the degree of contrast enhancement (CE), border delineation (BD), and the internal morphology (IM) of lesions, assessed using a 4-point visualization scale (1 = none/poor; 4 = excellent).<h4>Results</h4>In total, 153 patients were enrolled in the study (median age, 54 years; 57% men; 92% white). All 3 readers scored ferumoxytol-enhanced MR images significantly higher than the precontrast images for visualizing lesions (<i>P</i> < .001 for each primary end point). Average mean scores across readers for ferumoxytol-enhanced images were 2.8 for CE, 3.0 for BD, and 2.6 for IM, compared with 1.0, 2.1, and 1.7, respectively, for the precontrast images (<i>P</i> < .001 for all). Safety data indicated that ferumoxytol administration was well-tolerated with adverse events consistent with its profile as an iron-replacement therapy.<h4>Conclusions</h4>This study provides robust evidence that ferumoxytol-enhanced MRI improves lesion visualization compared with precontrast imaging. Ferumoxytol, as an MRI contrast agent in brain tumor imaging, may provide a valuable clinical alternative to gadolinium-based contrast agents in appropriate patient groups.",Strauss WE; Fu R; Szidonya LK; Muir L; Huddleston AM; Branton DN; Neuwelt EA,"From an independent consultancy (W.E.S.), Portland, Oregon williamestrauss@gmail.com.",AJNR. American journal of neuroradiology,2026-06-04,10.3174/ajnr.a9172,3.0,visualization(abstract); visual(abstract); data(abstract),
42228932,"Opportunities and Concerns of Gamified, Extended Reality for Home-Based Motor Rehabilitation for Children With Brain Injury: Qualitative Case Study on Design Elements Related to the Engagement and Fatigue Perspectives.","<h4>Background</h4>Acquired brain injuries are injuries that occur after birth and are a leading cause of long-term disability and death in children and young adults. They may result from trauma, hypoxia, stroke, infection, or a variety of other causes. Fatigue is one of the most common and underrecognized consequences of pediatric acquired brain injury, often expressed behaviorally rather than verbally. Traditional rehabilitation programs are frequently static and cognitively demanding, limiting engagement and therapeutic outcomes. Extended reality (XR) technologies offer new opportunities to address these challenges by enabling interactive, adaptive, and motivating home therapy environments. However, few XR systems are co-developed with children and therapists, and there is limited knowledge about how to co-design engaging, gamified, XR-based motor rehabilitation solutions that take into account children's fatigue.<h4>Objective</h4>This study explores why specific gamification and XR design elements facilitate or hinder engagement and effective fatigue response during rehabilitation for children with acquired brain injuries.<h4>Methods</h4>A qualitative case study approach was employed with a total of 25 participants (22 provided consent), combining co-design workshops, interviews with health care professionals, observational data, and iterative user testing with children ages 8-16, their parents, and the clinical team. Participants who provided consent included 4 children with acquired brain injury (ages 8-16), 4 parents, 4 clinicians, and 10 healthy children involved in early ideation only. The XR prototype was developed using Unity, Cognitive3D, and the Meta Quest 3 headset. Engagement and fatigue related to prototype use were evaluated using subjective measures adapted from the User Engagement Scale and the Virtual and Mixed Reality Fatigue Scale, supplemented by thematic analysis of interview and workshop data.<h4>Results</h4>Children demonstrated higher engagement with short, modular XR sessions (3-10 minutes) that included interactive game elements and preserved visibility of their surroundings. Fatigue was identified through behavioral cues such as gaze, posture, and responsiveness. Therapists emphasized the importance of adaptive difficulty, personalization, and simplified environments. A therapist-facing dashboard was developed to visualize behavioral fatigue-related cues, consistent with clinician observation.<h4>Conclusions</h4>This qualitative case study provides preliminary insights into how XR-based rehabilitation, when co-designed with children and clinicians, may support engagement and facilitate observation of fatigue-related behaviors in pediatric brain injury contexts. The findings provide design-oriented insights for creating engaging XR home-rehabilitation experiences while accounting for fatigue-related limitations (eg, short, modular sessions; visual grounding; adaptable challenge). The results of our study indicate a need for objective fatigue measurement within XR solutions to adjust content in ways that support both engagement and fatigue considerations. However, fatigue detection was not validated in this study and should be addressed in future research.",Kolstad E; Pavel N; Cartajenas AKS; Saidi T; Hurum Rosseland IK; Bergheim Å; Synnøve Mørk N; Granum Selmer-Olsen K; Gazerani P; Shorey S; Pikkarainen M,"Department of Product Design, Technology Art and Design, Oslomet - Oslo Metropolitan University, Oslo, Oslo, Norway.",Journal of medical Internet research,2026-06-02,10.2196/84013,3.0,dashboard(abstract); visual(abstract); data(abstract),Brain injury; Rehabilitation; Fatigue; Engagement; Extended Reality
42247543,A Holistic Eating Monitoring System Enabled by Textile Strain Sensors and Hierarchical Network.,"Wearable sensors have prompted human dynamic monitoring by quantifying physiological and biomechanical signals in daily life. However, existing approaches lack an integrated solution that supports continuous and fine-grained measurement during eating behavior. In this work, we propose a holistic eating behavior monitoring system that combines graphene-based textile strain sensors with a hierarchical deep learning framework. The proposed wearable sensor enables simultaneous and comfort able acquisition of throat and jaw deformation signals, while the hierarchical network jointly models eating-related activities and biomechanical attributes from raw strain data. Furthermore, model visualization analyses, including activation maps and event mask dynamics, reveal clear correspondence with underlying physiological processes, supporting the explainability of the proposed framework. To facilitate user interpretation and behavioral insight, a large language model coaching module converts the extracted biomechanical indicators into personalized natural language feedback. This holistic sensing and learning system establishes a foundation for personalized healthy dietary guidance, enabling dynamic monitoring for digestive health, metabolic regulation, and nutrition management.",Jin L; Tang C; Yi W; Zhang Z; Xu M; Zhao H; Liao WH; Occhipinti LG,,IEEE transactions on bio-medical engineering,2026-06-05,10.1109/tbme.2026.3701048,3.0,visualization(abstract); visual(abstract); data(abstract),
42241612,Global Research Trends in Community Psychiatry: A Bibliometric Analysis (2015-2025).,"<b>Abstract</b>.<b>Objective:</b> Community psychiatry, recognized as the ""third psychiatry revolution,"" plays a pivotal role in mental health care by offering deinstitutionalized, accessible, and recovery-based approaches that promote social inclusion. The objective of this study was to conduct a bibliometric analysis to evaluate global research in community psychiatry, aiming to examine publication trends and document types in the field; the most active authors, institutions, and journals; and the most-cited articles.<b>Methods:</b> A bibliometric analysis was conducted from 2015 to 2025 using data from the Scopus database. The search strategy included the keywords TITLE-ABS-KEY (""community psychiatry"") for publications between 2015 and 2025 (specifically up to October 10, 2025), limited to English-language publications. VOSviewer was utilized for visualization and analysis.<b>Results:</b> The analysis included 447 articles, predominantly original research. Publication volume showed a peak in 2020, potentially linked to the COVID-19 pandemic, while 2018 recorded the lowest output. Thematic analysis revealed a focus on community psychiatry's response to COVID-19, technological innovations, recovery-oriented models, and community engagement strategies. A notable limitation was the underrepresentation of research from non-Western countries.<b>Conclusion:</b> The findings underscore the growing importance of community psychiatry and can guide future research priorities and the development of more effective mental health care strategies.<i>Prim Care Companion CNS Disord</i> <i>2026;28(3):25m04107</i>.
            <i>Author affiliations are listed at the end of this article.</i>",Mangalamchery V; Ashfaq AM; Uvais NA,"Iqraa International Hospital and Research Centre, Kozhikode, Kerala, India.",The primary care companion for CNS disorders,2026-06-02,10.4088/pcc.25m04107,3.0,visualization(abstract); visual(abstract); data(abstract),
42241843,The association between physical activity and sleep quality in college students: A multiple mediation analysis based on physical activity enjoyment and negative emotions.,"<h4>Objective</h4>Sleep problems have become one of the most serious issues affecting the physical and mental health and the academic development of college students. This study aims to investigate the characteristics of physical activity, sleep quality, physical activity enjoyment, and negative emotions among college students, as well as the mechanism through which physical activity affects sleep quality.<h4>Methods</h4>Using a cross-sectional design, this study surveyed 1953 Chinese college students with the Physical Activity Rating Scale (PARS-3), the Depression-Anxiety-Stress Scale (DASS-21), the Physical Activity Enjoyment Scale (PACES), and the Pittsburgh Sleep Quality Index (PSQI). Data were analyzed using SPSS 28.0 and MATLAB for correlation and regression analyses, and AMOS 26.0 was used to establish and test the target model.<h4>Results</h4>Of the sample, 37.2% suffered from poor sleep quality, and 84.5% had low physical activity levels. Physical activity was positively correlated with physical activity enjoyment (r = 0.349, P < 0.01) and negatively correlated with sleep quality and negative emotions (r = -0.065, P < 0.01; r = -0.080, P < 0.01). Both physical activity enjoyment and negative emotions played significant mediating roles in the relationship between physical activity and sleep quality. These factors formed a multiple mediation model, which demonstrated a good fit after testing.<h4>Conclusion</h4>This study confirms that physical activity is associated with sleep quality through two distinct psychological pathways: physical activity enjoyment as an accumulation of psychological resources and reduced negative emotions as alleviation of sleep disorders. Physical activity may reshape individuals' emotion regulation and self-perception abilities through multi-level regulatory mechanisms involving physical, physiological, psychological, and neural processes, thereby creating a favorable psychological environment for sleep. Future interventions should focus on enhancing college students' physical activity enjoyment as a core strategy, complemented by grade-specific programs and visualization techniques. This may strengthen their motivation for physical activity and facilitate the accumulation of psychological resources, ultimately improving their mental health and sleep quality.",Xu J; Xu W; Li X; Hao Y; Luo B,"School of Sports Management and Communication, Capital University of Physical Education And Sports, Beijing, China.",Acta psychologica,2026-06-04,10.1016/j.actpsy.2026.107200,3.0,visualization(abstract); visual(abstract); data(abstract),Physical Activity; Sleep Quality; Negative Emotions; Physical Activity Enjoyment; Multiple Mediation
42224258,"Causes and trends of under-five mortality in the Gilgel Gibe Health and Demographic Surveillance System, 2005 to 2019, Southwest Ethiopia: Cohort study.","<h4>Background</h4>Irrespective of intensive global efforts to reduce under-five mortality, it remains a significant public health concern. Understanding the causes and trends of under-five mortality is essential for guiding targeted interventions, assessing the effectiveness of public health strategies, and monitoring changes in mortality over time. The health and demographic surveillance system is one of the preferred sources to study the cause of under-five mortality.<h4>Objective</h4>This study aims to analyse the causes and trends of under-five deaths in Southwest Ethiopia using Gilgel-Gibe Health and Demographic Surveillance System (GGHDSS) database.<h4>Methods</h4>GGHDSS is an open, dynamic cohort that was established in 2005. Fifteen years of mortality data and seven years of Verbal Autopsy (VA) data were extracted from the GGHDSS database for this study. The VA data are part of the fifteen year mortality dataset, in which causes of death were determined through the VA method. After extracting the data from MYSQL and OpenHDS, it was exported to Excel for further cleaning. Finally, the cleaned data were exported to R statistical software for analysis and visualization. Neonatal, infant, and under-five mortality trends were analysed and the proportion of cause specific deaths were identified from the VA data.<h4>Results</h4>Between 2005 and 2019, 28, 811 children, 13931 (48.35%) female and 14880 (51.65%) male, were born alive and registered in the GGHDSS, among which 1828 (6.34%) of them died before celebrating their fifth birthday. The overall under-five mortality rate was 63.4 (95% CIs; 60.6, 66.3) per 1000 live births while neonatal and infant mortality rates were 30(95% CIs; 28.1, 32) and 50.2 (95% CIs; 47.6, 52.7), respectively. The mortality rate during the surveillance years showed a declining trend among neonatal, infant, and overall under-five children, with average slopes of -2.49, -4.56, and -7.24, respectively. From 1070 under-five deaths captured by the VA method in GGHDSS during 2009-2016, 596 (55.7%) were male and 474 (44.30%) were female. The most common causes of neonatal death were birth asphyxia and perinatal respiratory disorders, bacterial sepsis, and prematurity including respiratory distress. In the post-neonatal period, the most common causes of death were acute lower respiratory infections (including pneumonia and acute bronchitis), intestinal infectious diseases including diarrheal diseases, and malaria. Severe malnutrition, intestinal infectious diseases, and acute lower respiratory infections were responsible for more than half of the deaths among children between 12 and 59 months of age.<h4>Conclusions</h4>Under-five mortality has shown a significant declining trend between 2005 and 2019 at the study setting. Birth asphyxia, neonatal infections, and prematurity were among the most common causes of neonatal deaths, whereas infectious diseases and malnutrition were the main causes of death beyond the neonatal period. Strengthening perinatal and neonatal care, improving prevention and management of childhood infections, and enhancing early nutritional interventions are needed to reduce under-five mortality.",Shiferaw D; Ali MS; Tessema F; Feyisa BR; Ashemo MY; Sisay AL; Abera M; Degfie TT; Alemayehu E; Fikru C; Kebede Y; Dadi LS,"Department of Epidemiology and Biostatistics, Jimma University, Jimma, Ethiopia.",PloS one,2026-06-01,10.1371/journal.pone.0349572,3.0,visualization(abstract); visual(abstract); data(abstract),
42248938,Tumor probability mapping of fluorescence intensity during image-guided surgery of head and neck cancer.,"Achieving negative surgical margins remains a critical determinant of local recurrence and survival in head and neck cancer (HNC) surgery. Current intraoperative margin assessment techniques, including frozen section analysis, suffer from sampling errors and procedural delays. Tumor-targeted fluorescence imaging offers real-time tumor visualization but lacks standardized quantitative approaches for clinical decision-making. We developed a Tumor Probability Mapping (TPM) framework using panitumumab-IRDye800 fluorescence imaging in 16 HNC patients. Ex vivo specimens and gross tissue sections were imaged using near-infrared fluorescence systems. A total of 5,442 regions of interest (ROIs) were manually distributed across fluorescence images of gross specimen sections validated by histopathology. Signal-to-background ratios (SBR) were calculated and used to train the following predictive models: generalized linear model fit standard logistic regression (MATLAB, glmfit), standard logistic regression (R, LOG), mixed-effects logistic regression (GLMER), and Bayesian mixed-effects regression (BRMS). Model performance was evaluated using receiver operating characteristic and area under the curve (ROC-AUC) analysis, sensitivity, specificity, along with beta-calibration and model fit. All models demonstrated excellent (> 90%) discriminative ability between tumor and normal tissue. The glmfit model, selected for clinical implementation, achieved 95.8% accuracy, 90.8% sensitivity, 98.8% specificity, and an AUC of 0.989 on test data. The final TPM algorithm provides real-time probability assessment of tumor presence based on fluorescence intensity quantified by histopathology validated historical data. TPM represents a significant advancement in fluorescence-guided surgery by converting qualitative fluorescence signals into quantitative probability assessments validated against histopathology. This approach provides surgeons with standardized, real-time tumor probability information that extends beyond qualitative assessments and/or binary threshold determinations, potentially improving surgical outcomes by enhancing margin assessment and reducing local recurrence rates.",Wodeyar AM; James S; Kasten BB; Knight ND; Gallegos CA; Mansur A; Barnhill J; Morlandt AB; Jeyarajan H; Thomas CM; Panuganti B; Sorace AG; Rosenthal EL; Warram JM,"Department of Otolaryngology, University of Alabama at Birmingham, Volker Hall G082, 1670 University Boulevard, AL, 35294, Birmingham, USA.",Scientific reports,2026-06-05,10.1038/s41598-026-56078-4,3.0,visualization(abstract); visual(abstract); data(abstract),Fluorescence-guided Surgery; Surgical Margins; Intraoperative Imaging; Predictive Analytics; Panitumumab-Irdye800; Tumor Probability Mapping
42233755,Flexible Intubation Scope versus Flexible Intubation Scope and Video Laryngoscopy Combination: A Prospective Randomized Clinical Trial.,"<h4>Background</h4>In patients with anticipated difficult airways, suboptimal airway management may increase perioperative morbidity and mortality. Combining video laryngoscopy (VL) with a flexible intubation scope (FIS) has been shown to enhance visualization and facilitate endotracheal tube passage in patients with known or anticipated difficult airways. To date, randomized evidence supporting this approach remains limited.<h4>Methods</h4>In this prospective, randomized trial, 135 adults with anticipated difficult airways undergoing elective surgery were randomized 1:1 to intubation with FIS alone or a combined technique using FIS with VL (FIS/VL). The primary end point was the composite rate of difficult endotracheal tube (ETT) placement, defined by one or more of the following: (1) first-attempt intubation time >60 seconds; (2) failure to intubate on the first attempt; or (3) provider assessment of the intubation process as difficult. Provider-rated ease of intubation was recorded immediately following the procedure by the anesthesiologist performing the intubation using a 5-point Likert scale. Scores of 1 (extremely easy), 2 (somewhat easy), and 3 (resistance to tube advancement) were classified as Not Difficult, whereas scores of 4 (difficult) and 5 (unsuccessful) were classified as Difficult/Unsuccessful. For analysis and reporting, the Likert-scale ratings were dichotomized into a binary outcome (Not Difficult vs Difficult/Unsuccessful). The secondary outcome was total intubation time.<h4>Results</h4>A total of 144 patients were screened and enrolled, and 135 patients were randomized. Of these, 66 patients were assigned to the FIS/VL arm and 69 patients to the FIS arm. Among the 135 randomized patients, 128 provided analyzable data for the composite primary end point. Overall, the first-pass success rate was 54/58 (93.1%) in the FIS/VL group versus 50/64 (78.1%) in the FIS group; P = .020. Intubation time greater than 60 seconds was similar between groups (33/66 [52.4%] in the FIS arm vs 24/61 [39.3%] in the FIS/VL arm; P = .145). Provider-rated ease of intubation considered difficult or unsuccessful occurred in 4/64 (6.1%) of FIS/VL compared to 13/67 (19.4%) of FIS cases (P = .025). Among the 128 evaluable patients (61 FIS/VL, 67 FIS), the composite primary end point- difficult ETT placement defined as (1) first-attempt intubation time >60 seconds, (2) failure on first attempt at intubation, or (3) provider-rated difficult intubation occurred in 28/61 (45.9%) of FIS/VL versus 40/67 (59.7%) of FIS cases [Risk difference (95% CI) = -0.14 (-0.31 to 0.03); P = .118].<h4>Conclusions</h4>In adults with anticipated difficult airways, adding VL to FIS did not significantly reduce the composite rate of difficult ETT placement, although it was associated with fewer repeat attempts and fewer provider-rated difficult/unsuccessful intubations. These findings support the clinical value of dual-visualization strategies to improve first-pass performance metrics, whereas larger trials are needed to determine their effect on composite difficulty end points.",Williams UU; Owusu-Agyemang P; Vu CN; Escobedo A; Hernandez M; Hagberg CA,"From the Department of Anesthesiology and Perioperative Medicine, The University of Texas MD Anderson Cancer Center, Houston, Texas.",Anesthesia and analgesia,2026-06-02,10.1213/ane.0000000000008133,3.0,visualization(abstract); visual(abstract); data(abstract),
42247667,Application of Focused Ultrasound in Alzheimer's Disease: A Bibliometric Analysis.,"<h4>Objective</h4>This study uses bibliometric analysis and knowledge mapping methods to systematically explore the emerging research frontiers and development trajectories of focused ultrasound (FUS) technology in the treatment of Alzheimer's disease (AD), and provides new clues and research directions for future research by exploring hotspots and new topics.<h4>Methods</h4>A comprehensive literature search was conducted through the Science Citation Index Expanded Core Collection (WoSCC) database to identify relevant articles and reviews published between January 2014 and 2025 on the application of FUS technology in AD. For data analysis and visualization, we used VOSviewer software, CiteSpace, and the R package ""bibliometrix"" to conduct rigorous bibliometric analysis and build knowledge domain maps.<h4>Results</h4>A total of 1531 papers involving 9220 contributors were identified between 2014 and 2025. The field demonstrated consistent growth (R2=0.9272), peaking in 2025 with 225 publications. China led in total output (475 papers), while the United States achieved the highest academic impact (12,965 citations, H-index: 56). The Chinese Academy of Sciences was the most prolific institution, whereas Harvard Medical School recorded the highest citation impact. The Journal of Alzheimer's Disease and Scientific Reports emerged as the leading publication venues, while Theranostics and Alzheimer's & Dementia provided high-prestige platforms. Tianfu Wang and Baiying Lei were the most productive authors, though Isabelle Aubert garnered the highest total citations. International collaboration analysis revealed a robust, multi-centric network anchored by the USA, China, Canada, and Italy. Co-citation analysis identified Leinenga G (2015) as the foundational study for ultrasound-mediated amyloid-beta clearance. Lipsman N (2018) marked a critical clinical inflection point, exhibiting a strong citation burst (17.3) that catalyzed a shift from preclinical models to human safety trials. Recent bursts extending into 2025 focus on multicenter clinical validation and long-term efficacy. Keywords analysis confirms that non-invasive blood-brain barrier (BBB) opening via microbubble-enhanced focused ultrasound (FUS) is the central research paradigm. Emerging frontiers have shifted from basic technical validation toward neuroinflammation, oxidative stress, tau pathology, and deep-learning-assisted diagnostics, reflecting an evolving focus on molecular mechanisms and precision neurosurgery.<h4>Conclusions</h4>Focused ultrasound technology has made significant progress in the field of Alzheimer's disease research and has become a research frontier with considerable therapeutic potential. With ongoing technological progress, the clinical translation of FUS is expected to bring new breakthroughs in AD treatment.",Yu J; Chen Y; Bai J; Zeng J; Zhao J; Fan Y,"School of Laboratory Medicine and Bioengineering, Hangzhou Medical College.",The Journal of craniofacial surgery,2026-06-05,10.1097/scs.0000000000012990,3.0,visualization(abstract); visual(abstract); data(abstract),Alzheimer’s disease; Citation Analysis; Focused ultrasound; Bibliometric Analysis
42231350,Toward a sustainable model for novice ultrasound training: mixed-methods analysis of student portfolios and objective outcomes in Korean Medicine.,"<h4>Background</h4>Ultrasound is an essential educational tool for anatomy, physiology, diagnosis, and procedure in medical education. Various educational cases have been reported to date, yet novice experiences in non-traditional, resource-constrained contexts remain underexplored. This study explores Korean Medicine (KM) students' perceptions of introductory ultrasound education, learning experiences, and the process of learning transfer.<h4>Methods</h4>We analysed students' learning portfolios from an introductory musculoskeletal ultrasound training program for KM students. Quantitative data included self-assessment of goal achievement, pre- and post-training self-efficacy, self-directed learning indicators, and objective structured clinical examination (OSCE) scores. Qualitative data comprised reflective narratives that were analysed using framework analysis and subsequently interpreted alongside quantitative data.<h4>Results</h4>Qualitative analysis identified four themes: ""perceptions of the learning environment,"" ""challenges and insights during training,"" ""assessment and further learning,"" and ""application and transfer."" Correlation and multiple regression analyses showed that self-assessment, self-efficacy change, and self-video activity were not significantly associated with OSCE performance. Students valued instructor's supportive guidance and portable ultrasound practicality in the learning environment. Ultrasound skill acquisition enhanced equipment operation, probe proficiency, anatomical recognition, and diagnostic competency, leading students to reappraise ultrasound as ""a real-time anatomical visualization and safe acupuncture guidance tool."" Students' self-efficacy increased significantly after training (p < .001), primarily due to perceived improvements in performance speed and accuracy and greater confidence in procedural performance. Students' plans for further learning varied, from short-term practice to future certification acquisition. In terms of 'application and transfer,' they identified clinical barriers including insurance ineligibility, high equipment costs, and the limitations of portable devices.<h4>Conclusions</h4>Musculoskeletal ultrasound training integrated into the KM curriculum may enhance students' self-efficacy and support the integration of anatomical knowledge with clinical application. Although no significant quantitative predictors of OSCE performance were identified, the findings suggest important pedagogical implications regarding novice students' cognitive load, self-assessment difficulties, and the potential role of structured feedback and longitudinal educational support in ultrasound learning. Future KM ultrasound education may benefit from more longitudinal and educationally integrated approaches that support the development and sustained application of ultrasound competency in resource-sensitive educational contexts.",Park H; Han Y; Cho E,"Department of Korean Medicine, College of Korean Medicine, Wonkwang University, Iksan, Republic of Korea.",BMC medical education,2026-06-03,10.1186/s12909-026-09583-z,3.0,visualization(abstract); visual(abstract); data(abstract),ultrasound; Portfolio; Competency-based Education; Korean Medicine; Mixed-methods Study
42225513,Maximizing diagnostic yield: A systematic review and deep dive into PSMA PET scan protocol variations for prostate cancer.,"Prostate-specific membrane antigen (PSMA) PET has become a highly accurate imaging modality for prostate cancer (PCa), demonstrating superior diagnostic performance. However, substantial variability exists in imaging protocols beyond standard time-point acquisition, and the clinical value of these variations remains unclear. The aim of this study is to systematically review and compare PSMA PET protocols in PCa patients, focusing on detection rates and potential advantages, using extracted data from published studies. A systematic review was conducted in PubMed and Scopus through August 2025 for studies evaluating various PSMA PET protocols, including early, delayed, diuretic-aided, and hybrid/multiphasic imaging. Eligible studies included original research comparing these approaches with standard imaging. Ninety-seven studies (n = 8,428 patients) were included. Early imaging improved visualization of prostate bed and peri‑bladder lesions, increasing detection of local recurrence by 9-12% and enhancing tumor-to-background ratios up to fourfold, particularly in biochemical recurrence (BCR) with low PSA levels. Late imaging (2-4 h post-injection) consistently increased lesion contrast, detected additional lesions (up to 38.5%), and altered staging in up to 66.7% of cases, especially in equivocal or low-PSA settings. Diuretic-aided protocols reduced urinary artifacts, improved diagnostic confidence (63% to 91%), and revealed previously obscured lesions. Hybrid and multiphasic protocols demonstrated incremental gains in sensitivity and specificity, particularly in selected BCR populations, though benefits were context-dependent. Additional PSMA PET acquisitions provide complementary, scenario-specific diagnostic advantages but yield modest overall incremental benefit. Their judicious use, particularly in low-PSA BCR, equivocal findings, and pelvic disease, is recommended.",Sadeghpour S; Saidi B; Sahafi P; Maleki F; Ranjbar S; Ghorbani M; Ghadiri Hakim H; Aghaee A; Fanti S; Beheshti M; Askari E,"Nuclear Medicine Research Center, Mashhad University of Medical Sciences, Mashhad, Iran. Electronic address: ssadeghpour007@gmail.com.",Seminars in nuclear medicine,2026-06-02,10.1053/j.semnuclmed.2026.05.005,3.0,visualization(abstract); visual(abstract); data(abstract),prostate cancer; Early Imaging; Late Imaging; Lasix-aided Imaging; Prostate-specific Membrane Antigen Pet Scan; Standard Acquisition
42241833,"Diagnostic Outcomes of Robotic Bronchoscopy in a Multidisciplinary, Multi-Hospital Lung Nodule Program.","<h4>Introduction</h4>In many centers, robotic bronchoscopy has become the standard approach for diagnosis of lung lesions. Smaller series have demonstrated improvements in diagnostic accuracy. The aim of our study was to assess the diagnostic accuracy of robotic bronchoscopy across multiple users in multiple hospitals within a single health system with the largest patient cohort in the literature to date.<h4>Methods</h4>All patients with a suspicious intraparenchymal lung lesion that was biopsied using the Monarch robotic bronchoscope by a pulmonologist or thoracic surgeon at a multi-site, academic institution from August 2018 to April 2023 were included. Data were collected prospectively, and patients were followed postprocedure from at least 1 and up to 5 y. Diagnostic accuracy was determined by comparing Monarch-acquired samples to final known pathology. True negative (benign) diagnoses were confirmed with either resolution or stability on computed tomography scan at one-year post-procedure.<h4>Results</h4>Over the five-year period, 1084 lesions were biopsied via robotic bronchoscopy (Monarch) by 16 practitioners. Lesions were primarily solid (84%) and peripherally located (62.0%), with a median size at 25 mm (17-37). At median follow-up of 1.07 (interquartile range 0.58-1.67) years, diagnostic accuracy was 82.7% (80.1-85.2). In univariate analysis, larger lesion size (P < 0.001), peripheral location (P < 0.001), bronchus sign on computed tomography scan (P < 0.001), intraoperative direct endobronchial visualization (P < 0.001), and use of radial endobronchial ultrasound (P < 0.001) were all associated with successful diagnosis. Clinically significant pneumothoraces (requiring chest tube) were low at 3% (n = 33).<h4>Conclusions</h4>Diagnostic accuracy from this large cohort, cross-specialty analysis of robotic bronchoscopy among multiple operators was 82.7%. Robotic bronchoscopy can be successfully employed as the initial and preferred sampling methodology for solid lung lesions given acceptable diagnostic performance and low complication rates in this long-term assessment of outcomes.",Deitz RL; Ryan JP; Rubino T; Mazur SN; Kelsom C; Awais O; Baker N; Witek TD; Schuchert MJ; Dhupar R; Kovacs SP; Levy RM,"Department of Cardiothoracic Surgery, University of Pittsburgh Medical Center, Pittsburgh, Pennsylvania. Electronic address: deitzrl@upmc.edu.",The Journal of surgical research,2026-06-04,10.1016/j.jss.2026.04.031,3.0,visualization(abstract); visual(abstract); data(abstract),Lung cancer; Lung cancer diagnosis; Diagnostic Yield; Fine Needle Aspiration; Long-term Outcomes; Complication Rates; Robotic Bronchoscopy
42237075,"Coronary Artery Involvement in Kawasaki Disease and Multisystem Inflammatory Syndrome in Children: Imaging, Risk Stratification, and Long-Term Cardiovascular Considerations.","Kawasaki disease (KD) and multisystem inflammatory syndrome in children (MIS-C) are pediatric inflammatory conditions with significant cardiovascular involvement, particularly affecting the coronary arteries. KD remains the leading cause of acquired heart disease in children worldwide, while MIS-C has emerged as a postinfectious complication of severe acute respiratory syndrome coronavirus 2 with overlapping but distinct cardiovascular manifestations. Coronary artery abnormalities, including dilation and aneurysm formation, represent the most important cardiovascular sequelae in KD, whereas coronary involvement in MIS-C appears less frequent and often transient, although its long-term implications remain incompletely understood. Early detection and longitudinal assessment of coronary involvement are essential for optimizing outcomes. Echocardiography is the first-line imaging modality for both KD and MIS-C due to its accessibility and high sensitivity in detecting proximal coronary abnormalities. However, advanced imaging techniques such as coronary computed tomography angiography and cardiac magnetic resonance imaging provide superior visualization of distal coronary segments, vessel wall characteristics, myocardial perfusion, and fibrosis. These modalities are increasingly integrated into follow-up strategies, especially in patients with complex or persistent lesions. Risk stratification is guided by coronary artery Z scores, inflammatory biomarkers, and clinical severity, enabling tailored therapeutic approaches, including antiplatelet and anticoagulation therapy. Despite advances in treatment, a subset of patients with KD develops persistent coronary artery abnormalities with potential progression to ischemic heart disease later in life. In contrast, current evidence suggests that most cardiovascular abnormalities in MIS-C improve over time, although long-term longitudinal data remain limited. This review synthesizes current evidence on the pathophysiology, imaging strategies, risk assessment, and long-term cardiovascular outcomes in KD and MIS-C. A multimodal imaging approach combined with individualized risk stratification is essential for improving prognosis and guiding lifelong surveillance in affected patients.",Fatima A; Akram MB; Asghar AH; Sabah NU; Rana MA; Khan A; Masood MA; Arshad MMUD,"From the Quaid-e-Azam Medical College, Bahawalpur, Pakistan.",Cardiology in review,2026-06-04,10.1097/crd.0000000000001342,3.0,visualization(abstract); visual(abstract); data(abstract),Echocardiography; Risk stratification; Kawasaki disease; Coronary Artery Aneurysm; Cardiac Magnetic Resonance Imaging; Long-term Outcomes; Coronary Ct Angiography; Pediatric Vasculitis; Pediatric Cardiology; Coronary Artery Sequelae; Multisystem Inflammatory Syndrome In Children (Mis-c); Sars-cov-2-associated Inflammation
42233665,Safety and Efficacy of Expedited Discharge Protocols After Endoscopic Endonasal Pituitary Surgery: A Single-Center Cohort Study.,"<h4>Background and objectives</h4>Little is known about how accelerated discharge strategies compare with established enhanced recovery pathways after endoscopic endonasal surgery (EES). This study aimed to evaluate the efficacy and safety of an accelerated discharge protocol after EES.<h4>Methods</h4>This was a retrospective analysis of adults who underwent EES for pituitary adenomas at a single academic center between 2012 and 2025. Patients were managed under 1 of 4 postoperative pathways dependent on year of surgery: (1) No institutional protocol; (2) First-generation recovery protocol; (3) Enhanced recovery after surgery (ERAS); and (4) Expedited one-day discharge. Demographic and clinical variables were extracted from the electronic medical record using automated natural-language-processing methods. Primary outcomes were length of stay (LOS) and 30-day all-cause readmission or reoperation. All data processing, visualization, and statistical analyses were performed using Python version 3.12.<h4>Results</h4>Six hundred patients who underwent 630 surgeries were included. Median LOS was 3 days, with a 30-day readmission rate of 14.3% and a 30-day postdischarge reoperation rate of 2.5%. LOS differed significantly across protocol eras, with progressively shorter hospital stays observed over time and the shortest median stay occurring under the expedited discharge protocol (P < .0001). Readmission rates were highest in the preprotocol (16.2%) and initial protocol periods (17.2%), declining to 8.3% under the ERAS protocol and 10.0% under the expedited discharge protocol (P = .039). 30-day postdischarge reoperation rates did not statistically differ across protocols. In multivariate analyses, both the ERAS (rate ratio = 0.899, P = .021) and expedited discharge protocols (rate ratio = 0.819, P = .024) demonstrated significantly shorter hospital stays compared with the preprotocol era, without differences in 30-day readmission or reoperation rates.<h4>Conclusion</h4>The expedited discharge protocol safely shortened hospital stays without increasing 30-day readmissions or reoperations. These findings support the feasibility of accelerated postoperative pathways after EES. Broad adoption has the potential to produce substantial resource savings without compromising patient safety.",de Souza DN; Frome S; Wen Q; Suryadevara CM; Sen RD; Pinheiro-Neto CD; Lieberman SM; Lebowitz RA; Placantonakis DG; Sen C; Golfinos JG; Gardner PA; Pacione DR,"Department of Neurosurgery, New York University Langone Health, New York, New York, USA.",Neurosurgery,2026-06-03,10.1227/neu.0000000000004080,3.0,visualization(abstract); visual(abstract); data(abstract),Recovery; Pituitary adenoma; Protocol; Early Discharge; Transsphenoidal Surgery; Enhanced Recovery After Surgery; Endoscopic Endonasal Surgery
42250409,Impact of projection quantity on SPECT/CT image quality assessed with a NEMA body phantom.,"<h4>Introduction</h4>Single-photon emission computed tomography (SPECT), combined with CT in hybrid SPECT/CT systems, enables tomographic visualization of the in vivo distribution of gamma-emitting radiopharmaceuticals. During acquisition, the system records angular projection data at uniformly spaced increments to ensure complete and accurate datasets for tomographic reconstruction. The aim of this study was to evaluate the impact of the number of angular projections on SPECT/CT image quality using a NEMA body phantom.<h4>Methods</h4>A NEMA body phantom containing six spheres of different sizes and sphere-to-background activity ratios (2:1-9:1) was scanned using 32 and 64 projections on a Siemens Symbia T2 SPECT/CT system. Images were reconstructed using OSEM and Flash 3D algorithms. Quantitative analysis included image contrast and contrast-to-noise ratio (CNR), while visual assessment of sphere detectability was performed by three independent reviewers. Statistical significance was evaluated using the Mann-Whitney U test, and interobserver agreement was assessed with the kappa coefficient.<h4>Results</h4>Visual evaluation of Flash 3D reconstructions demonstrated no differences in sphere detectability between 32 and 64 projection acquisitions, with 34 spheres identified in both protocols. For OSEM reconstruction, 33 spheres were detected with 64 projections and 32 spheres with 32 projections (κ = 0.97). Contrast analysis revealed no statistically significant differences (OSEM: p = 0.51; Flash 3D: p = 0.61). However, CNR values were significantly higher for the 64-projection protocol (OSEM: p = 0.04; Flash 3D: p = 0.02).<h4>Conclusion</h4>SPECT acquisitions using 32 projections, particularly when combined with iterative reconstruction and attenuation correction, provide image quality comparable to the standard 64-projection protocol. Reduced acquisition time may help minimize motion artifacts and improve clinical workflow efficiency PLAIN LANGUAGE SUMMARY: SPECT scans are a type of imaging that show how substances move inside the body, and image quality can depend on how the scan is performed. This study compared scans done with fewer and more image angles using a test model to check image quality. This study found that fewer angles gave similar image quality, even though more angles slightly improved clarity. This matters because shorter scans can reduce movement, save time, and improve patient comfort while keeping results reliable.",Ledinek U; Kukuljan M; Ležaić L; Sebastijan R,"Department of Radiology, Institute of Oncology Ljubljana, Ljubljana, Slovenia.",Journal of medical imaging and radiation sciences,2026-06-06,10.1016/j.jmir.2026.102461,3.0,visualization(abstract); visual(abstract); data(abstract),Projections; contrast; Contrast-to-noise Ratio; Spect/ct
42231164,Effect of 10 cm H₂O positive end-expiratory pressure on right internal jugular vein cross-sectional area in obese patients under general anesthesia: a prospective observational study.,"<h4>Background</h4>Obesity can complicate central venous catheterization by increasing skin-to-vessel depth and impairing ultrasound visualization. Optimizing internal jugular vein (IJV) cross-sectional area (CSA) is a key strategy to facilitate cannulation. Positive end-expiratory pressure (PEEP) is known to promote IJV distension in non-obese individuals and constitutes a component of lung-protective ventilation in obese patients; however, its efficacy for IJV distension and hemodynamic safety in the obese population remain uncertain. This study investigated the association between 10 cm H₂O PEEP and right IJV CSA, as well as the hemodynamic tolerability of this intervention, in obese patients under general anesthesia.<h4>Methods</h4>This prospective observational study enrolled 40 adult patients with body mass index (BMI) > 30 kg/m² undergoing elective surgery at Tongren Hospital, Shanghai Jiao Tong University School of Medicine between June and October 2025. Following standardized anesthesia induction and hemodynamic stabilization, each patient underwent ultrasound measurement of right IJV CSA at both zero end-expiratory pressure (ZEEP) and PEEP 10 cm H₂O in a randomized, self-controlled design. The outcome assessor was blinded to PEEP levels. Mean arterial pressure (MAP) and heart rate (HR) were recorded concurrently. The primary outcome was the difference in IJV CSA between ZEEP and PEEP 10 cm H₂O. Paired Student's t-tests and Wilcoxon signed-rank tests were used as appropriate, and multivariable linear regression explored factors associated with the change in CSA (ΔCSA).<h4>Results</h4>All 40 patients (median BMI 32.19 [IQR 31.17-33.59] kg/m²; 52.5% male) completed the study with no dropouts or missing data. PEEP 10 cm H₂O was associated with a significant increase in right IJV CSA from 1.33 ± 0.48 cm² to 1.62 ± 0.63 cm² (mean paired difference [ΔCSA] 0.28 ± 0.42 cm², 95% CI 0.15 to 0.42, p < 0.001), representing a relative increase of approximately 21%. MAP showed a modest decrease (median paired difference [ΔMAP] - 7 mmHg, IQR - 13.25 to -2.42, p < 0.001), and HR decreased correspondingly (mean paired difference [ΔHR] 5.68 ± 7.40 bpm, 95% CI 3.30 to 8.04, p < 0.001). No patient experienced severe hypotension (MAP < 65 mmHg) or required vasopressor support. Exploratory multivariable regression did not identify significant associations between ΔCSA and BMI, neck circumference, age, sex, or ASA status (all p > 0.05); however, statistical power was limited by the sample size.<h4>Conclusions</h4>The application of 10 cm H₂O PEEP was associated with increased right IJV CSA in moderately obese patients under general anesthesia. This maneuver was well tolerated with clinically acceptable hemodynamic changes in this specific cohort.<h4>Trial registration</h4>Chinese Clinical Trial Registry, ChiCTR2400091755.",Zheng X; Cao X; Shen S; Pei D,"Department of Anesthesiology, Tongren Hospital, Shanghai Jiao Tong University School of Medicine, Shanghai, China.",BMC anesthesiology,2026-06-02,10.1186/s12871-026-03979-6,3.0,visualization(abstract); visual(abstract); data(abstract),Obesity; Positive end-expiratory pressure; Internal Jugular Vein; Cross-sectional Area
42230152,Utilization of an Ultrasonography-Computed Tomography Fusion System in the Lumbar Spine.,"<h4>Background</h4>Fluoroscopy and computed tomography (CT) are standard imaging modalities for spinal interventions but expose patients and health care professionals to ionizing radiation. Ultrasonography-CT (US-CT) fusion systems enable co-registration of real-time ultrasonography with pre-existing CT images, offering enhanced anatomical visualization without radiation. This study evaluates the feasibility and accuracy of a US-CT fusion system for vertebral level identification.<h4>Materials and methods</h4>Seventeen patients scheduled for lumbar CT were enrolled. Using a GE Logiq E9 US-CT fusion system, lumbar vertebrae (L1-L5) underwent imaging in the prone position, with facet joints and sacroiliac joints as coregistration landmarks. A randomly selected vertebra was marked with a pin, and its level was verified by a subsequent CT image.<h4>Results</h4>In 17 patients, 15 vertebral levels (88%) were correctly identified using the US-CT fusion system. Facet joints and sacroiliac joints were reliable landmarks for coregistration, enabling synchronized ultrasonography and CT visualization. Two errors occurred, likely due to pin displacement or misidentification.<h4>Conclusions</h4>The US-CT fusion system is a promising tool for lumbar vertebral identification, with the potential to reduce radiation exposure during spinal procedures. This observational study has several limitations, including a small sample size and an operator learning curve. Further studies are needed to optimize its application; however, its potential clinical relevance remains high.",Maizels M; Kaplan B; Man-El R; Rinott N; Rinott B; Norman D; Haddad E; Bercovich E,"Department of Orthopedic Surgery, Rambam Health Care Campus, Haifa, Israel.",International journal of spine surgery,2026-06-02,10.14444/8901,2.5,visualization(abstract); visual(abstract),Lumbar Spine; New technology; ultrasound
41927279,Translation of Intraoperative Molecular Imaging for Clinical Use.,"Intraoperative molecular imaging (IMI) is an evolving tool that enables targeted real-time visualization and delineation of tissue during surgery. IMI tracers can be fluorescent, radioactive, or dual-labeled. Their integration into the intraoperative setting is supported by several clinical trials, which led to Food and Drug Administration approval for a variety of these agents. Fluorescent tracers enable excellent spatial visualization, whereas radiotracers enable deep tissue detection, and dual-labeled tracers provide both. Novel activatable tracers that leverage properties of the tumor microenvironment are also being developed. Advances in imaging devices now permit IMI usage across diverse platforms, including minimally invasive surgery. Despite the limitations of autofluorescence, false-positive signals, and heterogeneity, the use of IMI continues to broaden in oncologic and nononcologic applications, driven by demonstrated improvements in surgical outcomes. In this review, we highlight the translation of IMI through clinical trials and future directions in IMI-guided surgery.",Rosenblum LT; Pant A; Yip C; Kohanbash G; Edwards WB; Malek MM,"Department of Surgery, University of Pittsburgh, Pittsburgh, Pennsylvania.","Journal of nuclear medicine : official publication, Society of Nuclear Medicine",2026-06-01,10.2967/jnumed.124.268773,2.5,visualization(abstract); visual(abstract),Fluorescence-guided Surgery; Radioguided Surgery; Intraoperative Molecular Imaging; Imi-guided Surgery; Dual-labeled Tracers
42223523,Clinical feasibility of contrast-enhanced 7 T MPRAGE with universal pulses for intracranial tumor imaging: a preliminary study.,"<h4>Purpose</h4>Contrast-enhanced 7T MPRAGE is promising for imaging intracranial tumor but suffers from strong intensity inhomogeneities. This study investigated the clinical feasibility of contrast-enhanced 7T MPRAGE with universal pulses (UP) for intracranial tumor imaging.<h4>Methods</h4>Contrast-enhanced 7T MPRAGE images with conventional circularly polarized (CP) and UP modes were prospectively obtained from patients with known or suspected infratentorial tumors. Two radiologists and a radiology trainee evaluated qualitative image quality scores of the CP and UP images in terms of overall image quality, artifacts, lesion conspicuity, and visualization of cerebellum based on 5-point Likert scales. Contrast ratios (CRs) of enhancing lesion to white matter (CR<sub>lesion/WM</sub>) and gray matter (CR<sub>lesion/GM</sub>), and white matter in the brachium pontis to white matter (CR<sub>BP/WM</sub>) and gray matter (CR<sub>BP/GM</sub>) in the supratentorial region were measured using region of interest analysis.<h4>Results</h4>Fifty-two patients with various infratentorial tumors were included in this study. Contrast-enhanced 7T MPRAGE with UP provided homogeneous image contrast throughout the brain, and clear delineation of enhancing lesions in infratentorial regions. Compared to conventional CP images, UP images achieved higher image quality scores in terms of overall image quality, lesion conspicuity, and visualization of cerebellum scores (p < 0.001), with no significant difference in artifacts scores (p = 0.394). Meanwhile, UP images achieved significantly improved CR<sub>lesion/WM</sub>, CR<sub>lesion/GM</sub>, CR<sub>BP/WM</sub>, and CR<sub>BP/GM</sub> in comparison to CP images (p < 0.001).<h4>Conclusion</h4>UP can be used to generate high-quality and homogeneous contrast-enhanced 7T MPRAGE images for visualization of intracranial enhancing lesions in oncology patients.",Duan C; Zhang J; Bian X; Hu J; Liu G; Yu X; Wang S; Duan Q; Li Z; Xiong Y; Lyu J; Qu J; Lou X,"Department of Radiology, The First Medical Center, Chinese PLA General Hospital, Beijing, China.",Neuroradiology,2026-06-01,10.1007/s00234-026-04050-4,2.5,visualization(abstract); visual(abstract),Contrast-enhanced Mri; Ultra-high Field; Mprage; 7 T Mri; Universal Pulses
42235692,Toward Non-Invasive MR-Based Target Delineation for Ventricular Tachycardia Stereotactic Radiotherapy: Development of a 3D Wideband LGE MRI Technique.,"<h4>Purpose</h4>Cardiac stereotactic body radiotherapy (SBRT) offers a noninvasive alternative to the conventional radiofrequency (RF) catheter ablation for treating refractory ventricular tachycardia (VT) in patients who are poor candidates for ablation procedures. However, accurate target delineation remains challenging due to limited scar visualization on CT and implanted cardioverter-defibrillator (ICD)-related MRI artifacts. We developed and evaluated a 3D wideband (WB) late gadolinium-enhanced (LGE) MRI protocol for artifact suppression, geometric accuracy, and scar delineation in SBRT planning.<h4>Methods and materials</h4>The 3D WB LGE sequence employs a 6-kHz wideband hyperbolic secant inversion pulse to suppress ICD-induced hyperintense artifacts followed by a 3D gradient-echo readout. Both electrocardiogram (ECG) and respiratory navigator gating were employed to manage the cardiac and respiratory motion, respectively. Protocol optimization was performed in phantoms and four healthy volunteers with ICDs positioned near the chest. Geometric distortion was measured using MagPhan and American College of Radiology (ACR) phantoms. Clinical feasibility was tested in a 73-year-old patient undergoing cardiac SBRT. The 3D LGE MRI was registered with the planning CT and compared with electroanatomic mapping (EAM) using the AHA 17-segment model.<h4>Results</h4>Phantom analysis showed minimal sequence-related distortion, well within the clinical tolerance. ICD-induced distortion was negligible when the device was placed 10 cm away from the target. The WB inversion pulse successfully suppressed ICD-related hyperintense artifacts in phantoms and healthy volunteers compared to conventional narrowband (NB) LGE MRI. In the VT patient, 3D WB LGE MRI enabled volumetric scar delineation with good correlation between gadolinium enhancement and EAM-defined targets. Acquisition time for the 3D WB LGE MRI was optimized to be approximately 5 minutes.<h4>Conclusion</h4>3D WB LGE MRI is feasible for cardiac SBRT simulation, achieving reliable ICD artifact suppression and minimal distortion while providing good scar visualization non-invasively. Its integration into clinical workflows may improve VT target delineation accuracy in patients with implanted devices.",Dong H; Shih SF; Han F; Chin RK; Hayase JH; Bradfield JS; Bedayat A; Finn JP; Cao M; Zhong X,"Department of Radiation Oncology, University of California, San Francisco; Department of Radiation Oncology, University of California, Los Angeles.","International journal of radiation oncology, biology, physics",2026-06-02,10.1016/j.ijrobp.2026.05.033,2.5,visualization(abstract); visual(abstract),Ventricular tachycardia; Cardiac Imaging; Implantable Cardioverter-defibrillator; Stereotactic Body Radiotherapy; Target Delineation; Wideband Late Gadolinium-enhanced Mri
42250194,Enhancing ultrasound augmentation of laparoscopic video using hybrid electromagnetic-ArUco tracking.,"<h4>Purpose</h4>This work aims to develop and validate a hybrid electromagnetic(EM)-ArUco tracking framework integrated into a laparoscopic ultrasound augmentation system, aiming to improve accuracy, stability, and robustness in intraoperative visualization.<h4>Methods</h4>A novel hybrid tracking method was developed that combines continuous hardware-based EM tracking with accurate but intermittent computer vision-based ArUco marker tracking, utilizing dynamically computed correction matrices to optimize the real-time spatial alignment of ultrasound and laparoscopic images. Validation involved three experiments: image-based analysis measuring pixel error between projected and ground-truth needle tips, target registration error analysis quantifying the distance between an EM- tracked stylus tip and the inverse projection from the ultrasound, and an ex vivo tissue experiment to assess distortions in a simulated clinical environment.<h4>Results</h4>Hybrid tracking demonstrated a significant reduction in tracking error compared to EM tracking alone. Hybrid tracking reduced projection error from 116 ± 49 px to 49 ± 18 px and decreased registration error from 2.1 ± 0.9 mm to 1.1 ± 0.6 mm. Under the influence of externally applied distortion, hybrid tracking improved tracking accuracy by approximately 62.3%. The system also exhibited robustness to camera rotation and zoom changes during periodic ArUco marker detection.<h4>Conclusion</h4>The hybrid tracking framework significantly improved accuracy, stability, and robustness compared to EM tracking. This integration has the potential to enhance intraoperative visualization, thereby contributing to safer and more effective minimally invasive surgeries.",Lobo L; Crowley D; Plishker W; Halpern AI; Nguyen T; Kane T; Shekhar R,"Children's National Hospital, 111 Michigan Ave NW, Washington, DC, 20010, USA.",International journal of computer assisted radiology and surgery,2026-06-06,10.1007/s11548-026-03657-5,2.5,visualization(abstract); visual(abstract),Augmented Reality; Laparoscopic Ultrasound; Electromagnetic Tracking; Hybrid Tracking; Aruco
42243688,A linear clinical prediction model and nomogram evaluating risk of portal vein thrombosis in liver cirrhosis.,"<h4>Introduction</h4>As one of the complications of liver cirrhosis, portal vein thrombosis (PVT) brings a significant clinical challenge. To find the predictive clinical variables evaluating the probability of PVT, a prediction model was established and a nomogram was built for visualization.<h4>Materials and methods</h4>Our study selected 245 cirrhosis patients admitted in First Hospital of Jilin University during August 2020 to June 2024, the majority of whom were admitted during July 2022 to June 2023. All patients were randomly separated into a training set and a validation set. Binary logistic and Lasso regression were used to establish predictive models with the occurrence of PVT events within 24 months after discharge as the clinical outcome.<h4>Results</h4>In discovery set, 64 (26.1%) of them had events of PVT within 24 months after their discharge. A linear model ""ASP"" was constructed with logarithm of alkaline phosphatase (Log<sub>10</sub>ALP), splenectomy and portal vein width selected for predicting PVT risk, preformed with its AUC reached 0.793, 0.750 and 0.760 in training, internal validation and external validation set, respectively.<h4>Conclusion</h4>We finally screened out three clinical variables identifying high-risk PVT patients in liver cirrhosis beforehand. ALP level might be a potential clinical parameter connected to PVT, but need to be further verified.",Wang Z; Jiang F; Jin J; Li Y; Jiang J,"Department of Hepatology, Center of Infectious Diseases and Pathogen Biology, The First Hospital of Jilin University, Changchun, 130021, China.",BMC gastroenterology,2026-06-04,10.1186/s12876-026-04939-7,2.5,visualization(abstract); visual(abstract),Cirrhosis; Prediction model; Portal Vein Thrombosis; Nomogram; Lasso Regression
42228080,Evolution of understanding and clinical practice of Ménière's disease.,"Since Prosper Ménière's original description more than 160 years ago, concepts of Ménière's disease (MD) pathophysiology and treatment have evolved through distinct phases. For much of the twentieth century, the field was dominated by the hydrodynamic paradigm, which attributed symptoms to pressure-driven endolymphatic hydrops and episodic membrane rupture. Over the past three decades, however, accumulating pathological, physiological, genetic, and imaging evidence has undermined this model. This review traces the transition from the classic hydrodynamic era to a modern framework that conceptualizes MD as a disorder characterized by endolymphatic sac (ELS) failure, leading to impaired inner-ear homeostasis. Recent temporal bone studies demonstrate that endolymphatic hydrops reflects proliferative epithelial growth rather than pressure-induced distension, while systematic analyses identify two major disease endotypes-hypoplastic and degenerative-defined by distinct endolymphatic sac pathologies, which are associated with differing clinical phenotypes. Advances in magnetic resonance imaging and computed tomography now allow for in vivo visualization of hydrops and ELS-related anatomy, enabling endotype stratification in living patients. Together, these developments support a new disease model analogous to renal insufficiency, with important implications for mechanistic research, animal modeling, diagnostic criteria, and personalized clinical management of MD.",Rauch SD,"Department of Otolaryngology-Head and Neck Surgery, Massachusetts Eye and Ear, Harvard Medical School, 243 Charles Street, 02114, Boston, MA, USA. Steven_Rauch@meei.harvard.edu.",HNO,2026-06-02,10.1007/s00106-026-01772-y,2.5,visualization(abstract); visual(abstract),Disease model; Endolymphatic hydrops; Biomarkers; Imaging; Inner-ear Homeostasis
42244261,Clinical Anatomy of the Left and Right Atrial Appendages in Humans: Comparative and Developmental Perspective.,"Human atrial chambers derive from distinct embryonic anlagens, the original embryonic atria gradually transforming into the so-called auricles, or atrial appendages. This study quantifies macroscopic variations in pectinate muscle architecture in human atrial appendages and evaluates their visualization using clinical imaging modalities. We examined 153 cadaveric donor hearts (103 specified sex: 61 female, 42 male; plus 50 unspecified), employing gross dissection, ex vivo micro-CT, histology, and in vivo clinical imaging (CT angiography, MRI, and transthoracic/transesophageal echocardiography). Left atrial appendage (LAA) morphologies (Wang classification) comprised chicken-wing (41%), cactus (23%), cauliflower (22%), and windsock (14%) types, with 11 ± 4 (mean ± SD) main pectinate muscles (length: 47 ± 16 mm). Right atrial appendage (RAA) pectinate muscle arrangements (Loukas classification) were dominated by type IV (41%), followed by types I/II (22%/20%), with 17 ± 4 muscles (length: 75 ± 17 mm); the RAAs were larger (p < 0.001) but showed lower muscle density (p = 0.007) than the LAAs. All modalities resolved main pectinate bundles, with angio-CT providing superior LAA detail; transesophageal echocardiography excelled for both sides. Precise atrial appendage morphology informs catheter ablation, pacing, and stroke risk stratification, bridging anatomical and clinical perspectives.",Lexová M; Neradilová C; Kovanda J; Burkert J; Beneš J Jr; Bartos M; Adla T; Melenovsky V; Kvasilova A; Fabian O; Naňka O; Sedmera D,"Institute of Anatomy, First Faculty of Medicine, Charles University, Prague, Czech Republic.","Clinical anatomy (New York, N.Y.)",2026-06-04,10.1002/ca.70145,2.5,visualization(abstract); visual(abstract),Heart conduction system; Terminal crest; Humans; Heart Atria; Auricle; Atrial Appendage; Pectinate Muscles; Clinical Imaging
42224475,Proximity-Catalyzed In Situ Anchoring Strategy for Fluorescence-Guided Precise Delineation of Minimal Residual Disease in Breast Cancer Surgery.,"Minimal residual disease (MRD) after breast cancer surgery frequently triggers tumor recurrence and metastasis, creating an urgent unmet clinical need for accurate intraoperative MRD visualization. Conventional approaches, such as intraoperative histopathology and preoperative imaging, fail to provide adequate real-time surgical guidance. Their utility is primarily hindered by protracted procedures, insufficient spatial resolution, and anatomical shifts between preoperative scans and the intraoperative environment. To overcome these limitations, we developed a two-probe in situ catalytic anchoring system that enables precise MRD visualization through cooperative targeting and localized signal amplification. Using breast cancer as a representative disease model and HER2 as a prototypical membrane biomarker for proof-of-concept validation, this strategy establishes a generalizable framework for tumor-specific surface labeling. The system employs a pretargeted catalytic probe (""molecular hook"") composed of a HER2 aptamer fused to a peroxidase-mimicking DNAzyme core. It binds selectively to tumor cells and generates reactive oxygen species (ROS) in a spatially restricted region. A responsive optical probe (""molecular bait"") is administered afterward. It contains a tyramine moiety for covalent anchoring and a ROS-activatable fluorophore for fluorescence turn-on. Upon catalytic activation, the two components operate through orthogonal yet coordinated chemistries: the tyramine group undergoes radical-mediated cross-linking with membrane proteins to ensure localized deposition, while the fluorophore is specifically activated by ROS to produce confined signal output. Decoupling tumor targeting and proximity labeling into independent functional modules, this design overcomes the stoichiometric constraints that usually restrict proximity labeling efficiency, thereby enabling multisite deposition and catalytic signal amplification. Validation in coculture systems and murine tumor models demonstrated a cancer-to-normal signal ratio of 11.6 in mixed cell populations and a tumor-to-normal signal ratio of 7.4 for accurate surgical margin delineation. Owing to its modular targeting design, this catalytic anchoring platform can be readily adapted to diverse membrane biomarkers and tumor types, providing a versatile and clinically compatible solution for intraoperative MRD detection and advancing the technological paradigm of precision oncologic surgery.",Li L; Mu J; Jin S; Zhai C; Xie X; Zhao S; Wu Y; Zhang J,"Key Laboratory of Biorheological Science and Technology, Ministry of Education, College of Bioengineering, Chongqing University, No. 174 Shazheng Road, Chongqing 400044, China.",Analytical chemistry,2026-06-01,10.1021/acs.analchem.6c02201,2.5,visualization(abstract); visual(abstract),
42235932,Optical and video stylets for airway management: an expert review.,"<h4>Introduction</h4>Optical and video stylets are increasingly important airway management devices that combine real-time visualization with a slim rigid or semi-rigid design. They facilitate tracheal intubation in anatomically constrained airways while minimizing cervical spine movement and mouth-opening requirements.<h4>Areas covered</h4>This narrative review examines the evolution, technical principles, classification, clinical applications, safety profile, and future developments of optical and video stylets. A structured literature search of PubMed/MEDLINE, Embase, and the Cochrane Library was conducted for publications published between January 1990 and January 2026. Randomized controlled trials, observational studies, systematic reviews, meta-analyses, and relevant international guidelines were prioritized.<h4>Expert opinion</h4>Video stylets have progressively replaced optical systems because of superior image quality, ergonomics, and training utility. Their greatest value lies in anatomically constrained airways and as complementary tools within multimodal airway management strategies. Persistent limitations, particularly lack of suction capability and sensitivity to contamination, support their role as adjuncts rather than universal airway devices.",Gomez-Rios MÁ; Tsan SEH; Gaszyński T; Michalek P; Gutiérrez-Couto U; Van Zundert AAJ,"Anesthesiology and Perioperative Medicine. University Hospital Complex of a Coruña, A Coruña, Spain.",Expert review of medical devices,2026-06-03,10.1080/17434440.2026.2684992,2.5,visualization(abstract); visual(abstract),Tracheal intubation; Endotracheal Intubation; Airway Management; Difficult Airway; Fibreoptic Intubation; Videolaryngoscopy; Optical Stylet; Video Stylet
42249408,Effect of a short virtual reality training on first-attempt hand-disinfection performance in an OSCE: a randomized controlled trial.,"<h4>Background</h4>Reliable hygienic hand-disinfection is essential for infection prevention and control. It remains unclear whether a short VR training module improves objectively assessed procedural performance compared with conventional instruction. This single-center, parallel-group randomized controlled trial examined first-opportunity hand-disinfection performance in an Objective Structured Clinical Examination (OSCE) after VR training versus a video control.<h4>Methods</h4>In 2025, first-year nursing students at a single Austrian University of Applied Sciences were randomized (1:1) to a 20-minute VR training module with contamination visualization feedback or a time- and headset-matched instructional video control without interactivity. Randomization used block allocation (blocks of six); instructions were standardized via audio playback. Three days later, students completed a routine five-station OSCE. Hygienic hand-disinfection was required at the beginning of each of five OSCE stations and was documented within routine station checklists. Hand-disinfection ratings from the five stations were extracted from routine OSCE checklists and coded (0 = incorrect, 1 = partially correct, 2 = correct). The preregistered primary endpoint was station 1 performance. The primary hypothesis was tested with adjusted proportional-odds regression, adjusting for age, gender, and prior hygiene-course grade as a baseline indicator of hygiene-related academic performance; all other analyses were exploratory.<h4>Results</h4>Of 128 randomized students (VR n = 65; control n = 63), all had available station 1 hand-disinfection scores, which constituted the primary outcome. One value was missing for the prior hygiene-course grade covariate, yielding N = 127 for adjusted models. At station 1, fully correct performance occurred in 52/65 (80.0%) in VR versus 15/63 (23.8%) in control. VR training was associated with markedly better first-opportunity performance (adjusted OR = 11.16, 95% CI [4.95, 25.14], p = 5.9 × 10<sup>- 9</sup>), supported by a binary pass/fail sensitivity analysis (adjusted OR = 6.06, 95% CI [1.84, 19.92]). Exploratory analyses suggested higher performance across stations, with group differences varying by station. No harms or adverse events were observed during the trial.<h4>Conclusion</h4>A short VR training module for hand-disinfection with contamination visualization was associated with better first-opportunity OSCE hand-disinfection performance compared with a headset-delivered instructional video control. This suggests that short, feedback-rich VR training may support immediate procedural readiness under standardized assessment conditions.<h4>Trial registration</h4>This study was preregistered within a larger longitudinal project and later registered as a stand-alone study in the Open Science Framework (OSF) (https://doi.org/10.17605/OSF.IO/3B6SC).<h4>Clinical trial number</h4>Not applicable.",Roszipal B; Ernst M; Hoffelner A; Kalmring M; Wagner M,"Institute of Health Sciences, Department of Health Sciences, Faculty of Health and Social Science, University of Applied Sciences, Sankt Pölten, Austria. benjamin.roszipal@ustp.at.",BMC nursing,2026-06-05,10.1186/s12912-026-04856-w,2.5,visualization(abstract); visual(abstract),Assessment; Virtual reality; Nursing; Hand Hygiene; Osce; Infection Prevention
42237321,Surgical management of recurrent MRSA empyema with eloesser flap in a complex thoracic patient: lessons from endobronchial valve failure.,"<h4>Background</h4>Endobronchial valves (EBVs) have emerged as a minimally invasive option for managing bronchopleural fistula (BPF), with reported efficacy rates of approximately 70-75%. However, their long-term performance in the setting of chronic infection remains poorly characterized, and documentation of specific failure mechanisms is limited.<h4>Case presentation</h4>A 74-year-old man with recurrent methicillin-resistant Staphylococcus aureus (MRSA) empyema following right lower lobectomy presented with treatment failure 14 months after Zephyr EBV placement. During Eloesser flap creation, both valves were found displaced from the bronchial stump, with one completely dislodged into the pleural space. The bronchial stump showed evidence of erosion from chronic infection. The patient demonstrated clinical improvement following the Eloesser procedure, with negative cultures at three-month follow-up.<h4>Conclusions</h4>This case provides direct intraoperative visualization of EBV displacement in chronic empyema, suggesting that ongoing infection, tissue destruction, and mechanical forces may compromise valve stability over time. The finding supports consideration of patient selection criteria for EBV therapy and demonstrates the continued role of open drainage procedures when minimally invasive approaches fail.",Parvathaneni A; Enriquez J,"Department of Internal Medicine, Tulane University School of Medicine, 1430 Tulane Avenue, New Orleans, 70112, LA, USA. aparvathaneni@tulane.edu.",Journal of cardiothoracic surgery,2026-06-03,10.1186/s13019-026-04020-0,2.5,visualization(abstract); visual(abstract),Bronchopleural Fistula; Valve Migration; Endobronchial Valve; Eloesser Flap; Mrsa Empyema
42244937,Microsurgical Clip Reconstruction of Multiple Contiguous Aneurysms of the Anterior Communicating Artery Complex: Subfrontal Exposure and Endoscopic Verification-A Case Illustration.,"<h4>Background and importance</h4>Multiple contiguous aneurysms of the anterior communicating artery (ACoA) complex present significant technical challenges due to their irregular geometry and the density of critical hypothalamic perforators. Standard microscopic visualization is often limited by optical obstruction from clip blades or line-of-sight constraints during complex reconstruction.<h4>Clinical presentation</h4>A 62-year-old woman presented with aneurysmal subarachnoid hemorrhage. Preoperative digital subtraction angiography and volumetric segmentation identified 4 distinct aneurysmal origins distributed across the ACoA-A2 complex. A subfrontal approach with opening of the proximal sylvian fissure was used to achieve adequate exposure of the aneurysm complex. Stepwise reconstruction was performed using 4 specific clips under intermittent bilateral A1 temporary occlusion. A minor residual neck remnant identified under the microscope was corrected. Endoscopic inspection was subsequently performed for final verification, confirming complete aneurysm obliteration and preservation of the deep perforating arteries. The patient was discharged with a modified Rankin Scale score of 0. Three-month follow-up digital subtraction angiography demonstrated complete angiographic occlusion.<h4>Conclusion</h4>For multiple contiguous ACoA aneurysms, a systematic multimodal verification strategy incorporating subfrontal exposure with opening of the proximal sylvian fissure and endoscopic inspection may help ensure complete exclusion while protecting the hypothalamic circulation.",Liu H; Oberschachtsiek L; Muhammad S,"Department of Neurosurgery, Düsseldorf University Hospital, Heinrich-Heine University Düsseldorf, Düsseldorf, North Rhine-Westphalia, Germany.",Neurosurgery practice,2026-06-04,10.1227/neuprac.0000000000000249,2.5,visualization(abstract); visual(abstract),Indocyanine Green Videoangiography; Anterior Communicating Artery; Microsurgical Clipping; Multiple Aneurysms; Endoscope-assisted Surgery; Clip Reconstruction
42236170,MR Imaging/Ultrasound Fusion-Guided Biopsy and Primary Focal Therapy for Localized Prostate Cancer.,"Advances in imaging diagnostics, particularly MRI, have enabled the visualization of clinically significant prostate cancer. Furthermore, advances in image-fusion technology have made it possible to accurately target these visualized lesions and obtain tissue samples through precise needle placement. These developments now enable systematic intraprostatic localization of clinically significant prostate cancer. Traditionally, standard treatment options for localized prostate cancer have involved whole-gland therapies, such as radical prostatectomy and radiation therapy. Although these approaches provide excellent oncological control and favorable long-term outcomes, they are associated with treatment-related adverse events, including urinary incontinence and sexual dysfunction, which can substantially impair quality of life. Focal therapy has emerged as a treatment strategy designed to address these limitations by selectively targeting only the clinically significant cancer within the prostate, thereby aiming to achieve a balance between oncological control and functional preservation. This approach has become technically feasible due to the MRI visibility of clinically significant cancer and precise image-guidance techniques, as well as the development of various ablation technologies. In this review, we provide an overview of MRI/ultrasound fusion-guided biopsy and discuss the current status and clinical implications of focal therapy for localized prostate cancer enabled by this imaging-guided approach.",Fujihara A; Shiraishi T; Iwata T; Ueda T; Miyashita M; Saito Y; Inoue Y; Tokuda B; Ukimura O,"Department of Urology, Kyoto Prefectural University of Medicine, Kyoto, Kyoto, Japan.",Magnetic resonance in medical sciences : MRMS : an official journal of Japan Society of Magnetic Resonance in Medicine,2026-06-02,10.2463/mrms.rev.2026-0008,2.5,visualization(abstract); visual(abstract),Magnetic Resonance Imaging; prostate cancer; Focal Therapy; Magnetic Resonance Imaging/ultrasound Fusion Biopsy
42228547,Endoscopic endonasal surgery for nasopharyngeal angiofibroma.,"Introduction. The treatment of nasopharyngeal angiofibroma (NAF) is surgical. Various approaches have been described, but due to its lower morbidity and the use of magnification and angled views, the endoscopic-assisted endonasal technique is the most commonly used. The likelihood of achieving complete resection is similar to or better than that of external approaches. Objectives. To describe the clinical, endoscopic, and imaging outcomes of endonasal endoscopic surgery for nasopharyngeal angiofibroma, evaluated in terms of overall local control and tumor stage. Population and methods. A descriptive, retrospective study that included patients treated for NAF using an endonasal approach with endoscopes between March 2012 and November 2024. Results. Eighteen patients were included. The Radkowski staging of the NAFs was as follows: stage I-A: 1; I-B: 3; II-A: 3; II-B: 1; II-C: 4; III-A: 3; and III-B: 3. Three of the 18 patients underwent reoperation due to the presence of residual tumor, using the same endonasal approach (21 endonasal approaches with endoscopes). Conclusion. The overall local control achieved in patients treated for NAF via an endonasal endoscopic approach was 72.22%; local control by stage was as follows: I-A: 1/1, I-B: 3/3, II-A: 3/3, II-B: 1/1, III-A: 1/3, and III-B: 0/3. Complete resolution of nasal obstruction and epistaxis was achieved in all patients. In none of the cases did we need to switch to an external approach due to difficulties with visualization or exposure.",Fernández Long F; Mighera MP; Canino J; Ruggeri CS,"Department of Rhinology, Sinology, and Skull Base Surgery, Division of Otolaryngology, Hospital Italiano de Buenos Aires, Autonomous City of Buenos Aires, Argentina.",Archivos argentinos de pediatria,2026-06-04,10.5546/aap.2025-10889.eng,2.5,visualization(abstract); visual(abstract),nasopharyngeal neoplasms; Angiofibroma; Endoscopic Surgery Through Natural Orifices.
42228506,Ultrasound-Guided Closed Reduction of Zygomatic Arch Fractures: Clinical Utility According to Fracture Type.,"Closed reduction of zygomatic arch fractures is routinely performed without direct visualization, relying on palpation and clinical inspection to assess reduction adequacy. Intraoperative ultrasound has been shown to improve reduction outcomes, particularly in complex fracture patterns. However, no study has systematically evaluated the role of ultrasound in different zygomatic arch fracture types. The authors present a consecutive series of 11 patients with zygomatic arch fractures managed with ultrasound-guided closed reduction at a tertiary center between November 2024 and April 2026. Fractures were classified according to the system proposed by Özyazgan and colleagues. Reduction was carried out using a Gillies, Keen, or combined approach under real-time intraoperative ultrasound using high-frequency linear probes. Five patients had isolated arch fractures (type I) and 6 had combined fractures (type II). Rereduction of the arch was unnecessary in any isolated fracture. In contrast, 3 of 6 patients with combined fractures (50%) showed persistent arch displacement on ultrasound after internal fixation of adjacent buttresses, prompting intraoperative rereduction. Postoperative ultrasound follow-up (mean 17.8 d) confirmed maintained reduction (0 mm residual depression) in 63.6% and residual depression of 2 mm or <90.9%. No neurovascular complications or reoperations occurred. Intraoperative ultrasound proves most valuable in combined zygomatic arch fractures, where fixation of adjacent buttresses may secondarily displace a previously reduced arch.",Ortiz Peces L; Padilla JCR; Martínez MÁ; González LO; Carretero JLC,"Department of Oral and Maxillofacial Surgery, La Paz University Hospital.",The Journal of craniofacial surgery,2026-06-02,10.1097/scs.0000000000012986,2.5,visualization(abstract); visual(abstract),ultrasound; Closed Reduction; Intraoperative Imaging; Facial Trauma; Zygomatic Arch Fractures
42227288,Biomimetic TME-Responsive Nanotheranostics for Precise NIR-II Ratiometric Photoacoustic Imaging and Synergistic Immuno-Photothermal Therapy.,"The complex immunosuppressive microenvironment of triple-negative breast cancer (TNBC) remains a major obstacle in attaining long-term clinical success and halting metastatic progression. To address this, the rational design of tumor microenvironment (TME)-responsive nanotheranostics is crucial for converting 'cold' tumors into 'hot' ones through synchronized imaging and precision therapy. Herein, we present a biomimetic, stimuli-activatable assembly (Au/Ag@HMON-NLG@CCM) utilizing a H<sub>2</sub>O<sub>2</sub>-responsive Au/Ag core to facilitate NIR-II ratiometric photoacoustic (PA) detection and thermal ablation. By encapsulating the IDO inhibitor NLG919 within a hollow mesoporous organosilica (HMON) shell and coating with cancer cell membrane (CCM), the system achieves superior tumor-targeting and synergistic immuno-photothermal effects. Specifically, TME-overexpressed H<sub>2</sub>O<sub>2</sub>-induces the oxidative degradation of the Ag, shifting the absorption into the NIR-II window to enable robust ratiometric PA visualization and efficient PTT (η = 42.8%). The resulting hyperthermia triggers immunogenic cell death (ICD) to initiate antigen release, while NLG919-mediated IDO1 blockade alleviates local immunosuppression, collectively remodeling the 'cold' TME. In bilateral tumor models, this integrated strategy effectively suppresses both primary lesions and distant metastases, demonstrating a potent systemic abscopal effect and durable antitumor immunity. Overall, this multifunctional nanoplatform provides a transformative strategy for NIR-II-guided precision medicine, offering a robust approach to eradicating metastatic and immunosuppressive malignancies.",Li X; Qiu H; Tse LHH; Wang X; Lo H; Wang H; Li Q; Li S; Gu Y; Wong WT,"Department of Applied Biology and Chemical Technology, The Hong Kong Polytechnic University, Hung Hom, Hong Kong, China.","Small (Weinheim an der Bergstrasse, Germany)",2026-06-02,10.1002/smll.74044,2.5,visualization(abstract); visual(abstract),Photoacoustic imaging; Nanotheranostics; Ido Inhibition; Second Near‐infrared (Nir‐ii) Window; Synergistic Immuno‐photothermal Therapy
42234007,Translation of a novel EphA2-targeted PET tracer from preclinical models to first-in-human studies in pancreatic cancer.,"<h4>Purpose</h4>Ephrin type-A receptor 2 (EphA2) is a promising target in pancreatic ductal adenocarcinoma (PDAC). However, the clinical potential of targeting EphA2 requires further imaging evaluation. This study developed and preliminarily evaluated a novel <sup>68</sup>Ga-labeled radiotracer for PET imaging of EphA2 expression in PDAC patients.<h4>Methods</h4><sup>68</sup>Ga-FZEAR-1, <sup>68</sup>Ga-FZEAR-2, and <sup>68</sup>Ga-FZEAR-3 were synthesized, and their stability, affinity, pharmacokinetics were evaluated in vitro and in vivo. Further biological evaluation was performed in EphA2-positive and EphA2-negative tumor xenografts. A pilot first-in-human PET/CT study of the lead candidate, <sup>68</sup>Ga-FZEAR-2, was subsequently conducted in two PDAC patients.<h4>Results</h4>The three <sup>68</sup>Ga-radiotracers were synthesized with high radiochemical purity (> 99%) and demonstrated high stability and nanomolar affinity for EphA2. Cellular uptake was consistent with EphA2 expression and blocking assays confirmed specificity. In vivo, all tracers exhibited high tumor accumulation with low off-target uptake. <sup>68</sup>Ga-FZEAR-2 showed favorable tumor-targeting ability, pharmacokinetics, and safety profile. In the pilot clinical study (n = 2), <sup>68</sup>Ga-FZEAR-2 PET/CT visualized primary and metastatic lesions clearly without adverse effects. Immunohistochemical analysis confirmed EphA2 expression in lesions exhibiting high tracer uptake.<h4>Conclusion</h4>A series of <sup>68</sup>Ga-labeled tracers for EphA2 imaging was successfully developed and evaluated. The lead candidate, <sup>68</sup>Ga-FZEAR-2, showed promising targeting specificity and favorable pharmacokinetics. A pilot study indicated that <sup>68</sup>Ga-FZEAR-2 provided preliminary evidence of noninvasive visualization of EphA2 expression in PDAC patients, thereby suggesting its potential as a tool for precision diagnosis in PDAC.",Liu X; Sun L; Lei J; Bai L; Guo H; Fang Y; Zhang J; Jiang C; Xu X; Song S,"Department of Nuclear Medicine, Fudan University Shanghai Cancer Center, No. 270 Dong'an Road, Xuhui District, Shanghai, 200032, China.",European journal of nuclear medicine and molecular imaging,2026-06-03,10.1007/s00259-026-07966-4,2.5,visualization(abstract); visual(abstract),Pancreatic Ductal Adenocarcinoma; Pet/ct Imaging; Epha2 Receptor; Peptide Radiopharmaceuticals
42247616,Novel method for 3D volume evaluation of the intracardiac leads using iterative metal artifact reduction technique in computed tomography.,"<h4>Background</h4>Intracardiac leads commonly produce metal artifacts on computed tomography (CT) images. These artifacts may be reduced using dedicated metal artifact reduction algorithms, such as metal artifact reduction (MAR).<h4>Objectives</h4>The aim of this study was to develop a method for measuring lead-related artifacts in CT and to assess the suitability of various reconstruction presets for lead visualization.<h4>Material and methods</h4>Fifty-four patients (mean age: 73.9 ±11.32 years) with implanted cardiac implantable electronic devices (CIEDs) who underwent cardiac CT, chest CT, or pulmonary angio-CT were included in the study. Images were reconstructed using at least 2 kernels (soft tissue and lung) with slice thicknesses of 0.6 mm or 1.0 mm. A tissue density volume >1,000 HU, corresponding to the presumed volume of hyperdense artifacts, was isolated within a manually drawn spherical region of interest (ROI), and the values were recorded. The obtained values for each iterative metal artifact reduction (iMAR) reconstruction preset were compared with native images (without iMAR) to calculate the percentage reduction in hyperdense artifacts.<h4>Results</h4>All tested algorithm variants reduced artifact volume; however, only 2 presets achieved statistically significant reductions: ""dental fillings"" (p = 0.001) and ""neuro coils"" (p = 0.000). Pacemaker-dedicated presets reduced metal artifacts in all cases, although the reductions were not statistically significant (p = 0.667), which may limit their reliability in routine clinical practice.<h4>Conclusions</h4>We proposed a method for evaluating intracardiac leads that enables precise three-dimensional (3D) assessment of hyperdense artifacts. The metal artifact reduction technique demonstrated promising results, particularly for the ""dental fillings"" and ""neuro coils"" presets.",Młynarski R; Sosna M; Młynarska A; Zalewska A; Kempa K; Rozmus M; Badon M; Dudkowska M; Golba KS,"Department of Electroradiology, School of Health Sciences, Medical University of Silesia, Katowice, Poland.",Advances in clinical and experimental medicine : official organ Wroclaw Medical University,2026-06-05,10.17219/acem/220688,2.5,visualization(abstract); visual(abstract),Artifacts; Metal Artifact Reduction; Cardiac Implanted Electronic Devices
41819831,Single-Domain Antibody Probe with Low Renal Uptake for Claudin 18.2-Targeted PET Imaging of Gastric Cancer: Preclinical and Pilot Clinical Evaluations.,"High renal uptake limits the clinical translation of Claudin 18.2 (CLDN18.2) nanobody probes. We aimed to develop and identify a single-domain antibody-based molecular probe to minimize nonspecific renal accumulation while maintaining high tumor affinity and effective uptake. <b>Methods:</b> A CLDN18.2-targeted nanobody, SNA014, was radiolabeled with <sup>68</sup>Ga to yield [<sup>68</sup>Ga]Ga-SNA014. The binding capability of [<sup>68</sup>Ga]Ga-SNA014 was evaluated in vitro using flow cytometry, immunohistochemistry, and cell-binding assays. The biologic behavior of [<sup>68</sup>Ga]Ga-SNA014 in vivo was assessed through small-animal PET imaging, biodistribution studies, and blood pharmacokinetic analysis in human gastric adenocarcinoma xenograft models (both wild-type and CLDN18.2-overexpressing). Furthermore, a preliminary clinical evaluation of [<sup>68</sup>Ga]Ga-SNA014 was conducted in 3 patients with gastric cancer, including whole-body PET/CT imaging and radiation dosimetry analysis. <b>Results:</b> [<sup>68</sup>Ga]Ga-SNA014 was successfully synthesized with high radiochemical purity (>95%) and excellent stability both in vitro and in vivo. The probe demonstrated strong binding affinity and specificity toward AGS<sup>CLDN18.2</sup> cells. Small-animal PET/CT images of AGS<sup>CLDN18.2</sup> tumor-bearing mice exhibited high tumor and stomach uptake and low kidney uptake, and pretreatment with succinylated gelatin further reduced kidney retention. Blood clearance revealed a rapid elimination profile, with a half-life of 47.68 ± 1.83 min. In human PET/CT studies, distinct visualization of lesions was achieved up to 0.5 h postinjection. Dosimetry analysis revealed that the effective radiation dose of [<sup>68</sup>Ga]Ga-SNA014 was lower than that of standard [<sup>18</sup>F]FDG PET/CT. <b>Conclusion:</b> These findings demonstrated that [<sup>68</sup>Ga]Ga-SNA014 exhibits high affinity and specificity and excellent targeting performance and safety, enabling precise detection of CLDN18.2-overexpressing tumors.",Zheng M; Ma H; Xu T; Mu H; Liu Q; Zhang K; Bian Y; Zhang H; Li W; Zhang B; Shan Y; Peng X; Qin S; Wang Y; Miao L,"Department of Clinical Pharmacology, First Affiliated Hospital of Soochow University, Suzhou, China.","Journal of nuclear medicine : official publication, Society of Nuclear Medicine",2026-06-01,10.2967/jnumed.125.271704,2.5,visualization(abstract); visual(abstract),Single-domain antibody; Gastrointestinal Tumors; Renal Uptake; Targeted Molecular Imaging; Cldn18.2
42233673,&lt;i&gt;Klebsiella pneumoniae&lt;/i&gt; biofilm formation predicts its survival in human serum.,"<i>Klebsiella pneumoniae</i> is a prominent pathogen causing life-threatening bloodstream infections. Although biofilm formation and resistance to human serum are well-recognized virulence traits, their interrelatedness during <i>K. pneumoniae</i> bloodstream infections remains unclear. Here, we hypothesize that biofilm production is related to <i>K. pneumoniae</i>'s ability to thrive in human serum and, therefore, may predict the strains' ability for serum survival. We analyzed 57 clinical, genetically diverse classical <i>K. pneumoniae</i> strains and characterized their survival and biofilm-producing ability in human serum. Serum survival patterns revealed three serum resistance categories-Low, Mid, and High. In addition, the biofilm biomass produced by the strains correlated with their serum resistance level (<i>P</i> < 0.001), and 3D biofilm visualization using confocal microscopy further confirmed that biofilm extracellular polysaccharide substances and biomass patterns were consistent with the serum resistance categories. Moreover, we revealed a direct correlation between the level of biofilm formation and the strain's serum survival level (<i>R</i><sup>2</sup> = 0.696), a prerequisite for systemic <i>K. pneumoniae</i> dissemination. As biofilm formation in serum reflects both survival and biofilm-forming ability, we assessed biofilm formation in defined modified basal medium (BM2), to rule out serum-mediated killing, and discovered a strong and significant association between the serum resistance category and BM2 biofilm biomass (<i>P</i> < 0.0001). By applying regression models, we discovered that biofilm formation serves as a significant predictor for bacterial survival in serum. Overall, our findings establish biofilm production in <i>K. pneumoniae</i> as a biomarker of serum survival and may open a new avenue for predicting bloodstream infection risk in clinical settings.IMPORTANCEBloodstream infections caused by <i>Klebsiella pneumoniae</i> are devastating life-threatening infections worldwide. Understanding the survival strategies of <i>K. pneumoniae</i> in the bloodstream is critical for elucidating key aspects of bacterial pathogenicity and developing new diagnostic and therapeutic modalities. Although serum survival is a recognized virulence trait necessary to thrive in the bloodstream, the relationship between serum resistance and biofilm formation, a multicellular organization that may protect bacteria from bloodstream stressors, remains poorly understood. In this article, we demonstrate biofilm production in human serum by clinical classical <i>K. pneumoniae</i> strains for the first time and discovered a direct correlation between the level of biofilm biomass formation and the degree of serum survival in human serum and in defined modified basal medium. These findings offer insights into the importance of biofilm production in <i>K. pneumoniae</i> serum resistance and may be used to develop future therapeutic strategies targeting bloodstream infections.",Fulman-Levy H; Sinberger LA; Geva P; Lellouche J; Navon-Venezia S,"The Department of Molecular Biology, The Faculty of Natural Sciences, Ariel University, Ariel, Israel.",mBio,2026-06-03,10.1128/mbio.00752-26,2.5,visualization(abstract); visual(abstract),Klebsiella pneumoniae; Bloodstream Infection; Bacterial Pathogenesis; Serum Resistance; Biofilm Production
42241444,Deep learning-based arterial waveform analysis for predicting postoperative cerebrovascular events in pediatric patients with Moyamoya disease.,"<h4>Background</h4>Postoperative cerebrovascular events, including transient ischemic attacks, infarctions, and hemorrhages, remain a significant concern in pediatric patients with Moyamoya disease (MMD)undergoing surgical revascularization. This study aimed to develop an explainable deep learning-based classification model using intraoperative arterial blood pressure (ABP) waveform analysis for postoperative cerebrovascular events in pediatric patients undergoing surgery for MMD, with exploratory analysis of associated waveform-derived physiologic features.<h4>Methods</h4>This retrospective study included 181 pediatric patients (≤18 years) who underwent revascularization surgery for MMD, with an independent temporal holdout cohort of 79 patients reserved for validation. ABP signals were preprocessed using detrending, pulse segmentation, and normalization, then converted into image representations for deep learning classification. Various convolutional neural network (CNN) models, including ResNet50, ResNet34, DenseNet121, VGG16, and VGG19, were evaluated against Vision Transformer (ViT) architectures. Multiple image transformation methods were tested, and Grad-CAM analysis and statistical comparisons of waveform-derived physiologic features were conducted between patients with and without postoperative cerebrovascular events.<h4>Results</h4>The optimal model configuration achieved the best performance using raw pulse waveforms with three consecutive pulses per image. CNN-based models outperformed ViT-based models, with the highest internal classification performance observed using raw pulse waveforms (AUROC = 0.772, SD = 0.070).In the independent temporal validation cohort, the model achieved an AUROC of 0.738 ± 0.011 at the patient level. Grad-CAM visualization highlighted the diastolic runoff phase as a region of interest for classification. Four waveform-derived features related to arterial compliance were significantly associated with postoperative cerebrovascular events (p < 0.05).<h4>Conclusions</h4>In this study, CNN-based deep learning models demonstrated the feasibility of predicting postoperative cerebrovascular events from intraoperative ABP waveforms, with diastolic runoff dynamics emerging as a potentially relevant physiologic pattern. These findings are exploratory and require prospective multi-center validation before clinical application.",Park JB; Shin Y; Kim J; Kim YJ; Lee SB; Kim EH; Kim JW; Kim SK; Kim HS; Kim YG,"Department of Anesthesiology and Pain Medicine, Seoul National University Hospital, College of Medicine, Seoul National University, Republic of Korea.",PloS one,2026-06-04,10.1371/journal.pone.0350637,2.5,visualization(abstract); visual(abstract),
42247905,Surgeons' perspectives on patient-specific 3D-printed temporal bone models: What do we need?,"<h4>Purpose</h4>Patient-specific 3D-printed temporal-bone (PS-TB) models may improve rehearsal, planning and navigation in temporal-bone surgery, yet their optimal use-cases, required fidelity, and desirable enhancements remain undefined from the surgeon's perspective. The purpose is to investigate surgeons' preferred use-cases, physical resemblance requirements, and valuable enhancements for PS-TB models.<h4>Methods</h4>Otosurgeons from national and international societies were surveyed in the period December 2024-April 2025. Respondents were stratified into either high-volume (HV) surgeons defined as performing ≥50 mastoidectomies per year or low-volume (LV) surgeons. The survey consisted of 88 questions comprising Likert-scale rating (1-5) and free-text responses. Group means were compared with Welch t-tests.<h4>Results</h4>Of the 87 participating surgeons, 69 completed the questionnaire (79% response rate; 55 LV/32 HV). PS-TB models were perceived most clinically relevant for pre-operative rehearsal in cases of anatomical malformation (4.14 LV vs 3.62 HV) and least relevant in tympanoplasty and stapes surgical cases. Overall mean perceived pre-operative relevance across procedures was higher for LV than HV surgeons (2.80 vs 2.36; p < 0.01). The same was found for intraoperative use (2.67 vs 2.30; p < 0.05). Critical anatomical landmark structures should have sub-millimeter precision, in particular the facial nerve and lateral semicircular canal (≥4.3). Model enhancements that support visualization of critical structures are rated likely to add clinical value.<h4>Conclusion</h4>Otosurgeons perceive PS-TB models as a relevant tool for cases of malformed anatomy or otherwise complex surgery, especially among LV surgeons. However, models need to replicate critical landmarks with sub-millimeter accuracy. These requirements define a trajectory towards improving model value for clinicians.",Omari A; Nwosu OI; Frithioff A; Andersen SAW,"Copenhagen Hearing and Balance Center, Department of Otolaryngology-Head & Neck Surgery, Rigshospitalet, Copenhagen University Hospital, Copenhagen, Denmark; Institute for Cellular and Molecular Medicine (ICMM), Faculty of Health and Medical Sciences, University of Copenhagen, Copenhagen, Denmark; Copenhagen Academy for Medical Education and Simulation (CAMES), Rigshospitalet, Copenhagen, Denmark. Electronic address: adam.omari@hotmail.com.",International journal of pediatric otorhinolaryngology,2026-06-01,10.1016/j.ijporl.2026.112884,2.5,visualization(abstract); visual(abstract),Syndromes; Malformations; Patient-specific; Temporal Bone Surgery; Pediatric Otology; 3D-printed Simulation
42237287,Femoral insertion osteotomy of the lateral collateral ligament for expanding lateral knee space in meniscus repair.,"<h4>Objective</h4>To evaluate the technical feasibility, short-term safety, and clinical outcomes of an incomplete osteotomy at the femoral insertion of the lateral collateral ligament (LCL) for expanding a tight lateral compartment during arthroscopic lateral meniscus repair.<h4>Methods</h4>A single-institution retrospective case series was conducted in patients with lateral meniscus tears and a tight lateral compartment who underwent LCL femoral insertion osteotomy between January 2020 and December 2022. Osteotomy was performed only when standard exposure maneuvers, including the figure-four position, portal adjustment, and gentle varus stress, failed to provide safe visualization and instrument access. The primary outcome was technical success, defined as adequate arthroscopic exposure and completion of the planned meniscal repair. Secondary outcomes included Lysholm score, International Knee Documentation Committee (IKDC) score, Visual Analog Scale (VAS) score for knee pain, osteotomy healing on computed tomography (CT), meniscal healing on magnetic resonance imaging (MRI), and complications.<h4>Results</h4>Twenty-five knees were included and followed for 12 months. Adequate exposure of the lateral meniscus and completion of meniscal repair were achieved in all cases. At 12 months, Lysholm, IKDC, and VAS scores improved significantly compared with preoperative values (all P < 0.001). CT at 3 months showed satisfactory osteotomy healing without displacement in all patients. MRI at 12 months demonstrated meniscal healing in 19 patients (76%); the 6 patients who did not meet MRI healing criteria were asymptomatic and did not require reoperation during follow-up. No infection, neurovascular complication, clinically apparent varus instability, loss of reduction, or serious complication was observed.<h4>Conclusion</h4>In selected patients with lateral meniscus tears and a tight lateral compartment, arthroscopic repair combined with incomplete osteotomy of the LCL femoral insertion may facilitate exposure and meniscal repair with satisfactory short-term functional recovery. Because this retrospective case series lacked a control group and objective quantification of joint-space widening, the findings should be confirmed in prospective comparative studies with longer follow-up.",Wu C; Chen X; Wu Z; Chen Z; Yan W; Lian C; Zhang H,"Department of Orthopaedics, Sports Injury Division, Fujian Medical University Union Hospital, Fuzhou, 350001, China.",BMC surgery,2026-06-03,10.1186/s12893-026-03900-5,2.5,visualization(abstract); visual(abstract),Osteotomy; Arthroscopy; Lateral Meniscus Tear; Tight Lateral Knee Joint Space
42229960,"Implementation of a hospital deprescribing behaviour change intervention, the CompreHensive geriAtRician-led MEdication Review (CHARMER) trial: a process evaluation protocol.","<h4>Introduction</h4>Proactive deprescribing is the process of stopping a medicine and comprises four steps: (1) identify a patient for potential stop of a medicine, (2) evaluate a patient for potential stop of a medicine, (3) stop a medicine and (4) monitor after stopping.The CHARMER (CompreHensive geriAtRician-led MEdication Review) trial is a stepped-wedge design to evaluate the effectiveness and cost-effectiveness of a behaviour change intervention to increase proactive deprescribing in hospitals. The CHARMER intervention comprises a deprescribing action plan, deprescribing briefings, videos of successful deprescribing consultations, deprescribing case studies workshop and a deprescribing performance dashboard. The process evaluation will explore trial processes, CHARMER intervention implementation, CHARMER behavioural mechanisms of action and contextual factors influencing these aspects.<h4>Methods and analysis</h4>The convergent parallel design process evaluation will follow the UK Medical Research Council guidance. We will interview: staff involved in CHARMER implementation, geriatricians and pharmacists who receive the intervention and research delivery staff involved in patient/carer recruitment and data collection. We will also interview patients/carers and primary care practitioners. Interviews will be supplemented with recordings of implementation activities and completed implementation manuals. Questionnaires will capture the extent to which the four proactive deprescribing steps are enacted by intervention recipients, measure the behavioural mechanisms by which the CHARMER intervention operates and capture the patient experience of proactive deprescribing. Qualitative data will be analysed thematically and then mapped to Normalisation Process Theory to explore implementation and the Theoretical Domains Framework to explore behaviour change. Most quantitative data will be analysed descriptively; however, changes in staff questionnaire responses preintervention and postintervention will be analysed using a Mann-Whitney test. We will triangulate qualitative and quantitative findings to explain intervention effects.<h4>Ethics and dissemination</h4>Ethical and governance approvals have been obtained by the Wales 2 Research Ethics Committee and the Health Research Authority, respectively. The dissemination strategy will be underpinned by the evidence-based Guide to Disseminating Research (GuiDiR) targeting healthcare practitioners, policy makers and patient-facing organisations.<h4>Trial registration number</h4>ISRCTN13248281.",Martin-Kerry JM; Bhattacharya D; Taylor J; Kellar I; Atkins B; Jones CEL; Bywater-Florance EM; Keevil VL; Clark AB; Wright DJ; Alldred DP; Scott S,"School of Health Sciences, University of East Anglia, Norwich, UK jackie.martin-kerry@uea.ac.uk.",BMJ open,2026-06-02,10.1136/bmjopen-2025-111152,2.0,dashboard(abstract); data(abstract),Behavior; Physicians; Hospitals; Pharmacists; Geriatric Medicine; Polypharmacy
