pmid,title,abstract,authors,first_author_affiliation,journal,pub_date,doi,score,matched_keywords,api_keywords
42347858,Designing oncology-specific patient-reported outcome dashboards: end-user preferences for reference curve inclusion and visualization in pediatric cancer care.,"<h4>Purpose</h4>Patient Reported Outcome Measures PROMs are essential for monitoring health-related quality of life (HRQoL) in pediatric oncology. In the Netherlands, the KLIK PROM portal facilitates structured HRQoL communication between healthcare professionals (HCPs) and families. Currently, HRQoL scores are compared to general population norms. Children with cancer face unique challenges; comparisons with the general population alone may aggravate perceived difficulties and create unnecessary discomfort. An oncology-specific reference would provide appropriate clinical context and improve interpretability. This study evaluated end-user preferences for the inclusion and visualization of such a reference curve within the portal.<h4>Method</h4>Four focus groups with 13 HCPs, 6 patient interviews, and 12 interviews with 15 parents (including three interviews with both parents) were conducted for this qualitative study. Participants discussed preferences for adding and visualizing an oncology-specific reference curve. NVIVO was used to code transcripts and support thematic analysis.<h4>Results</h4>All end-users, except three parents, valued the integration of an oncology-specific reference curve. Three major themes emerged regarding visualization preferences: (1) Normalization: Most participants preferred focusing on normal outcomes, with graphs showing a broad range of - 2 to + 2 SD in a neutral color (e.g. blue).; (2) Deficit-focused framing: end-users opposed overemphasizing deviations (e.g. the potential emotional impact of using traffic light colors); (3) Customization: end-users favored a switch option to tailor curves to patients' needs.<h4>Conclusion</h4>End-users preferred a customizable oncology-specific reference curve enabling fair peer comparison without distressing visuals. Future implementation should focus on training HCPs to support patient-centered communicate of the new dashboard in clinical practice.",Alkirawan R; Schepers SA; van Litsenburg RRL; Grootenhuis MA,"Princess Máxima Center for pediatric oncology, Utrecht, The Netherlands.","Quality of life research : an international journal of quality of life aspects of treatment, care and rehabilitation",2026-06-25,10.1007/s11136-026-04326-5,13.4,"visualization(title,abstract); dashboard(kw,title,abstract); visual(title,abstract)",Parents; Patients; Healthcare Professionals; Patient Reported Outcome Measures (Proms); Dashboard Feedback; Oncology-specific Reference Curve
42330167,Multimodal Data Approaches for Examining the 2024-2025 Highly Pathogenic Avian Influenza Outbreak in the United States: Descriptive Study.,"<h4>Background</h4>Highly pathogenic avian influenza (HPAI) A(H5N1) clade 2.3.4.4b, a globally predominant strain, was introduced into poultry in the United States in 2022 via spillover from wild birds, and has since been regularly reported, posing ongoing risks to animal and human health. In 2024, the United States reported the first known HPAI A(H5N1) clade 2.3.4.4b infection in dairy cattle, rapidly evolving into a multispecies outbreak among cattle and poultry, with spillover into humans. Publicly available data remained siloed and fragmented, hindering timely response. Innovative multimodal surveillance methods can enhance situational awareness through comprehensive, standardized data collection, integration, and visualization.<h4>Objective</h4>This study aimed to describe observations from the application of enhanced surveillance methods that collect, integrate, and visualize multimodal data for real-time tracking of the 2024-2025 HPAI A(H5) outbreak in the United States as an innovative, transparent, repeatable, and scalable approach for open-source public health surveillance.<h4>Methods</h4>Global.health conducted real-time, multimodal surveillance of the United States 2024-2025 HPAI A(H5) outbreak using publicly available data for human cases (Centers for Disease Control and Prevention), animal outbreaks (United States Department of Agriculture), wastewater monitoring (WastewaterSCAN), genomic data (public genomic databases), research updates (scholarly communication), and policy changes and response measures (media and government) for the study period from February 1, 2024 through February 28, 2025. This digital data stream was used to create outbreak resources-an epidemiological linelist, event timeline, and interactive map-using a One Health framework to track emerging hotspots.<h4>Results</h4>Global.health curated 70 confirmed human HPAI A(H5) cases across 13 states in a linelist, with exposure for nearly all (n = 65, 92.9%) cases associated with commercial agriculture and related operations. We curated 682 timeline entries across 6 distinct categories: human, cattle, response (eg, research, policy changes, and public health guidance), birds, genome, wastewater, and mammals. The map integrated human cases (n=70) and animal outbreaks (commercial cattle: n=977 and commercial poultry: n=325) into a single view. California was identified as the outbreak epicenter with high numbers of human cases (n=38, 54.3%), commercial cattle outbreaks (n=748, 76.6%), and commercial poultry outbreaks (n=66, 20.3%) during the study period. Wastewater surveillance detected the virus in California, with an unknown source at least 81 days before the first confirmed commercial dairy cattle case.<h4>Conclusions</h4>Global.health's approach for integrating traditional and nontraditional public health surveillance data within a One Health framework enhanced early situational awareness during the United States 2024-2025 HPAI A(H5) outbreak, creating open access to resources that improve contextual understanding of the scope and evolution of this emerging zoonotic event. Further research should seek to understand the full potential of multimodal data in outbreak surveillance.",Sopko J; Han AR; Powers J; Sauer JA; Avunoori M; Zakrzewski S; Krugman A; Dasgupta A; Sewalk K; Gertz A; Rader B; Sheldon J; Klein B; Rivera JM; Kraemer MUG; Scarpino SV; Brownstein JS,"Computational Epidemiology Lab, Boston Children's Hospital, 401 Park Drive, 7th Floor West, Boston, MA, 02215, United States, 1 617 355 8278.",JMIR public health and surveillance,2026-06-22,10.2196/86209,9.8,"visualization(kw,abstract); visual(kw,abstract); data(kw,title,abstract)",Data analysis; avian influenza; Data Visualization; Public Health Surveillance; One Health; Data Curation; Digital Health; Zoonotic Infectious Diseases; Zoonotic Spillover; Wastewater Surveillance
42343260,Application of 3D Slicer-based three-dimensional visual surgical planning in endoscopic optic canal decompression surgery: a prospective randomised controlled study.,"<h4>Objective</h4>To evaluate the value of three-dimensional visualization preoperative planning based on the open-source software 3D Slicer in endoscopic endonasal optic nerve decompression for traumatic optic neuropathy.<h4>Methods</h4>A prospective randomized controlled study was conducted. A total of 48 patients with traumatic optic neuropathy who underwent endoscopic endonasal optic nerve decompression at the Affiliated Eye Hospital of Nanchang University between January 2023 and June 2025 were enrolled and randomly assigned to an experimental group (3D Slicer-based three-dimensional visualization planning, n = 25) and a control group (conventional two-dimensional CT planning, n = 23). The primary outcome measures included operative time, intraoperative misjudgment rate, complication rate, surgeon's subjective score (5-point Likert scale), and visual improvement at 3 months postoperatively. Continuous data were analyzed using independent-sample t-test or Mann-Whitney U test, and categorical data were analyzed using Fisher's exact test.<h4>Results</h4>There were no statistically significant differences in baseline characteristics or preoperative visual acuity grade between the two groups (P > 0.05). The operative time was significantly shorter in the experimental group than in the control group (129.4 ± 11.6 min vs. 150.7 ± 20.4 min, P < 0.001). Postoperative visual acuity improved significantly compared with preoperative values in both groups (experimental group: P < 0.001; control group: P = 0.003), but the intergroup difference in the grade of visual improvement was not statistically significant (P = 0.439). The intraoperative misjudgment rate was 0% (0/25) in the experimental group and 13.0% (3/23) in the control group, with no statistically significant difference (P = 0.24). The incidence of cerebrospinal fluid leakage was 4.0% (1/25) in the experimental group and 21.7% (5/23) in the control group, and the difference did not reach statistical significance (P = 0.08). The surgeon's subjective score was significantly higher in the experimental group than in the control group [5 (5,5) vs. 4 (4,4), P < 0.001]. No severe complications such as major vessel injury or direct optic nerve injury occurred in either group.<h4>Conclusion</h4>Three-dimensional visualization preoperative planning based on 3D Slicer can significantly shorten the operative time of endoscopic endonasal optic nerve decompression, enhance the surgeon's confidence, and a potential reduction in cerebrospinal fluid leakage that warrants further investigation. This approach is low-cost, highly generalizable, and has good clinical application value.",Jin Q; Long Q; Yu J; Hu G; Liu Y; Gan P; Ren Z; Liao H,"School of Optometry, Jiangxi Medical College, Nanchang University, No. 463 Bayi Avenue, Donghu District, Nanchang City, Jiangxi Province, 330006, China.",BMC medical imaging,2026-06-25,10.1186/s12880-026-02513-x,9.6,"visualization(kw,abstract); visual(kw,title,abstract); data(abstract)",Randomized Controlled Study; Three-dimensional Visualization; Traumatic Optic Neuropathy; 3D Slicer; Endoscopic Endonasal Optic Nerve Decompression
42348711,Artificial intelligence-augmented robotic surgery in gynecologic oncology: intraoperative assistance and analytics.,"<h4>Purpose of review</h4>Artificial intelligence (AI) is increasingly integrated into robotic-assisted surgery, transforming digital surgical platforms into data-driven environments capable of supporting intraoperative decision-making. In gynecologic oncology, where procedures require high precision and follow relatively standardized workflows, AI technologies may improve surgical quality, reduce variability, and enable safer surgical treatment strategies. This review summarizes recent advances in AI-augmented robotic-assisted surgery, focusing on intraoperative guidance, surgical analytics, and predictive decision support.<h4>Recent findings</h4>Recent literature demonstrates rapid progress in computer vision models capable of recognizing surgical phases, anatomical landmarks, and procedural steps in real time. Integration of augmented reality, fluorescence imaging, and multimodal imaging platforms is enhancing intraoperative visualization and anatomical orientation. Surgical data science approaches enable objective assessment of technical performance through video-based metrics and machine learning algorithms. Predictive analytics models integrating clinical and imaging data show promising results for risk stratification and outcome prediction, although most applications remain in early stages of validation.<h4>Summary</h4>AI-augmented robotic surgery has the potential to improve precision, standardization, and decision-making in gynecologic oncology. However, clinical implementation requires prospective validation, standardized datasets, and integration into routine workflows. Future developments will likely focus on multimodal data integration and context-aware decision support systems.",Gracia M; Espias-Alonso M; Zapardiel I,"Gynecologic Oncology Department. La Paz University Hospital, Madrid, Spain.",Current opinion in oncology,2026-06-26,10.1097/cco.0000000000001256,8.6,"visualization(abstract); visual(abstract); artificial intelligence(kw,title,abstract); machine learning(abstract); data(abstract)",Artificial intelligence; Gynecologic Cancer; Image-guided Surgery; Robotic-assisted Surgery
42331954,IUM-hybrid model for enhanced CAD diagnosis using deep learning and VS Grad-CAM visualization.,"Coronary artery disease(CAD) is a serious health issue worldwide. Early identification of CAD is used to prevent several complications, such as myocardial infarction and unexpected death. In existing studies, InceptionV3 is computationally intensive and struggles with long-range dependencies, whereas MobileNetV2 faces challenges in extracting intricate features from medical-image data. Similarly, U-NetR, despite its transformer-based encoding, requires large datasets for optimal performance and is computationally expensive because of its self-attention mechanism. To overcome these limitations, this study focuses on merging InceptionV3, U-NetR, and MobileNetV2 to enhance CAD classification performance. This approach involves utilizing pre-trained models and fine-tuning them using an angiographic dataset. The hybrid IUM model incorporates dynamic weighting to maximize prediction accuracy. Furthermore, this study employed VS Grad-CAM visualization to elucidate the classifier decisions using precise heatmaps, thereby improving interpretability. This method achieved exceptional diagnostic metrics: 0.97 accuracy, 0.99 F1-score, 0.98 specificity, and 0.97 sensitivity. This novel approach enhances diagnostic precision, minimizes manual errors, and facilitates real-time applications, making it a scalable and efficient solution for clinical application. Its prompt and accurate identification of CAD has the potential to enhance patient outcomes and optimize healthcare.",Revathi CK; Santhi H,"Full-time research scholar, School of Computer Science and Engineering, Vellore Institute of Technology, Vellore, 632014, Tamil Nadu, India.",Scientific reports,2026-06-22,10.1038/s41598-026-57536-9,7.0,"visualization(title,abstract); visual(title,abstract); data(abstract)",CAD; Inception V3; Vs Grad-cam; Ium Hybrid Model; Mobile-netv2; U-netr
42363567,Detection of Non-Displaced Dentoalveolar Fractures Using CBCT: Influence of Visualization Techniques on Diagnostic Accuracy and Observer Workflow. ,"To evaluate the diagnostic accuracy of cone-beam computed tomography (CBCT) visualization techniques in detecting clinically relevant non-displaced dentoalveolar fractures and to assess their impact on observer efficiency during trauma evaluation. Non-displaced alveolar fractures were experimentally induced in 15 fresh sheep heads under standardized conditions to simulate clinically relevant dentoalveolar trauma. CBCT imaging was performed using a standardized acquisition protocol, and four visualization techniques were generated using fixed display parameters. Fracture presence was confirmed by an independent oral and maxillofacial radiologist and served as the reference standard. Five blinded dentists evaluated datasets in two sessions separated by a 3-week washout interval. Diagnostic performance was assessed using ROC analysis with pairwise comparisons using the DeLong method. Multiplanar reconstruction demonstrated the highest diagnostic accuracy (AUC = 0.87), followed by volume rendering (0.75), surface rendering (0.73), and maximum intensity projection (0.70). Inter- and intra-observer agreements were substantial to almost perfect (κ = 0.78 and κ = 0.85, respectively). Multiplanar reconstruction required significantly shorter evaluation time and lower user interaction compared with volume rendering and surface rendering (p < 0.05). The selection of CBCT visualization techniques significantly influences diagnostic confidence and observer workflow efficiency in dentoalveolar trauma assessment. Multiplanar reconstruction provided the most favorable balance between diagnostic accuracy and efficiency, supporting its use in time-sensitive clinical trauma evaluation.",Taşyapan SA; Az ZAA,"Faculty of Dentistry, Department of Oral and Maxillofacial Radiology, Istanbul University, Istanbul, Türkiye.",Dental traumatology : official publication of International Association for Dental Traumatology,2026-06-26,10.1111/edt.70092,7.0,"visualization(title,abstract); visual(title,abstract); data(abstract)",
42332308,Deep learning for intraoperative recognition of critical structures in total hysterectomy.,"<h4>Background</h4>This study aimed to develop and evaluate a deep learning-based surgical navigation system capable of recognizing the ureter, uterine artery, and bladder-uterine dissection plane during minimally invasive gynecologic surgery.<h4>Methods</h4>An artificial intelligence (AI) model was developed at the University of Tokyo Hospital using videos of prior surgeries. Surgical videos of 27 laparoscopic or robot-assisted total hysterectomies were used to create training and validation datasets, with an additional set of cases serving as an independent test set. Key frames were manually annotated to train segmentation models for the ureter and uterine artery. A separate model visualized loose connective tissue fibers (LCTF) to aid in recognizing the bladder-uterine peritoneal dissection plane. Quantitative performance was assessed using standard segmentation metrics, and a qualitative evaluation was conducted by nine gynecologic surgeons using predefined scoring criteria.<h4>Results</h4>The segmentation models achieved moderate quantitative performance, with Dice similarity coefficients of approximately 0.51 for the ureter and 0.45 for the uterine artery. In contrast, qualitative evaluation demonstrated favorable clinical interpretability. The mean recognition scores assigned by nine expert surgeons were 4.12 for the ureter and 3.45 for the uterine artery on a five-point scale, indicating that most structures were recognized clearly with only minor misrecognition. For bladder dissection, visualization of connective tissue fibers enabled identification of the correct dissection plane in the majority of evaluated frames; more than 70-80% of connective tissue was recognizable in most frames, and substantial misrecognition was uncommon.<h4>Conclusion</h4>This study demonstrates that a deep learning-based system can recognize three key elements of a total hysterectomy: the ureter, the uterine artery, and the bladder-uterine dissection plane. Despite modest quantitative metrics, qualitative assessments indicated strong clinical utility. These findings establish a foundation for an integrated AI-assisted surgical navigation platform to enhance the safety and standardization of minimally invasive gynecologic surgery.",Jonouchi Y; Tanimoto S; Sone K; Toyohara Y; Yamaguchi K; Kawata Y; Honjoh H; Fukuda T; Taguchi A; Miyamoto Y; Iriyama T; Mori-Uchino M; Otani Y; Miyagawa R; Wada-Hiraike O; Oda K; Harada M; Osuga Y; Hirota Y,"Department of Obstetrics and Gynecology, Graduate School of Medicine, The University of Tokyo, Tokyo, Japan.",Surgical endoscopy,2026-06-22,10.1007/s00464-026-12917-z,6.0,"visualization(abstract); visual(abstract); artificial intelligence(kw,abstract); data(abstract)","Artificial intelligence; hysterectomy; Deep Learning; Ureter, Uterine Artery"
42337637,Bibliometric analysis of research hotspots in coronary artery CT fractional flow reserve for diagnosing myocardial ischemia in coronary artery disease.,"<h4>Objective</h4>This study aimed to conduct a comprehensive bibliometric analysis to map the global research landscape, identify evolving hotspots, and forecast future trends in the application of coronary computed tomography-derived fractional flow reserve (CT-FFR) for diagnosing myocardial ischemia in coronary artery disease (CAD).<h4>Methods</h4>A systematic literature search was performed in the Web of Science Core Collection for publications from 2015 to 2025, using an expanded strategy combining CT-FFR terms with synonyms for myocardial ischemia and CAD. Bibliometric data visualization and analysis were conducted using CiteSpace and VOSviewer to examine publication trends, national/institutional contributions, collaborative networks, core journals, keyword co-occurrence, and citation bursts.<h4>Results</h4>From an initial retrieval of 730 records, 582 eligible publications (405 articles, 117 reviews) were included. Annual publication output showed sustained growth with a compound annual growth rate (CAGR) of 6.4%. The United States led in publication volume (n = 231) and total citations, followed by China in output (n = 143), though with lower average citation impact. International collaboration was prominent, with the US, China, and Italy forming central hubs. JACC: Cardiovascular Imaging was the leading journal in both output and influence. Keyword analysis confirmed ""Fractional Flow Reserve,"" ""Coronary Artery Disease,"" and ""Diagnostic Performance"" as core themes. Burst detection revealed a clear evolution: early research (2015-2018) focused on technical validation (e.g., ""dual source ct""), while recent trends (2022-2025) shifted towards clinical integration, with strong bursts for ""stable chest pain,"" ""diagnosis,"" and ""coronary computed tomography angiography.""<h4>Conclusion</h4>This bibliometric analysis delineates a dynamic and growing CT-FFR research field, marked by a transition from technological exploration to clinical guideline-directed application. The findings highlight distinct geographic patterns of productivity and influence, and clarify the evolution of research priorities towards personalized, ischemia-guided patient management. Future research is anticipated to focus on multimodal integration with plaque and perfusion imaging, artificial intelligence-driven workflow solutions, and evidence generation in complex patient cohorts to solidify clinical adoption.",Abudoueryimu A; Xirefu A; Maihemuti Z; Mahemuti M; Qiaohui C; Keremu G; Xiaomei W; Haihong MA,"Kashi Prefecture Second People's Hospital, No. 1, JianKang Road, Kashi, 844000, Xinjiang, China.",Journal of cardiothoracic surgery,2026-06-23,10.1186/s13019-026-04411-3,6.0,"visualization(abstract); visual(kw,abstract); artificial intelligence(abstract); data(abstract)",Myocardial ischemia; Coronary Heart Disease; Bibliometry; Visual Analysis; Ct-ffr
42120198,Digitising controlled substance accountability: implementation and use of a dashboard-based monitoring system in an university hospital.,"<h4>Objectives</h4>Opioids are the cornerstone of severe pain management but they have a strong potential for abuse. To mitigate this risk, hospitals are required to track and account for these controlled substances (CS). Despite widespread adoption of electronic medication administration records (eMAR), nurses also performed paper-based registrations for CS. We hypothesised that a validated dashboard combining dispensing and eMAR data could be implemented for CS accountability. This study describes trends in accountability of dispenses through administrations before, during and after implementation of the dashboard that replaced the paper-based process. Furthermore, we describe its application in analysing signalled discrepancies.<h4>Methods</h4>This implementation study was performed in a university hospital. The dashboard was developed by a multidisciplinary team consisting of hospital pharmacists, pharmacy technicians, nurses and data analysts. Data from 2018 to 2024 were compared in three periods: prior implementation (2018-2019), during implementation (2020-2022) and after implementation (2023-2024) of the dashboard. Monitored CS medications were limited to oral solids. The data for dispenses and administrations were validated against the electronic health record (EHR) and electronic delta calculations were manually recalculated. The dashboard was piloted on a single ward by shadow running the dashboard for 6 months. Processes were optimised before hospital-wide implementation.<h4>Results</h4>The dispense and administration data in the dashboard accurately reflected the registrations in the EHR and all predefined validation criteria were met. Subsequently, the paper process for accounting for CS was successfully digitised, allowing nurses to discontinue the double registration workflow. The CS accountability showed a slight upward trend from 88% prior to implementation to 91% after implementation. Furthermore, use of the dashboard resulted in a more efficient workflow and facilitated evaluation between the pharmacy and the wards, contributing to optimisation of prescribing, administration and the logistical processes.<h4>Conclusions</h4>The dashboard provided an accurate and reliable reflection of CS-related dispenses and administrations documented in the EHR, supporting its hospital-wide implementation for CS monitoring. The CS accountability dashboard reduced the administrative workload for nurses and the pharmacy and improved traceability.",Botma FE; Wilkes S; Abdulla A; van der Kuy PHM; Nijstad AL; Crombag MBS,"Pharmacy, Erasmus Medical Centre, Rotterdam, The Netherlands f.botma@erasmusmc.nl.",European journal of hospital pharmacy : science and practice,2026-06-23,10.1136/ejhpharm-2025-004735,5.9,"dashboard(title,abstract); data(abstract); electronic health record(abstract)","Organization And Administration; Pain Management; Practice Guideline; Pharmacy Service, Hospital; Medication Systems, Hospital"
42333648,Monitoring and feedback using data in transfusion medicine: A study of practices from the BEST Collaborative.,"<h4>Background</h4>It is imperative that health systems monitor transfusion practice quality and implement improvements when evidence-based practice gaps are identified. Despite the importance of data-driven quality activities, little is known about approaches employed by hospitals. This study aimed to describe strategies used by hospitals to acquire, analyze, and apply transfusion-related quality data.<h4>Study design and methods</h4>A pre-piloted survey was developed by the core team, and Biomedical Excellence for Safer Transfusion (BEST) Collaborative attendees of meetings were invited to participate. Topics spanned five domains: hospital characteristics, data acquisition, quality metric prioritization, data analysis/visualization, and feedback processes. Responses were summarized to identify patterns and variation across institutions.<h4>Results</h4>Nine hospitals of varying size, specialty mix, and transfusion volumes from three continents participated. Most transfusion services acquired transfusion data from both the electronic health record and the laboratory information system (6/9, 67%). Although all sites tracked the number of transfusions, there was wide variation in other metrics prioritized. Transfusion appropriateness was prioritized by 7 of 9 centers, but few reported monitoring antifibrinolytic agent use (2/9, 22%), anemia management (4/9, 44%), and consent (2/9, 22%). All hospitals performed some form of data analysis, but chart/table types and functionalities differed. Feedback was typically provided by transfusion medicine specialists or hematology, but frequency and means differed between sites.<h4>Discussion</h4>This descriptive study highlights significant variation in how selected hospitals use data to monitor transfusion practices and provide feedback. There are many opportunities to enhance optimal uses of data to deliver effective quality improvement.",Metcalf RA; Mo A; White SK; Duarte GC; Dunbar NM; Hands K; Panigrahi AK; Poisson JL; Saifee NH; Shan H; Wood EM; Murphy MF; Stanworth SJ,"Department of Pathology, University of Utah, Salt Lake City, Utah, USA.",Transfusion,2026-06-22,10.1111/trf.70316,5.3,"visualization(abstract); visual(abstract); data(title,abstract); electronic health record(abstract)",
42324405,Mapping the global landscape of robot-assisted minimally invasive esophagectomy (RAMIE): a bibliometric and visualized study.,"To systematically analyze the global development, research hotspots, key contributors, and emerging trends in Robot-assisted minimally invasive esophagectomy (RAMIE) using bibliometric and visualization methods. Publications related to RAMIE from 2005 to 2025 were retrieved from the Web of Science Core Collection. Data on annual publications, citations, journals, countries, institutions, and authors were analyzed using CiteSpace, VOSviewer, and R software. Keyword co-occurrence, clustering, citation bursts, and co-cited references were employed to identify research themes, influential studies, and emerging trends. A total of 391 publications were included. Annual output and citations increased steadily, particularly after 2015. Core research concentrated in specialized journals, with the United States, China, Japan, the Netherlands, and Germany contributing the most publications. Leading institutions included University Medical Center Utrecht, Shanghai Jiao Tong University, and Johannes Gutenberg University Mainz. Core authors, such as van Hillegersberg R. and Ruurd JP, formed stable high-output networks. Keyword and co-citation analyses highlighted research focus on minimally invasive and robotic procedural optimization, perioperative management, complication prevention, and long-term outcomes. High-impact studies, including the ROBOT and RAMIE trials, provided evidence supporting RAMIE's feasibility, safety, and oncological adequacy. Looking ahead, emerging topics included fluorescence-guided surgery, intraoperative navigation, augmented reality, and intelligent surgical systems. RAMIE research has evolved from single-center technical explorations to multicenter, evidence-based investigations, with increasing emphasis on surgical optimization, perioperative management, and long-term outcomes. Key research teams, influential publications, and international collaborations have shaped the field. These findings offer a comprehensive overview of the global RAMIE landscape and may guide future research directions, clinical practice, and international cooperation.",Zhu C; Huang W; Liu N,"Central laboratory, Clinical Medical Research Center, Linyi People's Hospital, Shandong Second Medical University, Linyi, 276000, Shandong Province, China. zhuchenglou@hotmail.com.",Journal of robotic surgery,2026-06-22,10.1007/s11701-026-03592-2,4.6,"visualization(abstract); visual(title,abstract); data(abstract)",Esophageal cancer; bibliometrics; Robot-assisted Surgery; Radical Esophagectomy; Research Trends
42341235,Coronary computed tomography angiography to guide percutaneous coronary intervention: proceedings from the 1st CCTA-guided PCI summit in the United States.,"Coronary computed tomography angiography (CCTA) can be used beyond diagnostic purposes to support the preprocedural planning of percutaneous coronary intervention (PCI). Advances in scanner technology, software platforms, and physiology- and plaque-based visualization tools have expanded the role of CCTA-guided PCI. CCTA provides detailed assessment of coronary anatomy, plaque and calcium morphology, lesion length, vessel size, and noninvasive physiology, offering opportunities to anticipate procedural complexity, optimize resource utilization, and individualize PCI strategy. Emerging data, including randomized studies in chronic total occlusions and ongoing multicenter trials, support the feasibility and potential clinical value of this approach. In April 2024, the first CCTA-guided PCI summit in the United States convened interventional cardiologists and cardiac imagers, as well as industry stakeholders, to discuss the evidence, technical considerations, clinical applications, and unmet needs related to CCTA-guided PCI. This manuscript summarizes the key discussions and conclusions specific to this meeting, with a focus on the transition of CCTA from a diagnostic to a therapeutic planning tool, emerging artificial intelligence applications, its complementary role with intravascular imaging, and opportunities to enhance procedural planning and decision-making. While early experience is promising, broader adoption will require broader educational efforts, access to purpose-built visualization software tools designed for interventional cardiologists, multidisciplinary collaboration, and additional randomized and real-world studies to define its impact on clinical outcomes and procedural efficiency.",Carvalho PEP; Cavalcante JL; Collet C; Leipsic J; Khalique OK; Cheng V; Lesser J; Rangan BV; Brilakis ES; Sandoval Y,"Center for Coronary Artery Disease, Minneapolis Heart Institute Foundation, Minneapolis, Minnesota.",The Journal of invasive cardiology,2026-06-23,10.25270/jic/26.00085,4.0,visualization(abstract); visual(abstract); artificial intelligence(abstract); data(abstract),Percutaneous coronary intervention; Computed Tomography Angiography; Coronary Imaging
42363723,Automated data processing and analysis method for shaking table tests of masonry structures based on python open-source toolchain. ,"Shaking table testing is a crucial method for evaluating the seismic performance of structures; however, the resulting data are typically characterized by massive volumes, high sampling rates, and complex multi-channel arrays. Traditional manual processing methods relying on commercial spreadsheet software (e.g., Excel, Origin) present significant limitations regarding processing efficiency, mathematical transparency, and result reproducibility. To address these methodological gaps, this paper proposes a novel, fully automated data processing and analysis framework tailored for high-density structural dynamic testing using an open-source Python toolchain. Unlike conventional ""black-box' commercial software, this method provides a transparent, end-to-end pipeline-from automated raw multi-channel data alignment and signal pre-processing to advanced time-frequency domain analysis and standardized visualization. The framework's efficacy is validated using a shaking table test of a 1:2 scaled village masonry structure. The extracted experimental results clearly indicate that the masonry structure exhibits a significant low-pass filtering effect on high-frequency inputs (5-15 Hz), with response energy concentrated within the natural frequency range of 2-4 Hz. Furthermore, the pipeline integrates an automated structural health evaluation module; by comparing the Power Spectral Density (PSD) of white noise sweeps before and after seismic inputs, the method successfully and rapidly identified that while the structure exhibited displacement amplification under the 0.2 g operating condition, no significant stiffness degradation occurred. Ultimately, this study contributes a scalable, reproducible, and highly efficient methodological blueprint for big data analysis in structural seismic evaluation.",Yao Z; Yijun W,"School of Urban and Rural Planning and Architectural Engineering, ShangLuo University, ShangLuo, PR China.",Science progress,2026-06-27,10.1177/00368504261465266,3.8,"visualization(abstract); visual(abstract); data(title,abstract)",
42329643,Multilevel Stewardship Intervention for Use of Anticoagulation-Antiplatelet Therapy.,"<h4>Importance</h4>Antiplatelet medications are overprescribed in patients taking direct oral anticoagulants (DOACs), increasing their risk of major bleeding. The utility of potentially scalable antithrombotic stewardship approaches remains unknown.<h4>Objective</h4>To evaluate a multicomponent antithrombotic stewardship initiative to reduce unnecessary antiplatelet use in patients prescribed DOACs.<h4>Design, setting, and participants</h4>This quality improvement study used retrospective multiperiod comparative interrupted-time-series analysis from July 2020 to July 2023 to compare intervention and control sites. Participants were adults prescribed DOACs in the ambulatory setting. The interventions occurred in 7 Veterans Health Administration (VHA) health systems, while 128 other VHA health systems served as controls. Data were analyzed from July 2023 to March 2026.<h4>Intervention</h4>In stage 1, lasting 9 months, intervention sites implemented educational outreach to clinicians and patients and changes to the electronic health record system. In stage 2, lasting 16 months, a clinical pharmacist-facing electronic flag identifying patients receiving antiplatelet therapy was added to a widely used electronic dashboard.<h4>Main outcomes and measures</h4>Monthly site-level percentage of patients prescribed antiplatelet medications. The summary measure was the difference in the semiannual change in the outcome for intervention compared with control sites, controlling for preintervention trends. Subgroup analyses were performed based on antiplatelet indication.<h4>Results</h4>This study found that preintervention antiplatelet use in patients prescribed DOACs was 26.1% (95% CI, 26.0%-26.1%) in the 7 intervention sites (27 588 patients; 704 females [2.6%]) and 30.1% (95% CI, 30.0%-30.2%) in 128 control sites (253 085 patients; 6481 females [2.6%]). Antiplatelet use decreased faster by an absolute -0.58 (95% CI, -0.95 to -0.22) percentage points (pp) per 6 months for intervention compared with control sites after the 2 interventions had been implemented. The initial set of interventions was associated with an absolute -0.29 (95% CI, -0.61 to 0.04) pp change per 6 months and later augmentation with the electronic flag was associated with an absolute -0.29 (95% CI, -0.61 to 0.03) pp change per 6 months. The combined interventions were associated with the greatest reduction in the subgroup of patients with stable coronary artery disease (absolute -2.1 [95% CI, -3.0 to -1.2] pp per 6 months, equivalent to a -5.5% additional change compared with the baseline prevalence in this group), for whom antiplatelet deimplementation is likely appropriate.<h4>Conclusions and relevance</h4>This study found that the combined interventions were associated with a clinically meaningful reduction in potentially harmful combination antithrombotic therapy. The initial educational outreach and changes to the electronic health record and later augmentation with the electronic flag had additive effects, highlighting the importance of multilevel interventions to speed adoption of evidence-based antithrombotic prescribing.",Kurlander JE; Parra D; Moore V; Holleman R; Burns J; Midboe AM; Garlick B; Domlyn A; Chia L; Barnes GD; Kim HM; Sussman JB,"VA Ann Arbor Center for Clinical Management Research, Michigan.",JAMA internal medicine,2026-06-22,10.1001/jamainternmed.2026.2036,3.5,dashboard(abstract); data(abstract); electronic health record(abstract),
42361100,Sub-Zero: A Review of the Current Evidence and Evolving Technologies Enabling Zero‑Fluoroscopy Procedures. ,"Fluoroscopy has long been the cornerstone imaging modality in cardiac electrophysiology (EP), enabling real-time catheter visualization but exposing patients and healthcare providers to ionizing radiation and significant occupational hazards. With the emergence of three-dimensional electroanatomic mapping (EAM) systems and intracardiac echocardiography (ICE), zero- and near-zero fluoroscopy (ZF) approaches have become increasingly feasible across a wide spectrum of EP and structural interventions. This review synthesizes current evidence supporting ZF workflows, highlighting their efficacy, safety, and expanding clinical applicability. Contemporary data demonstrate that ZF techniques achieve procedural success, complication rates, and long-term outcomes comparable to conventional fluoroscopy-guided procedures, while substantially reducing radiation exposure and mitigating associated risks such as malignancy, cataract formation, and orthopedic injury. Advances in mapping accuracy and real-time intracardiac imaging-including 3D and 4D ICE-have enhanced anatomical visualization, procedural precision, and early detection of complications. Despite these benefits, ZF workflows introduce unique challenges, including vascular access complications, catheter-related thrombus formation, and navigation errors due to EAM system limitations. Furthermore, certain complex procedures-such as epicardial access, lead extraction, and select device implantations-continue to rely on fluoroscopic guidance. Operator experience, learning curves, and the availability of fluoroscopic ""bailout"" strategies remain critical considerations. Overall, the transition toward ZF approaches represents a paradigm shift in EP, emphasizing radiation safety without compromising procedural outcomes. Continued technological innovation, standardized training, and robust randomized studies are essential to further validate and optimize these techniques, ultimately advancing safer, patient-centered cardiovascular care.",Miller L; Agarwal A; Masri A; Atreya AR; Apte NM,"Department of Medicine, University of Louisville, Louisville, Kentucky, USA.",Pacing and clinical electrophysiology : PACE,2026-06-26,10.1111/pace.70335,3.0,visualization(abstract); visual(abstract); data(abstract),
42335077,"Realist methodologies informing the development, implementation, and scale-up of complex socio-medical interventions: A scoping review protocol.","<h4>Background</h4>Understanding how and why complex socio-medical interventions work across diverse settings is essential for addressing health inequities. Realist methodologies, grounded in realism, provide a framework to explain what works, for whom, in what contexts, and why by focusing on generative mechanisms and contextual conditions. While realist approaches have been extensively applied in implementation science, it is unclear to what extent they have been applied across the development, implementation, and scale-up phases of interventions. This scoping review aims to map how realist methodologies have been applied to inform the lifecycle of complex socio-medical interventions.<h4>Methods</h4>We plan to follow the framework of Arksey and O'Malley and the Joanna Briggs Institute (JBI) as well as PRISMA-ScR guidelines, to map how realist methodologies have been applied to inform the lifecycle of complex socio-medical interventions. Four databases (PubMed, Web of Science, CINAHL, and PsycINFO) will be searched, supplemented by grey literature and citation tracking. Two reviewers will independently screen peer-reviewed, English and Spanish-language, realist-informed studies. We will chart data on study characteristics, intervention details, realist findings (e.g., Context-Mechanism-Outcomes, programme theories), and methodological insights. We will include descriptive, thematic, and narrative synthesis, as well as network visualization. The protocol is registered in open science framework (OSF) registries (https://osf.io/t8z2b/overview).<h4>Discussion</h4>We expect to identify how realist inquiry contributes to building explanatory programme theories that guide the development, implementation, and scale-up/adaptation of complex socio-medical interventions. This review will offer practical insights for implementation scientists and healthcare practitioners on how and why complex health interventions work and can be adapted for successful implementation. Understanding the adoption of realist methodologies across the intervention lifecycle will enhance the design, implementation, and effective scale-up of socio-medical interventions in complex settings.",Ahmed MK; Bullón AA; O Adebiyi B; Serra CP; Copeland R; Mukumbang FC,"Department of Global Health, University of Washington, Seattle, Washington, United States of America.",PloS one,2026-06-23,10.1371/journal.pone.0349508,3.0,visualization(abstract); visual(abstract); data(abstract),
42359354,Modified string test to improve and confirm by molecular characterization for bacterial identification.,"Rapid and reliable identification of bacteria is essential in clinical and environmental microbiology. Gram staining remains a widely used method for preliminary classification; however, it may require additional steps and can be difficult to interpret under certain conditions. To address these limitations, we evaluated a modified potassium hydroxide (KOH) string test incorporating methylene blue to enhance visualization of DNA release and facilitate differentiation between Gram-positive and Gram-negative bacteria. A total of 185 samples from clinical and environmental sources (including hospitals, soil, salt mines and honeycombs) were analysed. Samples were first assessed using Gram staining and subsequently tested using the modified KOH method. In this procedure, a 3% KOH solution was applied to bacterial colonies, followed by the addition of methylene blue to improve visualization of filament formation. All Gram-negative isolates demonstrated visible string formation, while Gram-positive isolates showed no string formation, indicating complete concordance with Gram staining results within the tested dataset. Selected isolates were further examined using 16S rRNA gene analysis to support taxonomic identification. The modified KOH string test provides a rapid, simple and low-cost approach for preliminary bacterial differentiation. While it does not replace conventional or molecular identification methods, it may serve as a useful complementary tool, particularly in resource-limited or high-throughput laboratory settings.",Mian MD; Khan SJ; Rani R; Sadiq S; Jafri L; Jamil B,"Department of Life Sciences, Abasyn University Islamabad Campus, Islamabad, Pakistan.",Access microbiology,2026-06-25,10.1099/acmi.0.000965.v3,3.0,visualization(abstract); visual(abstract); data(abstract),Bacterial identification; rapid diagnosis; Gram Staining; Potassium Hydroxide (Koh); Modified String Test
42335160,CARGO: A cytometry analysis framework via Regularized graph optimal-transport.,"Conventional data visualization techniques in single-cell analysis (such as two-dimensional dot plots, SPADE, PCA, t-SNE, or UMAP) often fall short in enabling an intuitive understanding of high-parameter flow cytometry data. These methods tend to oversimplify complex biological relationships, lack biologically meaningful interpretations, and offer no principled framework for downstream quantitative analysis. To address these limitations, we present a graph-based (network-based) visualization framework grounded in optimal transport theory. In this framework, cell populations are defined by their marker-expression profiles, and inter-population similarity is quantified using an efficiently computable optimal transport formulation known as the Sinkhorn distance. Our approach produces biologically consistent two-dimensional graph layouts using a phenotype-aware Hamming distance. Structural differences between sample graphs are characterized through a customized graph-edit distance that captures changes in population size, marker expression, and relationships between populations. We demonstrate our methods on two flow cytometry datasets: one from a clinical trial of dendritic cell-based immunotherapy in malignant peritoneal mesothelioma, involving 14 patients sampled at three time points with 14-color panels, and another from FlowCAP-II, which involved 43 acute myeloid leukemia patient samples analyzed with 7-color panels. Our framework produces robust, quantitative visual summaries of cell populations and supports statistical analysis based on graph edit distances, thereby offering new insights into disease progression and treatment response. Ultimately, our method bridges the gap between flow cytometry data visualization and biological interpretation.",Shemonti AS; Gmyrek GB; Quintelier KLA; Van Gassen S; Saeys Y; Willemsen M; Aerts JGJV; Madsen EVE; Robinson JP; Pothen A; Rajwa B,"Department of Computer Science, Purdue University, West Lafayette, Indiana, United States of America.",PLoS computational biology,2026-06-23,10.1371/journal.pcbi.1014358,3.0,visualization(abstract); visual(abstract); data(abstract),
42339616,Relevance of the uMap Collaborative Platform as Support for Choropleth Mapping: A Traffic‒Light Statistical Signal Atlas of All-Cause Mortality-First French Lockdown.,"<h4>Background</h4>The growing need for and interest in geomatics in the medical sector, as well as the pandemic crisis, led us to create a France-wide geomatics project aimed at producing several atlases of all-cause mortality at the municipal and submunicipal district levels via uMap France, a free and open-source collaborative map-sharing platform. In 2020, we decided to circumvent the obstacle of accessing detailed COVID-19 data by adopting a mortality-based approach to map the consequences of the crisis.<h4>Objective</h4>The aim of the uMap study was to provide a webmapping platform with original visualization and knowledge, as well as decision-making aids that complement existing information and are relevant to public and healthcare professionals. Our main hypotheses are as follows: 1- the medical sector could develop a private uMap platform dedicated to health; 2- interest in a municipal mortality atlas for France linked to the pandemic crisis will increase, even if it is produced after the pandemic; and 3- sharing the atlases with the uMap community will enhance their appeal and inspire the creation of similar atlases, owing to the new ""experimental choropleth layer"" recently developed by the uMap team.<h4>Methods</h4>This approach focuses on three main parts-data management (data collection, cleansing and scheduling) and geomatic engineering-through a two-step geomatic action plan to create atlases of the first lockdown period in France, displayed on the uMap platform. A logarithmically transformed variable allows us to obtain an immediate statistical signal of excess mortality or submortality via the Traffic-Light Atlas.<h4>Results</h4>The uMap Traffic-Light display provides instant statistical signals at a glance owing to the semantic interplay of colors. The atlas's double legends make it easy to compare specific regions (northeast, northwest, southeast, and southwest) to all of France. The atlas revealed excess mortality in 42% of the municipalities (14,503) out of 34,833. Thirty-five percent are in the green class (close to average to twice the average), 5% are in the orange class (2-4 times the average), and 2% are in the red class (4-11 times higher than average).<h4>Conclusions</h4>We innovated, enriched, and reinforced the value of uMap for visual rendering by instantiating colored choropleth map atlases and double legends and showed its relevance to the healthcare sector. We focused on the Traffic-Light Atlas, which is the most relevant because of the instant message it conveys and its interpretability for all audiences. The uMap community can share our all-cause mortality atlases. A second version of the atlas encompassing four periods in 2020 and containing a minor error will be updated using either the ""experimental choropleth layer"" feature recently developed by the uMap team or, if this feature proves insufficient, the geomatic optimization process via the R-project.<h4>Clinicaltrial</h4>Not applicable.",Quesnel-Barbet A; Pages T; Soula J; Maignant G; Hansske A,"Public Health - Regional House of Clinical Research (MRRC), Lille University Hospital (CHU de Lille), 6 rue du Pr Laguesse, CS 70001, Lille cedex, FR.",JMIR medical informatics,2026-06-22,10.2196/82855,3.0,visualization(abstract); visual(abstract); data(abstract),
42339559,Associations Between Noticing Product Features in Cannabis Vape Product Advertisements and Product Use Perceptions Among Young Adults: A Heatmap Experiment.,"<h4>Background</h4>Advertising for cannabis vape products (CVPs) often highlights product features related to their functions and perceived benefits. Such messages may encourage CVP use among young adults (YAs), a group with rising prevalence and heightened vulnerability to CVP use. We examined the associations between noticing product feature messages in CVP ads and product use perceptions among US YAs of varying CVP-use statuses.<h4>Methods</h4>YAs (n = 2024) who either use CVPs or are susceptible to CVP use completed an online heatmap (a visualization tool representing attention data) experiment in 2024. Participants viewed 6 CVP ads that each portrayed 3 of the following 9 types of product feature messages: creativity, physical health benefits, social enhancement, mental health benefits, relaxation, positive flavor sensation, positive mood effects, convenience/discreetness, and elevated potency. Participants clicked on the message that most attracted their attention in each ad and then reported use intentions, positive use expectancy, and perceived mental and physical health benefits related to using the advertised products. We examined associations between noticing product feature messages and perception outcomes, controlling for covariates.<h4>Results</h4>Noticing messages about physical health benefits was positively associated with product use intentions (coef. = 0.343, <i>P</i> = .000), positive use expectancy (coef. = 0.107, <i>P</i> = .002), and perceived physical (coef. = 0.189, <i>P</i> = .000) and mental (coef. = 0.171, <i>P</i> = .000) health benefits. Noticing messages about social effects was positively associated with product use intentions (coef. = 0.410, <i>P</i> = .000), positive use expectancy (coef. = 0.163, <i>P</i> = .000), and perceived mental health benefits (coef. = 0.229, <i>P</i> = .000). Additionally, noticing messages about creativity was positively associated with product use intentions (coef. = 0.164, <i>P</i> = .007).<h4>Conclusions</h4>Attention to several product feature messages in CVP ads was associated with intentions and positive perceptions of using the advertised CVPs among YAs, which may lead to future use. Results from this study can inform strategies for reducing the appeal and influence of CVP marketing among this vulnerable population.",La Capria K; Kowitt SD; Wagoner KG; Ganz O; Meng S; Chen-Sankey J,"Rutgers Institute for Nicotine & Tobacco Studies, New Brunswick, NJ, USA.",Substance use & addiction journal,2026-06-24,10.1177/29767342261453196,3.0,visualization(abstract); visual(abstract); data(abstract),Advertisements; Product Features; Cannabis Vape Products
42349831,"Contrast-enhanced ultrasound in brain tumor surgery: clinical applications, intraoperative utility, and safety - A systematic review.","<h4>Background</h4>Contrast-enhanced ultrasound (CEUS) has been increasingly used as an intraoperative adjunct in neuro-oncology. Although multiple studies have reported favorable imaging performance across different brain tumor types and surgical applications, the breadth of its clinical utility, imaging patterns, and safety profile remains incompletely characterized due to fragmented and heterogeneous evidence. This systematic review aimed to comprehensively evaluate the clinical applications, imaging findings, and safety of CEUS in patients with intracranial tumors.<h4>Methods</h4>A PRISMA-compliant systematic review was conducted using PubMed, Embase, and Web of Science. Clinical studies evaluating CEUS in patients with intra- or extra-axial brain tumors and reporting imaging-related outcomes were included. Data on study design, ultrasound protocols, CEUS applications, imaging characteristics, and adverse events were qualitatively synthesized.<h4>Results</h4>Thirty-three studies involving 1,083 patients were included. CEUS was applied intraoperatively in all studies, most commonly for differentiation between tumoral and normal brain tissue, between tumor types, and between tumor recurrence and radionecrosis, resection control, intratumoral vasculature assessment, biopsy guidance, and follow-up modality. CEUS consistently improved visualization of lesion boundaries and residual tumor, with characteristic perfusion patterns correlating with histopathology and microvascular density. Reported contrast-related adverse events were rare and non-serious.<h4>Conclusion</h4>Findings indicate CEUS to be a safe and valuable intraoperative imaging adjunct in neuro-oncology, providing real-time functional and vascular information that may improve tumor characterization and surgical guidance. This systematic review offers the first comprehensive synthesis of the clinical evidence on CEUS in neuro-oncologic surgery, outlining its current applications, strengths, and limitations within an otherwise heterogeneous literature.",Cardoso LJC; Ferreira MY; Daniels BM; Mendonça GZC; Ratnikov D; Zanovello FBB; Pereira AL; Haidous A; McDonald M; Polloto JC; Xavier PVM; Reis BL; Ben-Shalom N,"School of Medicine, Federal University of Minas Gerais, Belo Horizonte, Minas Gerais, Brazil. Electronic address: leonardojccardoso@hotmail.com.",Neuro-Chirurgie,2026-06-25,10.1016/j.neuchi.2026.101842,3.0,visualization(abstract); visual(abstract); data(abstract),Tumors; Neuro-oncology; Contrast-enhanced Ultrasound; Neuro-imaging
42340561,Dual-domain radio-frequency signal and image joint modeling for coronary calcium detection in intravascular ultrasound.,"Coronary artery disease remains a leading cause of mortality worldwide. Accurate detection and angular quantification of coronary calcification are important for optimizing percutaneous coronary intervention. Intravascular Ultrasound provides high-resolution visualization of plaques, where calcification typically appears as hyperechoic regions with acoustic shadowing. However, grayscale intravascular ultrasound is sensitive to imaging conditions and reconstruction algorithms, making automated calcification analysis challenging. This study aims to automate the detection of calcification and the quantification of angles. We propose a dual-branch deep learning framework that integrates raw intravascular ultrasound radio-frequency (RF) signals with polar-coordinate grayscale images. A physics-consistent complex convolution module is introduced to preserve the intrinsic physical structure of RF signals during feature extraction. The framework further incorporates phase-amplitude guided dual-path cross-attention and a shadow-aware radial A-line classifier to enhance RF-image interaction and angle estimation. Calcification angles are computed from the predicted segmentation combined with lumen centroid localization. Experiments were conducted on a multicenter development dataset from four centers, including 78 patients, 136 pullbacks, and 32,672 IVUS frames. An independent external clinical test set comprising 10 patients, 15 pullbacks, and 2,362 frames was further used for final evaluation. On the internal validation set, the proposed method achieved a Dice coefficient of 0.921 and a Hausdorff distance of 0.251 mm for calcification segmentation, with an A-line classification accuracy of 97.1% for calcification angle quantification. The model also maintained stable performance on the external clinical test set, supporting its potential generalizability in real-world clinical scenarios. Joint modeling of RF signals and grayscale intravascular ultrasound features enables accurate and robust calcification detection and angular quantification, supporting objective and reproducible clinical assessment.",Yu X; Lin Y; Liu X; Tu S,"School of Biomedical Engineering, Southern Medical University, 1023-1063 Shatai South Road, Baiyun District, Guangzhou, 510515, Guangdong, China.",Medical & biological engineering & computing,2026-06-24,10.1007/s11517-026-03611-2,3.0,visualization(abstract); visual(abstract); data(abstract),Atherosclerosis; Intravascular Ultrasound; Deep Learning; Calcification Plaque
42324425,Micro-computed tomography for gunshot residue detection: A systematic review and meta-analysis of distance-dependent deposition patterns.,"Micro-computed tomography (micro-CT) has emerged as a non-destructive technique for three-dimensional visualization of radiodense gunshot residue (GSR), yet its quantitative performance and variability have not been systematically evaluated. This systematic review and meta-analysis synthesized experimental evidence on micro-CT-based detection of inorganic GSR. Following PRISMA guidelines, six studies were included, of which four provided data for quantitative synthesis. Random-effects meta-analyses showed a progressive decline in detectable residue with increasing shooting distance, with pooled detection rates of 0.133% at 5 cm and 0.019% at 30 cm, accompanied by extreme between-study heterogeneity (I² > 99%). Quadratic mixed-effects meta-regression identified a significant nonlinear association between distance and detection, with a predicted maximum at approximately 17.79 cm, although distance explained only a small proportion of variability. Exploratory Gaussian modeling revealed marked substrate-dependent differences in detection profiles. Overall, micro-CT consistently enabled non-destructive three-dimensional localization and volumetric assessment of radiodense particles but showed limited capacity for standalone inferential applications, particularly shooting-distance estimation. These findings support its role as a complementary screening and mapping tool within forensic ballistic investigations while highlighting the need for standardized protocols and confirmatory compositional analyses. Clinical trial number: not applicable.",Vicentin-Junior CA; Vieira RB; Munhoz L; Watanabe PCA; Machado CEP; Martins-Filho PR,"Graduate Program in Pathology, Department of Pathology and Legal Medicine, Ribeirão Preto Medical School, University of São Paulo, USP, Av. Bandeirantes 3900, 14049-900, Ribeirão Preto, Brazil. carlos.vicentin16@gmail.com.",International journal of legal medicine,2026-06-22,10.1007/s00414-026-03879-x,3.0,visualization(abstract); visual(abstract); data(abstract),X-ray Microtomography; Micro-computed Tomography; Methodological Limitations; Gunshot Residue; Volumetric Analysis; Radiodense Particulates
42360790,Detectable safety gestalt of rheumatoid arthritis treatments from pivotal clinical drug trials. ,"To provide a meta-level comparison of standardized safety profiles (""gestalt"") of currently licensed biologic and targeted synthetic disease-modifying anti-rheumatic drugs (bDMARDs and tsDMARDs) in rheumatoid arthritis (RA) from pivotal clinical trials. We systematically searched EMBASE, Medline and the Cochrane Library for randomized controlled RA drug approval trials of bDMARDs and tsDMARDs. The Medical Dictionary for Regulatory Activities (MedDRA) hierarchy system was applied to account for the heterogeneous safety reporting across trials, and random-effects meta-analyses of adverse events (AE) were performed at lower MedDRA levels as well as for major system organ classes. Serious adverse events (SAE) and AE of special interest (AESI) were studied descriptively. Forest plots and radar charts were used for visualization, to generate distinct safety profiles, referred to as ""safety gestalt"", for each compound. Sixty-four randomized, placebo-controlled drug approval trials were considered, of which 25 studied tumour necrosis factor alpha inhibitors, 10 studied interleukin 6 receptor inhibitors, 5 studied rituximab, 7 studied abatacept, and 18 studied Janus kinase inhibitors. Meta-level comparisons of the total number of AE and SAE showed comparable overall safety and tolerability, while a more granular insight into distinct organ classes and AESI disentailed differences between compounds and drug classes. Standardized safety reporting and profiling of bDMARDs and tsDMARDs from pivotal clinical drug trials provides an overview of safety outcomes of commonly used RA therapies, supports safety-oriented treatment selection in individual patients, and provides essential context for safety evaluation of novel therapies during periods before long-term safety data become available.",Konzett V; Kerschbaumer A; Willmann L; Aletaha D,"Department of Medicine III, Division of Rheumatology, Medical University of Vienna, Austria.","Rheumatology (Oxford, England)",2026-06-26,10.1093/rheumatology/keag263,3.0,visualization(abstract); visual(abstract); data(abstract),
42336641,Slit ventricles in idiopathic intracranial hypertension appear to expand after venous sinus stenting: a volumetric analysis.,"<h4>Background</h4>Venous congestion is associated with tissue swelling in multiple organ systems. In idiopathic intracranial hypertension (IIH), its effects on brain parenchyma are less well defined, but may contribute to slit ventricles through increased parenchymal volume. We therefore analyzed ventricular volumes before and after venous sinus stenting (VSS).<h4>Methods</h4>Semi-automated ventricular segmentation was performed using 3D Slicer (image analysis and scientific visualization software) on pre- and post-VSS volumetric MRI or CT scans from patients with IIH at a single center (2022-2025). The primary objective was to quantify change in total ventricular volume. Secondary objectives were to assess compartmental changes, predictors of ventricular volume change, and associations between volumetric data and clinical outcomes.<h4>Results</h4>25 patients were included. Median time to post-stent imaging was 6.7 months (IQR 4.7-7.0). Median total ventricular volume increased from 10.96 mL (IQR 8.91-19.21) to 12.8 mL (IQR 9.72-20.32) (+16.8%, P=0.024), driven predominantly by increased lateral ventricular volume (+12.3%, P=0.021). Third and fourth ventricular volumes did not change significantly. No predictors of volume change were identified. Lower baseline ventricular volume was associated with higher odds of a favorable clinical outcome following VSS (OR 1.14, 95% CI 1.01 to 1.32, P=0.047).<h4>Conclusion</h4>There is a small but consistent increase in ventricular volume following VSS, driven by expansion of the lateral ventricles. Greater benefit from stenting was observed in patients with lower baseline ventricular volumes. These findings suggest cerebral venous congestion may contribute to slit ventricles in IIH, and that improved venous drainage may permit re-expansion of cerebrospinal fluid spaces.",Suresh VA; Srinivasan S; Opperman PJ; Wattier SE; Surdell DL; Thorell WE; Sattur M; Borg N,"Neurosurgery, University of Nebraska Medical Center, Omaha, Nebraska, USA.",Journal of neurointerventional surgery,2026-06-23,10.1136/jnis-2026-025625,3.0,visualization(abstract); visual(abstract); data(abstract),Cerebral ventricles; Stent; Pseudotumor Cerebri; Neuroimaging
42340965,Potential of extracellular vesicle-derived microRNAs as a platform for biomarker discovery in acute lymphoblastic leukemia.,"<h4>Background</h4>Extracellular vesicle (EV)-derived microRNAs (miRNAs) represent a promising platform for biomarker discovery in acute lymphoblastic leukemia (ALL). This study evaluated the biomarker potential of EV-derived miRNAs isolated from five ALL cell lines.<h4>Methods</h4>Human ALL cell lines were cultured in EV-depleted fetal bovine serum. These included two parental cell lines, CCL-119 and CRL-3273, and three related cell lines previously characterized as exhibiting chemoresistance-associated phenotypes: CRL-2264 and CRL-2265, derived from CCL-119, and CRL-3274, derived from CRL-3273. EVs were isolated using a commercial size-exclusion chromatography-based method and characterized by nanoparticle tracking analysis, transmission electron microscopy, and immunoblotting for CD9, CD63, and CD81. Small RNA sequencing was subsequently performed. All data processing and visualization were conducted using R statistical software.<h4>Results</h4>Across all samples, 2,656 EV-derived miRNAs were identified. Among these, three EV-derived miRNAs were prioritized based on consistent directional differences in this exploratory analysis: miR-1226-5p and miR-760 were downregulated, whereas miR-29b-3p was upregulated. To further assess their potential clinical relevance, we evaluated associations between survival and the expression of predicted target genes using the GSE5314 dataset. Higher expression of AHI1, a gene implicated in leukemogenesis and drug resistance and linked to downregulated miR-760 in our models, was associated with poor survival in patients with ALL.<h4>Conclusions</h4>This exploratory study identified three EV-derived miRNAs, miR-1226-5p, miR-760, and miR-29b-3p, together with the related gene AHI1, as candidate biomarker leads in ALL cell line models. Further validation using patient-derived EVs, plasma samples, and subtype-aware clinical cohorts is required before clinical interpretation.",Gim JA; Kwak K; Park Y; Kim BS; Kang KW,"Department of Medical Science, Soonchunhyang University, Asan, Republic of Korea.",PloS one,2026-06-24,10.1371/journal.pone.0352501,3.0,visualization(abstract); visual(abstract); data(abstract),
42339888,"Ultrasound in Gluteal Fat Grafting: Safety Tool, Standard of Care, or Emerging Evidence?: A Scoping Review.","Gluteal fat grafting is associated with rare but potentially fatal complications, particularly fat embolism related to inadvertent intramuscular injection. Current safety recommendations emphasize strict subcutaneous fat placement. Intraoperative ultrasound has been proposed as a tool to enhance procedural safety; however, the extent and quality of supporting evidence remains unclear. A scoping review was conducted according to PRISMA-ScR and Joanna Briggs Institute methodology. Six electronic databases were searched from the earliest available records through March 2025. Studies including adult patients undergoing ultrasound-guided gluteal fat grafting were eligible. Nine studies published between 2018 and 2025 met inclusion criteria. Evidence consisted predominantly of observational case series and one systematic review with meta-analysis; no randomized or high-quality comparative studies were identified. Ultrasound was primarily used to guide cannula positioning and confirm subcutaneous fat injection in real time. Verification of the injection plane relied mainly on intraoperative visualization rather than standardized imaging-based confirmation. No cases of fat embolism or procedure-related mortality were reported. Additional procedural benefits were described but were largely qualitative and infrequently assessed using comparative outcome measures. Intraoperative ultrasound appears to be a useful safety adjunct in gluteal fat grafting; however, current evidence is limited and primarily non-comparative. Further comparative studies are required to establish its clinical benefit.",Vázquez-Guerra XC; Alvarez-Lozada LA; Altuzar-Abadía JJ; Lozano-Carrillo LC; González-Cantú CM; Alvarez-Villalobos NA; Castro-Govea Y,"Universidad Autónoma de Nuevo León, School of Medicine and University Hospital ""Dr. José Eleuterio González"", Department of Reconstructive, Esthetic, and Plastic Surgery, INNPLASTIC Research Group, Monterrey, Mexico.",Aesthetic surgery journal,2026-06-24,10.1093/asj/sjag120,3.0,visualization(abstract); visual(abstract); data(abstract),
42343332,Automatic diagnosis of osteonecrosis of the femoral head and segmentation of necrotic regions using deep learning at computed tomography: a real-world multicenter study.,"<h4>Background</h4>Computed tomography (CT) is essential for diagnosing osteonecrosis of the femoral head (ONFH) due to its superior visualization of osseous structures, yet CT-based deep learning (DL) models remain underexplored in real-world settings.<h4>Methods</h4>This retrospective multicenter study developed a two-stage DL model integrating Vision Transformer (ViT) and Swin Transformer (SwinT) for ONFH diagnosis and necrotic segmentation, using coronal CT images from 2,312 patients (53,828 images) across four hospitals from February 2023 to June 2024. The data from three hospitals were split 7:1:2 for training, validation, and internal testing, with the fourth serving as the external test set. Diagnostic performance was evaluated at both the slice and patient levels using the area under the receiver operating characteristic curve (AUC), sensitivity, and negative predictive value (NPV) while segmentation performance was assessed using the Dice coefficient and HD95. Human-computer comparison trials were conducted against three orthopaedic surgeons.<h4>Results</h4>At the slice level, the model achieved robust performance with strong results in internal test set (AUC = 0.98, sensitivity = 98.91%, NPV = 98.66%, Dice = 72.64%, HD95 = 4.51 mm) and external test set (AUC = 0.97, sensitivity = 99.61%, NPV = 99.63%, Dice = 69.11%, HD95 = 5.27 mm). At the patient level, diagnostic performance remained high, with AUCs of 0.98 and 0.97 in the internal and external test sets, respectively. It outperformed surgeons in diagnosis and matched a 10-year-experienced attending in segmentation.<h4>Conclusion</h4>Our CT-based two-stage DL model exhibits high accuracy and strong generalizability for ONFH diagnosis and necrotic segmentation, providing a technically robust foundational framework with promising clinical translational potential for ONFH management.<h4>Trial registration</h4>This study was registered in the Chinese Clinical Trial Registry chictr.org.cn (Registration ID: ChiCTR2300067945, 01/02/2023).",Chen H; Zhou Y; Gao S; Liu C; Xi H; Gu C; Liu S; Xue P; Zhang C; Chen Y; Sun G; Liu X,"Affiliated Hospital of Nanjing University of Chinese Medicine, Nanjing, Jiangsu, 210029, China.",BMC musculoskeletal disorders,2026-06-25,10.1186/s12891-026-10113-7,3.0,visualization(abstract); visual(abstract); data(abstract),computed tomography; Real-world; osteonecrosis of the femoral head; Deep Learning; Necrotic Regions Segmentation
42330981,EEG-EMG spatiotemporal cross-attention fusion network for functional upper-limb movement classification.,"<h4>Objective</h4>Electroencephalography (EEG) and electromyography (EMG) are widely used for decoding motor intentions, yet unimodal approaches often suffer from low robustness and limited representational information. EEG-EMG hybrid brain-computer interfaces (BCI) can bridge cortical intention and muscular execution, but challenges remain in signal alignment, fusion modeling, and clinical generalization.<h4>Approach</h4>To address these issues, we propose STCAFusion, a spatiotemporal cross-attention framework that integrates EEG and EMG through multi-band based dual-branch convolutional encoders and parallel temporal and spatial cross-attention modules. This design enables detailed modeling of inter-modal correlations across both time and space. We evaluate STCAFusion on a newly collected dataset of synchronous EEG-EMG recordings from 12 subjects, where the data were acquired under two paradigms (Reaching and Lifting) designed from daily functional upper-limb activities to emphasize directional and strength control.<h4>Main results</h4>With leave-one-run-out cross-validation, STCAFusion achieves average accuracies of 84.15% and 95.22% in the two paradigms, outperforming the strongest competing EEG-EMG fusion baselines by 3.4% in the Reaching paradigm and 1.8% in the Lifting paradigm. Visualization of learned attention weights further reveals meaningful spatiotemporal EEG-EMG coupling patterns, offering insights into neural-muscular coordination patterns relevant to rehabilitation-oriented BCI design.<h4>Significance</h4>These results highlight the potential of cross-attention-based multimodal physiological signal fusion in building reliable hybrid BCI and wearable devices for upper-limb control and rehabilitation.",Yao Z; Zhou J; Li J; Bai Z; Ji H; Liu L; Jin L,"Translational Research Center, Shanghai Yangzhi Rehabilitation Hospital, School of Computer Science and Technology, Tongji University, Shanghai, Shanghai, 200092, China.",Biomedical physics & engineering express,2026-06-22,10.1088/2057-1976/ae802c,3.0,visualization(abstract); visual(abstract); data(abstract),EEG; EMG; Brain-computer interface; Multimodal Fusion; Transformer
42208575,Improving Compton imaging of 478 keV prompt gamma-ray in boron neutron capture therapy with neural network-based event filtering: a simulation study.,"<i>Objective.</i>Boron neutron capture therapy (BNCT) is a promising radiotherapy modality that effectively targets cancer cells through boron neutron capture reactions. Real-time determination and localization of the<i>in vivo</i>boron dose during treatment play an important role in BNCT. This study aims to investigate the feasibility of neural network-based Compton event filtering to enhance 478 keV prompt gamma-ray imaging for BNCT under high-background radiation conditions with a Si/TlBr Compton camera.<i>Approach.</i>Monte Carlo simulations were performed using PHITS to generate signal and noise Compton events under clinically relevant neutron irradiation. Fully connected neural network models were trained to classify signal and noise events. The filtered events were then used for Compton image reconstruction, and quantitative imaging performance was evaluated using event retention rate with<sup>10</sup>B concentration and image quality metrics.<i>Results.</i>The neural network models achieved stable classification performance with area under the ROC curve values exceeding 0.8. The Compton event retention rate shows a strong linear relationship with tumor<sup>10</sup>B concentration, demonstrating the quantitative capability. Image reconstruction results indicate improved image quality in tumor regions, although additional background artifacts were observed.<i>Significance.</i>The proposed neural network-based Compton event filtering method provides an effective preprocessing strategy for data reduction and accelerated reconstruction. While further refinement is required for practical clinical application, this approach represents a promising step toward Compton camera-based prompt gamma-ray imaging for real-time<i>in vivo</i>boron dose visualization in BNCT.",Qiu J; Sakai M; Zhang C; Voulgaris N; Tamaki S; Kusaka S; Murata I,"Division of Sustainable Energy and Environmental Engineering, Graduate School of Engineering, The University of Osaka, Yamada-oka 2-1, Suita, Osaka 565-0871, Japan.",Physics in medicine and biology,2026-06-24,10.1088/1361-6560/ae74ae,3.0,visualization(abstract); visual(abstract); data(abstract),Neural networks; Image reconstruction; Monte Carlo simulation; Boron neutron capture therapy; Binary Classification; Compton Camera
42338220,LysePred: A Multiscale Convolutional Neural Network for Predicting Hemolytic Activity of Antimicrobial Peptides.,"Antimicrobial peptides (AMPs) represent promising alternatives to conventional antibiotics, yet hemolytic toxicity remains a critical barrier to clinical translation, with approximately 70% of known AMPs exhibiting high or moderate hemolytic activity. Existing computational prediction methods are often constrained by deficiencies, including high computational complexities, the inability to capture multiscale sequence patterns, and insufficient generalization across diverse datasets. We present LysePred, a multiscale convolutional neural network to address these deficiencies concurrently by employing parallel branches with exponentially spaced kernel sizes to simultaneously capture local amino acid motifs (bigrams, 4-g) and longer-range amphipathic patterns (8- to 32-g). LysePred achieves top-tier performance on six benchmark datasets, exceeding the performance of the second-best method by 9.13% in MCC and 3.65% in ACC on average, while maintaining exceptional stability (MCC CV < 6.92%, ACC CV < 2.73%). Furthermore, independent validation on the HemoPI2 dataset demonstrates that LysePred delivers highly competitive results with a computationally parsimonious design (∼0.55 M parameters). This represents a reduction in parameter density of 1 to 2 orders of magnitude compared to Transformer-based approaches, such as the 8M-parameter ESM-2 or the 110M-parameter BERT Base while maintaining linear complexity for high-throughput screening. Ablation studies validate that the multiscale architecture contributes meaningfully to performance, with single-scale variants showing up to 13.35% MCC degradation. Interpretability analyses via t-SNE visualization and SHAP feature importance reveal that LysePred learns biologically meaningful representations integrating both local sequence motifs and global structural patterns. LysePred offers a practical, efficient, and interpretable tool for rapid hemolytic toxicity prediction in antimicrobial peptide development. Code and data are available at https://github.com/lincubator/LysePred.",Lin C; Li J; Su C; Xiong S; Kang X; Lu J; Wei L,"Faculty of Applied Sciences, Macao Polytechnic University, R. de Luís Gonzaga Gomes, Macao 999078, China.",ACS synthetic biology,2026-06-23,10.1021/acssynbio.6c00173,3.0,visualization(abstract); visual(abstract); data(abstract),Antimicrobial peptide; drug discovery; Interpretability; Deep Learning; Hemolytic Toxicity; Multiscale Cnn
42341466,Evaluation of a deep generative computational framework under constrained conditions for multi-regional placental single-cell transcriptomic inference.,"<h4>Introduction</h4>The placenta is a highly heterogeneous organ, and its dysfunction is central to preeclampsia (PE). Although single-cell RNA sequencing (scRNA-seq) enables high-resolution characterization, its high cost limits large-scale clinical use. scSemiProfiler integrates deep generative modeling with bulk RNA-seq to infer single-cell transcriptomes, but the original framework relies on an active learning module to select informative samples. In this study, we evaluate a simplified workflow that omits active learning, assessing its performance under these constrained conditions in complex, multi-regional placental tissues.<h4>Methods</h4>We generated 14 scRNA-seq libraries from three placental regions-basal plate (BP), placental villi (PV), and chorioamniotic membranes (CAM)-obtained from 5 pregnant women (1 normotensive controls and 4 PE cases), and integrated these with 118 bulk RNA-seq datasets (detailed in Table S1). scSemiProfiler was applied without active learning, using existing scRNA-seq data as references. Semi-profiled and real-profiled data were compared in cell type composition, marker genes, and Gene Ontology (GO) enrichment. The impact of gene-count filtering was also assessed.<h4>Results</h4>Semi-profiled data recapitulated major tissue-specific cell composition patterns across regions, despite deviations in some populations (especially in some rare populations). Gene expression intensity and detection rates were reduced, but canonical markers remained identifiable. Filtering cells with fewer than 10 detected genes improved compositional concordance and marker visualization, with minimal impact on GO consistency. scSemiProfiler captured pathway-level functional variation and disease-associated GO changes, but was less reliable for rare cell types and subtle gene-level differences, particularly in case-control contrasts across regions.<h4>Conclusions</h4>The simplified scSemiProfiler workflow, applied without active learning, largely preserved broad tissue-level transcriptional patterns but showed limited performance for rare cell types and disease contrasts.",Tang Z; Li K; Liu Y; Lu S; Wei X; Yang Y; Yin H; Guo Z; Sheng C; Li F; Yang X,"Institute of Antibody Engineering, School of Laboratory Medicine and Biotechnology, Southern Medical University, 1838 N. Guangzhou Ave, Guangzhou, 510515, PR China.",Placenta,2026-06-22,10.1016/j.placenta.2026.06.006,3.0,visualization(abstract); visual(abstract); data(abstract),Pregnancy; Preeclampsia; Gene Ontology Analysis; Single-cell Rna Sequencing; Deep Generative Models; Semi-profiling Framework; Bulk Rna Sequencing; Placental Transcriptomics
42319965,Single-Port Robotic Transanal Minimally Invasive Surgery for Rectal Cancer: A Novel Approach With FishBowl-Early Case Series.,"<h4>Background</h4>Transanal minimally invasive surgery (TAMIS) emerged as a validated technique for local excision of rectal adenomas and early-stage adenocarcinomas. In organ preservation protocols, TAMIS is increasingly used for mid- and low-rectal cancers, achieving complete or major clinical response (cCR/cMR) following neoadjuvant chemoradiotherapy, complementing Watch-and-Wait strategies with low morbidity and favorable outcomes. Robotic platforms, particularly the Da Vinci SP, have improved surgical dexterity and visualization in confined pelvic spaces. Despite CE approval and encouraging feasibility data, widespread adoption of SP-TAMIS remains limited due to docking constraints. This study reports the first European series of rectal cancer cases treated with SP-TAMIS (SPrTAMIS) using a novel small FishBowl docking system and evaluates its feasibility, safety, and short-term outcomes.<h4>Materials and methods</h4>Five patients with rectal adenocarcinoma, selected based on organ preservation criteria, underwent SPrTAMIS using the Da Vinci SP system. Preoperative assessment included endoscopy, MRI, CT, and bowel preparation. Procedures were performed under general anesthesia with CO2 pneumorectum (12 mm Hg) and robotic instrumentation via the FishBowl docking system. Data collected included tumor characteristics, surgical duration, estimated blood loss (EBL), morbidity, mortality, length of stay (LOS), and functional outcomes (LARS and MSKCC scores).<h4>Results</h4>All procedures were completed robotically without conversion. The mean lesion size was 8.8 mm, located 50 mm from the anal verge and 16 mm from the anorectal junction. Mean operative time was 85 minutes. No intraoperative complications or mortality occurred. GI function resumed by postoperative day (POD) 1; all patients were discharged by POD 2. One minor, asymptomatic suture dehiscence was observed. Histology confirmed complete excision with negative margins. The median follow-up was 68 days, and functional and quality-of-life outcomes were favorable.<h4>Conclusions</h4>SPrTAMIS using Da Vinci SP and the FishBowl system is feasible and safe for rectal excision, offering ergonomic advantages and minimal anal canal trauma. Further studies are warranted to assess long-term oncologic and functional outcomes.",Mellano A; Pellegrino L; Salomone S; Zaffirio S; Borghi F,"Surgical Oncology Unit, Candiolo Cancer Institute-FPO IRCCS, Candiolo, Torino, Italy.","Surgical laparoscopy, endoscopy & percutaneous techniques",2026-06-22,10.1097/sle.0000000000001472,3.0,visualization(abstract); visual(abstract); data(abstract),Rectal neoplasm; Transanal Endoscopic Microsurgery; Robotic Surgery; Single-port Surgery; Transanal Minimally Invasive Surgery; Fishbowl Docking System; Organ Preservation Protocols
42329684,Clinical Evaluation of a Real-Time Wearable System for Monitoring In-Hospital Ambulatory Patients With COVID-19: Retrospective Data Study.,"<h4>Background</h4>Many studies have evaluated the use of wearable monitoring systems to improve patient safety in hospital. Although some have demonstrated effects on intensive care admissions, there remains little evidence of impact on patient outcomes such as mortality, hospital length of stay, and time to antibiotic administration. Very few studies have focused on how wearable monitoring systems are used in clinical practice, including how the rate of manual vital sign measurements (MVSMs) is affected.<h4>Objective</h4>Our primary aim was to describe the physiological pattern of vital signs in hospitalized patients treated for COVID-19 outside of critical care. We also report an exploratory post hoc analysis of the impact of displaying wearable monitoring system data on the frequency of intermittent MVSMs.<h4>Methods</h4>We conducted a retrospective study during the COVID-19 pandemic following deployment of a wearable monitoring system that continuously displayed heart rate, respiratory rate, and oxygen saturation levels. We included patients treated for COVID-19 in 3 isolation wards in a large UK hospital. Wearable monitoring system data were displayed on a dashboard in the center of each ward. We analyzed the patterns of vital signs in patients monitored using the wearable monitoring system. We compared the time to next observation (led by nursing staff) for routinely collected MVSMs between periods when patients were continuously monitored and those when they were not. In exploratory post hoc analysis, we tested whether the difference varied between stable (early warning score [EWS] above the escalation threshold) and unstable patients.<h4>Results</h4>Patients (N=144) had continuous vital signs above the EWS threshold for escalation for 32.7% (2133/6528) of time monitored. The unadjusted median time between MVSMs for continuously monitored periods was 39 minutes (95% CI 29-49; P<.001) longer than for unmonitored periods. When adjusted for EWS category and participant-level clustering, the effect was attenuated but remained significant (14.6 minutes; P<.001). In exploratory post hoc analysis, we found that increases were larger during stable observation periods (51 minutes, 95% CI 39-62; P<.001) than during unstable periods (16 minutes, 95% CI 8-24; P<.001). However, adjusted analyses did not support a significant difference between stable and unstable periods.<h4>Conclusions</h4>Patients in this study were at elevated risk of deterioration, spending a third of monitored time at or above the escalation threshold. We found that, by offering additional vital sign data between manual measurements, the time between routine MVSMs increased, which may reflect changes in nursing task prioritization. Although patient safety outcomes were not directly measured, we found no indication that reducing observation frequency adversely affected patient safety.",Vollam S; Roman C; Santos M; Pimentel M; Redfern O; Tarassenko L; Watkinson P,"Nuffield Department of Clinical Neurosciences, University of Oxford, Oxford, United Kingdom.",JMIR medical informatics,2026-06-22,10.2196/81304,2.8,"dashboard(abstract); data(title,abstract)",Patient Safety; Ambulatory Monitoring; Vital Signs; Wearable Devices; Early Warning Score; Nurse Workload
42333526,Diagnostic Usefulness of LC-OCT in Mammary and Extramammary Paget Disease and Correlation With Vertical and Horizontal Histopathology: A Case Series.,"<h4>Abstract</h4>The Paget disease represents a form of adenocarcinoma arising in epidermis; it can be distinguished in mammary (when involves the nipple areolar epidermis) and extramammary Paget disease (uncommon form that involves apocrine gland-rich areas); they present significant diagnostic challenges because of its nonspecific clinical appearance and frequent misidentification as benign, inflammatory skin conditions. Line-field confocal optical coherence tomography (LC-OCT) is a novel, noninvasive imaging modality that enables in vivo, real-time visualization of the skin with near-histological resolution. The objective of this study was to evaluate the diagnostic performance and clinical applicability of LC-OCT as a noninvasive imaging tool for the in vivo assessment of both mammary and extramammary Paget disease, and to establish their correspondence with conventional histopathological findings. This retrospective study included 4 patients with histopathologically confirmed diagnoses of mammary and extramammary Paget disease. All lesions were imaged in vivo with LC-OCT before biopsy. In both mammary Paget disease and extramammary Paget disease, LC-OCT identified intraepidermal clusters and single hypo-reflective Paget cells correlating with histological findings. LC-OCT represents a valuable adjunct in dermatologic diagnostics, offering near-histological, real-time visualization of cutaneous architecture. It can enhance diagnostic accuracy, guide biopsy site selection, improve preoperative margin assessment, and support follow-up after nonsurgical therapy.",Broggi G; Laudani F; Failla M; Caltabiano R; Lacarrubba F; Micali G; Verzì AE,"Department of Medical and Surgical Sciences and Advanced Technologies ""G.F. Ingrassia"", Anatomic Pathology, University of Catania, Catania, Italy; and.",The American Journal of dermatopathology,2026-06-24,10.1097/dad.0000000000003359,2.5,visualization(abstract); visual(abstract),Extramammary Paget Disease; Paget Disease; Line-field Confocal Optical Coherence Tomography
42362895,Optimizing tourniquet pressures in knee arthroscopy: an international survey on current practice and a double-blind randomized trial. ,"Pneumatic tourniquets improve surgical visualization during knee arthroscopy, but fixed high pressures may increase postoperative pain. This study investigated whether a minimal effective individualized occlusion pressure (MEIOP), calculated as limb occlusion pressure plus a safety margin, maintains surgical field quality while reducing pain compared to a standardized occlusion pressure (SOP). A preliminary survey of 79 orthopaedic surgeons identified 350 mmHg as the routine SOP. In a subsequent double-blind randomized clinical trial, patients undergoing elective knee arthroscopy were assigned to SOP (350 mmHg) or MEIOP, defined as Doppler-derived limb occlusion pressure plus a safety margin (mean ≈ 230 mmHg). Outcomes included surgical field quality, postoperative using a visual analog scale (VAS) up to 15 days, overall 15-day pain perception, and analgesic consumption. Both groups achieved 100% excellent surgical field ratings. Pain trajectories differed significantly between groups over time (group × time interaction, p = 0.022). The MEIOP group experienced significantly lower pain at discharge (~ 6 h; p = 0.013, d = 1.14) and lower overall 15-day pain perception (p = 0.043, d = 0.89). Analgesic consumption showed a consistent descriptive trend favoring MEIOP throughout follow-up. This proof-of-concept study suggests that individualizing tourniquet pressure using predefined MEIOP protocol preserves satisfactory surgical visualization and is associate with lower postoperative pain compared with a standard high-pressure protocol. This trial was prospectively registered at the Brazilian Clinical Trials Registry (ReBEC; RBR-4xd6cxm).",Cardoso Filho HO; Fajardo B; Hohl R; Rocha VN; Couto de Araujo MC; Arriel RA; Mendes Andrade GD; Marocolo M,"Medical Faculty, Federal University of Juiz de Fora, Juiz de Fora, Brazil. hebercontato31@gmail.com.",International orthopaedics,2026-06-27,10.1007/s00264-026-06926-9,2.5,visualization(abstract); visual(abstract),
42348541,Laser Resectoscope Versus Cystoscope in Transurethral Management of Bladder Stones: A Comparative Study.,"<h4>Background</h4>The aim of this study is to compare the clinical outcomes of cystoscopy and laser resectoscope used during transurethral cystolithotripsy (TUC) and to evaluate the efficacy and reliability of these two endoscopic instruments.<h4>Materials and methods</h4>This study included patients who underwent transurethral bladder stone (BS) surgery between 2022 and 2025. Patients were categorized into cystoscope and laser resectoscope groups according to the endoscopic instrument used. Lithotripsy was performed using a holmium laser in all cases. Demographic characteristics, stone-related parameters, perioperative variables, and clinical outcomes were analyzed comparatively. Statistical analyses were performed using appropriate tests, and a p value <0.05 was considered statistically significant.<h4>Results</h4>A total of 80 patients were included (Group 1: cystoscope, n=40; Group 2: laser resectoscope, n=40). No significant differences were found between groups regarding age, body mass index (BMI), number of stones, or stone size (p>0.05). Operation and lithotripsy times were significantly shorter in the laser resectoscope group (29 vs. 45 min; 18 vs. 23 min, respectively; p<0.001). Stone visualization quality was higher in this group, and mucosal bleeding was significantly less frequent (p=0.014). No significant differences were observed regarding hospital stay, catheterization duration, or overall complication rates.<h4>Conclusion</h4>Comparable stone-free and safety outcomes were achieved with TUC performed using either a cystoscope or a laser resectoscope. However, the laser resectoscope provided shorter operative times, improved visualization, and reduced mucosal injury, indicating that it is an effective and reliable alternative for TUC.",Golbasi A; Ozercan AY; Elmaagac B; Bicer H; Sahin O; Karadag MA,,Urologia internationalis,2026-06-25,10.1159/000553078,2.5,visualization(abstract); visual(abstract),
42332939,Enhancing Diagnostic Precision and Treatment Effectiveness Using Indocyanine Green Lymphography in Lymphedema.,"Indocyanine green (ICG) lymphography has rapidly emerged as a key imaging modality for improving the diagnosis and management of lymphedema. ICG lymphography offers superior sensitivity and detailed assessment of dermal backflow patterns, functional lymphatic channels, and collateral drainage routes. Evidence also supports its role in guiding targeted rehabilitation, including ICG-guided lymphedema treatment. Clinicians can enhance diagnostic precision and potentially improve therapeutic effectiveness by integrating ICG lymphography into clinical practice. This review summarizes current evidence on its clinical utility, highlighting how real-time visualization of superficial lymphatic pathways and lymph nodes allows for detection of dysfunction, and improved treatment planning. Future work should focus on standardizing protocols and developing quantitative metrics to expand its values in comprehensive lymphedema care.",Suami H; Yoon JA,"Australian Lymphoedema Education Research and Treatment Centre (ALERT), School of Health Sciences and Nursing, Faculty of Medicine, Health and Human Sciences, Macquarie University, Sydney, Australia.",Annals of rehabilitation medicine,2026-06-22,10.5535/arm.260020,2.5,visualization(abstract); visual(abstract),Indocyanine green; Lymphedema; Lymphography; Manual Lymphatic Drainage
42350718,Assessment of modifications to a blind-sweep ultrasound protocol for improved lower-uterus imaging by novice operators.,"Blind-sweep ultrasound protocols may improve prenatal care in low-resource settings, but lower-uterus visualization is often insufficient when performed by novices. We evaluated three modifications to a standard protocol aimed at improving lower-uterus imaging: Step A (caudal probe tilt), Step B (caudal sweep with probe angled caudally), and Step C (caudo-cranial sweep with lower probe placement). Outcomes included fetal head visibility, number of scans with measurable head circumference (HC), and agreement with clinical HC measurements. Adding Steps A or B substantially increased fetal head visibility and the proportion of scans with measurable HC. Step A produced the largest improvement, raising scans with [Formula: see text] head visibility from 25.5% to 93.8%, and increasing measurable HC from 55.2% to 99.5% for a reader experienced in blind-sweep analysis ([Formula: see text]), and from 7.8% to 74.8% in a subset ([Formula: see text]) annotated by an obstetric gynecologist. These gains were concentrated in scans where the standard protocol failed to visualize the fetal head, with no significant benefit when at least partial visibility was already achieved. Bias and limits of agreement with clinical HC were similar across all variants, indicating accurate measurements when usable frames were available. Step C provided minimal improvement. Insufficient lower-uterus visualization is a frequent but easily correctable limitation of blind-sweep protocols performed with minimal supervision. A simple caudal tilt (Step A) enhances fetal head visibility and measurable HC rate, supporting its integration into standardized protocols for novices. Prospective validation in low-resource settings is needed to confirm generalizability under varying training and supervision conditions.",Sappia MS; van Ginneken B; de Korte CL; van Dillen J; Murphy K,"Diagnostic Image Analysis Group, Department of Medical Imaging, Radboud University Medical Center, Nijmegen, 6525 GA, the Netherlands. mariasofia.sappia@radboudumc.nl.",Scientific reports,2026-06-25,10.1038/s41598-026-59278-0,2.5,visualization(abstract); visual(abstract),Prenatal Ultrasound; Low-income Countries; Point-of-care Ultrasound; Low-resource Settings; Fetal Head Circumference; Blind-sweeps
42329023,Transcavernous Sinus Transtuber Cinereum Approach for Pure Third Ventricle Craniopharyngioma Resection.,"<h4>Background and objectives</h4>Craniopharyngiomas confined to the third ventricle present formidable surgical challenges owing to their deep location and proximity to critical neurovascular structures. This study evaluates the transcavernous sinus transtuber cinereum (TCSTC) approach, a technically advanced route that enables direct access to the third ventricle while preserving surrounding anatomy.<h4>Methods</h4>Ten cadaveric heads were meticulously prepared with vascular injections, and the right side was dissected under magnification using a surgical microscope. High-resolution imaging and digital caliper measurements were used to define a safe entry zone through the tuber cinereum. The anatomic window was delineated between the mammillary bodies and pituitary stalk insertion. In the clinical setting, 5 patients with pure intraventricular craniopharyngiomas were treated using a pretemporal craniotomy combined with a partial medial transcavernous approach. The surgical outcomes and postoperative complications were reviewed.<h4>Results</h4>Cadaveric dissections confirmed that the TCSTC approach provides a consistent and safe anatomic corridor to the third ventricle, with a mean safe entry width of 8.2 mm (range 7.15-8.85 mm). This approach facilitates optimal visualization of the interpeduncular fossa, mammillary bodies, and basilar tip perforators. In all 5 clinical cases, gross total resection was achieved without any intraoperative complications. Postoperative outcomes included transient diabetes insipidus in 2 patients and long-term hormone replacement therapy in 3 patients. No cerebrospinal fluid leaks, infections, or recurrences were observed at the latest follow-up.<h4>Conclusion</h4>The TCSTC approach is a safe and effective strategy for resection of pure intraventricular craniopharyngiomas. It offers enhanced anatomic visualization while minimizing hypothalamic and vascular injuries. With appropriate technical execution, maximal tumor removal with low morbidity is possible. Further validation using larger series and long-term follow-up is warranted.",Cai L; Dammers R; Jiménez TM; Kayssi AR; Perng PS; Aboud E; Krisht AF,"Department of Neurological Surgery, CHI St Vincent North Arkansas Neuroscience Institute, Sherwood, Arkansas, USA.","Operative neurosurgery (Hagerstown, Md.)",2026-06-22,10.1227/ons.0000000000002081,2.5,visualization(abstract); visual(abstract),Third ventricle; Craniopharyngioma; Microsurgical anatomy; Skull Base Surgery; Trans-tuber Cinereum; Transcavernous Sinus Approach
42361188,Turning sound and force into light with AlN:Mn<sup>2+</sup> mechanoluminescence. ,"The development of multifunctional photo- and mechanoluminescent materials capable of responding to diverse external stimuli, enabling the visualization of mechanical action and acoustic waves, is essential for next-generation sensing and optoelectronic technologies. In this study, we present Mn2+-doped aluminum nitride (AlN:Mn2+) as a luminescent material that simultaneously exhibits bright orange photoluminescence, strong and long-lasting persistent luminescence, thermoluminescence, and mechanoluminescence (ML). AlN:Mn2+ demonstrates multimodal ML behavior under various mechanical stimuli, including friction, impact, and ultrasonic excitation, highlighting its potential for force and sound sensing applications across a wide range of environments. This is crucial for next-generation energy transformation, enabling the conversion of heat, force, and sound into light. The integration of persistent, thermal, mechanical, and acoustic luminescence within a single, robust, and chemically stable material makes AlN:Mn2+ a promising candidate for remote, adaptive optomechanical, and photoacoustic applications in biomedical diagnostics, structural health monitoring, anticounterfeiting, remote sensing, and innovative electronics.",Barzowska J; Haider SS; Zheng T; Suchocki A; Smet PF; Runowski M; Cherepy NJ; Peng D; Mahlik S,"Institute of Experimental Physics, Faculty of Mathematics, Physics and Informatics, University of Gdansk, Wita Stwosza 57, 80-308 Gdansk, Poland.",Science advances,2026-06-26,10.1126/sciadv.aed5469,2.5,visualization(abstract); visual(abstract),
42332744,Decoding triple negative breast cancer bone metastasis: from 3D bioprinted models to clinical translation.,"This review decodes the biological basis of triple-negative breast cancer (TNBC) bone metastasis and critically examines how 3D bioprinted models can bridge mechanistic investigation and clinical translation. We first synthesize the osteolytic vicious cycle, multicellular microenvironmental crosstalk, and pre-metastatic niche remodeling that drive TNBC bone colonization, and then evaluate how bioprinting-based platforms can recapitulate these processes with greater spatial, mechanical, and cellular fidelity than conventional models. Traditional static research models fail to capture this dynamic spatiotemporal complexity, hindering understanding and treatment development. 3D bioprinting overcomes this by creating a biomimetic microenvironment. It uses hydrogel or composite scaffolds to replicate the bone matrix's mechanical properties and biochemical gradients. This integrates tumor cells, vascular networks, and bone stromal cells, dynamically modeling metastatic colonization. This bioprinted system serves as a high-efficiency drug screening platform, enabling systematic assessment of nano-drug delivery and strategies to overcome microenvironment-induced resistance. Clinically, 3D printing directly aids in developing patient-specific bone repair implants and surgical guides for reconstructing metastatic lesions. Critically, these models bridge fundamental research and clinical translation. They allow spatiotemporal visualization/analysis of key signaling pathways in metastasis and facilitate high-throughput screening of bone-targeted combination therapies. Rather than presenting a newly established experimental model, this article provides a focused review of current advances, unresolved technical barriers, and future translational directions for TNBC-oriented 3D bioprinting in bone-metastasis research.",Xu J; Kang Y; Song K; Fan J; Liu Y,"Department of Pancreatic Diagnosis and Treatment Center, Cancer Hospital of Dalian University of Technology, Liaoning Cancer Hospital and Institute, Shenyang, China.",Journal of nanobiotechnology,2026-06-22,10.1186/s12951-026-04655-0,2.5,visualization(abstract); visual(abstract),Drug resistance; Tumor Microenvironment; Precision Medicine; 3D Bioprinting; Triple Negative Breast Cancer Bone Metastasis
42332223,Knowledge structure and paradigm evolution in anal fistula diagnosis and treatment: a bibliometric analysis based on PubMed.,"Anal fistula poses a significant clinical challenge with escalating research interest reflected by a more than 50-fold increase in publications from 2006 to 2026. This bibliometric study systematically analyzed 505 PubMed-indexed articles to elucidate the evolving knowledge structure and research paradigms in anal fistula diagnosis and treatment. Utilizing advanced visualization and clustering techniques via the R bibliometrix package, the analysis mapped global publication trends, geographic and institutional contributions, collaboration networks, journal impact, author influence, and keyword evolution. Results identified China and the United States as leading contributors with distinct international collaboration clusters, while Korean institutions demonstrated notable productivity and specialized research focuses. Key journals such as Diseases of the Colon & Rectum concentrated the majority of domain-specific publications, predominantly within moderate impact factor tiers. Authorship networks revealed diverse, multinational collaborative clusters emphasizing both traditional surgical and emerging minimally invasive approaches. Keyword co-occurrence and citation analyses indicated a thematic shift from basic pathophysiology and surgical techniques toward patient-centered outcomes, quality of life assessments, and prospective study designs. These findings highlight the field's transition toward precision medicine and interdisciplinary integration, underscoring the importance of evidence-based clinical decision-making and international cooperation. This comprehensive bibliometric mapping offers valuable insights to guide future research priorities, foster collaborative innovation, and improve therapeutic strategies aimed at enhancing patient outcomes in anal fistula management.",Chen X; Yan S; Li Y; Zhou F,"Department of Anorectal, Zhongshan City People's Hospital, Zhongshan, 528400, Guangdong, China. forgoodla2008@hotmail.com.",Updates in surgery,2026-06-22,10.1007/s13304-026-02704-9,2.5,visualization(abstract); visual(abstract),International collaboration; Anal Fistula; Bibliometric Analysis; Diagnostic And Therapeutic Advancements; Research Paradigm Evolution
42360978,"A Fully MRI-Compatible, Non-Electrical System for Near Real-Time Tremor Monitoring During MR-guided Focused Ultrasound. ","Tremor quantification during Magnetic Resonance-guided Focused Ultrasound (MRgFUS) for essential tremor (ET) remains a clinical challenge. Current methods, such as accelerometry, can still be limited by electromagnetic artefacts in certain cases, magnetic resonance imaging (MRI) incompatibility, and indirect correlation with sonication timing. We aimed to develop a fully MRI-compatible, non-electrical system capable of continuous, electromagnetically artefact-free tremor monitoring with near real-time frequency analysis, precisely synchronized with ultrasound delivery. The primary purpose of this tool is to assist with targeting during the verification stage by providing the tremor amplitude in situ. We designed a pneumatic device using a standard, easily available endotracheal cuff inflated to a fixed pressure, held by the patient during MRgFUS sonications. Tremor-induced pressure fluctuations were transmitted outside the MRI suite and digitized using a custom Arduino-based system. A software tool was implemented to calculate the tremor amplitude in near real-time. The pressure system allowed real-time visualization of the tremor and assessment of the tremor reduction at the verification stage of 10 patients. The mean tremor reduction was 86% immediately after the end of the verification sonication, confirming the correct position of the target. All patients had a lesion at this location except one, in which the target was moved because he experienced sensory side effects. We designed and implemented a near real-time pressure system for quantification of the tremor amplitude during sonications. The inexpensive and MR-compatible device is easy to implement on patients requiring MRgFUS treatments and avoid the possible loss of information between the temporary tremor reduction and the clinical evaluation.",Lavalley A; Lorton O; Constanthin P; Fleury V; Momjian S,,Stereotactic and functional neurosurgery,2026-06-26,10.1159/000552899,2.5,visualization(abstract); visual(abstract),
42325959,Biportal Endoscopic Posterior Cervical Foraminotomy.,"<h4>Background</h4>Cervical spine pathologies causing nerve-root compression are treated with use of decompression through a variety of techniques. Although several operative management options exist, cervical foraminotomy may be indicated in patients with isolated, unilateral cervical radiculopathy. Biportal endoscopic cervical foraminotomy allows decompression with minimal soft-tissue disturbance and excellent visualization.<h4>Description</h4>The procedure is performed with the patient in a prone position with routine neuromonitoring. Intraoperative fluoroscopy is utilized to identify the operative level, and 2 paramedian incisions are made for the portal sites at a 20° to 30° angle to the desired disc space. The working portal is utilized for surgical instruments, and the second portal serves as a viewing portal for the endoscope. Sequential dilators are utilized to establish the working portal, and a semi-tubular sheath of the desired length is placed. For the viewing portal, an endoscopic trocar is advanced through the fascia, and the camera is introduced. After endoscope insertion, surgical landmarks are identified, beginning with the interlaminar V point that marks the junction of adjacent laminae at the medial border of the facet joint. Once identified, overlying soft tissue is removed using radiofrequency ablation, and decompression of the nerve root can begin. We alternate between utilizing a high-speed diamond burr and a Kerrison rongeur to perform a laminoforaminotomy. Care is taken to minimize the facetectomy extent to <50% in order to reduce the risk of iatrogenic instability. The ligamentum flavum is preserved until the end in order to protect the dura from fluid pressure and surgical instruments. In the presence of disc herniation, disc fragments are removed through the working portal after gentle nerve root retraction. Once decompression of the neural foramen is completed to the lateral border of the pedicle, meticulous hemostasis is achieved using radiofrequency ablation, bone wax, and flowable thrombin-based hemostatic agents. Patients are typically discharged home on the same day.<h4>Alternatives</h4>Patients can undergo cervical foraminotomy utilizing traditional open, microscopic tubular, or uniportal endoscopic techniques. Alternatively, patients may undergo anterior cervical discectomy and fusion (ACDF) or cervical disc arthroplasty (CDA), according to surgeon preference and individual patient pathology.<h4>Rationale</h4>Both open and minimally invasive cervical foraminotomy result in favorable clinical outcomes<sup>1,2</sup>. However, minimally invasive approaches are associated with earlier discharge, and reduced muscle damage and operative blood loss. Although tubular foraminotomy is a traditional minimally invasive option, endoscopic approaches offer distinct benefits. First, biportal endoscopy allows for greater maneuverability and visualization of the neural foramen. Second, compared with ACDF and CDA, foraminotomy obviates the need for instrumentation, preserves segmental motion, and avoids the anterior approach, which is associated with dysphagia, dysphonia, and potential for vascular injury.<h4>Expected outcomes</h4>Ruetten et al. conducted a randomized controlled trial comparing endoscopic cervical posterior foraminotomy to traditional microsurgical foraminotomy<sup>3</sup>. In that study, 87.4% of patients experienced complete resolution of their arm pain, although there were no differences in clinical outcomes, complication rates, or revision rates between treatment groups. Most evidence regarding the role of endoscopic cervical foraminotomy remains low-quality; however, meta-analyses have reported high clinical success, with 91% to 94.9% of patients demonstrating good-to-excellent clinical outcomes<sup>2,4,5</sup>. A separate meta-analysis of prospective trials showed similar clinical outcomes between endoscopic foraminotomy and ACDF for cervical radiculopathy but a significantly shorter perioperative hospitalization time with endoscopic foraminotomy<sup>6</sup>. When broadly comparing minimally invasive foraminotomy to open foraminotomy, patients undergoing minimally invasive foraminotomy experienced reduced blood loss (52.8 versus 173.5 mL), operative duration (58 versus 108 min), and inpatient narcotic use (2.5 versus 27.6 milligram morphine equivalents)<sup>1</sup>.<h4>Important tips</h4>Achieve adequate endoscopic visualization before starting osseous resection.Avoid inserting instruments blindly into the interlaminar space.Complete removal of the medial superior articular process up to the lateral border of the pedicle.Ensure palpation of the lateral aspect of the cranial and caudal pedicles.Inspect for extruded disc material.Maintain the ligamentum flavum until the end of the decompression.Achieve hemostasis to prevent postoperative epidural hematoma.<h4>Acronyms and abbreviations</h4>NSAID = nonsteroidal anti-inflammatory drugACDF = anterior cervical discectomy and fusionCDA = cervical disc arthroplastyESI = epidural steroid injectionRFA = radiofrequency ablation.",Cho SK; Miyasaka MS; Berman DC; Murasko M; Song J; Issa T,"Icahn School of Medicine, Mount Sinai, New York, NY.",JBJS essential surgical techniques,2026-06-23,10.2106/jbjs.st.25.00023,2.5,visualization(abstract); visual(abstract),
42359588,Revisiting the Deep Fatty and Fascial Layers Between the Temple and the Midface: An Ultrasound-based Investigation.,"<h4>Background</h4>Recent ultrasonography findings suggest that temporal and midfacial layers are anatomically and functionally connected. Understanding this continuity is important for safe and effective surgical and minimally invasive procedures.<h4>Objectives</h4>This study aimed to identify and characterize the continuity of deep fatty and fascial layers between the temples and midface in treatment-naïve adults.<h4>Methods</h4>A single-center, cross-sectional observational study was conducted in 40 healthy volunteers using standardized bilateral facial ultrasonography with a 20-MHz linear probe. Four vertical and two oblique transducer positions were used to assess continuity between the temporal and midfacial regions.<h4>Results</h4>Ultrasound imaging provided excellent visualization of the investigated fascial and fatty layers. Fat located between the deep fascial layers of the temple and within the intermediate temporal fat pad transitioned from a multilaminar configuration to a unilaminar pattern as it crosses the zygoma, extending to a continuous multilaminar arrangement in the lateral and medial midface. Dense fascial boundaries in the preauricular region limited lateral extension, while anterior boundaries were formed by the zygomaticus major and minor muscles and associated ligaments. Results were confirmed by a second ultrasound examiner, 3 body donors and histology.<h4>Conclusions</h4>Continuous anatomical pathways connect the deep temporal and deep midfacial fatty and fascial layers. These findings non-invasively confirm previous clinical observations and help explain filler spread following midfacial and temporal interventions.",Ceron Bohorquez JM; Schelke L; Cotofana S; Velthuis P,"Department of Dermatology and Venereology, University Medical Center Hamburg-Eppendorf (UKE), Hamburg, Germany.",Aesthetic surgery journal,2026-06-26,10.1093/asj/sjag128,2.5,visualization(abstract); visual(abstract),
42361847,3-Layer lung cancer invasion model for evaluating MMP-targeted anti-metastatic therapeutics. ,"Metastatic lung cancer is a leading cause of cancer mortality with invasion through the extracellular matrix (ECM) as a pivotal early step. This process is largely driven by metalloproteinases (MMPs), making them prime targets for antimetastatic therapy. However, conventional 2D or simplified 3D assays fail to capture the complex tumor-ECM interactions that are essential for evaluating anti-metastatic drugs. In this study, we present a 3D in vitro lung cancer model that faithfully mimics the native three-layer architecture - endothelium, ECM, tumor cells - within a physiologically relevant tumor microenvironment. By sequentially dispensing each layer, the model enables direct visualization and quantitative analysis of invasion dynamics, separating effects of intrinsic tumor cell motility from platform for high invasiveness and revealed a strong dependence of invasion on ECM density. Furthermore, we analyzed correlation between invasion and MMP9, a critical protein involved in cancer invasion, using an MMP9 knockdown model that has clinical relevance to lung cancer metastasis. This analysis confirmed that cancer cell invasion was effectively suppressed in the MMP9 knockdown model. Finally, we demonstrated the translational application of the platform by quantifying the dose-dependent inhibition of invasion by a selective MMP9 inhibitor and the broad-spectrum MMP inhibitor Marimastat. This layered in vitro lung cancer invasion model provides a robust, organ-specific platform for cancer invasion studies and for preclinical screening of MMP-targeted therapeutics, and this approach can be adapted to model other metastatic cancers, enabling versatile evaluation of invasion mechanisms and targeted interventions.",Kim GM; Lee Y; Park S; Kim I; Lee HR; Jung S,"Division of Interdisciplinary Bioscience and Bioengineering, Pohang University of Science and Technology, 77 Cheongam-Ro, Pohang-si, Gyeongsangbuk-do, 37673, Korea (the Republic of).","Biomedical materials (Bristol, England)",2026-06-26,10.1088/1748-605x/ae834f,2.5,visualization(abstract); visual(abstract),
42351158,Multimodal deep learning-based prediction of radiation-induced temporal lobe injury via anatomical imaging and spatial dose: A multicenter study.,"<h4>Background</h4>To develop and validate a multimodal deep learning model for pre-treatment prediction of radiation-induced temporal lobe injury (RTLI), and to evaluate its generalizability across nasopharyngeal carcinoma-endemic and non-endemic regions.<h4>Methods</h4>In this multicenter retrospective study, 6847 patients with nasopharyngeal carcinoma from five institutions in southern and northern China were included. A 3D ResNet-based multimodal deep learning model integrating planning CT images, spatial dose distribution maps, dosimetric variables, and clinical factors was developed and validated, and subsequently evaluated in internal and multiple external test cohorts. Model performance was assessed using the concordance index and compared with reduced-modality deep learning models, a dosiomics risk model, and conventional reference models. Model interpretability was explored using gradient-weighted class activation mapping (Grad-CAM).<h4>Results</h4>The multimodal deep learning model demonstrated robust predictive performance, achieving concordance indices of 0.817, 0.825, 0.767, 0.901, and 0.815 across the internal, three southern external, and northern external test cohorts, respectively, and significantly outperforming all comparator models (all P < 0.001). Incremental performance gains were observed with multimodal integration, and CT imaging improved performance in the deep learning framework but not in the dosiomics risk model. The model enabled reliable identification of patients at high risk of RTLI. Grad-CAM visualization links model outputs to spatial dose-tissue interactions to guide radiotherapy plan optimization.<h4>Conclusions</h4>Multimodal deep learning integrating anatomical imaging, spatial dose information, and clinical context enables accurate and generalizable pre-treatment prediction of RTLI across diverse regions. Spatially interpretable outputs further support individualized risk stratification and establish a biologically and dosimetrically informed foundation for risk-adapted radiotherapy planning.",Yang SS; Zhang LN; He Y; Feng AL; Yang Z; OuYang PY,"Tumor Research and Therapy Center, Shandong Provincial Hospital Affiliated to Shandong First Medical University, No. 324 Jingwu Road, Jinan, 250021, Shandong, China.",BMC medicine,2026-06-25,10.1186/s12916-026-05021-5,2.5,visualization(abstract); visual(abstract),Nasopharyngeal carcinoma; Model Interpretability; Multimodal Deep Learning; Radiation-induced Temporal Lobe Injury; Spatial Dose-tissue Interaction
42341089,Murine Models of Hemostasis: How to Assess Bleeding in Mice and Clinical Relevance of These Models for Testing New Therapeutics.,"<h4>Clinical problem</h4>Congenital bleeding disorders stem from genetic defects affecting procoagulant proteins (such as von Willebrand Factor, factor VIII, or factor IX) or platelet proteins (such as integrin α<sub>IIb</sub>β<sub>3</sub> or glycoprotein Ibα). Despite advances in our knowledge of the hemostatic system, there are still gaps in our understanding of the interplay between the various hemostatic actors, limiting the development of efficient therapeutic agents for each of these disorders.<h4>Recommendations</h4>Mouse models have a proven record in their use as preclinical tools for the development and testing of therapeutics for bleeding disorders, with several bleeding models being available. However, a lack of standardization for most of these models complicates inter-laboratory comparisons. It is recommended, therefore, that experimental variables are standardized as much as possible to ensure reproducible results, including parameters like temperature and anesthesia. Also, the balance between the use of male and female mice should be considered.<h4>Summary of strengths and weaknesses of mouse models of bleeding</h4>Murine hemostasis is relatively similar to human hemostasis, representing a clear strength in translation to the clinic. Among available bleeding models, the tail clip assay is popular for its simplicity, although its standardization might be improved. Other techniques, such as the saphenous vein and laser-induced bleeding models, offer high reproducibility and real-time visualization but require advanced surgical or technological skills. A primary weakness is that most knockout mice do not exhibit the spontaneous hemorrhagic events or joint damage characteristic of human patients. Additionally, species-specific differences can occasionally hamper the testing of therapeutic candidates.",Denis CV; Casari C; Christophe OD; Lenting PJ,"Université Paris-Saclay, INSERM, Hémostase Inflammation Thrombose HITh U1176, Le Kremlin-Bicêtre, France (C.V.D., C.C., O.D.C., P.J.L.).","Arteriosclerosis, thrombosis, and vascular biology",2026-06-24,10.1161/atvbaha.126.323863,2.5,visualization(abstract); visual(abstract),Mutation; Integrins; Heart rate; Thrombomodulin; Hemostasis
42329453,"Mixed reality improves agreement on surgical approach selection and patient positioning in tibial plateau fracture planning compared to CT, 3DCT and 3D printing.","<h4>Purpose</h4>Tibial plateau fractures require precise preoperative planning, particularly regarding treatment concept, patient positioning, and surgical approach. Mixed reality (MR) may enhance three-dimensional understanding of fracture morphology beyond conventional imaging and physical 3D models. This study investigated whether MR improves agreement on key preoperative planning decisions compared to computed tomography (CT), 3D computed tomography (3DCT), and 3D-printed fracture models.<h4>Methods</h4>Twelve orthopaedic trauma surgeons (6 junior, 6 senior) evaluated 22 surgically treated tibial plateau fractures (AO/OTA type B or C). Each case was assessed in four steps using (1) CT, (2) 3DCT reconstructions, (3) physical 3D-printed models, and (4) MR visualization using Microsoft Hololens 2. Raters selected (i) treatment concept, (ii) patient positioning, and (iii) surgical approach. Interobserver agreement was analysed using Fleiss' kappa (κ) and percentage match (PM).<h4>Results</h4>Mixed Reality (MR) yielded the highest interobserver agreement for both surgical approach (PM 32%, κ = 0.30) and patient positioning (PM 57%, κ = 0.35), particularly among junior surgeons (approach PM 39%, κ = 0.28; positioning PM 57%, κ = 0.39). Compared to CT, 3DCT, and 3D printing, MR demonstrated consistent improvements, while agreement on treatment concepts remained high across all modalities (PM > 82%).<h4>Conclusion</h4>Mixed Reality (MR) improved interobserver agreement in preoperative planning for tibial plateau fractures, particularly for surgical approach selection and patient positioning. These effects were most pronounced among less experienced raters, highlighting MR's role as a cognitive support tool and a promising instrument in surgical education. Compared to conventional imaging and 3D printing, MR provided dynamic interaction and greater planning flexibility. While further clinical validation is required, these findings support MR as a valuable adjunct in orthopaedic trauma planning.<h4>Level of evidence</h4>Level II.",Dust T; Henneberg JE; Hartel M; Reiter A; Kylies J; Korthaus A; Streckenbach A; Keller J; Frosch KH; Krause M,"Department of Trauma and Orthopaedic Surgery, University Medical Center Hamburg - Eppendorf, Hamburg, Germany. t.dust@uke.de.",European journal of trauma and emergency surgery : official publication of the European Trauma Society,2026-06-22,10.1007/s00068-026-03230-4,2.5,visualization(abstract); visual(abstract),Surgical approach; Interobserver Agreement; Preoperative Planning; Patient Positioning; Tibial Plateau Fracture; Mixed Reality
42340400,Pannexin 1 attenuates hepatic steatosis and insulin resistance via AMPK-autophagy axis activation.,"<h4>Background</h4>Metabolic dysfunction-associated fatty liver disease ((MASLD) affects over 25% of the global population, yet effective therapies remain limited. While Pannexin 1 (Panx1) has been implicated in metabolic regulation, its role in hepatic lipid metabolism remains unexplored. We hypothesized that Panx1 regulates the AMPK-autophagy axis to control hepatic lipid accumulation and insulin sensitivity.<h4>Methods</h4>We employed a comprehensive experimental strategy combining genetic manipulation in mice and cultured hepatocytes with multiple complementary analytical approaches. In vivo studies utilized both Panx1 knockout (KO) mice and wild-type littermates subjected to high-fat diet (HFD) feeding to induce (MASLD. In vitro experiments employed Hepa1-6 hepatocytes treated with palmitic acid (PA) and oleic acid (OA) to simulate lipid overload, with Panx1 expression modulated through siRNA-mediated knockdown or plasmid-mediated overexpression. We integrated histological analyses (Oil Red O staining, PAS staining), molecular techniques (Western blotting, quantitative RT-PCR), flow cytometry for glucose uptake assessment, transmission electron microscopy for autophagosome visualization, and dual-fluorescence LC3 assays for autophagic flux monitoring. To establish causality, we performed rescue experiments using the autophagy inhibitors chloroquine (CQ) and bafilomycin A1 (BafA1), as well as the autophagy activator rapamycin (Rapa).<h4>Results</h4>Our investigations revealed that Panx1 expression is significantly downregulated in both human (MASLD patients and experimental (MASLD models, establishing its clinical relevance. Through loss-of-function studies, we demonstrated that Panx1 knockout dramatically exacerbated HFD-induced metabolic dysfunction, manifesting as markedly increased body weight gain, severe glucose intolerance, pronounced insulin resistance, elevated serum triglycerides and cholesterol, and massive hepatic lipid accumulation accompanied by upregulation of key lipogenic genes (SREBP1c, FASN, ACC1, SCD1, DGAT1). Conversely, gain-of-function experiments using Panx1 overexpression yielded striking protective effects: significantly reduced hepatic steatosis, improved glucose tolerance and insulin sensitivity, decreased serum lipid profiles, and suppressed expression of lipogenic genes in HFD-fed mice. Mechanistically, we uncovered that Panx1 functions as a critical activator of the AMPK-autophagy signaling cascade. Panx1 overexpression robustly activated AMPK phosphorylation, enhanced LC3-II accumulation, accelerated P62 degradation, and increased autophagosome formation as visualized by transmission electron microscopy and dual-fluorescence LC3 assays. These molecular changes translated into enhanced autophagic flux and lipophagy, effectively clearing accumulated lipids. Importantly, our rescue experiments definitively established autophagy as the essential mediator of Panx1's metabolic effects: pharmacological autophagy inhibition with CQ or BafA1 completely abolished the beneficial effects of Panx1 overexpression on lipid accumulation and insulin signaling, while rapamycin-induced autophagy activation successfully rescued the metabolic defects caused by Panx1 deficiency. Furthermore, we demonstrated that Panx1's effects on insulin sensitivity are autophagy-dependent, as evidenced by restored GLUT4 expression, IRS phosphorylation, and AKT activation following autophagy modulation.<h4>Conclusion</h4>This study identifies Panx1 as a novel regulator of hepatic lipid metabolism and insulin sensitivity via the AMPK-autophagy pathway. Given its downregulation in (MASLD patients and the lack of FDA-approved treatments, Panx1 represents a promising therapeutic target for this prevalent metabolic disorder.",Zhu L; Yang J; Zhang Z; Wei X; Liu Y; Gu L; Liang G; Peng Y; Wang Y; Ding X; Ma Y,"Department of Endocrinology and Metabolism, Shanghai General Hospital, Shanghai Jiao Tong University School of Medicine, 100 Haining Road, Hongkou District, Shanghai, 200080, China.",Cellular and molecular life sciences : CMLS,2026-06-24,10.1007/s00018-026-06305-y,2.5,visualization(abstract); visual(abstract),Insulin; Autophagy; Ampk; Panx1; Masld
42359015,Occurrence of portal venous gas following routine endoscopy: a case report.,"<h4>Objectives</h4>Portal venous gas (PVG) is commonly associated with severe gastrointestinal disease, whereas benign causes related to endoscopic procedures are uncommon. We report an unusual mechanism of PVG occurring in the setting of chronic gastric outlet obstruction after carbon dioxide (CO<sub>2</sub>)-insufflated upper gastrointestinal endoscopy.<h4>Case presentation</h4>A 25-year-old Asian woman presented with recurrent vomiting. She had undergone surgery for duodenal perforation six months earlier and was subsequently lost to follow-up. Her symptoms recently worsened, with significant abdominal distension and vomiting for 3 weeks. A computed tomography (CT) revealed marked gastric dilatation and fibrotic duodenal bulb stenosis. After gastric decompression, CO<sub>2</sub>-insufflated gastroscopy was performed while she remained conscious. Severe gastric distension, retained contents, and limited procedural tolerance and cooperation limited visualization, and an ultrathin gastroscope could not pass <1 mm stenosis. The procedure was terminated without any immediate complications. Later that night, she developed abdominal pain. CT demonstrated extensive PVG and submucosal gastric wall air, with normal inflammatory markers and no signs of perforation. Conservative treatment with continued decompression and acid suppression led to rapid clinical improvement, and repeat CT two days later showed complete resolution of PVG. Endoscopy used standard low-flow CO<sub>2</sub> insufflation, total procedure duration was approximately 20 min, and intermittent suctioning was performed for content removal.<h4>Conclusions</h4>In the setting of chronic gastric outlet obstruction and prolonged gastric distension, impaired mucosal integrity together with increased intragastric pressure may predispose to abnormal CO<sub>2</sub> migration into the portal venous system during endoscopy. Possible partial-thickness or submucosal injury during manipulation may further facilitate portal venous gas formation. Recognition of etiologies of PVG that do not require surgery is essential, as many stable patients can be managed conservatively, preventing unnecessary operative intervention.",Yang L; Lu C,"Department of Gastroenterology, The First Affiliated Hospital, Zhejiang University School of Medicine, Hangzhou, China.","Open medicine (Warsaw, Poland)",2026-06-24,10.1515/med-2026-1474,2.5,visualization(abstract); visual(abstract),Endoscopy; Obstruction; Portal Venous Gas
42360817,"Feasibility and Acceptability of mPallCare<i>,</i> a Digital Health Intervention for People Living With Advanced Cancer in a Refugee Settlement in Uganda: Mixed Methods Study. ","Palliative care is a key component of comprehensive humanitarian health; yet, access and service capacity remain limited in displacement settings, where fragile health systems struggle to meet the complex needs of people living with advanced illness. Digital health technologies have the potential to enhance the reach and delivery of palliative care; yet, their feasibility and acceptability in humanitarian settings remain underexplored. We evaluated the feasibility and acceptability of mPallCare, a mobile health intervention integrating patient-reported symptom and outcome monitoring with a clinician dashboard, to support palliative care delivery in the Bidibidi Refugee Settlement, Uganda. A 6-week, uncontrolled, exploratory concurrent mixed methods feasibility study was conducted, involving 32 participants with advanced cancer. Community health workers (ie, village health teams) used the mobile app to document patient-reported symptoms and multidimensional outcomes, which were accessible to clinical teams via a dashboard. Following the use of mPallCare, patient and clinical team participants participated in face-to-face interviews. Data collected via mPallCare were analyzed using descriptive statistics to assess feasibility (ie, compliance with reporting, with a feasibility threshold of ≥65% of scheduled reports), and interview data from a subsample of patient and clinical team participants were analyzed using framework analysis to assess acceptability. Participants completed 84.9% (163/192) of symptom reports and 59.4% (266/448) of outcome reports, with a combined 67% (429/640) of all scheduled reports completed. A modest decline in engagement with report submissions occurred across the 6-week study period. Commonly reported symptoms included headache (27/32, 84.4%), muscle pain (27/32, 84.4%), and dizziness (26/32, 81.3%). Interview findings indicated strong acceptability among patients and clinicians, who described improved communication, enhanced symptom management, and greater continuity of care. Reported challenges included initial navigation difficulties, limited translation accuracy, and technical synchronization issues. Participants and clinical leaders identified the potential for integrating mPallCare within Uganda's district health information system to strengthen data use and visibility of palliative care within health reporting structures. mPallCare is a feasible and acceptable digital health intervention for palliative care in a humanitarian setting. While initial uptake was high, sustaining engagement over time may require simplified reporting processes, enhanced language accessibility, and optimizing the mobile app's connectivity and usability. This feasibility phase highlights key priorities for scale-up, including integration with existing health information systems and adaptation for sustained, equitable use across low-resource and displaced populations.",Namisango E; Aduro A; Goodman W; Burke S; Ryabonye R; Mutaasa N; Muyami T; Nabirye E; Olodi D; Ederu V; Ebenso B; Salako O; Okunade K; Azizoddin D; Leng M; Lorenz K; Muehlensiepen F; Powell RA; Allsop M,"Digital Health Hub, College of Medicine, University of Lagos, Lagos, Nigeria.",JMIR mHealth and uHealth,2026-06-26,10.2196/73483,2.0,dashboard(abstract); data(abstract),
42337447,"Impact of educational interventions on clinician knowledge, adherence, and satisfaction utilizing a CKD care pathway in primary care.","<h4>Background</h4>Primary care clinicians are central to early chronic kidney disease (CKD) detection and management, yet often lack structured tools to support guideline-based care. CKD is common, underdiagnosed, and frequently undertreated in primary care, despite guideline-recommended screening and disease-modifying therapies. Structured CKD care pathways may improve clinician knowledge, confidence, and adherence to evidence-based management, yet real-world implementation data remain limited.<h4>Methods</h4>A prospective, multi-site pilot study was conducted at 2 health systems implementing a shared CKD Care Pathway with a 3-month educational intervention. Clinicians at the University of Pittsburgh Medical Center (UPMC) Matilda H. Theiss Primary Care Practice and Geisinger Community Medicine Service Line (CMSL) participated in the study. Standardized educational content was delivered at both sites, with implementation tailored to local workflows. Pre- and post-intervention surveys assessed clinician knowledge, confidence, perceived barriers, and satisfaction. Patient-level outcomes and study populations differed by site. At UPMC, electronic medical record (EMR) data were analyzed to assess CKD screening and diagnosis among adults with diabetes, whereas at Geisinger, EMR dashboard data were used to descriptively evaluate sodium-glucose cotransporter-2 inhibitor (SGLT2i) prescribing as a proxy for uptake of guideline-directed therapy in patients at risk of or with CKD.<h4>Results</h4>Clinician confidence improved across multiple CKD identification and management domains. At UPMC, the proportion of patients receiving urine albumin-to-creatinine ratio (uACR) screening increased from 49% pre-intervention to 60% post-intervention at UPMC. At Geisinger, the percentage of patients with diabetes and an active SGLT2i prescription increased descriptively from approximately 17% pre-intervention to approximately 19% during and following the intervention.<h4>Conclusions</h4>A standardized yet adaptable CKD Care Pathway was feasible to implement in primary care and was associated with improved clinician confidence and selected care processes.",Green J; Chang A; Conti T; Kobylinski MS; Norfolk ER; Weimer M; Elbedewe A; Jhamb M,"Geisinger College of Health Sciences, Scranton, PA, USA.",BMC nephrology,2026-06-23,10.1186/s12882-026-05141-3,2.0,dashboard(abstract); data(abstract),Quality improvement; Education; Albuminuria; Primary Care; Clinical Pathway; Sglt2 Inhibitors; Ckd
