pmid,title,abstract,authors,first_author_affiliation,journal,pub_date,doi,score,matched_keywords,api_keywords
42563520,Machine learning-assisted prediction of 5-year mortality in chronic kidney disease: the KoreaN cohort study for Outcome in patients With Chronic Kidney Disease (KNOW-CKD).,"<h4>Background</h4>Mortality prediction models for patients with non-dialysis chronic kidney disease (CKD) remain limited despite their clinical importance. While machine learning (ML) offers the potential to improve prediction accuracy, its ""black-box"" nature has hindered clinical adoption. This study aimed to develop and validate an interpretable ML model for predicting 5-year all-cause mortality in patients with non-dialysis CKD and to deploy it as a user-friendly web-based risk stratification tool.<h4>Methods</h4>We analyzed 1,858 patients (94 deaths) from a prospective cohort of non-dialysis CKD patients. Several ML algorithms including CatBoost were trained and compared with conventional logistic regression. SHapley Additive exPlanations (SHAP) analysis was employed to identify key prognostic features and ensure model interpretability. The final simplified model was externally validated in an independent cohort of 348 CKD patients.<h4>Results</h4>The CatBoost model demonstrated superior performance (area under the curve [AUC], 0.813; 95% confidence interval [CI], 0.737-0.888; p = 0.04) compared to logistic regression (AUC, 0.747; 95% CI, 0.655-0.840). A simplified model using only the top-5 SHAP-ranked features-age, estimated glomerular filtration rate, serum albumin, spot urine protein-to-creatinine ratio, and serum total calcium-maintained robust predictive accuracy in the external validation cohort (AUC, 0.795). Notably, SHAP visualization revealed a U-shaped relationship for serum calcium, identifying hypocalcemia as a significant and under-recognized mortality risk factor.<h4>Conclusion</h4>The CatBoost-based ML model accurately predicts 5-year mortality in non-dialysis CKD patients using five readily available clinical parameters. We expect that the clinical implementation of this model may offer a practical method for early risk stratification and personalized management.",Suh SH; Choi HS; Kim CS; Lee S; Bae EH; Ma SK; Park SK; Oh KH; Kim SW; ,"Department of Internal Medicine, Chonnam National University Medical School, Gwangju, Republic of Korea.",Kidney research and clinical practice,2026-08-07,10.23876/j.krcp.25.471,9.1,"visualization(abstract); visual(abstract); artificial intelligence(kw); machine learning(kw,title,abstract)",Artificial intelligence; Mortality; Prognosis; risk assessment; Machine Learning; Chronic Renal Insufficiency
42557423,Global research trends in robot-assisted vitreoretinal surgery: a visualized bibliometric analysis.,"Robot-assisted vitreoretinal surgery is a precision-oriented approach for technically demanding retinal procedures, but its structure and clinical maturity remain incompletely defined. We mapped the global development of this field using bibliometric and visualization methods. Records indexed in the Science Citation Index Expanded of the Web of Science Core Collection were retrieved on May 1, 2026. Bibliometrix in R, CiteSpace, and SCImago Graphica were used to analyze publication output, collaboration networks, citation patterns, journal distribution, and keyword evolution. The final dataset comprised 129 records published from 2008 to May 2026, including 110 original articles and 19 reviews. Full-text review identified 98 original articles with substantive empirical evaluations: 53 technical/simulation studies, 35 preclinical studies, and 10 human clinical studies. Publication output remained low before 2017 but increased thereafter. The United States and China contributed the largest numbers of publications, Johns Hopkins University was the most productive institution, and several authors showed similarly high outputs. Journal and reference analyses revealed an interdisciplinary clinical-engineering knowledge base spanning ophthalmology, medical robotics, imaging, motion control, and computer-assisted intervention. Keyword analyses showed increasing attention to subretinal injection, optical coherence tomography-guided intervention, artificial intelligence, and computer vision. The predominance of technical/simulation and preclinical evaluations suggests that publication growth has outpaced the accumulation of human clinical evidence. Robot-assisted vitreoretinal surgery is therefore better positioned as a selective precision platform for high-demand retinal interventions than as a universal replacement for manual surgery. Future research should prioritize multicenter validation, clinically relevant outcomes, workflow integration, training, and cost-effectiveness.",Wang J; Duan H; Liang L,"Department of Ophthalmology, Lanzhou First People's Hospital, Lanzhou, Gansu, China.",Journal of robotic surgery,2026-08-06,10.1007/s11701-026-03770-2,7.6,"visualization(abstract); visual(title,abstract); artificial intelligence(kw,abstract); data(abstract)",Artificial intelligence; Science Mapping; optical coherence tomography; Subretinal Injection; Retinal Microsurgery; Robot-assisted Vitreoretinal Surgery
42547627,Near-infrared fluorescence imaging improves biliary visualization and perioperative outcomes in difficult laparoscopic cholecystectomy: implications for future clinical studies.,"<h4>Background and aims</h4>Unclear biliary anatomy is a major contributor to surgical difficulty in laparoscopic cholecystectomy (LC). Near-infrared fluorescence (NIRF) imaging with indocyanine green (ICG) enables real-time visualization of biliary structures; however, its clinical value in difficult LC remains to be fully established. This study aimed to evaluate the impact of NIRF imaging on biliary visualization and surgical outcomes in difficult LC.<h4>Methods</h4>A total of 274 patients undergoing difficult LC were retrospectively analyzed (112 ICG, 162 white light [WL]). Perioperative outcomes and intraoperative biliary visualization were compared.<h4>Results</h4>Despite higher surgical difficulty scores in the ICG group (6.0 vs 5.0, P = 0.008), operative time (60.0 vs 75.0 min, P = 0.005) and blood loss (7.5 vs 10.0 ml, P < 0.001) were markedly reduced compared to WL. NIRF markedly improved visualization rates of the common hepatic duct (80% vs 57%, P = 0.010) and cystic duct-common bile duct junction (92% vs 67%, P = 0.003), and shortened visualization times for the cystic duct (1.0 vs 6.0 min, P < 0.001), common hepatic duct (4.5 vs 8.0 min, P = 0.012), and duct junction (4.0 vs 8.5 min, P < 0.001). The benefit of NIRF became more pronounced with the increase of surgical difficulty, while it maintained stable and shorter visualization time compared to WL.<h4>Conclusions</h4>NIRF imaging significantly improves real-time identification of key biliary structures, thus reducing intraoperative blood loss and operation time in difficult LC, even in very difficult cases. The performance of NIRF imaging remains stable across increasing surgical difficulty. These findings are hypothesis-generating and provide quantitative intraoperative data to support the ongoing prospective clinical trial (ChiCTR2400088163).",Zhang L; Li P; Chen J; Huang J; Liang M; He J; Liu X; Zheng Z; Hong X; Zhu G; Li J; Cai C; Zou B,"Department of Hepatobiliary Surgery and Liver Transplantation, The Fifth Affiliated Hospital of Sun Yat-sen University, 52 Mei Hua East Road, Zhuhai, 519000, China.",Surgical endoscopy,2026-08-03,10.1007/s00464-026-13233-2,7.0,"visualization(title,abstract); visual(title,abstract); data(abstract)",Indocyanine green; Laparoscopic Cholecystectomy; Near-infrared Fluorescence; Difficult Gallbladder
42564507,Predicting Step 2 CK Performance Using Automated Feature Selection and Nested Cross-Validation.,"<h4>Background</h4>Given the recent transition of the USMLE Step 1 exam to a pass/fail system, evaluative emphasis is expected to shift toward the USMLE Step 2 Clinical Knowledge (USMLE-CK) exam, prompting the need for advanced predictive models. In this study, we proposed a multiple linear regression approach incorporating automated feature selection to predict students' performance on the USMLE-CK exam.<h4>Methods</h4>Our methodology integrated feature selection and model validation processes within a nested cross-validation (CV) framework to predict USMLE-CK scores. We conducted our analysis on data from four undergraduate medical student cohorts (Classes 2020 to 2023 inclusive, n = 117). A range of performance data was included for feature selection, including internal assessment data and National Board Medical Examination (NBME) <i>Clinical Science Subject Exams</i> scores. Utilizing nested CV, we constructed and assessed multiple regression models using four model evaluation metrics: mean CV error, adjusted-R<sup>2</sup>, Mallows' Cp, and Bayesian Information Criteria.<h4>Results</h4>This led to the selection of a four-predictor model (adjusted-R<sup>2</sup> = 0.68). This model incorporated a combination of NBME exams (Medicine, Neurology and Surgery) and performance in a pre-clinical unit (Gastrointestinal).<h4>Conclusion</h4>Our approach effectively streamlined the process of building a predictive model by merging feature selection with model validation. By creating an interactive, user-friendly dashboard, we empower medical educators to predict students' USMLE-CK performance. This modeling and deployment approach holds promise for predicting student performances in other assessments.",Healy PM; Latifi S,"Office of Evaluation, Assessment and Student Informatics, Division of Medical Education, Weill Cornell Medicine - Qatar, Doha, Qatar.",Journal of medical education and curricular development,2026-08-05,10.1177/23821205261474043,7.0,"dashboard(kw,abstract); machine learning(kw); data(abstract)",Predictive model; Machine Learning; Nested Cross-validation; Interactive Dashboard; Usmle Step 2 Ck
42563416,A 3D model of human hand anatomy using contrast imaging and muscle architecture visualization.,"Diffusible iodine-based contrast-enhanced microCT (DiceCT) enables three-dimensional visualization of mineralized and soft tissues while preserving their spatial relationships in situ. We present a DiceCT-based digital atlas of a human hand from a consented female donor through the University of Missouri Gift of Body program, scanned at 48.8 μm resolution following Lugol's iodine staining. Bones, tendons, intrinsic muscles, neurovascular structures, the flexor retinaculum and carpal tunnel, and dorsal digital expansions were manually segmented to generate labeled multiplanar sections and three-dimensional reconstructions. The dataset resolves epidermal ridge detail on the palmar surface while capturing structures, including the carpal tunnel contents, extensor mechanism, neurovasculature, palmar fat pads, and metacarpophalangeal sesamoids. Reconstructions demonstrate relevant relationships among the median nerve, flexor tendons, and flexor retinaculum, the ulnar nerve within Guyon's canal and the radial artery within the anatomical snuffbox. Distal digital arterial anastomoses are visible near the terminal tufts, and radial artery branches supplying the dorsal and distal scaphoid poles provide context for scaphoid vascular vulnerability. Muscle volumes and physiological cross-sectional areas were calculated using all fascicles within each intrinsic muscle. Flexor pollicis brevis and adductor pollicis exhibited comparatively large relative physiological cross-sectional areas, whereas the lumbricals had the smallest values, consistent with previous architectural estimates. By documenting whole-hand anatomy and within-individual muscle architecture non-destructively, this atlas provides a high-fidelity resource for anatomical education, documentation of anatomical variation, clinical interpretation, and generation of anatomically consistent biomechanical models. These results support DiceCT as a platform bridging anatomical research, clinical translation, and pedagogical access to donor-specific human anatomy.",Steer NG; Sullivan SP; Fields MG; Mackereth E; Lagorio AD; Cranor C; Middleton KM; McGechie FR; Ward CV; Holliday CM,"Department of Pathology and Anatomical Sciences, University of Missouri, Columbia, Missouri, USA.","Anatomical record (Hoboken, N.J. : 2007)",2026-08-06,10.1002/ar.70304,7.0,"visualization(title,abstract); visual(title,abstract); data(abstract)",muscle architecture; Digital anatomy; Anatomical Education; Human Hand; Dicect
42553006,Experts' Opinion on Strategic Public Health CBRN Emergency Management Using Artificial Intelligence in the Middle East and North Africa Region.,"Chemical, biological, radiological, and nuclear (CBRN) incidents present escalating risks across the Middle East and North Africa (MENA) amid geopolitical instability, cross-border threats, and evolving non-state actor capabilities. This policy analysis examines why prevailing case-level and ministry-siloed governance is insufficient for population-level CBRN readiness, weighs alternative coordination models, and outlines an artificial intelligence (AI)-enabled, centrally coordinated public-health strategy adapted to the region's heterogeneity and resource constraints. We propose a National Emergency Management Advisory Council to provide statutory inter-ministerial authority and stewardship for a National CBRN Dashboard that delivers decision support, inventory tracking, simulation, and rapid triage. We situate this within existing backgrounds and analyze legal authority, financing, data governance, and feasibility in low-resource settings. While prototype AI models report high accuracy for antidote optimization, agent classification, and triage, we argue these metrics reflect controlled research, not operational readiness, and require external validation, robustness testing, and cybersecurity safeguards. A phased, evidence-graded roadmap is proposed to move MENA CBRN management from reactive to predictive and adaptive models.",Farhat H; Tin D; Shin H; Al-Ali SF; Mochrie D; Morris B; Ciottone G,"Major Incident Preparedness and Resilience & Ambulance Service Group, Hamad Medical Corporation, Doha, Qatar.",Disaster medicine and public health preparedness,2026-08-05,10.1017/dmp.2026.10420,6.6,"dashboard(abstract); artificial intelligence(kw,title,abstract); data(abstract)",Artificial intelligence; Cbrn; Preparedness; Mena; Public Health Strategies
42553720,Validating medical digital twins for clinical decision support: beyond predictive accuracy.,"<h4>Objective</h4>To clarify how validation requirements should be specified for medical digital twins used in clinical decision support, particularly when such systems are intended to compare interventions, treatment timings, dosages, or sequential care strategies.<h4>Perspective</h4>Medical digital twins are heterogeneous systems that may combine prediction, simulation, mechanistic modeling, machine learning, data assimilation, uncertainty quantification, and decision-support functions. Their evaluation should therefore be driven by their intended use rather than by a single definition of what a digital twin is. For digital twins used primarily for visualization, monitoring, or short-term forecasting, predictive accuracy, calibration, discrimination, and robustness may be the central validation targets. However, when digital twins are used to support intervention-oriented clinical decisions, retrospective accuracy under historical clinical practice is insufficient on its own.<h4>Key message</h4>Intervention-oriented digital twins address action-conditioned questions: what is predicted to happen under specified alternative actions, assumptions, time horizons, and clinical contexts. Their validation should therefore extend beyond scalar performance metrics to include uncertainty representation, updating stability, robustness under regime change, action-regime validity, counterfactual consistency, clinically weighted error, and decision-level consequences. This requires drawing on established traditions in forecast verification, causal inference, uncertainty quantification, model verification and validation, decision theory, control theory, and post-deployment monitoring. The level of causal or mechanistic support required should match the clinical claim being made, whether at the genotype, phenotype, physiological, or care-process level.<h4>Conclusion</h4>The scientific-instrument framing is proposed as a pragmatic validation lens for intervention-oriented digital twins, not as a universal definition of digital twins. It helps define the scope within which their outputs can support clinical reasoning. Medical digital twins should be accompanied by explicit validation statements specifying their target population, prediction horizon, supported interventions, uncertainty bounds, and known failure conditions.",Vallée A,"Department of Epidemiology and Public Health, Foch Hospital, Suresnes 92150, France.",JAMIA open,2026-08-04,10.1093/jamiaopen/ooag160,6.6,"visualization(abstract); visual(abstract); machine learning(abstract); clinical decision support(title,abstract); data(abstract)",Uncertainty; Validation; Epistemology; Dynamical Systems; Counterfactuals; Causal Inference; Precision Medicine; Regulatory Science; Falsifiability; Digital Twin
42566083,"Intracorporeal urinary diversion during robot-assisted radical cystectomy: a bibliometric and visualization analysis of research evolution, evidence landscape, learning curves, and clinical outcomes.","Intracorporeal urinary diversion (ICUD) represents an important technical milestone in the transition of robot-assisted radical cystectomy (RARC) toward a completely minimally invasive surgical pathway. However, the evolution of research activity, collaborative structure, and emerging themes within this area has not yet been fully delineated. Therefore, the present study aimed to map the knowledge landscape of ICUD during RARC. Relevant publications were identified from the Web of Science Core Collection, with all available editions selected, and the search was conducted on July 1, 2026. English-language Articles and Reviews officially published between 2010 and 2025 were independently screened to determine their thematic eligibility. Sensitivity analyses were conducted using an abbreviation-free search strategy and more restrictive visualization thresholds. Bibliometrix, VOSviewer, CiteSpace, and SCImago Graphica were used to characterize publication patterns, national and institutional contributions, author and journal profiles, influential references, and temporal changes in keyword-based research themes. Overall, 250 records were included in the final analysis, including 212 Articles and 38 Review Articles. The annual number of publications showed a general upward trend, rising from 2 publications in 2010 to 34 publications in 2025, with a peak of 36 in 2021. The United States maintained the leading cumulative publication trajectory and received the highest total citation count (2,139). Karolinska Institutet was the most productive institution (43 publications), Giuseppe Simone ranked as the leading author in terms of productivity (23 publications), and BJU International was identified as the leading source journal (25 publications). The co-citation and keyword analyses revealed an evolutionary shift from initial feasibility studies and technical descriptions toward research on diversion types, perioperative outcomes, enhanced recovery, learning curves, and comparative effectiveness. Recent burst terms, including ""randomised controlled trial,"" ""mortality,"" ""survival,"" and ""morbidity,"" suggested increasing attention to comparative evaluation and clinically meaningful outcomes, although burst-term findings reflect changes in keyword usage rather than direct evidence of improved study quality. Sensitivity analyses using an abbreviation-free search strategy and more restrictive visualization thresholds showed broadly consistent thematic and source-level patterns. Research on ICUD during RARC has expanded from technical exploration toward increasing attention to procedural standardization, learning curves, comparative evaluation, and clinically meaningful outcomes. Nevertheless, these bibliometric patterns should be interpreted as indicators of research attention rather than direct evidence that surgical standardization has been achieved or that clinical outcomes have improved. The evidence base remains heterogeneous and concentrated in experienced centers. Further multicenter prospective studies with standardized reporting and longer follow-up are needed to clarify the implementation strategy and long-term clinical value of ICUD.",Xu Z; Wang X,"Department of Urology, The Affiliated Taian City Central Hospital of Qingdao University, Taian, 271000, China.",Journal of robotic surgery,2026-08-07,10.1007/s11701-026-03743-5,6.5,"visualization(title,abstract); visual(title,abstract)",Bladder cancer; Learning Curve; Bibliometric Analysis; Robot-assisted Radical Cystectomy; Intracorporeal Urinary Diversion
42550187,Deep learning image reconstruction improves visualization of arterial phase hyperenhancement and washout appearance on dual-energy CT for hepatocellular carcinoma: a non-inferiority study.,"<h4>Purpose</h4>This study aimed to evaluate the clinical value of deep learning image reconstruction (DLIR)-based dual-energy CT (DECT) in improving image quality for hepatocellular carcinoma (HCC).<h4>Methods</h4>This single-center retrospective analysis of a prospective cohort included patients enrolled between June 2024 and July 2025. Virtual monoenergetic images (VMI) at 40, 50, 60, and 74-keV (120 kVp-like) were reconstructed using ASiR-V 50%, DLIR-H (high), and DLIR-M (medium). All combinations of energy levels and reconstruction algorithms were compared using both quantitative metrics standard deviation (SD) of liver and lesion attenuation, signal-to-noise ratio (SNR), and lesion-to-liver contrast ratio (LLR) and semi-quantitative 5-point scores (overall noise, lesion edge sharpness, and conspicuity). The optimal reconstruction combination-derived DECT image was identified and compared with MRI for major HCC features of LI-RADS 2018, including arterial phase hyperenhancement (APHE) and nonperipheral washout appearance.<h4>Results</h4>Each patient yielded 36 image sets across three phases from various combinations of energy levels and algorithms. Quantitative analysis revealed DLIR-H/50-60-keV performed best across all objective metrics (all p < 0.05); with quantitative assessment, DLIR-H/50-keV was determined as the optimal protocol, which showed non-inferiority to MRI for detecting the two major HCC features of LI-RADS 2018.<h4>Conclusion</h4>DLIR significantly enhances low-energy VMI quality and the visualization of major LI-RADS 2018 features in HCC. The DLIR-H/50-keV protocol demonstrates imaging performance approaching MRI standards, representing a promising reconstructive strategy for HCC assessment, particularly in clinical scenarios where MRI access is limited.",Wu B; Cui J; Lei Y; Wan M; Luo Z; Xie Y; Chen J; Cui E,"Department of Radiology, Jiangmen Central Hospital, Jiangmen, China.",Abdominal radiology (New York),2026-08-04,10.1007/s00261-026-05707-7,6.5,"visualization(title,abstract); visual(title,abstract)",Hepatocellular carcinoma; computed tomography; Contrast Agents; Dual Energy; Deep Learning
42169540,Evolutionary landscape and collaborative networks of global theranostic research in nuclear medicine: a visual bibliometric analysis.,"<h4>Background</h4>Theranostics, integrating diagnostic imaging with targeted radionuclide therapy, has become central to nuclear medicine, but its global research landscape and collaboration patterns remain incompletely mapped.<h4>Objective</h4>To characterize publication dynamics, cooperative networks, and emerging topics in theranostic research from 2006 to 2024.<h4>Methods</h4>Articles and reviews indexed in the Web of Science Core Collection were retrieved for bibliometric analysis. Excel, CiteSpace, VOSviewer, Scimago Graphica, ArcGIS, and the R package bibliometrix were used for quantitative analysis and visualization.<h4>Results</h4>A total of 1801 articles and reviews were included, with a compound annual growth rate of 18.7%. The USA, Germany, and China were the leading producer countries, and the USA-Germany collaboration showed the strongest bilateral link strength. The Helmholtz Association, Memorial Sloan Kettering Cancer Center, and the University of California System were the most productive institutions, while Herrmann K., Wester H.J., and Werner R.A. led individual output. Keyword co-occurrence analysis identified five major themes: prostate-specific membrane antigen (PSMA)-targeted imaging and therapy, somatostatin receptor-based peptide therapy, neuroendocrine tumors, alpha-particle therapy, and fibroblast activation protein-targeted probes. Burst detection showed that fibroblast activation protein, actinium-225, and 177 Lu-PSMA-617 have emerged as recent research hotspots.<h4>Conclusion</h4>Theranostic research in nuclear medicine has expanded rapidly over the past two decades, with a trans-Atlantic and Asia-Pacific collaborative pattern. Current frontiers are shifting from beta-emitters toward alpha-emitters and tumor-microenvironment-targeted probes. Greater intercontinental cooperation and continued focus on novel radionuclides and under-explored targets may support future innovation and clinical translation.",Jia YN; Wu Q; Liu PH,"Department of Nuclear Medicine, Xuzhou Central Hospital, Xuzhou, Jiangsu.",Nuclear medicine communications,2026-08-04,10.1097/mnm.0000000000002183,6.1,"visualization(abstract); visual(kw,title,abstract)",bibliometrics; Nuclear Medicine; Theranostics; Visual Analysis; Targeted Radionuclide Therapy
42562606,Concordance Between [&lt;sup&gt;18&lt;/sup&gt;F]Flortaucipir PET Visual Reads and CenTauR-Based Quantification.,"Tau PET imaging with [<sup>18</sup>F]flortaucipir allows for the visualization and mapping of aggregated tau deposits, a key neuropathologic feature of Alzheimer disease (AD). A visual interpretation method for [<sup>18</sup>F]flortaucipir was approved by the Food and Drug Administration and European Medicines Agency and has been implemented for a standardized, clinically usable definition of tau PET positivity. The CenTauR<sub>z</sub> method, on the other hand, offers the possibility to harmonize the definition of tau PET positivity across different radiotracers using quantitative metrics, but its concordance with clinically relevant [<sup>18</sup>F]flortaucipir visual reads remains unclear. <b>Methods:</b> A convenience sample of 3991 participants, including cognitively unimpaired (CU) and cognitively impaired (CI) individuals (i.e., those with mild cognitive impairment or AD dementia), underwent [<sup>18</sup>F]flortaucipir PET imaging. Each [<sup>18</sup>F]flortaucipir scan was assessed by 3 trained readers using the approved visual interpretation method and quantified using the CenTauR<sub>z</sub> quantification pipeline in different regions of interest (ROIs). Concordance between positive visual reads and CenTauR<sub>z</sub>-defined positivity (i.e., >2 on the CenTauR<sub>z</sub> scale) was assessed using Cohen κ. Receiver-operating-characteristic (ROC) analysis evaluated the discriminative power of continuous CenTauR<sub>z</sub> values in distinguishing between negative and positive visual reads. Generalized additive models examined clinical progression on the basis of visual and CenTauR<sub>z</sub>-based assessments of tau PET positivity. <b>Results:</b> Concordance between visual reads and CenTauR<sub>z</sub>-based assessments of tau PET positivity was moderate, particularly in CU individuals (κ = 0.23-0.55 for CU participants, κ = 0.57-0.82 for CI participants, depending on the ROI). ROC analysis revealed that the agreement remained moderate, independent of the CenTauR<sub>z</sub> cut point used (area under the ROC curve, 0.72-0.87 vs. 0.87-0.97 for CU and CI individuals, respectively). Among discordant cases, participants with visually positive/CenTauR<sub>z</sub>-negative tau PET scans were more frequently amyloid-positive and exhibited faster clinical progression compared with visually negative/CenTauR<sub>z</sub>-positive individuals. <b>Conclusion:</b> Our findings highlight the relatively limited agreement between the visual assessment of [<sup>18</sup>F]flortaucipir PET images and CenTauR<sub>z</sub>-based quantification, particularly in CU individuals. Participants with visually positive/CenTauR<sub>z</sub>-negative tau PET scans showed a high frequency of amyloid positivity and faster clinical progression, suggesting that visual reads are more sensitive to heterogeneous, clinically relevant tau accumulation patterns not captured by ROI-based methods. These findings underscore the need for new quantification approaches to better capture the complex patterns of tau deposition, important for early AD detection and monitoring.",Karagianni S; Moscoso A; Raghavan S; van Essen M; Mainta I; Camacho V; Rodríguez-Fonseca O; Silva-Rodríguez J; Perissinotti A; Gu Y; Yun J; Franzmeier N; Grothe MJ; Seo SW; Frisoni GB; Garibotto V; Schwarz CG; Petersen RC; Jack CR Jr; Vemuri P; Schöll M,"Wallenberg Centre for Molecular and Translational Medicine, University of Gothenburg, Gothenburg, Sweden.","Journal of nuclear medicine : official publication, Society of Nuclear Medicine",2026-08-06,10.2967/jnumed.126.272722,6.1,"visualization(abstract); visual(kw,title,abstract)",Alzheimer disease; Tau Pet Imaging; Visual Interpretation; [18F]flortaucipir; Centaur Quantification
42547700,User Interface Design for AI-Based Medical Imaging: A Scoping Review.,"While the graphical user interface (GUI) is fundamental to computer-aided diagnosis (CAD) systems, a significant void exists in the technical literature regarding its design and integration into clinical workflows. Bridging this gap is essential, as a well-designed interface is the key driver of usability, interpretability, and the ultimate adoption of medical imaging tools. This scoping review aims to identify and analyze the primary approaches and emerging trends in GUI design for CAD systems developed for medical image analysis, with a specific focus on classification and segmentation tasks. We analyze not only the interaction patterns but also the specific clinical applications, datasets, AI algorithms, and evaluation protocols reported in the literature. A literature search was conducted across five major digital databases (ACM Digital Library, IEEE Xplore, PubMed, ScienceDirect, and SpringerLink) for scientific publications between 2020 and 2024. The search string (""medical image"" AND (""computer-aided diagnosis"" OR ""CADx"" OR ""CAD"") AND ""user interface"") was used. The search terms were strategically selected to specifically target visual diagnostic AI systems that integrate a clinician-facing interface. Initial screenings, followed by the application of predefined inclusion and exclusion criteria, were performed. Data was charted using eight research questions. From an initial pool of 1147 articles identified across two search phases, a total of 46 studies met the final inclusion criteria and composed the review set. The data extraction process revealed a growing trend towards the integration of interactive machine learning features, visualization of model uncertainty, and tools for explainable AI (XAI) directly within the user interface, moving beyond simple image display and result presentation. The design of GUIs for modern CAD systems is evolving from static displays to interactive and collaborative platforms. Many of them not only present the AI's prediction but also provide clinicians with tools to understand, question, and refine the automated analysis. A clear gap remains in the standardization of usability and human-computer interaction metrics for evaluating these systems, suggesting a critical direction for future research.",Souza ICA; Berton L,"Dep. of Science and Technology, Universidade Federal de São Paulo, São José dos Campos, SP, 12247-014, Brazil.",Journal of imaging informatics in medicine,2026-08-03,10.1007/s10278-026-02140-6,6.0,"visualization(abstract); visual(abstract); machine learning(kw,abstract); data(abstract)",Medical image; Computer-aided Diagnosis; Machine Learning; Human Interaction; Graphical User Interface
42562389,AI-Based Phenotyping of Atrial Fibrillation Through Generative Topographic Mapping: Prospective Murcia Atrial Fibrillation Project III Cohort Study.,"<h4>Background</h4>The clinical heterogeneity of atrial fibrillation (AF) challenges current classifications and risk scores, limiting their real-world applicability. AI-driven methods may enhance phenotyping and risk stratification.<h4>Objective</h4>This study aimed to apply a generative topographic mapping (GTM)-based clustering approach to a large, real-world, prospective AF cohort to identify clinically relevant phenotypes and assess their associations with clinical outcomes.<h4>Methods</h4>We conducted a prospective observational cohort study including consecutive adult outpatients with newly diagnosed AF who initiated oral anticoagulation between January 2016 and November 2021. Cardiometabolic risk was modeled as a multidimensional construct integrating cardiovascular and metabolic comorbidities. GTM was applied to project high-dimensional clinical data into a low-dimensional latent space, enabling probabilistic patient representation and visualization of phenotypic structure. Unsupervised hierarchical clustering using Ward's method was performed on the latent space to identify AF phenotypes, and patients were assigned to clusters based on their highest posterior probability. Clinical outcomes, including thromboembolic events, major bleeding, major adverse cardiovascular events (MACE), cardiovascular death, and all-cause death, were assessed over a maximum follow-up of 2 years. Nonfatal outcomes were analyzed using Fine-Gray competing-risk models and reported as subdistribution hazard ratios (sHRs), whereas cardiovascular and all-cause death were analyzed using adjusted Cox proportional hazards models and reported as adjusted hazard ratios (aHRs).<h4>Results</h4>Among 3259 patients with AF (median age 77, IQR 70-83 years; 1721/3259, 52.8% female; mean follow-up 1.81 years), four phenotypes emerged: (1) older with highest cardiometabolic burden, (2) older with lower cardiometabolic risk, (3) comparatively younger with intermediate-high cardiometabolic risk, and (4) comparatively younger with intermediate cardiometabolic risk. Compared with phenotype 1, phenotype 4 demonstrated lower risks of thromboembolic events (sHR 0.70, 95% CI 0.50-0.98), major bleeding (sHR 0.61, 95% CI 0.42-0.89), and MACE (sHR 0.67, 95% CI 0.47-0.94). Regarding cardiovascular and all-cause death, all phenotypes demonstrated a lower risk compared with phenotype 1: phenotype 2 (aHR 0.52, 95% CI 0.33-0.85; and aHR 0.66, 95% CI 0.50-0.87, respectively), phenotype 3 (aHR 0.57, 95% CI 0.32-0.99; and aHR 0.44, 95% CI 0.30-0.65, respectively), and phenotype 4 (aHR 0.49, 95% CI 0.33-0.72; and aHR 0.56, 95% CI 0.44-0.71, respectively). However, these associations were attenuated after further adjustment for age, sex, and major comorbidities, with phenotype 4 retaining a significant association with lower cardiovascular death and phenotypes 3 and 4 retaining significant associations with lower all-cause death.<h4>Conclusions</h4>GTM-based clustering analysis identified prognostically distinct AF phenotypes, highlighting the potential of machine learning approaches to support personalized AF care. Further external validation is needed to establish the generalizability of these findings.",Soler Espejo E; Chen Y; Ramos-Bratos MP; Ortega-Martorell S; Olier I; Rivera-Caravaca JM; Marín F; Roldán V; Lip GYH,"Department of Hematology, Hospital Clínico Universitario Virgen de la Arrixaca, University of Murcia, Instituto Murciano de Investigación Biosanitaria Pascual Parrilla (IMIB), El Palmar, Murcia, Spain.",Journal of medical Internet research,2026-08-06,10.2196/90502,6.0,visualization(abstract); visual(abstract); artificial intelligence(kw); machine learning(abstract); data(abstract),Artificial intelligence; Phenotypes; Atrial fibrillation; AI; Clinical Outcomes; Af; Generative Topographic Mapping
42547415,Real-time clinical decision support system for early identification of infection and sepsis in the intensive care unit: a retrospective development and prospective deployment study.,"<h4>Background</h4>Sepsis and infection are distinct yet overlapping conditions in the intensive care unit (ICU), posing diagnostic and management challenges due to non-specific clinical features and delayed microbiological confirmation. This study aimed to develop and evaluate a real-time dual-model clinical decision support system for early identification of infection and sepsis based on the Third International Consensus Definitions for Sepsis and Septic Shock (Sepsis-3) framework.<h4>Methods</h4>We conducted a retrospective model development and prospective non-interventional deployment study of adult ICU admissions between 2018 and 2020 at a tertiary-care medical centre. Infection was defined by positive microbiological culture results while sepsis was defined according to Sepsis-3 criteria. Two machine learning models were developed using structured clinical features from an 8-hour feature window to predict infection and sepsis. The framework included an 8-hour lead time and a 1-hour prediction window. Class imbalance was addressed using propensity score matching and Borderline Synthetic Minority Oversampling Technique. External validation was performed using the Medical Information Mart for Intensive Care IV database. Real-time deployment analyses evaluated ICU risk surveillance and cluster-based stratification using combined sepsis and infection probabilities.<h4>Results</h4>The dual-model system demonstrated consistent discrimination across internal, reduced-feature and external validation cohorts, with area under the receiver operating characteristic curves ranging from 0.75 to 0.85. Both models prioritised high sensitivity and negative predictive value to minimise missed cases. During real-time ICU implementation, the decision support dashboard provided interpretable risk estimates at the bedside. Exploratory pre-post comparisons showed numerically lower point estimates across most clinical and resource-utilisation outcomes, without adjustment for confounding factors. Cluster-based analysis further identified a high-risk subgroup with greater healthcare resource utilisation.<h4>Conclusion</h4>This real-time clinical decision support system enables early identification of infection and sepsis, supports timely clinical decision-making and may inform antibiotic and resource use in the ICU.",Sun FJ; Liu YY; Kuo LK; Hu TY; Cheng KH; Chen HT; Chang PJ; Wu MC; Yeh HI; Wu KP,"Institute of Biomedical Informatics, National Yang Ming Chiao Tung University, Taipei, Taiwan.",BMJ quality & safety,2026-08-03,10.1136/bmjqs-2026-020104,5.6,"dashboard(abstract); machine learning(abstract); clinical decision support(title,abstract); data(abstract)","Quality improvement; Infection control; Critical Care; Antibiotic Management; Decision Support, Clinical"
42553143,Beyond the flow: the evolving role of magnetic resonance imaging in arteriovenous shunt evaluation.,"Although digital subtraction angiography remains the gold standard for the diagnosis and treatment planning of intracranial arteriovenous shunts (AVS), including arteriovenous malformations and arteriovenous fistulas, non-invasive imaging is increasingly sought for comprehensive evaluation. Magnetic resonance imaging (MRI) plays a crucial role in AVS detection, identification of feeding arteries and draining veins, localization of shunt points, classification of subtypes, assessment of venous reflux and congestion, and evaluation of post-treatment residual or recurrent lesions. Clinical techniques such as time-of-flight MR angiography (MRA), contrast-enhanced time-resolved MRA, susceptibility-weighted imaging, and arterial spin labeling (ASL) are established for these assessments. Recent advances have expanded MRI capabilities: Ultrashort echo time MRA can overcome turbulent flow-related signal loss and susceptibility artifacts, improving visualization of complex nidus architecture; compressed sensing substantially accelerates three-dimensional and four-dimensional (4D)-MRA while maintaining diagnostic quality; ASL-based 4D-MRA provides high-temporal-resolution dynamic evaluation without contrast, with vessel-selective techniques enabling independent assessment of individual vascular territories; and high-resolution vessel wall imaging shows promise for risk stratification. Emerging artificial intelligence applications enable automated AVS segmentation and characterization, with potential to enhance image quality and reduce scan times. This review summarizes current MRI techniques, recent innovations, and future perspectives in the non-invasive assessment of intracranial AVS.",Sakata A; Fujimoto K; Iima M; Saida T; Nishioka K; Ito R; Honda M; Yanagawa M; Kurokawa R; Hirata K; Kawamura M; Oda S; Ide S; Sugawara S; Takumi K; Ueda D; Sofue K; Naganawa S,"Kyoto University Graduate School of Medicine, Department of Diagnostic Imaging and Nuclear Medicine, Kyoto, Japan.","Diagnostic and interventional radiology (Ankara, Turkey)",2026-08-05,10.4274/dir.2026.264132,5.5,"visualization(abstract); visual(abstract); artificial intelligence(kw,abstract)",Artificial intelligence; Arteriovenous fistula; MRA; Arteriovenous Malformation; Compressed Sensing; Susceptibility-weighted Imaging; Arterial Spin Labeling; Vessel Wall Imaging; Ultrashort Echo Time Mra
42557264,A novel hybrid transformer-based framework (H-ConvNeXt-Swin) to classify brain tumors using MRI.,"This paper introduces a hybrid deep learning model combining ConvNeXt and Swin Transformer for classifying brain tumors from MRI scans. The ConvNeXt backbone is employed to obtain detailed local spatial features, whereas the Swin Transformer identifies hierarchical long-range dependencies, facilitating complementary feature representation. The proposed model is evaluated on a combined public MRI dataset of 7,023 images distributed across four categories: glioma, meningioma, pituitary, and no tumor. Experimental results demonstrate that the proposed hybrid architecture outperforms several state-of-the-art convolutional and transformer-based models, achieving an accuracy of 95.37% with competitive precision and F-score. Additionally, qualitative explainability assessment using attention-based visualization techniques offers insight into the model's decision-making by highlighting diagnostically significant regions. Furthermore, we evaluate the proposed H-ConvNeXt-Swin model on the unified dataset and also report source-stratified performance on each of the three constituent datasets: Figshare, SARTAJ, and Br35H. Future work will focus on validating the proposed framework on multi-center clinical datasets and extending it to more complex tasks such as tumor localization and segmentation.",Abdellatef E; Al-Makhlasawy RM; El-Mawla NA; Shalaby WA,"Faculty of Computer Science and Engineering, Alamein International University, New Alamein City, Matrouh, Egypt, 51718. eabdellatef@aiu.edu.eg.",Scientific reports,2026-08-05,10.1038/s41598-026-63915-z,5.0,visualization(abstract); visual(abstract); artificial intelligence(kw); data(abstract),Artificial intelligence; MRI; Brain tumor; Deep Learning; Convolutional Neural Networks; Swin Transformer
42555572,Integrating disease mapping and flexible scan statistics to identify and visualize spatial clusters.,"Accurately characterizing the spatial distribution of diseases is essential for understanding etiology and guiding targeted public health interventions. This study develops an analytical framework integrating disease mapping and spatial scan statistics to identify and validate the spatial clustering patterns of diseases. The framework follows an ""exploration-validation-refinement"" workflow, combining qualitative visualization with quantitative spatial analysis. Choropleth maps intuitively depict the overall distribution of diseases, providing a basis for identifying potential high-risk areas; the flexible scan statistics (FleXScan) method detects statistically significant clusters; and dot cartograms further reveal internal heterogeneity within the most likely clusters by controlling for population density. This study validated the framework using both synthetic data and real measles case data. The results indicate that the framework substantially improves the accuracy and reliability of cluster detection, facilitates the localization of local high-risk cores, and provides actionable insights for precision disease control.",Wang L; Hu H; Li Y; Zhang D; Li X; Zhang Z,"School of Computer Science and Artificial Intelligence, Zhengzhou University of Light Industry, Zhengzhou, Henan, China.",PloS one,2026-08-05,10.1371/journal.pone.0353971,4.6,"visualization(abstract); visual(title,abstract); data(abstract)",
42560907,NewbornTimeLine: Automated Video-Based Timelines for Neonatal Resuscitation in a Hospital Pilot Study.,"Accurate documentation of neonatal resuscitation events is critical for quality improvement and evidence-based research, yet current manual methods are labor-intensive and lack temporal precision. This paper presents NewbornTimeLine, an AI-based system that automatically generates detailed timelines of birth and resuscitation activities from thermal and visible light video recordings. The system consists of (1) a locally deployed activity recognition system for automated video analysis, using thermal imaging for privacy-preserving time-of-birth detection and visible light video for Neonatal Resuscitation Algorithm (NRA) activity recognition, and (2) a web-based dashboard that provides clinicians with access to both manually annotated and AI-generated timelines. For time-of-birth detection, the proposed two-stream fusion architecture achieves 93.80% accuracy within a 10-second tolerance and 100% birth identification. For NRA activity recognition, the ROI-centered MoViNet approach achieved weighted-average and macro-averaged F1- scores of 0.97 and 0.77, respectively, for key resuscitation activities, including ventilation, stimulation, and suction. The web-based dashboard enables dataset exploration, timeline visualization, and comparison between automated and manual documentation. NewbornTimeLine was deployed as a single-hospital pilot, demonstrating that automated timeline generation for neonatal resuscitation is feasible in a single-centre setting. The system may further support retrospective analysis, clinical debriefing, and quality improvement research.",Meinich-Bache O; Garcia-Torres J; Fuster S; Rettedal SI; Kolstad V; Brunner S; Johannessen A; Tossebro E; Catak FO; Rong C; Engan K,,IEEE journal of biomedical and health informatics,2026-08-06,10.1109/jbhi.2026.3721348,4.5,visualization(abstract); dashboard(abstract); visual(abstract); data(abstract),
42555931,Symptom Tracking for Patient-Reported Outcomes in Cancer: User-Centered Design of the AthenaCompanion Web Application.,"<h4>Background</h4>Routine monitoring of patient-reported outcomes (PROs) during cancer treatment improves symptom control and quality of life, yet real-world uptake and sustained engagement with PRO monitoring remain suboptimal. Gamification has been shown to improve engagement with digital health interventions. User-centered design approaches are needed to ensure that gamified PRO tools are acceptable, usable, and responsive to patient and clinician needs, especially for older adult users.<h4>Objective</h4>This study aimed to develop a gamified symptom monitoring web application for older adult patients with cancer using a multiphase, iterative, and user-centered approach.<h4>Methods</h4>The overall study design was a mixed-methods user-centered design study involving 3 phases. From 2022 to 2026, participants were recruited across online and clinical settings using multiple strategies, including ResearchMatch (Vanderbilt University Medical Center), clinician referrals, professional networks, and outreach through the electronic health record at an academic medical center. Phase 1 was a survey of older adults with chronic health conditions. They reported on symptom severity, mobile health (mHealth) preferences, and gamification preferences, which were analyzed descriptively. Phases 2 and 3 involved semistructured interviews with older adult cancer survivors and clinicians, respectively, to identify actionable feedback, followed by iterative usability testing with older adult cancer survivors.<h4>Results</h4>In Phase 1, older adults (n=216) with chronic conditions reported high frequency of mobile phone use (across 11 mobile phone behaviors, mean 6.1, SD 1.63 where 6 indicates daily use) and generally favorable attitudes toward gamification (across 18 gameful design elements, means ranged from 2.8-4.3 on a 1-5 scale and SDs ranged from 0.75-1.12), with learning elements rated most appealing (mean 4.3/5, SD 0.75). Concerns about a gamified mHealth app included data privacy and perceived trivialization of health. Phase 2 interviews (n=7) demonstrated strong interest in longitudinal symptom visualization and clinician-sharable reports; gamified content was viewed as engaging by most participants but was preferred as optional. In Phase 3, iterative clinician interviews (n=5) and patient usability testing (n=9) led to substantial refinements, including simplified navigation, enhanced visual accessibility, further guidance on score interpretation with embedded educational videos, and de-emphasis of the gamified travel learning component. Across usability testing rounds, the number of user experience problems per interview decreased from 17 to 4, indicating improved usability.<h4>Conclusions</h4>Using a multiphase, mixed methods, user-centered design process, we developed AthenaCompanion (Northwestern University with The Ohio State University), a gamified web application for PRO monitoring tailored to older adults undergoing cancer treatment. Across surveys and interviews, patients emphasized the importance of clinical utility, clarity of symptom feedback, and low-pressure, optional gamification elements. This work demonstrates the feasibility of integrating gamification into PRO monitoring and provides a foundation for future work evaluating long-term usability, engagement, and clinical effectiveness in real-world oncology care.",Nolla K; Perry LM; Gogineni A; Kircher S; Mohindra N; Bass M; Tetrick MK; Sanchez-Petitto G; Noonan A; Presley C; Cella D; Benzo RM,"Department of Psychology, Morgan State University, 1700 E Cold Spring Ln, Baltimore, MD, 21251, United States, 1 443-885-4215.",Journal of medical Internet research,2026-08-05,10.2196/94017,4.5,visualization(abstract); visual(abstract); data(abstract); electronic health record(abstract),Cancer Care; User-centered Design; Older Adults; Patient-reported Outcomes; Symptom Monitoring; Mobile Health; Gamification
42547939,Reducing Pediatric Medication Safety Risks Through Improved Dosing Weight Accuracy: A Hospital-Based Quality Improvement Initiative.,"<h4>Background</h4>Avoidable medication errors involving inaccurate weight-based dosing in pediatric patients are a well-documented patient safety concern.<h4>Local problem</h4>Select patients receiving medications and fluids based on nonmeasured weights contributed to medication errors.<h4>Methods</h4>Using several Plan-Do-Study-Act (PDSA) intervention cycles, we aimed to increase the percentage of patients with a measured dosing weight within 12 hours of admission from a baseline of 18.5 % to greater than 75% within 6 months.<h4>Interventions</h4>PDSA cycles included awareness campaigns, education, and electronic health record enhancements to improve documentation and visualization of weight methods.<h4>Results</h4>Patients with documented measured weights used for dosing improved from 18.5% to 66.2%, demonstrating statistically significant improvements.<h4>Conclusions</h4>Interventions are adaptable to other pediatric institutions and potentially to adult populations as well.",Brant K; Ascenzi J; Rowcliffe M; Burkett S; Kane A,"Author Affiliations: Patient Safety and Quality Improvement Department, The Johns Hopkins Children's Center (Mrs Brant), Pediatric Nursing Department, The Johns Hopkins Children's Center (Dr Ascenzi), Department of Pharmacy, The Johns Hopkins Children's Center (Dr Rowcliffe), Department of Operational Excellence, Armstrong Institute for Patient Safety and Quality, Johns Hopkins Medicine (Mr Burkett), and Department of Pediatrics, Johns Hopkins School of Medicine (Dr Kane), Baltimore, Maryland.",Journal of nursing care quality,2026-08-04,10.1097/ncq.0000000000001006,4.0,visualization(abstract); visual(abstract); electronic health record(abstract),Quality improvement; Adverse Drug Events; Medication Safety
42565680,Programmable nanoprobes for molecular imaging of cancer: toward adaptive and context-responsive diagnostics.,"Molecular imaging has emerged as a powerful tool for early cancer detection and real-time visualization of disease progression; however, conventional imaging probes remain limited by static signal output, suboptimal specificity, and low target-to-background ratios (typically <2-3 fold), restricting their sensitivity in complex tumor microenvironments. In recent years, stimuli-responsive nanoprobes have gained significant attention as next-generation imaging agents capable of context-responsive activation and precise signal modulation, enabling 5-20-fold signal amplification in response to specific tumor-associated stimuli. This review provides a comprehensive overview of the design principles and functional architectures of stimuli-responsive nanoprobes engineered to respond to endogenous cues such as acidic pH (∼6.5-6.8), elevated glutathione concentrations (2-10 mM), enzymatic overexpression, hypoxia (<2% O<sub>2</sub>), and redox gradients, as well as exogenous triggers including near-infrared light (700-1000 nm), magnetic fields, and ultrasound. Emphasis is placed on activatable and switchable nano systems that enable spatiotemporal control of imaging signals, thereby improving detection sensitivity several fold compared to conventional probes. Multimodal imaging enhances diagnostic performance by integrating complementary imaging modalities that offer varying spatial resolutions, ranging from micrometer-scale optical imaging and submillimeter-resolution MRI or micro-CT to millimeter-scale nuclear imaging modalities such as PET and SPECT. Strategies involving surface engineering, biomimetic coatings, and ligand-directed targeting are also highlighted here to improve tumor accumulation efficiency (often >5-10% of injected dose per gram). In addition, the integration of artificial intelligence with nanoscale imaging systems for real-time data interpretation and adaptive diagnostics is examined. Finally, key challenges related to biocompatibility, scalability, and clinical translation are critically analyzed. Collectively, stimuli-responsive nanoprobes represent a transformative approach in molecular imaging, offering adaptive, high-precision platforms for advancing early cancer detection and precision oncology.",Sarma AD; Webster TJ; Devi M,"Faculty of Allied and Healthcare Sciences, Assam down town University, Sankar Madhab Path, Gandhi Nagar, Panikhaiti, Guwahati, Assam, India. sarma.arnab1990@gmail.com.",Nanoscale,2026-08-07,10.1039/d6nr01660j,4.0,visualization(abstract); visual(abstract); artificial intelligence(abstract); data(abstract),
42550459,PET/CT imaging for assessment of tumor immunotherapy response: a new perspective on tumor metabolic reprogramming and immune escape.,"Accurately assessing tumor response to immunotherapy remains a significant clinical challenge due to the unique response patterns and limitations of conventional anatomical imaging. This review explores the evolving application of PET/CT in evaluating immunotherapy efficacy through the novel lens of tumor metabolic reprogramming and immune escape mechanisms. First, we examine how metabolic imbalances in the tumor microenvironment mediate immune escape by suppressing immune cell function. The review subsequently analyzes advances in molecular imaging, focusing on the development of novel radiopharmaceuticals that target specific immunometabolism pathways, enabling direct visualization of immune cell dynamics. Furthermore, we analyze advances in novel tracers targeting specific immunometabolism processes for direct immune cell visualization, along with the application of radiomics for early response prediction. Finally, we address current technical and clinical challenges, outlining future directions aimed at constructing an integrated tumor metabolic-immune map and developing robust, PET-based patient stratification strategies to guide personalized therapeutic regimens. In conclusion, PET/CT is emerging as an indispensable multi-dimensional tool, providing critical real-time insights into immunometabolism activity to optimize therapeutic decision-making and improve clinical outcomes in cancer immunotherapy. Integrating these metabolic-immune signatures with other biomarker data holds promise for refining response assessment strategy and advancing personalized oncology.",Zhou Y; Wang N,"Department of Nuclear Medicine, The First Affiliated Hospital of Hebei North University, No. 12, Changqing Road, Qiaoxi District, Zhangjiakou, 075000, Hebei, China.",La Radiologia medica,2026-08-04,10.1007/s11547-026-02269-y,3.0,visualization(abstract); visual(abstract); data(abstract),Immune escape; Pet/ct; Tumor Microenvironment; Precision Medicine; Immunotherapy Response
42557145,[Gynecological cancer surgery: Is robotic surgery an advantage over conventional laparoscopy?],"Minimally invasive surgery now plays a central role in the management of gynecologic cancers, particularly endometrial and cervical cancers. Among these approaches, robot-assisted surgery has progressively developed due to its potential technical advantages, including improved ergonomics, three-dimensional visualization, and greater precision of surgical maneuvers. Despite the increasing adoption of this technology, its true role compared with conventional laparoscopy remains debated, particularly following concerns raised regarding the oncologic safety of minimally invasive surgery in early-stage cervical cancer. This narrative review analyzes the currently available evidence comparing robot-assisted surgery with conventional laparoscopy in endometrial and cervical cancers. Priority is given to studies with a high level of evidence, particularly randomized controlled trials, while also discussing the methodological limitations of the existing literature, which is characterized by heterogeneity in the studied populations, biases related to historical cohorts, and the major impact of the learning curve. Through the evaluation of perioperative, functional, and oncologic outcomes, this review provides a critical synthesis of the current literature and discusses the main challenges associated with the integration of robot-assisted surgery in gynecologic oncology. Particular attention is paid to the influence of surgical expertise, healthcare organization, and adherence to oncologic principles on the observed outcomes. Ongoing prospective trials are expected to provide additional data to better define the role of robot-assisted surgery in gynecologic oncology.",Garin C; Schoenen S; Bresson L; Navarro AS; Lamand A; Devolder A; Dumortier R; Martinez-Gomez C; Narducci F,"Département d'oncologie chirurgicale, centre Oscar-Lambret, 3, avenue Frédéric-Combemale, 59000 Lille, France; Département de gynécologie, HELORA, hôpital de Mons, site Kennedy, 2, boulevard John-Fitzgerald-Kennedy, 7000 Mons, Belgique.",Bulletin du cancer,2026-08-05,10.1016/j.bulcan.2026.05.012,3.0,visualization(abstract); visual(abstract); data(abstract),Cervical cancer; Endometrial Cancer; Robotic Surgery; minimally invasive surgery; Perioperative Outcomes; Cancer Du Col Utérin; Conventional Laparoscopy; Cancer De L’endomètre; Chirurgie Mini-invasive; Chirurgie Robotique; Laparoscopie Conventionnelle; Résultats Périopératoires
42551009,Sensor-Based Mobile App for Assessment and Tracking (SMAAT): Cross-Sectional Usability Study.,"<h4>Background</h4>Smartphone-based ecological momentary assessment (EMA) is increasingly used in digital health research to capture behaviors, symptoms, and psychological states in real time and in natural environments, offering advantages over traditional retrospective measures in terms of ecological validity and reduced recall bias. Despite the potential of EMA for advancing mobile health and digital phenotyping apps, accessible technical solutions that enable researchers without software engineering expertise to design and deploy EMA studies remain limited.<h4>Objective</h4>This study aimed to (1) describe the development and core features of a sensor-based mobile app for assessment and tracking (SMAAT), a research platform for designing and deploying mobile surveys and EMA studies, and (2) report initial usability findings from a cross-sectional study using a novel swiping response format.<h4>Methods</h4>SMAAT consists of a web-based dashboard for researchers and companion iOS (Apple Inc) and Android (Google) apps for participants, providing a visual survey builder, multiple notification schedules (including fixed, random, interval, event-based, and geofenced prompts), gamification mechanics, and tools to monitor participant compliance. To evaluate the platform in use, we conducted a between-participants cross-sectional study in which 97 university students and 132 online panel participants completed blocks of binary questions on smartphones using either a swiping or tapping response format, followed by usability and user-experience questionnaires.<h4>Results</h4>In the cross-sectional study, SMAAT supported successful study setup, enrollment, and survey completion across both iOS and Android devices without major technical problems, and participants in both samples completed the full protocol in a single session. Performance on the binary tasks was generally high, with swiping and tapping showing broadly comparable response-time and accuracy patterns, and no clear disadvantages for swiping or consistent effects of response orientation. Usability and pragmatic user-experience ratings were high across conditions, with no meaningful differences between swiping and tapping, while Prolific participants reported higher usability and pragmatic quality than students. Hedonic ratings descriptively favored swiping, although this difference did not reach conventional statistical significance.<h4>Conclusions</h4>SMAAT is a flexible smartphone-based research platform for configuring and deploying mobile surveys and EMA studies with diverse item types and notification logics. Initial findings show that SMAAT can support reliable cross-sectional data collection across heterogeneous devices and samples, and that a swipe-based response format can be implemented without compromising task performance, usability, or pragmatic user experience relative to tapping.",Shevchenko Y; Hong H,"Research Methods, Assessment, and iScience, Department of Psychology, University of Konstanz, Universitätsstraße 10, Konstanz, Baden-Wurttemberg, 78464, Germany, 49 1784188154.",JMIR formative research,2026-08-04,10.2196/98984,3.0,dashboard(abstract); visual(abstract); data(abstract),Smartphone; Ecological Momentary Assessment; Experience Sampling; Mobile Health; Digital Phenotyping
42545339,[Virtual reality and digital shoulder surgery].,"Digital technologies are increasingly expanding the scope of shoulder surgery. In shoulder arthroplasty, CT-based three-dimensional (3D-) planning has become established for assessing glenoid morphology, selecting implants, and virtually positioning components. Patient-specific instrumentation (PSI) and computer-assisted navigation aim to translate preoperative planning into the operating room with greater precision. Virtual reality (VR) currently plays its most relevant role in shoulder surgical education and simulation. Augmented reality (AR) and mixed reality (MR) may enable intraoperative visualization of planning data and telemedical supervision, however, their intraoperative application should still be considered experimental. Despite promising technological advances, evidence demonstrating long-term clinical benefit, reduced revision rates, or cost-effectiveness remains limited.",Nolte AK; Schmalzl JG; Haag S; Seifert IB; Lehmann LJ,"Klinik für Hand‑, Unfallchirurgie und Sportmedizin, ViDia Christliche Kliniken Karlsruhe, Steinhäuserstraße 18, 76135, Karlsruhe, Deutschland. anna-katharina.nolte@vidia-kliniken.de.","Orthopadie (Heidelberg, Germany)",2026-08-03,10.1007/s00132-026-04869-y,3.0,visualization(abstract); visual(abstract); data(abstract),Shoulder Prosthesis; computer-assisted surgery; Augmented Reality; Patient-specific Modeling; Planning Techniques
42550387,Landscape and evolutionary trends of nanotechnology in cancer radiosensitization.,"Radiotherapy is one of the most basic clinical tumor treatment methods, yet its efficacy is often limited by radioresistance and off-target toxicity. Nanoradiosensitizers have emerged as a promising strategy for enhancing local dose deposition and regulating tumor microenvironment (TME). Despite the rapid development of the nanoradiosensitizer field, a comprehensive roadmap describing its evolution remains lacking. We analyzed 1,866 publications on nanoradiosensitizers in the Web of Science Core Collection (WoSCC) database up to 2024. The global landscape is drawn using advanced visualization tools, including Bibliometrix, VOSviewer, CiteSpace, and Scimago Graphica. Our analysis reveals that the field has undergone exponential growth and a distinct paradigm shift, with research focus evolving from initial material synthesis (e.g., high-Z metals for physical dose enhancement) to complex biological regulation (e.g., hypoxia relief, TME regulation). Notably, keywords and trend analysis have identified that the integration of nanoradiosensitizers with immunotherapy has become the frontier of the current research field, such as enhanced immunogenic cell death (ICD) and immune checkpoint blockade (ICB). Overall, this study highlights the shift of nanoradiosensitizers from material-driven exploration toward mechanism-based biological and translational studies. Future research must prioritize overcoming translational barriers, including biosafety, large-scale manufacturing, and clinical evaluation, to enable the clinical application of radioimmunotherapy strategies.",Yan M; Cheng Y; Li Q; Zhou X; Ren C; Zhang G; Song X,"Department of Otorhinolaryngology, Head and Neck Surgery, Yantai Yuhuangding Hospital, Qingdao University, No.20, East Road, Zhifu District, Yantai, 264000, China.",Discover nano,2026-08-04,10.1186/s11671-026-04836-8,3.0,visualization(abstract); visual(abstract); data(abstract),Immunotherapy; Radiotherapy; Tumor Microenvironment; Immunogenic Cell Death; Nanoradiosensitizers
42556748,"The disease burden of ILD at the global, regional, and national levels from 1990 to 2021, and projections until 2035: Findings from the 2021 global burden of disease study with focus on China.","<h4>Objectives</h4>Interstitial lung disease (ILD) and pulmonary sarcoidosis are chronic respiratory conditions characterized by progressive inflammation and fibrosis, contributing to significant global health challenges. Understanding their epidemiological trends is critical for public health strategy development, particularly in China.<h4>Study design</h4>Systematic analysis of the GBD 2021 dataset.<h4>Methods</h4>This study employed data from the Global Burden of Disease Study 2021 to assess incidence, prevalence, mortality, and disability-adjusted life years (DALYs) for ILD and pulmonary sarcoidosis across 204 countries and territories from 1990 to 2021, with detailed analysis of China. Methods included age-standardization, heatmap visualization, frontier analysis, and ARIMA modeling to project trends through 2035.<h4>Results</h4>Globally, from 1990 to 2021, the age-standardized incidence rate of ILD and pulmonary sarcoidosis increased by 21%, while the age-standardized mortality rate rose by 50%. In China, the age-standardized incidence rate increased by 20.8% (23.4% in males vs. 16.9% in females), and the age-standardized prevalence rate increased by 7.1%. In contrast to the global trend, China experienced a 4.9% decline in age-standardized mortality and a 13.9% decline in age-standardized DALY rate over the same period. The disease burden was highest among males aged 65-74 years, and all burden indicators were consistently higher in males than in females. Geographically, high-SDI regions had the highest age-standardized incidence rates, whereas China remained at an intermediate level. Projections through 2035 suggest that China's age-standardized incidence rate will remain stable, while the age-standardized mortality rate will continue to decline.<h4>Conclusions</h4>The disease burden of ILD and pulmonary sarcoidosis shows substantial variation by region, age, and gender, with China demonstrating progress in mortality reduction despite rising incidence. Future efforts should prioritize targeted interventions for high-risk groups and enhance early diagnosis to mitigate the growing burden.",Zhang W; Chen W; Zhang Q,"Department of Geriatric Medicine, The First People's Hospital of Zunyi, The Third Affiliated Hospital of Zunyi Medical University, 98 Fenghuang Road, Zunyi, Guizhou, 563000, China.",Respiratory medicine,2026-08-05,10.1016/j.rmed.2026.109082,3.0,visualization(abstract); visual(abstract); data(abstract),Mortality; incidence; Interstitial Lung Disease; Global Burden Of Disease; Pulmonary Sarcoidosis; Disability-adjusted Life Years; Socio-demographic Index
42560421,Surgically managed small-intestinal foreign bodies in children: clinical-radiologic characteristics and factors associated with perforation.,"<h4>Objective</h4>To investigate the clinical and radiologic features of surgically managed small-intestinal foreign bodies (FBs) in children and to identify factors associated with intestinal perforation.<h4>Methods</h4>We retrospectively reviewed the records of 45 children who underwent surgery for small-intestinal FBs at Shanghai Children's Hospital between February 2019 and June 2026. Clinical, imaging, operative, and postoperative data were collected. Continuous variables were presented as medians and interquartile ranges and compared using the Mann-Whitney U test. Categorical variables were compared using Fisher's exact test, and perforation rates across FB categories were evaluated using the Fisher-Freeman-Halton exact test.<h4>Results</h4>Intestinal perforation occurred in 34 of 45 patients (75.6%). Compared with patients without perforation, those with perforation more frequently presented with abdominal tenderness (73.5% vs. 27.3%, P = 0.011) and had metallic FBs detected on radiography (55.9% vs. 0%, P = 0.001). Computed tomography provided additional visualization and localization of poorly radiopaque or radiolucent FBs, including jujube pits, trichobezoars, and superabsorbent polymer beads. Patients with perforation had a longer median hospital stay than those without perforation (12.0 [8.0-20.0] vs. 8.0 [7.0-10.5] days, P = 0.018). FB type was significantly associated with perforation (overall P < 0.001); all patients with magnetic objects or jujube pits developed perforation.<h4>Conclusion</h4>Intestinal perforation was common among children undergoing surgery for small-intestinal FBs and was associated with abdominal tenderness and FB type. CT was valuable for detecting radiolucent FBs. Early surgical assessment should be considered when perforation or worsening intestinal obstruction is suspected.",Chen F; Liu J; Lv Z,"Department of General Surgery, Shanghai Children's Hospital, School of Medicine, Shanghai Jiao Tong University, Shanghai, 200062, People's Republic of China.",Pediatric surgery international,2026-08-06,10.1007/s00383-026-06559-4,3.0,visualization(abstract); visual(abstract); data(abstract),Intestinal Perforation; Foreign Body; Pediatric Surgery; Radiologic Features
40147823,Transnasal spread of bupivacaine into the pterygopalatine fossa following endoscopically assisted cotton swab placement: a cadaveric study.,"<h4>Background</h4>There are conflicting data on the efficacy of transnasal topical anesthetic approaches intended to achieve a pterygopalatine ganglion block, specifically regarding the extent to which local anesthetics reach the pterygopalatine fossa. This cadaveric study aims to determine whether bupivacaine can reach the pterygopalatine fossa following topical administration near the sphenopalatine foramen using endoscopically assisted cotton ball placement.<h4>Methods</h4>Nine fresh cadavers underwent topical nasal administration of a solution containing bupivacaine, methylene blue, and iodine contrast. Under direct endoscopic visualization, an absorbent cotton ball was positioned intranasally adjacent to the sphenopalatine foramen. CT was used to confirm correct placement and measured relevant anatomical distances. Tissue biopsies from the pterygopalatine fossa were collected via a transmaxillary surgical approach and analyzed using high-performance liquid chromatography-mass spectrometry.<h4>Results</h4>Bupivacaine was detected in all pterygopalatine fossa biopsy samples except one, which was the farthest (17.5 mm) from the sphenopalatine foramen. Concentrations exceeded 1.00 µg/g in 29% and 0.10 µg/g in 71% of samples. The concentration decreased exponentially with distance from the application site, following a one-phase decay model (R²=0.74).<h4>Conclusions</h4>These findings demonstrate that bupivacaine can reach the pterygopalatine fossa from the nasal cavity when topically applied near the sphenopalatine foramen under endoscopic assistance, supporting the feasibility of such an approach. They also suggest the main mean of transport is simple diffusion, meaning that optimizing bupivacaine concentration, duration of application, and precise placement of the absorbent cotton ball are crucial for maximizing the block's clinical efficacy.",Istenič S; Jerman A; Pušnik L; Stopar Pintarič T; Umek N,"Institute of Anatomy, Faculty of Medicine, University of Ljubljana, Ljubljana, Slovenia.",Regional anesthesia and pain medicine,2026-08-05,10.1136/rapm-2025-106553,3.0,visualization(abstract); visual(abstract); data(abstract),Headache; Autonomic Nerve Block; Regional Anesthesia
42550828,Clinical course and outcomes of corneal blood staining in open-globe injury: Eye Injury Vitrectomy Study.,"<h4>Purpose</h4>To describe the clinical course and outcomes of corneal blood staining in open-globe injuries (OGIs) after vitrectomy without routine immediate allograft penetrating keratoplasty (PKP).<h4>Methods</h4>This study included 42 eyes of 42 patients with corneal blood staining secondary to OGIs. Clinical data were retrospectively collected from the Eye Injury Vitrectomy Study (EIVS). All eyes underwent anterior chamber washout at the start of pars plana vitrectomy (PPV). When visualization remained inadequate, temporary keratoprosthesis (TKP)-assisted PPV was performed, followed by replacement of the trephined autologous cornea (TKP + PPV + RTC). Postoperative outcomes, including corneal transparency, best-corrected visual acuity (BCVA), intraocular pressure (IOP), and need for subsequent PKP, were assessed.<h4>Results</h4>Median age was 36.5 years; globe rupture accounted for 95.2%. Preoperative hypotony (IOP ≤ 10 mmHg) was present in 90.5%, with severe posterior segment injury in all eyes. Eight eyes achieved sufficient corneal clarity after washout alone; the remaining 34 required TKP + PPV + RTC. During follow-up, varying degrees of spontaneous clearance occurred in most eyes, forming a peripheral ""window"" that enabled fundus assessment. At the final follow-up, BCVA improved from median 4.00 logMAR preoperatively to 2.80 logMAR (p = 0.002), and median IOP rose from 5.00 to 10.00 mmHg (p = 0.002). Five eyes developed phthisis bulbi, four eyes achieved complete silicone oil removal, and only 1 eye underwent allograft PKP.<h4>Conclusions</h4>The strategy of anterior chamber washout first, followed by TKP + PPV + RTC when necessary, provides timely posterior segment access while preserving the globe and conserving corneal tissue in severe OGIs complicated by corneal blood staining. These findings support selective, rather than routine, PKP during follow-up.",Wang B; Feng K; Lu Y; Chen H; Han L; Ding A; Wang H; Gu S; Ma Z,"Department of Ophthalmology, Peking University Third Hospital, Beijing, China.",PloS one,2026-08-04,10.1371/journal.pone.0354967,3.0,visualization(abstract); visual(abstract); data(abstract),
42560635,Global research trends in robotic surgery for rectal cancer: a bibliometric and science-mapping analysis.,"Robotic-assisted surgery has become an important modality in minimally invasive rectal cancer management because of its enhanced dexterity, three-dimensional visualization, and technical advantages in confined pelvic surgery. As the volume of research in this area continues to expand, a structured understanding of its scientific development is needed. This study aimed to map the global research landscape of robotic surgery in rectal tumor and rectal cancer through a bibliometric analysis of the published literature. A comprehensive search of Scopus, Web of Science Core Collection, and MEDLINE was performed, and records were screened using a PRISMA-guided selection process. The final dataset comprised 1,196 documents published between 2017 and 2026, including 1,168 journal articles and 28 conference/proceedings papers. Bibliometric performance indicators, citation analysis, and science-mapping approaches were applied using R (Bibliometrix/Biblioshiny) and VOSviewer to evaluate publication growth, influential sources, geographic and collaborative patterns, and thematic development. The results showed sustained growth over the study period, with the literature entering a more mature phase. The literature was concentrated in a limited number of core journals, led by Journal of Robotic Surgery, Surgical Endoscopy and Other Interventional Techniques, and Techniques in Coloproctology. The United States, Japan, and China were among the most productive countries, while thematic analyses showed a progression from early feasibility- and comparison-oriented research toward more specialized themes involving operative performance, postoperative outcomes, and oncologic quality. Overall, the field has developed into a mature and structured research domain with a strong clinical and outcome-driven focus. These findings provide a comprehensive overview of the intellectual, conceptual, and collaborative structure of robotic rectal surgery research and may help guide future investigation and international research cooperation.",Sabah F; Yuwen C; Zhen Y; Tong L; Ali W; Ahmad N; Sarwar R,"College of Computer Science, Beijing University of Technology, Beijing, China.",Journal of robotic surgery,2026-08-06,10.1007/s11701-026-03581-5,3.0,visualization(abstract); visual(abstract); data(abstract),Rectal cancer; Science Mapping; Robotic Surgery; minimally invasive surgery; Bibliometric Analysis; Postoperative Outcomes
42550007,Autism-specific spliceosomal transcriptomic signatures in prefrontal cortex contrasted with bipolar disorder.,"<h4>Objective</h4>Understanding the molecular mechanisms of autism spectrum disorder (ASD) and its psychiatric comorbidities, including bipolar disorder (BD), is pivotal for uncovering pathways that shape neurodevelopmental trajectories and clinical heterogeneity. We aimed to identify ASD-specific gene-expression signatures and disrupted biological processes in prefrontal cortex, contrasting them with those observed in BD.<h4>Methods</h4>We performed a comparative transcriptomic analysis of RNA-seq datasets from postmortem prefrontal cortex samples of individuals with ASD or BD and controls. Differential expression was assessed with DESeq2, including batch as a covariate in the BD model. Functional interpretation used Gene Ontology over-representation analysis, KEGG Gene Set Enrichment Analysis and gene-concept network visualization.<h4>Results</h4>ASD samples showed 45 differentially expressed genes (DEGs), mainly downregulated non-coding RNAs, particularly small nuclear RNAs and small nucleolar RNAs. Enrichment analysis indicated a convergent profile related to RNA processing, spliceosome assembly and spliceosomal activity. In contrast, BD showed 12 candidate DEGs, mostly upregulated protein-coding genes. BD enrichment involved metal ion response and detoxification, amine and peptide hormone responses, vascular regulation and hydrolase activity, with genes associated with neuroinflammation such as SERPINA3 and CHI3L1 contributing to this profile. No shared DEGs or enriched GO Biological Process terms were observed between ASD and BD.<h4>Conclusion</h4>These results support transcriptomic divergence in the prefrontal cortex, with ASD characterized by spliceosomal dysregulation, contrasting with metal ion response, vascular regulation and inflammation-associated signals in BD. Our findings provide a transcriptomic framework for future studies investigating disorder-specific molecular mechanisms and candidate signatures in ASD and BD.",Marmontel P; Rabelo-da-Ponte FD; Kapczinski F; Gottfried C,"Translational Research Group in Autism Spectrum Disorder - GETTEA, Hospital de Clínicas de Porto Alegre, Universidade Federal do Rio Grande do Sul, Porto Alegre, RS, Brazil. Graduate Program in Neuroscience, Biochemistry Department, Universidade Federal do Rio Grande do Sul, Porto Alegre, RS, Brazil. National Institute of Science and Technology in Neuroimmunomodulation. IOC, Oswaldo Cruz Foundation, Rio de Janeiro, RJ, Brazil.",Trends in psychiatry and psychotherapy,2026-08-04,10.47626/2237-6089-2026-1336,3.0,visualization(abstract); visual(abstract); data(abstract),RNA; Gene expression profiling; Bipolar disorder; prefrontal cortex; Autism Spectrum Disorder; Neurodevelopmental Disorders
42546876,"A Systematic Review on Imaging and Diagnostic Modalities for the Detection, Evaluation, and Surgical Planning of Upper and Lower Extremity Lymphedema.","<h4>Objective</h4>The purpose of this systematic review was to review imaging and diagnostic modalities for their roles in (1) diagnosing upper and lower extremity lymphedema, (2) detecting subclinical disease through prospective surveillance, (3) providing anatomical assessment of the lymphatic system, and (4) guiding surgical treatment planning.<h4>Methods</h4>A systematic review was conducted following the PRISMA 2020 guidelines. The search included PubMed, Embase, CENTRAL, Web of Science, and Scopus from January 2010 to April 2026. Four reviewers screened 2,847 articles using Covidence software. The inclusion criteria were studies that reported original data on one or more imaging modalities and presented diagnostic accuracy, reliability, staging parameters, or impact on surgical planning RESULTS: A total of 28 studies were included, comprising 4 RCTs, 12 prospective diagnostic studies, 6 cohort studies, 1 observational study, and 5 systematic reviews or meta-analyses. In upper extremity studies, predominantly composed of breast cancer related lymphedema (BCRL), bioimpedance spectroscopy (BIS) demonstrated sensitivity up to 100% and specificity of 98% for early detection, with the PREVENT trial showing 59% relative risk reduction in chronic BCRL through BIS triggered surveillance. ICG lymphography achieved 100% diagnostic accuracy versus 62% for lymphoscintigraphy in early disease, and UHFUS at 70 MHz achieved 94.9% sensitivity for vessel detection. In the lower extremity, MRL at 3.0 T achieved 100% sensitivity for lymph vessel abnormalities versus 79% for lymphoscintigraphy (κ = 0.93 for delayed drainage). Ultrasound achieved 95.5% sensitivity and 92.9% specificity for vessel detection. Two validated ICG based classifications, SCaT and Shinaoka, enabled lower extremity specific severity staging.<h4>Conclusions</h4>This systematic review identified important differences in the evidence supporting imaging and diagnostic modalities across the four clinical domains evaluated. For diagnosis and subclinical detection, BIS-triggered prospective surveillance for upper extremity lymphedema is supported by RCT evidence demonstrating significant reduction in chronic BCRL progression. However, comparable trial data for the lower extremity remains absent. For anatomical assessment, region-specific ICG classification systems (SCaT and Shinaoka) address the unique drainage patterns of the lower extremity, while MRL provides comprehensive deep and superficial system visualization across both regions. For surgical planning, the combined use of NIRF-L and MRL offers complementary information to guide microsurgical interventions.",Lewis SK; Pina C; Iddriss A; Rothberg B; Morales J; Cotes S; Sirkin NJ; O'Donnell T; Tanna N; Oropallo A,"Northwell Health System, Department of Surgery, Manhasset, NY, USA. Electronic address: Slewis46@northwell.edu.",Journal of vascular surgery. Venous and lymphatic disorders,2026-08-03,10.1016/j.jvsv.2026.102592,3.0,visualization(abstract); visual(abstract); data(abstract),Imaging; Lymphedema; Bioimpedance spectroscopy; Magnetic Resonance Lymphangiography; Indocyanine Green Lymphography
42551871,Comprehensive Computed Tomography Evaluation of Gastric Cancer: 2026 Consensus Recommendation From the Korean Society of Abdominal Radiology. ,"Gastric cancer continues to be a significant global health challenge, particularly in East Asia, necessitating precise imaging for optimal management. Although multidetector computed tomography (MDCT) has become the primary tool for staging and response evaluation, clinical practice is hampered by a lack of standardized protocols and interpretation criteria. To address these needs, the Korean Society of Abdominal Radiology established a consensus-based guideline for gastric cancer CT. Using a modified Delphi process with a panel of experts, 10 key statements were developed and validated with a high level of agreement (≥80%). These recommendations emphasize the necessity of adequate gastric distention and a dedicated arterial phase to identify critical vascular variations, such as aberrant left hepatic arteries, for surgical planning. The guideline provides refined criteria for T, N, and M staging, including the use of multiplanar reformations and three-dimensional visualization to improve diagnostic accuracy. Furthermore, it introduces dedicated criteria for re-staging after chemotherapy, highlighting the differentiation of viable tumor from treatment-induced fibrosis. Finally, a risk-stratified approach for postoperative surveillance is proposed, suggesting that surveillance may be de-escalated in very-low-risk groups, such as pT1aN0 disease. These recommendations are intended to standardize CT practice and improve clinical decision-making in the management of gastric cancer.",Bae JS; Kim SH; Oh SN; Kim JW; Yoo J; Kim MJ; Lee SM; Yu MH; Lee JE; Shin CI,"Department of Radiology, Seoul National University Hospital, Seoul, Republic of Korea.",Korean journal of radiology,2026-08-04,10.3348/kjr.2026.0885,2.5,visualization(abstract); visual(abstract),
42567528,The Da Vinci Concept: A Symbolic Framework for Nasal Tip Graft Planning.,"BackgroundNasal tip surgery frequently requires the combined use of multiple grafting techniques, making communication, visualization, and operative planning complex, particularly in teaching settings. Existing descriptions of tip graft combinations are often technique-oriented and lack a unified symbolic framework for conceptual mapping.ObjectivesThis study introduces the ""Da Vinci Concept,"" a symbolic visual framework inspired by the Vitruvian Man for representing spatial relationships among nasal tip grafts. The primary aim was to evaluate whether the framework could facilitate conceptual understanding and communication of graft configurations among surgeons. Secondary exploratory analyses assessed its feasibility in operative planning.MethodsThe study consisted of two components. First, a survey-based educational evaluation was conducted among rhinoplasty surgeons to assess interpretability and conceptual clarity of the symbolic framework. Second, a pilot clinical cohort of 30 selected primary rhinoplasty patients was retrospectively reviewed. In the Da Vinci planning group, the symbolic framework was used preoperatively to organize graft relationships and operative planning. Outcomes including operative duration and standard nasal tip measurements were explored descriptively.ResultsSurgeons participating in the educational evaluation demonstrated high interpretability of the symbolic graft representations and reported facilitated conceptual visualization of graft combinations. In the pilot clinical cohort, the framework was feasible for preoperative planning and intraoperative communication. Exploratory comparisons suggested potential workflow advantages; however, the study was not designed to establish clinical superiority between techniques.ConclusionsThe Da Vinci Concept proposes a symbolic and educational framework for visualizing nasal tip graft architecture and facilitating communication in rhinoplasty planning. Rather than representing an idealized anatomical model, the system functions as a conceptual mapping tool. Further prospective and multi-center studies are needed to validate its educational utility and potential clinical applications.",Kırtay S,"Department of otorhinolaryngology, Seyithan Kırtay Private Clinic, İzmir, Türkiye.","Ear, nose, & throat journal",2026-08-07,10.1177/01455613261476732,2.5,visualization(abstract); visual(abstract),Rhinoplasty; Surgical Education; Vitruvian Man; Tip-plasty Cartilage Graft
42559683,Bypassing Heteronuclear MRI: Metal-Free Organosilicon Nanotracers for Background-Free Hotspot &lt;sup&gt;1&lt;/sup&gt;H Imaging on Clinical Hardware.,"Current magnetic resonance imaging (MRI) lacks contrast agents that provide background-free hotspot visualization while remaining compatible with standard clinical hardware and avoiding metal-associated toxicity. Herein, we introduce a new class of metal-free, organosilicon-based <sup>1</sup>H MRI hotspot tracers that are directly compatible with conventional experimental and clinical MRI systems. These tracers exploit the distinct chemical shift of silicon-shielded hydrogens (∼0 ppm) spectrally resolved from the biological <sup>1</sup>H background. Through architectural screening, we identified an optimized block copolymer micelle, denoted as Silicone-Generated Hotspot Tracer (SiGHT), comprising polydimethylsiloxane (PDMS) core and a hydrophilic shell. SiGHT exhibits excellent chemical and colloidal stability and enables sensitive, background-free <sup>1</sup>H chemical shift imaging at low concentrations (< 0.5 mg mL<sup>-1</sup>), while being non-cytotoxic and well tolerated in vivo. The diagnostic potential of the developed probe has been demonstrated by successful <sup>1</sup>H MR hotspot visualization of tracer accumulation in 4T1 mouse tumors following intravenous administration. Importantly, we demonstrate robust tracer detection on both preclinical 7T and clinical 3T MRI scanners using standard <sup>1</sup>H MR sequences and commercial coils, underscoring its translational potential. Together, these results establish organosilicon micelles as clinically relevant, metal-free <sup>1</sup>H MR hotspot tracers, opening an unexplored pathway to accessible, high-sensitivity molecular imaging on existing MRI infrastructure.",Orsagh M; Havlicek D; Galisova A; Sedlacek O; Jirak D,"Department of Physical and Macromolecular Chemistry, Faculty of Science, Charles University, Prague, Czech Republic.","Advanced science (Weinheim, Baden-Wurttemberg, Germany)",2026-08-06,10.1002/advs.77010,2.5,visualization(abstract); visual(abstract),Nanoparticles; Magnetic Resonance Imaging; Organosilicon Polymers; Metal‐free Nanotracers
42567983,Precise and minimally invasive localization of pelvic nodes during robot-assisted surgery using image-guided navigation.,"<h4>Purpose</h4>Image-guided surgical navigation can enhance surgical precision and safety. The rise of robot-assisted surgeries has increased the need of incorporating navigation systems. Our goal is to evaluate the integration of three novel techniques on registration, instrument tracking and visualization with navigation using the robot-assisted sentinel lymph node biopsy (SLNB).<h4>Methods</h4>A prospective feasibility study was performed at the Netherlands Cancer Institute (November 2023-July 2025). In total, 30 patients scheduled for SLNB participated. First, registration and localization accuracy were analyzed. Secondly, surgeons answered questionnaires to evaluate the ultrasound registration, instrument tracking and enhanced visualization. Virtual reality (VR) and augmented reality (AR) were compared in the last ten patients. Feasibility was determined with the sentinel nodes (SN) percentage that were successfully localized by navigation and validated ex vivo with the gamma probe.<h4>Results</h4>Per-protocol, the first ten patients were used for workflow optimization; the subsequent 20 patients were included in the analysis. Ultrasound registration was fast (7 min), accurate (0.1 cm) and intuitive. Tracked instruments were well-integrated and helped to localize precisely the SN (0.3 cm). Surgeons preferred VR while opening the resection path to find the SN and AR in proximity for exact localization. Using navigation, successful identification was achieved in 90% (45/50) SN. No navigation-related complications occurred.<h4>Conclusions</h4>Integrating ultrasound registration, instrument tracking and enhanced visualization during robot-assisted surgery has the potential to improve clinical use and localization of navigation in robot-assisted surgeries. These techniques allow to safely identify and remove pre-defined small pelvic lymph nodes in the pelvis.",Saiz LA; Heerink WJ; Groen HC; Hiep MAJ; Venix LLPG; Kerkhof E; van der Poel HG; Wit EMK; Nieuwenhuijzen JA; Roeleveld TA; Vis AN; Donswijk ML; van Leeuwen PJ; Ruers TJM,"Department of Surgical Oncology, Netherlands Cancer Institute, Amsterdam, The Netherlands. l.aguilera@nki.nl.",International journal of computer assisted radiology and surgery,2026-08-07,10.1007/s11548-026-03768-z,2.5,visualization(abstract); visual(abstract),Virtual reality; ultrasound; Augmented Reality; Robot-assisted Surgery; Electromagnetic Tracking; Image-guided Surgical Navigation
42568322,Limited Interchangeability of Shunt-Side SpO&lt;sub&gt;2&lt;/sub&gt; Measurements During Hemodialysis.,"<h4>Introduction</h4>During hemodialysis, SpO<sub>2</sub> is measured on the non-shunt side, restricting movement. This single-center, prospective, observational study evaluated shunt-side interchangeability.<h4>Methods</h4>Forty-five patients underwent double-sided finger-sensor SpO<sub>2</sub> monitoring at five time points. Between-site agreement was assessed using Lin's concordance correlation coefficient (CCC), Deming regression, Bland-Altman analysis, and accuracy root mean square (Arms). Confidence intervals were calculated using subject-level cluster bootstrap resampling (2000 iterations; seed = 42). Using vector-type visualization, relationships between paired measurements were illustrated.<h4>Results</h4>SpO<sub>2</sub> showed similar distributions between sites. The Spearman correlation was ρ = 0.705. CCC was 0.720 (95% CI: 0.590-0.811). Deming regression yielded y = 0.989x + 1.087. Bland-Altman bias was 0.060% (limits of agreement, ±3%). Arms were 1.41%, and the visualization showed minimal angular deviation (median |θ-45°| = 0.29°).<h4>Conclusion</h4>Shunt-side SpO<sub>2</sub> may be acceptable in selected clinical contexts, although interindividual variability warrants caution. These findings are not applicable to hypoxic states (SpO<sub>2</sub> < 90%).",Kojima K; Hirate Y; Wada Y; Nakajima T; Nakai K,"College of Life and Health Sciences, Department of Clinical Engineering, Chubu University, Kasugai, Aichi, Japan.","Therapeutic apheresis and dialysis : official peer-reviewed journal of the International Society for Apheresis, the Japanese Society for Apheresis, the Japanese Society for Dialysis Therapy",2026-08-08,10.1002/1744-9987.70207,2.5,visualization(abstract); visual(abstract),hemodialysis; Pulse Oximetry; Interchangeability; Arteriovenous Access; Agreement Analysis
40555526,Tale of two approaches to ultrasound-guided interscalene brachial plexus block: a pro-con.,"The interscalene brachial plexus block is a well-described and widely used peripheral nerve block effective for regional anesthesia and analgesia in orthopedic surgical procedures of the shoulder, upper arm, and clavicle. Conventionally, an in-plane ultrasound-guided approach has been the technique of choice, while the out-of-plane approach, though less described, has been gaining anecdotal momentum among a growing number of proceduralists. This pro-con discussion highlights the out-of-plane approach's goal of avoiding needle injuries to nerves that course through the middle scalene muscle and the in-plane approach's benefit of whole-shaft needle visualization and increased distance away from the plexus on entry. We aim to provide a comprehensive comparison to guide proceduralists in their clinical decision-making.",Owen RL; VanderWielen BA; Amundson AW; Johnson RL,"Anesthesiology and Perioperative Medicine, Mayo Clinic, Rochester, Minnesota, USA owen.robert@mayo.edu.",Regional anesthesia and pain medicine,2026-08-05,10.1136/rapm-2025-106624,2.5,visualization(abstract); visual(abstract),"Brachial plexus; Acute pain; Anesthesia, regional; Orthopedic Surgery; Peripheral Nerve Injuries"
42020148,Quantitative Spatial Profiling of Antibody Delivery and Target Engagement Using Optically Labeled Antibodies.,"Visualization of drug distribution in human tumors is critical for optimizing biologic therapeutics, yet current clinical workflows cannot colocalize drugs and biomarkers on the same formalin-fixed, paraffin-embedded section. <b>Methods:</b> We present a reproducible workflow that integrates near-infrared imaging of optically labeled therapeutic antibodies with multiplex immunostaining and computational registration to enable quantitative, single-cell analysis. <b>Results:</b> Using panitumumab-IRDye800CW, we demonstrated heterogeneous accumulation in epidermal growth factor receptor-positive regions and quantified penetration gradients relative to tumor architecture. <b>Conclusion:</b> We established a multiplex imaging platform that enables single-cell analysis of therapeutic antibody delivery and pharmacodynamics in human formalin-fixed, paraffin-embedded tissues.",Tanaka H; Vasiukov G; Grisham CJ; Kazi M; Gowrishankar S; Rosenthal EL,"Department of Otolaryngology-Head and Neck Surgery, Vanderbilt University Medical Center, Nashville, Tennessee hidenori.tanaka@vumc.org e.rosenthal@vumc.org.","Journal of nuclear medicine : official publication, Society of Nuclear Medicine",2026-08-03,10.2967/jnumed.125.271992,2.5,visualization(abstract); visual(abstract),Drug Delivery; Window-of-opportunity Trial; Multiplex Immunofluorescence; Optically Labeled Therapeutic Antibody
42551861,Cadaveric Feasibility Study Describing Transarticular Drilling of the Canine Anconeal Process through a Cranial Arthroscopic Portal. ,"The aims of this study were to describe a cranial arthroscopic portal to the supratrochlear foramen and to assess the feasibility and accuracy of retrograde transarticular drilling of the anconeal process in canine cadaveric elbows. Cadaver elbows (n = 8) were instrumented through a cranial portal in the distal humerus using a NanoScope. The scope was manoeuvred through the supratrochlear foramen to inspect the anconeal process. A 2.0-mm tunnel simulating the pilot hole for an ununited anconeal process repair was performed using a C guide, cannulated drill bits and NanoScope guidance. Experimental measures included arthroscopic anconeal process identification, surgical time, computed tomography and gross dissection to assess for critical structure damage and drill tunnel aperture location and trajectory. The first two elbows were used for technique development; the remaining six elbows have reported outcome measures. Mean surgery time was 16.6 (standard deviation 3.0) minutes. All six tunnels drilled had acceptable trajectories based on computed tomography and gross dissection. Major damage to critical structures was not observed in any specimen; however, tunnels were directly adjacent to transcubital vessels and a musculocutaneous nerve branch. This technique was feasible, provided visualization of the anconeal process, and allowed accurate drilling of the anconeal process in a cadaveric model. Clinical feasibility and safety require validation in a clinical study.",Schmeiser LJ; Murphy SM,"WestVet Animal Emergency and Specialty Center, Department of Surgery, Idaho, United States, Garden City.",Veterinary and comparative orthopaedics and traumatology : V.C.O.T,2026-08-04,10.1055/a-2904-0023,2.5,visualization(abstract); visual(abstract),
42555739,Assembly-formed bioorthogonal chimeric artificial receptors enable high-contrast fluorescence imaging of tumors.,"Conventional receptor-targeted fluorescent probes have shown promise in tumor imaging, yet achieving a high tumor-to-normal (T/N) tissue ratio in vivo remains challenging due to limited biomarker density on tumor cell membranes. Here, we present an in situ assembly strategy of bioorthogonal-functionalized chimeric artificial receptors (BCARs) that locally constructs BCARs on tumor surfaces, which amplify fluorescence signals and enable high-contrast imaging. Rapid, selective membrane engineering under physiological conditions increases effective receptor density, enhancing fluorophore binding and tumor visualization. Mechanistic studies reveal that BCARs exhibit exceptional membrane retention and spatial precision, sustaining signal amplification in heterogeneous tumor microenvironments. In air-pouch and orthotopic bladder cancer models, BCARs notably improve the T/N imaging ratio and tumor boundary delineation. Translational validation with surgical specimens from 14 patients with bladder cancer confirms clinical feasibility. This work establishes a versatile platform for on-site receptor reprogramming and signal amplification, offering a powerful tool for high-contrast tumor margin detection.",Zuo J; Tan Y; Mu Z; Dong Y; Wu Y; Li Y; Yuan Y; Wang X; Dang Y; Bai L; Liang H,"Chongqing Research Center for Pharmaceutical Engineering, College of Pharmacy, Chongqing Medical University, Chongqing, China.",Science advances,2026-08-05,10.1126/sciadv.aed9403,2.5,visualization(abstract); visual(abstract),
42563252,"Zero-Contrast EVAR Can Be Reached Using Automated Carbon Dioxide Digital Angiography, Endoaortic Balloon Occlusion, and IVUS.","<h4>Objective</h4>To introduce a new method to enhance the visualization of renal arteries and the accuracy of graft deployment during CO<sub>2</sub>-assisted endovascular (EV) aneurysm repair (EVAR).<h4>Methods</h4>A retrospective observational study of consecutive EVAR cases assisted with CO<sub>2</sub> angiography (CO<sub>2</sub>Angio) was conducted. This nonrandomized design reflects real-life progressive attempts to enhance the reliability of CO<sub>2</sub> and intravascular ultrasound (IVUS), minimizing the use of iodinated contrast (IC) and radiation, respectively. Cases were divided into 3 groups according to consecutive periods: CO<sub>2</sub>Angio (<i>n</i> = 7), CO<sub>2</sub>Angio and balloon occlusion of the infrarenal aorta (CO<sub>2</sub>Angio + EVclamp, <i>n</i> = 11), and CO<sub>2</sub>Angio + EVclamp + IVUS (<i>n</i> = 18). IC was permitted in case of insufficient visualization with CO<sub>2</sub>Angio during any phase of the procedure. Demographic, clinical, and procedure variables (volume of IC and CO<sub>2</sub>, radiation, fluoroscopy time, leaks) were collected from electronic clinic histories and statistically analyzed.<h4>Results</h4>A significant decrease was found in the third group, after introducing both techniques, for total radiation (air kerma; 3,039 ± 2,792.3 vs 3,434.7 ± 1,289.2 vs 2,284.6 ± 841.5 mGy, <i>P</i> = 0.041), radiation per area, dose area product (47 ± 34.7 vs 54.5 ± 15.3 vs 41.3 ± 12.8 mGy×m<sup>2</sup>, <i>P</i> = 0.03), and IC volume (104.3 ± 102.4 vs 89.2 ± 53.9 vs 15.4 ± 27.4 mL, <i>P</i> < 0.001), arriving at the goal of ""zero contrast"" in the last 12 patients. No significant differences were detected in fluoroscopy time, total operative time, total CO<sub>2</sub> volume, or change in renal function.<h4>Conclusions</h4>The introduction of endoluminal occlusion with a balloon and the use of IVUS in CO<sub>2</sub>-assisted EVAR enabled us to achieve the objective of zero contrast and a progressive decrease in radiation dose.",Miralles M; Mursia FM; García Domínguez L; Garzón N; Candela E; Plana E; Bellmunt S,"Angiology and Vascular Surgery Service, Hospital Universitari i Politècnic La Fe, Valencia, Spain.","Innovations (Philadelphia, Pa.)",2026-08-06,10.1177/15569845261471885,2.5,visualization(abstract); visual(abstract),IVUS; Aorta; Evar; Co2 Angiography; Aortic Balloon
42552492,Diagnostic agreement between emergency medicine residents after dedicated appendix ultrasound training and radiologists in the ultrasonographic evaluation of suspected acute appendicitis.,"<h4>Purpose</h4>To evaluate the diagnostic agreement between emergency medicine residents after dedicated appendix ultrasound training and radiologists in the ultrasonographic evaluation of suspected acute appendicitis.<h4>Methods</h4>This prospective, single-center observational study included patients presenting to a tertiary emergency department with non-traumatic abdominal pain and clinical suspicion of acute appendicitis between March 2020 and May 2021. Clinical suspicion was based on right lower quadrant pain or tenderness and supportive clinical, laboratory, or scoring findings. Emergency medicine residents performed focused right lower quadrant ultrasonography after dedicated appendix ultrasound training, followed by radiologist-performed abdominal ultrasonography using the same device. Radiologists were not informed of the resident-performed ultrasound findings. Agreement was assessed using Cohen's kappa coefficient. Diagnostic accuracy was calculated against the final diagnosis, which was established using pathology, computed tomography when available, surgical consultation, and 30-day follow-up.<h4>Results</h4>Of 260 enrolled patients, 250 were included in the final analysis. Acute appendicitis was confirmed in 66 patients (26.4%). The appendix was visualized by emergency medicine residents in 77 patients (30.8%) and by radiologists in 94 patients (37.6%; McNemar p = 0.027). Agreement for appendix visualization was moderate (κ = 0.531; 95% CI, 0.417-0.638). Agreement for ultrasonographic diagnosis in the overall cohort was substantial (κ = 0.759; 95% CI, 0.638-0.859) and reached an almost perfect level when both groups visualized the appendix (κ = 0.965; 95% CI, 0.888-1.000). In the overall cohort, resident-performed ultrasonography showed 56.1% sensitivity and 98.9% specificity. In conclusive scans, sensitivity and specificity increased to 94.9% and 94.7%, respectively.<h4>Conclusion</h4>Resident-performed ultrasonography after dedicated appendix ultrasound training appears highly reliable when the appendix is identified; however, non-diagnostic examinations require further clinical and radiologic assessment.",Ardic S; Ibrahimoglu S; Bulut E; Cekic OG; Cicek M; Dede R,"Department of Emergency Medicine, Faculty of Medicine, Trabzon University, Trabzon Topal Osman Street, Kasustu, 61290, Trabzon, Yomra, Türkiye. senolardic@yahoo.com.",Emergency radiology,2026-08-05,10.1007/s10140-026-02527-6,2.5,visualization(abstract); visual(abstract),Ultrasonography; Appendicitis; Emergency Medicine; Observer Variation; Radiologists
42551563,Retinal vascular signatures predict risk of depression and subsequent chronic diseases: A longitudinal study.,"<h4>Objective</h4>Depression poses major global health challenges and accelerates chronic disease development, yet remains undertreated due to reliance on subjective diagnostics. The retina, as an embryological extension of the central nervous system and the organ allowing direct visualization of neurovascular structures, has been demonstrated to serve as an accessible window for systemic health assessment. This study aimed to prospectively examine associations of retinal vascular features with incident depression in healthy individuals and subsequent chronic disease development in those with depression.<h4>Methods</h4>This UK Biobank cohort study included 43,445 participants with acceptable-quality fundus photographs, divided into healthy (n = 40,905) and baseline depression (n = 2540) cohorts. After excluding 1033 participants with pre-existing chronic diseases, 1507 were eligible for chronic disease outcome analysis. Retinal vascular features were quantified using AutoMorph and Cox models examined associations with outcomes.<h4>Results</h4>Over a median 11.3-year follow-up, wider retinal veins were associated with increased incident depression risk (central retinal vein equivalent: HR 1.25, 95% CI 1.06-1.48; vein average width: HR 1.31, 95% CI 1.12-1.54). Among those with baseline depression, lower arterial vessel density was associated with overall chronic disease risk (HR 0.71, 95% CI 0.54-0.95), while increased retinal tortuosity was associated with cardiovascular disease risk (vein tortuosity density: HR 2.24, 95% CI 1.25-4.01; artery tortuosity density: HR 1.90, 95% CI 1.17-3.07).<h4>Conclusions</h4>Retinal venous caliber and arterial tortuosity were robustly associated with incident depression and cardiovascular disease risk, respectively, supporting retinal vascular imaging as a promising biomarker candidate warranting further validation.",Wang Y; Li C; He X; Ren Y; Du Z; Peng Z; Liu L; Yu H; Yang X,"School of Medicine, South China University of Technology, Guangzhou, China; Guangdong Eye Institute, Department of Ophthalmology, Guangdong Provincial People's Hospital, Guangdong Academy of Medical Sciences, Southern Medical University, Guangzhou, China.",Journal of affective disorders,2026-08-04,10.1016/j.jad.2026.122349,2.5,visualization(abstract); visual(abstract),
42425155,Monte Carlo-based prediction models for nanodroplet-mediated proton range verification.,"<i>Objective.</i>Radiation-sensitive nanodroplets were recently proposed for<i>in vivo</i>proton range verification. Specifically, the ultrasound contrast generated by radiation-induced droplet vaporization enables visualization of radiation deposition. Here, we developed and validated an<i>in silico</i>model to predict the nanodroplet radiation response from the original treatment plan, ultimately enabling contrast-mediated treatment verification.<i>Approach.</i>By combining the theory of radiation-induced nucleation of superheated emulsions with Monte Carlo simulations, we determined the effective fluence of ionizing particles contributing to the nanodroplet vaporization response. This fluence we assumed to be linearly proportional to the number of vaporization events. The resulting model performance was compared to experimental observations in phantoms and healthy rats<i>. Main results.</i>The modeled effective fluence closely mimicked the vaporization distributions in phantoms, with a sub-millimeter range retrieval performance at body temperature. We also demonstrated the possibility to apply the model directly to preclinical computed tomography scans, yielding promising qualitative agreement with the radiation-induced contrast.<i>Significance.</i>The presented prediction model forms an essential step towards clinical implementation of nanodroplet-mediated proton range verification. Moreover, the simplicity and generalizability of the model enables its use for a wide range of radiotherapy applications.",Carlier B; van der Heyden B; Heymans SV; Piot W; Giammanco A; Collado-Lara G; Bomhals A; Himmelreich U; Sterpin E,"Biomedical MRI, Department of Imaging and Pathology, KU Leuven, Leuven, Belgium.",Physics in medicine and biology,2026-08-03,10.1088/1361-6560/ae88ac,2.5,visualization(abstract); visual(abstract),Monte Carlo Simulations; Ultrasound Imaging; Proton Therapy; Nanodroplets; Proton Range Verification
42560395,Listening to Immunotherapy - Ultrasound and Photoacoustic Imaging Strategies to Guide and Enhance Cancer Treatments.,"Immunotherapies are transformative strategies in modern oncology, utilizing the body's own immune system to stimulate and enhance the antitumor immune response. Successful immunotherapies require precise delivery, real-time monitoring of immune reactions, and flexible treatment strategies that can adapt to patient-specific complexities. These conditions underscore the need for noninvasive, longitudinal imaging approaches to understand therapy progress and maximize response towards precision immunotherapies. Photoacoustic (PA) imaging, especially when integrated with ultrasound (US), is a powerful modality that is gaining momentum in the immunoimaging space. PA imaging enables label-free assessment of functional biological parameters using endogenous chromophores, while engineered exogenous contrast agents extend its capabilities for molecular and cellular imaging towards theranostic applications. These advances allow visualization of immune activity, therapeutic distribution, and treatment-induced microenvironmental changes in real-time. In this review, we focus on the integral role of US/PA imaging in guiding, optimizing, and advancing cancer immunotherapy. This review begins by outlining label-free imaging techniques and the use of exogenous contrast agents as theranostic nanoplatforms in cancer immunotherapies. Following this foundation, we explore US/PA imaging in immunotherapies, emphasizing photoimmunotherapy, adoptive cell immunotherapy, immune checkpoint blockade, and focused ultrasound mediated immunomodulation. Additionally, we highlight complementary multimodal imaging approaches that expand the scope of US/PA guided immunotherapy. Finally, we address key translational challenges, emerging innovations, and future directions for translating US/PA into routine clinical practice.",Aslam M; Kobra K; Sriram DS; Cheng AB; Kubelick KP,"Department of Biomedical Engineering, University of Virginia, Charlottesville, VA, USA.",Molecular imaging and biology,2026-08-06,10.1007/s11307-026-02126-4,2.5,visualization(abstract); visual(abstract),Cancer; Immunotherapy; Nanotechnology; ultrasound; Photoacoustic imaging; Theranostics
42556420,"Ultrasonographic evaluation of the canine gracilis, semimembranosus, and semitendinosus muscles.","<h4>Objective</h4>To describe a practical technique for ultrasonographic evaluation of the gracilis, semimembranosus, and semitendinosus muscles in dogs.<h4>Animals</h4>2 clinically healthy client-owned German Shepherd Dogs were used for this tutorial. Owner consent and approval from the University of Florida College of Veterinary Medicine IACUC were obtained prior to participation.<h4>Methods</h4>Dogs were clipped, sedated, and placed into dorsal recumbency in a relaxed position with bilateral coxofemoral abduction. A stepwise ultrasonographic approach was demonstrated with a high-frequency linear transducer. The image was optimized by adjustment of depth, focal zone placement, gain, and time-gain compensation. Scanning was performed in both transverse and longitudinal planes to assess muscle origin, body, and insertion. Normal anatomic relationships of the gracilis, semimembranosus, and semitendinosus muscles were identified to facilitate consistent evaluation.<h4>Results</h4>Ultrasound allowed clear identification of the gracilis, semimembranosus, and semitendinosus muscles on the basis of location, shape, echogenicity, and fiber orientation. The gracilis was identified in a transverse plane as a superficial, flat adductor muscle, with the semimembranosus located deeper and the semitendinosus positioned more caudally with a rounded contour. Standardized scanning planes enabled consistent visualization of muscle architecture and tendon attachments.<h4>Clinical relevance</h4>Ultrasonography is a valuable, accessible tool for evaluating the gracilis, semimembranosus, and semitendinosus muscles in dogs. Familiarity with normal anatomy and scanning techniques is essential for the diagnosis of conditions such as fibrotic myopathy, facilitating earlier intervention.",Huguet E; Repac J,"1Department of Small Animal Clinical Sciences, College of Veterinary Medicine, University of Florida, Gainesville, FL.",Journal of the American Veterinary Medical Association,2026-08-05,10.2460/javma.26.05.0362,2.5,visualization(abstract); visual(abstract),Canine; Gracilis; Hamstring; Musculoskeletal Ultrasound; Fibrotic Myopathy
42546814,"Exploring the attitudes, perceptions, and experiences of Swiss dental students in adopting simulated clinical teaching with haptic simulators: a qualitative study.","<h4>Objectives</h4>This study evaluated dental students' attitudes towards training with haptic simulators (HS) within their preclinical dental curriculum.<h4>Methods</h4>Fourteen dental students (mean-age=28.9±4.4y, women: 50%) trained with both phantom heads and with haptic simulators were interviewed. The semi-structured interviews were audio-recorded, transcribed, translated, and analyzed using Braun and Clarke's reflexive thematic analysis.<h4>Results</h4>From an initial identified 65 codes, a final 50 codes were consolidated into six overarching themes (1. educational value and learning experience in PHT; 2. limitations and challenges of PHT; 3. perceptions, features, and usability of HS; 4. educational effectiveness and learning outcomes with HS; 5. Implementation barriers and training requirements for haptic simulators; 6. Integration and complementarity of training modalities). Participants perceived PHT as an essential and irreplaceable component of their preclinical education, particularly for developing foundational psychomotor skills, ergonomics, instrument handling, and procedural confidence. However, limitations related to realism, idealized working conditions, and restricted clinical variability were identified. HS was regarded as an innovative technology offering advantages such as repeatability, visualization, and procedural flexibility. Nevertheless, concerns regarding tactile realism, software maturity, clinical applicability, and limited training exposure were frequently reported. Students emphasized that haptic systems should function primarily as supplementary educational tools rather than replacements for traditional simulation.<h4>Conclusion</h4>The findings indicate that phantom-head training remains the foundation of preclinical education, while haptic simulation is a valuable adjunct. Future longitudinal, multicenter, mixed-method studies with objective educational outcome measures are needed to guide curriculum integration and technological refinement, thereby defining the evolving role of haptic simulation in undergraduate dental education.<h4>Clinical significance</h4>Haptic simulation may enhance preclinical dental education through flexible and repeatable procedural training. However, students continue to value the tactile realism and foundational skill development provided by conventional phantom head systems. Blended integration of digital and traditional simulation modalities may offer a more comprehensive and clinically relevant educational approach.",Baumgartner LGL; Srinivasan M,"Clinic of General-, Special Care- and Geriatric Dentistry, Center for Dental Medicine, University of Zurich, Zurich, Switzerland.",Journal of dentistry,2026-08-03,10.1016/j.jdent.2026.106946,2.5,visualization(abstract); visual(abstract),Attitudes; Geriatric Dentistry; Qualitative Study; Gerodontology; Dental Education; Haptic Simulators
42551533,Genomic diversity and clonal persistence of Salmonella enterica in feedlot cattle and the pen environment during a feeding trial. ,"Salmonella enterica, a foodborne pathogen, poses a significant public health risk, particularly multidrug-resistant strains. Because antimicrobial resistance (AMR) is often linked to specific serotypes or clones, factors that shift Salmonella populations in feedlots can indirectly drive resistance. The study aimed to characterize the genomic diversity and clonal composition of Salmonella across cattle and the pen environment from a feedlot trial involving crossbred steers fed a high-starch or control diet combined with erratic or regular feeding management until harvest (168 to 222 days; hereafter 168+). A total of 509 isolates recovered from feces, pen surface, hide swabs, and lymph nodes were whole genome sequenced for in silico prediction of serotype, 7-gene multilocus sequence type (ST), core genome ST (cgST), AMR genes, and plasmids, as well as single nucleotide polymorphism-based phylogenetic inference. The population was dominated by 4 serotypes (Anatum, Montevideo, Kentucky, and Lubbock) each associated with a dominant ST, though Kentucky and Lubbock each comprised 2 STs. Only 2 isolates, both from pen surface, carried multiple AMR genes: 1 Montevideo harbored floR, tet(A), aph(6)-Id, aph(3'')-Ib, sul2, and 1 Anatum carried these plus blaTEM-1A. Serotype populations were clonal within sampling day and pen; no clear treatment-related patterns emerged. Serotype and clonal patterns were assessed through genomic characterization and descriptive visualization. Clonal clustering within pens suggests that environmental persistence and re-inoculation from pen surfaces may play a larger role in shaping Salmonella populations than dietary or management factors. The sporadic nature of AMR under limited antibiotic use underscores the need for targeted pre-harvest interventions focused on the pen environment.",Botero Y; Schneid KN; Samuelson KL; Richeson JT; Lawrence TE; Levent G,"Texas A&M University Department of Veterinary Integrative Biosciences, 660 Raymond Stotzer Pkwy, College Station, TX 77843, USA; Texas Tech University School of Veterinary Medicine, 7671 Evans Dr., Amarillo, TX 79106, USA.",Journal of food protection,2026-08-04,10.1016/j.jfp.2026.100885,2.5,visualization(abstract); visual(abstract),
42551820,RADIOGRAPHIC EVALUATION OF ABDOMINAL WALL HERNIATION IN BUDGERIGARS (MELOPSITTACUS UNDULATUS). ,"This retrospective descriptive study evaluated the radiographic features of abdominal wall herniation in 72 budgerigars (Melopsittacus undulatus) presented with abdominal or caudoventral coelomic distension, abnormal abdominal contour, or suspected protrusion of coelomic contents. The study population consisted of 71 females and 1 male; age was available for 65 birds, ranging from 2 to 8 years. All birds underwent plain radiographic examination, followed by contrast-enhanced radiography after oral administration of iohexol at 1 mL per bird, corresponding to 300 mg iodine per bird. Radiographic assessment focused on the location and contour of the protruded abdominal wall region, suspected herniated contents, gastrointestinal contrast filling patterns, suspected free fluid or localized gas accumulation, mineralized egg-related material, overlying skin and subcutaneous tissue thickening, and associated skeletal findings. Polyostotic hyperostosis was recorded in 49 of 72 birds (68.1%), and mineralized material compatible with egg-related remnants was identified in 10 of 72 birds (13.9%). The herniation was recorded as ventral or ventrocaudal in 40 birds (55.6%) and dorsocaudal or perineal in 4 birds (5.6%); location was not clearly recorded in 28 birds (38.9%). Contrast-enhanced radiography improved visualization of gastrointestinal involvement, particularly intestinal loops, and helped differentiate contrast-filled intestinal segments from adjacent soft tissue or non-gastrointestinal components. In selected cases, ultrasonography provided additional diagnostic value by helping differentiate fluid-filled or cystic structures when radiographic findings were inconclusive. Overall, this study provides an imaging-based descriptive reference for assessing abdominal wall herniation in budgerigars and highlights the practical value of plain and contrast-enhanced radiography as well as complementary ultrasonography for clinical assessment and preoperative planning.",Uysal ÜY; Günay E; Özsoy S; Gündemir O; Szara T,"Faculty of Veterinary Medicine, Istanbul University - Cerrahpasa, Graduate Education Instutiıon, TR-34320 Avcilar, Istanbul, TURKEY.",Topics in companion animal medicine,2026-08-04,10.1016/j.tcam.2026.101091,2.5,visualization(abstract); visual(abstract),
42552269,Comparative Evaluation of Deep Generative Models for Predicting 12-Month Neovascular AMD Progression Using OCT and Fundus Photography. ,"The purpose of this study is to systematically compare six deep generative models for predicting long-term anatomic progression of neovascular age-related macular degeneration (nAMD) from pretreatment retinal imaging. We retrospectively analyzed OCT and fundus images from 85 treatment-naïve eyes initiating anti-VEGF therapy for nAMD. Five GAN-based architectures (BiCycleGAN, CycleGAN, Pix2pixHD, CycleGAN-Turbo, Pix2pix-Turbo) and one diffusion-based model (Stable Diffusion Img2Img) were trained separately for each modality to generate synthetic projections at 3, 6, and 12 months. Quantitative performance was assessed using structural similarity index (SSIM), peak signal-to-noise ratio (PSNR), mean squared error (MSE), and root mean squared error (RMSE). Clinical realism was evaluated through a visual Turing test by five blinded expert graders. Pix2pixHD consistently achieved the highest image-quality metrics across all models, modalities, and time points. For OCT, they are SSIM 0.84 and PSNR 27.2 dB (3 months) and SSIM 0.83 and PSNR 25.8 dB (12 months). For fundus photographs, they are SSIM 0.80 and PSNR 26.0 dB (3 months) and SSIM 0.80 and PSNR 24.7 dB (12 months). In the visual Turing test, experts correctly identified synthetic images in 58% of cases (chance level, 50%), with OCT images showing near-chance discriminability (52%) compared to fundus photographs (64%). This study provides the first systematic comparison of multiple generative architectures for long-term nAMD progression prediction. Pix2pixHD achieved the highest fidelity, generating synthetic images whose realism was frequently, though not reliably, distinguished by observers (58%, not significantly different from chance; p = 0.13), particularly for OCT. These findings support the potential of deep generative models for AI-driven decision support in personalized retinal care. This work bridges the gap between computational science and clinical ophthalmology by demonstrating that deep generative models can transform pretreatment retinal images into clinically realistic predictions of disease progression. By enabling visualization of anticipated anatomical outcomes before treatment initiation, these tools have the potential to transition nAMD management from reactive to proactive paradigms, supporting individualized patient counseling, risk stratification, and evidence-based treatment planning at the point of care.",Sumer F; Toren M; Asan B; Solak M; Coskuner N; Ozkan B; Karabas VL; Demirel S; Ozdemir H,"Department of Ophthalmology, Faculty of Medicine, Recep Tayyip Erdogan University, Rize, 53100, Turkey. fatmasumer_@hotmail.com.",Journal of imaging informatics in medicine,2026-08-04,10.1007/s10278-026-02161-1,2.5,visualization(abstract); visual(abstract),
42564478,Efficacy and Safety of Ultrasound-Guided Nerve Block Versus Local Anesthesia for Arteriovenous Fistula Angioplasty: A Systematic Review and Meta-Analysis.,"<h4>Background and aims</h4>Severe intra-procedural pain commonly complicates percutaneous transluminal angioplasty (PTA) for dysfunctional arteriovenous fistulas (AVFs), undermining patient cooperation and potentially increasing the need for sedative medications. This systematic review and meta-analysis aimed to evaluate the analgesic efficacy, safety, and clinical performance of ultrasound-guided nerve block (UGNB) versus local anesthesia (LA) in adult patients undergoing AVF PTA.<h4>Methods</h4>We searched PubMed, Embase, Scopus, the Cochrane Library, and Web of Science for eligible randomized controlled trials and cohort studies published up to September 1, 2025. The primary outcome was intra-procedural pain rated using VAS or NRS on a 0-10 scale. The secondary outcome was overall safety, assessed using the available complication-free outcome. Random-effects models were used for pooled analyses. Heterogeneity was explored using Galbraith plots and leave-one-out analyses. Funnel plots were generated for exploratory visualization because fewer than 10 studies were included. Subgroup analyses were performed according to UGNB subtype, and an exploratory subgroup analysis was additionally conducted by study design.<h4>Results</h4>Four eligible studies, including 664 participants from East Asia, were included in the quantitative synthesis. In the primary pain analysis, UGNB was associated with a marked reduction in intra-procedural pain relative to LA (SMD -2.85, 95% CI -4.70 to -1.01; <i>p</i> < 0.001), although heterogeneity remained extreme (<i>I</i> <sup>2</sup> = 98.45%). Galbraith and leave-one-out analyses identified Wen et al. as the most influential study; however, the direction and statistical significance of the pooled effect remained unchanged after omitting any single study. Subgroup analysis by block type showed a significant analgesic effect for BPB, whereas the SCNB subgroup had a wide confidence interval and very high heterogeneity; no significant between-subgroup difference was detected. The pooled log risk ratio for the complication-free outcome was -0.02 (95% CI -0.05 to 0.02; <i>p</i> = 0.27), indicating no clinically meaningful difference in overall safety between groups. No major nerve injury, pneumothorax, or persistent motor deficits were reported.<h4>Conclusion</h4>UGNB was associated with superior analgesia without a clear increase in adverse events during AVF PTA. Current evidence does not establish a statistically significant difference between BPB and SCNB, and the SCNB subgroup should be interpreted cautiously because of substantial heterogeneity. Larger multicenter trials are needed to compare block techniques directly and to evaluate recovery, patency, and cost-effectiveness.",Pu W; Chen Z; Xu Z; Zhang Y; Wang Z; Wang B; Wan Z,Department of Nephrology Baoshan People's Hospital Baoshan China.,Health science reports,2026-08-05,10.1002/hsr2.73000,2.5,visualization(abstract); visual(abstract),Local anesthesia; Percutaneous Transluminal Angioplasty; Arteriovenous Fistulas; Meta‐analysis; Ultrasound‐guided Nerve Blocks
42209120,"First-in-Human Imaging Results of PHAROS: A Versatile High-Resolution TOF/DOI PET Scanner for Brain, Breast, and Extremity Imaging.","We present the design and performance of the newly developed PHAROS-a high-resolution, multifunctional PET system integrating time-of-flight (TOF) and depth-of-interaction (DOI) technologies-and report its first-in-human imaging results for brain and breast applications in multiple patient positions. <b>Methods:</b> The PHAROS system features a movable detector head, transformable patient table, and compact footprint, enabling both seated and supine neuroimaging as well as breast and extremity imaging. The scanner's PET ring comprises 20 detector sectors, each with 3 × 12 block detectors in the evaluated 3-detector-module-ring configuration, providing a 19.6-cm axial field of view. Each block detector consists of 8 × 8 lutetium oxyorthosilicate crystals (1.92 × 1.92 × 15 mm<sup>3</sup>) coupled to dual 4 × 4 silicon photomultiplier arrays for DOI readout. System performance was assessed using a 3-dimensional Hoffman brain phantom and first-in-human studies, including [<sup>18</sup>F]FDG brain imaging, [<sup>18</sup>F]florbetaben amyloid PET, [<sup>18</sup>F]FP-CIT dopamine transporter PET, and prone-position [<sup>18</sup>F]FDG breast imaging. All images were reconstructed with 3-dimensional ordered-subset expectation maximization incorporating TOF and DOI information. <b>Results:</b> In the Hoffman phantom, cortical and subcortical structures were sharply visualized without artifacts, and layered activity patterns were clearly resolved in coronal and sagittal planes. In the [<sup>18</sup>F]FDG brain PET of a healthy volunteer, PHAROS produced high-quality images with well-defined cortical and subcortical uptake patterns and clear gray-white matter contrast. In [<sup>18</sup>F]florbetaben amyloid PET, the amyloid-negative case showed marked gray-white matter contrast and a characteristic spiculated pattern of white matter tracts, whereas the amyloid-positive case exhibited diffuse cortical binding of radiotracer with the relative sparing of the precentral, postcentral, and occipital cortices. Dopamine transporter PET showed reduced bilateral putaminal binding in a patient with Parkinson disease. In prone breast PET, multiple hypermetabolic masses and skin invasion were clearly delineated with high tumor-to-background contrast, also enabling detailed visualization of tumor heterogeneity. <b>Conclusion:</b> These first-in-human results demonstrate that the PHAROS system achieves remarkable spatial resolution and high image quality across diverse applications. Its versatile design, incorporating DOI and TOF technologies, supports a wide range of clinical and research uses, enabling accurate lesion characterization in both neurologic and oncologic settings.",Ko GB; Kim KY; Kang SK; Lee J; Jung R; Kwak DJ; Son JW; Shin SA; Ryoo HG; Kang YK; Kim S; Paeng JC; Byun MS; Shin JH; Cheon GJ; Kim YK; Choi H; Lee JS,"Brightonix Imaging Inc., Seoul, Korea.","Journal of nuclear medicine : official publication, Society of Nuclear Medicine",2026-08-03,10.2967/jnumed.125.271172,2.5,visualization(abstract); visual(abstract),Neuroimaging; Breast Cancer Imaging; Time Of Flight; High-resolution Pet; Depth Of Interaction
42554233,"A Quality Improvement Initiative: Reducing Unnecessary Phlebotomy, Enhancing Patient Experience, and Minimizing Environmental Impact in the Inpatient Setting.","<h4>Background</h4>The steady increase in laboratory testing volume burdens the health care system with substantial costs, contributes to patient dissatisfaction, and generates adverse environmental effects. Beyond financial expenditure, unnecessary testing poses medical risks and affects patient well-being. Our quality improvement (QI) project aimed to employ a multimodal intervention to enhance appropriate laboratory utilization amongst residents and hospitalists.<h4>Methods</h4>This QI initiative used a multimodal intervention to enhance appropriate lab utilization among residents and hospitalists. It involved evaluating baseline knowledge gaps, implementing targeted education, and integrating daily structured discussions on lab necessity. In addition, an electronic dashboard was utilized with real-time data on lab ordering volume and labs ordered per attending.<h4>Results</h4>The intervention led to a net decrease of 4657 lab orders over the 3-month period. Specifically, there were significant reductions in comprehensive metabolic panel (CMP) (19.5%), serum Mg (11.8%), serum Phos (14.1%), and complete blood count (CBC) (11.2%) orders, alongside a 20% increase in basic metabolic panel (BMP) orders. Patient satisfaction improved, with affirmative ""rest and recover"" responses rising from 51.8% to 63.2%. This reduction generated an estimated $10,645 in cost savings and a 1304.61 kg reduction in CO2 emissions.<h4>Conclusion</h4>This multifaceted QI approach, integrating systemic interventions and education, effectively reduced unnecessary lab testing. It simultaneously improved patient experience, yielded cost savings, and mitigated environmental impact, offering a transferable framework.",Varkey A; Parmar S; Yeat NC; Ornstein V,"Department of Medicine, Lenox Hill Hospital, New York, NY.",American journal of medical quality : the official journal of the American College of Medical Quality,2026-08-06,10.1097/jmq.0000000000000336,2.0,dashboard(abstract); data(abstract),Quality improvement; Environmental impact; Medical education; Laboratory Services; Laboratory Stewardship
