pmid,title,abstract,authors,first_author_affiliation,journal,pub_date,doi,score,matched_keywords,api_keywords
42605880,Design of an Interactive Agricultural Injury Dashboard: Enhancing Data Visualization and Stakeholder Engagement Using AgInjuryNews Data.,"Agricultural injuries remain a significant public health concern, emphasizing the critical need for effective surveillance systems and accessible data dissemination tools. Traditional databases and reporting systems often present barriers to ease of access, usability, and timely interpretation of injury data for various stakeholders. The objective of this study was to design and establish a dashboard for storing agricultural injury data sourced from AgInjuryNews.org. The dashboard design was guided by Mazza's five essential criteria, including functionality, effectiveness, efficiency, usability, and usefulness. This design followed user-centered design principles and a narrative dashboard design approach, offering guided instructions and enabling higher levels of user interaction. Two tailored modes were developed: a Researchers' Mode, offering agricultural injuries coded by the Occupational Injury and Illness Classification System (OIICS); an Educators' Mode, providing injury patterns on a regional level. A comparative evaluation was conducted between the Researchers' Mode, Educators' Mode and the existing AgInjuryNews.org website to assess their effectiveness in solving real-world agricultural injury surveillance questions.",Li S; Twidale M; Schneider J; Gorucu S; Davidson P; Weichelt B; Issa S,"Department of Agricultural and Biological Engineering, University of Illinois, Urbana, IL, USA.",Journal of agromedicine,2026-08-17,10.1080/1059924x.2026.2712970,18.2,"visualization(kw,title); dashboard(kw,title,abstract); visual(kw,title); data(kw,title,abstract)",Injury Surveillance; Data Visualization; Agricultural Safety; Dashboard Design; Injury Data Dashboard
42622578,Distal Radius Articular Surface Visualization: Comparison of Ligament-Sparing Volar and Dorsal Radiocarpal Arthrotomies for Distal Radius Fracture Reduction.,"<h4>Purpose</h4>Direct articular surface visualization may improve reduction accuracy in intra-articular distal radius fractures. A ligament-sparing volar radiocarpal arthrotomy has been described to complement the standard volar approach, but the articular surface area (SA) visualized has not been compared to the traditional dorsal radiocarpal arthrotomy. This study quantified and compared articular SA visualization through volar and dorsal ligament-sparing radiocarpal arthrotomies in a cadaveric model.<h4>Methods</h4>Twenty-four fresh-frozen cadaveric specimens (12 matched pairs) underwent either a volar or dorsal ligament-sparing radiocarpal arthrotomy; one wrist from each pair was randomized to each approach. Visible articular SA was calculated using photogrammetric three-dimensional models created using postarthrotomy images. Radiocarpal disarticulation was performed to calculate total articular SA. Total SA percentage was compared using paired t tests. Regional articular visualization was characterized for each approach by overlay mapping.<h4>Results</h4>Mean percentage of SA visualization was 63.7% (range, 43.9% to 90.7%) via volar radiocarpal arthrotomy and 77.3% (range, 53.1% to 90.9%) via dorsal radiocarpal arthrotomy; the dorsal arthrotomy provided a mean increase in visualization of 13.5% (P = .008). Based on overlay mapping, the volar arthrotomy improved visualization of the volar rim, whereas dorsal arthrotomy improved visualization of the dorsal rim, dorsal-radial scaphoid facet, and dorsal-ulnar lunate facet. There was similar visualization of the central third of the radius, volar-radial scaphoid facet, and volar-ulnar lunate facet.<h4>Conclusions</h4>Both volar and dorsal arthrotomies provide excellent visualization of the distal radius articular surface, although dorsal arthrotomy provided greater overall visualization. Volar arthrotomy improved exposure of the volar rim, a region commonly involved in volar rim marginal fractures and volar shear intra-articular fractures. The dorsal arthrotomy allowed regional visualization of fracture patterns involving the dorsal-radial styloid, dorsal-ulnar lunate facet, or dorsal rim articular comminution.<h4>Clinical relevance</h4>Radiocarpal arthrotomies provide a practical direct assessment of the distal radius articular surface without additional incisions or arthroscopic resources.",Rakowski DR; Richman EH; Kahan R; Peek KJ; France TJ; Swartwout H; Rogers M; Leversedge FJ; Lauder A,"University of Colorado School of Medicine, Aurora, CO.",The Journal of hand surgery,2026-08-20,10.1016/j.jhsa.2026.06.004,11.5,"visualization(kw,title,abstract); visual(kw,title,abstract)",Distal Radius Fracture; Surgical Visualization; Radiocarpal Arthrotomy; Intra-articular Fracture Fixation
42627239,Evaluating the Impact of Enhanced Stent Visualization on PCI Outcomes in Older Patients With Multivessel Disease.,"<h4>Background</h4>Optimal stent expansion is a key determinant of long-term outcomes after PCI. Intravascular imaging provides the most accurate assessment of stent deployment but remains underused, especially in older patients with MI and multivessel disease. ESV is an angiographic enhancement technology that may help detect gross stent underexpansion when advanced imaging is not feasible.<h4>Aims</h4>To evaluate the procedural and clinical impact of enhanced stent visualization (ESV)-guided percutaneous coronary intervention (PCI) in older patients with myocardial infarction (MI) and multivessel disease.<h4>Methods</h4>In this prespecified sub-study of the FIRE trial, we evaluated the impact of ESV use during PCI in older MI patients. Among 1445 enrolled patients, 331 underwent ESV-guided PCI and 1114 standard angiography-guided PCI. Procedural optimization triggered by ESV was defined as additional postdilation, extra stent implantation, or use of intravascular imaging. Minimal lumen diameter (MLD) was assessed before and after ESV-guided optimization. Clinical outcomes were compared using multivariable and competing-risk adjusted Cox models.<h4>Results</h4>Operator-driven optimization occurred in 85% of ESV cases, primarily through postdilation (96%). ESV guidance resulted in a significant MLD increase from 2.51 [2.22-2.87] to 2.93 [2.41-3.32] mm (p < 0.001), yielding an acute luminal gain of 0.42 mm (95% CI 0.37-0.47). At 3 years, the composite primary endpoint (death, MI, stroke, or ischemia-driven revascularization) was lower in the ESV group (adjusted HR 0.70, 95% CI 0.54-0.91; p = 0.008).<h4>Conclusions</h4>In older MI patients with complex multivessel disease, ESV-guided PCI was associated with greater procedural optimization, improved acute stent expansion, and lower long-term adverse events. While not a substitute for intracoronary imaging, ESV represents a pragmatic and valuable adjunct to enhance PCI quality in settings where intravascular imaging is seldom performed.<h4>Trial registration</h4>ClinicalTrials.gov identifier NCT03772743.",Cocco M; Sarti A; Verardi FM; Caglioni S; Farina J; Penzo C; Tumscitz C; Serenelli M; Tezze R; Cantone A; Erriquez A; Campo G; Biscaglia S,"Cardiology Unit, Azienda Ospedaliero-Universitaria di Ferrara, Ferrara, Italy.",Catheterization and cardiovascular interventions : official journal of the Society for Cardiac Angiography & Interventions,2026-08-21,10.1002/ccd.70819,11.5,"visualization(kw,title,abstract); visual(kw,title,abstract)",Myocardial infarction; Percutaneous coronary intervention; Older Adults; Multivessel Disease; Stent Optimization; Enhanced Stent Visualization
42604880,Dimensionality reduction enables MRD visualization in single-sample flow cytometric analysis in acute leukemia.,"Minimal/measurable residual disease (MRD) analysis using multiparametric flow cytometry (MFC-MRD) is essential for therapy stratification in acute leukemia; however, conventional analysis is limited by analyst-dependent variability and complex manual gating. Although machine learning approaches have been proposed, their clinical implementation requires large reference datasets and standardized antibody panels. Therefore, we evaluated the feasibility of unsupervised dimensionality reduction as a practical reference-free strategy for single-sample MFC-MRD analysis. We retrospectively analyzed 58 bone marrow specimens from 32 patients with acute myeloid leukemia or B-lineage acute lymphoblastic leukemia with < 5% leukemic cells at laboratory testing. MRD was re-evaluated using dimensionality reduction (t-distributed stochastic neighbor embedding, Uniform Manifold Approximation and Projection, and Pairwise Controlled Manifold Approximation) implemented in a FlowJo plugin after pre-gating based on lineage and differentiation markers (CD19 or CD34/CD117). MRD was identified in 46 specimens, with leukemic cell percentages closely matching expert manual analysis, as well as in two specimens previously reported as MRD-negative after routine analysis, where abundant normal counterparts complicated conventional gating. Dimensionality reduction-based MFC-MRD analysis enables visualization of rare leukemic populations in single samples while maintaining concordance with expert gating, thereby facilitating broader adoption of highly sensitive flow cytometric MRD testing in clinical practice.",Mizuta S; Kobayashi K; Kawata T; Ohashi Y; Yoshida S; Watanabe A; Ueshimo T; Okuda M; Bandai K; Fujiwara K; Hiranuma N; Tamekane A; Watanabe M,"Department of Clinical Laboratory, Hyogo Prefectural Amagasaki General Medical Center, 2-17-77 Higashinaniwa-Cho Amagasaki, Amagasaki, Hyogo, Japan. fgneos0628@yahoo.co.jp.",International journal of hematology,2026-08-17,10.1007/s12185-026-04268-1,10.0,"visualization(title,abstract); visual(title,abstract); machine learning(kw,abstract); data(abstract)",Acute myeloid leukemia; Dimensionality Reduction; B-lineage Acute Lymphoblastic Leukemia; Multiparametric Flow Cytometry; Unsupervised Machine Learning
42616202,Global research trends in single-port robot-assisted kidney surgery: a bibliometric and visualization analysis.,"This study employs bibliometric and visualization analysis methods to explore the current status, evolutionary trajectory, and research hotspots in the field of single-port robot-assisted kidney surgery worldwide. Based on the Web of Science Core Collection database, 114 relevant core publications (including 95 original clinical studies and 19 reviews) published between 2009 and 2025 were retrieved and screened. CiteSpace and VOSviewer software were used to conduct co-occurrence mapping and clustering analyses of data such as country of origin, institution, author, source journal, and keywords. The results show that research output in this field has generally followed an upward trend, with a marked increase in the number of relevant publications beginning in 2021 (66 articles published between 2021 and 2025), and the total number of citations reaching its peak in 2025 (513 citations). In terms of national contributions and collaboration networks, the United States led in the number of publications (61) and, together with Italy, formed the main nodes of international collaboration; South Korea ranked third, while China, Belgium, and the United Kingdom were relatively active in transnational collaboration. The Cleveland Clinic Foundation was the institution with the highest number of publications; Jihad H. Kaouk and colleagues were identified as highly productive core scholars; and the relevant findings were primarily published in mainstream journals of minimally invasive urology, such as the Journal of Endourology. Keyword clustering analysis indicates that research topics focus on disease intervention and the clinical application of specific surgical procedures, covering areas such as renal cell carcinoma, robot-assisted partial nephrectomy, kidney transplantation, and upper urinary tract urothelial carcinoma; the research focus has gradually shifted from early explorations of platform feasibility and safety to clinical controlled studies using propensity score matching; Currently, the focus has further shifted toward the clinical expansion of specific patient positions and surgical approaches, as well as the optimization of surgical techniques and prognostic outcomes. Co-citation and co-authorship analyses suggest that progress in this field is significantly influenced by a small number of core scholars and their highly cited publications. This study objectively illustrates the development landscape and thematic shifts in single-port robot-assisted kidney surgery worldwide, providing a data reference for future clinical practice and cross-regional collaboration.",Fan G; Li Y; Yin S,"Department of Urology, School of Clinical Medicine, North Sichuan Medical College, Affiliated Hospital of North Sichuan Medical College, Nanchong, 63700, Sichuan, China.",Journal of robotic surgery,2026-08-19,10.1007/s11701-026-03746-2,9.0,"visualization(title,abstract); visual(kw,title,abstract); data(abstract)",Nephrectomy; Robotic Surgery; Bibliometric Analysis; Single-port; Visual Analysis
42613394,Artificial intelligence in robotic urologic surgery: a scoping review.,"<h4>Background and aim</h4>Artificial intelligence (AI) is increasingly being integrated into robotic urologic surgery. However, existing literature remains fragmented across different technological domains. This scoping review aimed to systematically map and synthesize current evidence on AI applications within robotic urologic surgery, identifying principal domains, clinical relevance, and existing limitations.<h4>Evidence acquisition</h4>A scoping review was conducted according to PRISMA-ScR guidelines. PubMed and Web of Science were searched for English-language peer-reviewed studies published between 2018 and 2024. Studies were included if they evaluated AI applications integrated into the robotic surgical workflow (computer vision, augmented reality, cognitive analytics, skill assessment, or outcomes prediction). Reviews, editorials, and non-robotic applications were excluded.<h4>Evidence synthesis</h4>Of 256 records identified, 47 met the inclusion criteria. Applications were distributed across five domains: computer vision (19%), augmented reality and navigation (15%), AI-driven objective skill assessment (30%), cognitive analytics (17%), and surgical outcomes prediction (19%). Most studies were single-center feasibility investigations. Computer vision demonstrated high technical accuracy for instrument and gesture recognition, while AI-based performance metrics showed emerging associations with clinically relevant outcomes. Augmented reality systems improved anatomical visualization and surgical planning, and cognitive analytics explored real-time workload assessment.<h4>Conclusion</h4>AI in robotic urologic surgery is predominantly focused on assistive and analytical applications, particularly intraoperative image analysis and objective performance assessment. While early evidence suggests technical feasibility and potential clinical value, most systems remain investigational. Robust multicenter validation, workflow integration, and governance frameworks addressing accountability and data management are required before routine clinical implementation.",Cei F; Arang H; Layne E; Ganjavi C; Rodler S; Beatrici E; De Backer P; De Groote R; De Naeyer G; Mottrie A; Salonia A; Gandaglia G; Montorsi F; Cacciamani G; Raison N; Granados A; Kim A; Ourselin S; Stabile A; Dasgupta P; Briganti A,"Unit of Urology, Division of Experimental Oncology, URI, Urological Research Institute, IRCCS San Raffaele Scientific Institute, Via Olgettina, 60, 20132, Milan, Italy. cei.francesco@hsr.it.",World journal of urology,2026-08-18,10.1007/s00345-026-06670-0,7.6,"visualization(abstract); visual(abstract); artificial intelligence(kw,title,abstract); data(abstract)",Artificial intelligence; Computer vision; Surgical Outcomes; Surgical Training; Robotic Surgery; Augmented Reality
42523524,Comparison of three-dimensional surgical system versus binocular microscope for implantable Collamer lens implantation: a randomized clinical trial.,"<h4>Aim</h4>To compare the efficacy, safety, visual outcomes, satisfaction, and comfort of three-dimensional (3D) heads-up visualization system-assisted and conventional microscopic implantable Collamer lens (ICL) surgery.<h4>Methods</h4>Patients undergoing ICL or Toric ICL (TICL) implantation were enrolled and randomized into two groups: TM group (under a conventional microscope) and 3DM group (under NGENUITY 3D visualization system). Ocular parameters were assessed preoperatively and at 1wk, 1, 3, and 6mo postoperatively. The duration of key surgical steps and the incidence of complications were recorded. Patient-reported outcomes (dry eye, visual quality, comfort) and surgeon satisfaction were assessed using standardized questionnaires.<h4>Results</h4>The study included 98 eyes of 98 refractive error patients (17 males), 50 eyes in TM group (age 27.74±5.65y), and 48 eyes in 3DM group (age 29.20±4.89y). Efficacy, safety, quality of vision (QoV), dry eye symptoms, and patients' satisfaction at 6mo were not significant across the time points of 1wk, 1, 3 and 6mo. No complication was observed in either group. The 3DM group was associated with a longer main step operation time (<i>P</i>=0.037) but better patient visual comfort (<i>P</i><0.001). The difference in surgical fluency was not statistically significant (<i>P</i>=0.067). Notably, surgeons reported no delays or discomfort and rated the 3DM system significantly higher in image resolution, range of view, depth perception, color contrast, and postural comfort (all <i>P</i><0.001).<h4>Conclusion</h4>For ICL surgery, the use of the NGENUITY 3D visualization system achieves comparable surgical efficacy, safety, and patient satisfaction to procedures performed under a traditional microscope, while delivering superior intraoperative visual performance and postural comfort for the surgeon. These ergonomic and visual advantages make it a promising tool for enhancing clinical practice and surgical training.",Xuan AR; Liu W; Zhang YN; Zhang C; Yang RB; Huang Y; Liu H; Zhao SZ,"Tianjin Key Laboratory of Retinal Functions and Diseases, Tianjin Branch of National Clinical Research Center for Ocular Disease, Eye Institute and School of Optometry, Tianjin Medical University Eye Hospital, Tianjin 300000, China.",International journal of ophthalmology,2026-08-18,10.18240/ijo.2026.08.10,7.5,"visualization(kw,abstract); visual(kw,abstract)",Myopia; Visual Outcome; Implantable Collamer Lens V4c; Three-dimensional Surgical Visualization System
42628572,Digital nudging toward sustainable healthy foods: Insights from a trial on a university-based dashboard for promoting sustainable eating habits.,"Sustainable diets are promoted to reduce environmental impacts while supporting public health, yet translating sustainability information into healthier food choices remains challenging. This study evaluated whether the Dashboard for Improving Sustainable Healthy (DISH) Food Choices, a digital food environment providing real-time environmental and nutritional information, could encourage more sustainable and nutritionally balanced meal selections. DISH was deployed as a mobile app, website, and kiosk in two university campus cafeterias over 10 weeks. The primary behavioural outcomes were the nutritional quality and environmental impact of selected meals, operationalized through pre- and post-intervention meal scores: Food Compass Score and Health Star Rating for nutritional quality, and climate change score for environmental impact. Data were collected from 189 participants randomly assigned to control and intervention groups (n = 85 and n = 86, respectively), with surveys complemented by exploratory interviews with 26 intervention participants four months later. These interviews were guided by the Capability, Opportunity, Motivation-Behaviour (COM-B) model. Both an intention-to-treat repeated-measures model and complementary non-parametric tests (Wilcoxon and Mann-Whitney U) indicated that exposure to DISH's combined environmental-nutritional information did not significantly influence food choices on any behavioural measure (p > 0.47). Latent profile analysis identified a subgroup with high health motivation but low climate consideration; however, since this subgroup appeared in both study groups and was not differentially affected by the intervention, it should be viewed as a target for future tailored strategies rather than evidence of intervention effectiveness. Qualitative feedback suggested that DISH increased awareness and reinforced sustainability concepts. Overall, the findings highlight both the promise and limitations of digital tools for supporting informed dietary decisions and underscore the need to strengthen motivational and contextual relevance to achieve behavioural impact.",de la Fuente MM; Agyemang P; Kwofie EM; Chicoine M; El Haffar G; Dube L; Kubow S; Orsat V,"Bioresource Engineering Department, McGill University, Ste-Anne-de-Bellevue, H9X 3V9, Quebec, Canada.",Appetite,2026-08-21,10.1016/j.appet.2026.108764,7.4,"dashboard(kw,title,abstract); data(abstract)",Food Choices; Sustainable Diets; Com-b Model; Graphical Abstract; Dashboard Intervention; Environmental-nutrition Information
42622652,Intraoperative real-time recognition of dissectible layers by artificial intelligence is useful in laparoscopic inguinal hernia repair.,"<h4>Background</h4>Accurate identification of anatomical landmarks such as loose connective tissue, nerves, the vas deferens, and microvessels is essential for transabdominal preperitoneal inguinal hernia repair (TAPP). However, this skill largely depends on the surgeon's experience. EUREKAα (Anaut Inc., Tokyo, Japan), an artificial intelligence (AI)-based surgical support system, was approved in Japan in April 2024 to provide real-time intraoperative recognition and visualization of loose connective tissue.<h4>Methods</h4>Of the 508 TAPP procedures performed between February 2020 and December 2025, 54 were carried out using real-time AI navigation (RAIN), whereas 454 were performed using conventional techniques. Patient characteristics, surgical outcomes, and postoperative complications were statistically analyzed to evaluate the effectiveness and safety of RAIN. Propensity score matching (PSM) was conducted.<h4>Results</h4>The RAIN group showed significantly shorter operative times (48.6 vs. 38.6 min) compared with the conventional group, with no significant differences in postoperative complications. After PSM, 53 matched pairs of patients for each group. Mean operative time (49.2 vs. 38.5 min) was significantly shorter in the RAIN group compared to the conventional group.<h4>Conclusions</h4>Real-time intraoperative AI surgical support in TAPP was associated with shorter operative time without increasing postoperative complications. As the clinical use of EUREKAα is still in its early stages, its full value will be more clearly defined through future studies.",Mita K; Mineta S; Takahashi K; Shimaguchi M; Shimada T; Sakai T; Toyota N; Hatano M; Toyota T; Sasaki J,"Department of Surgery, Tsudanuma Central General Hospital, 1-9-17 Yatsu, Narashino City, Chiba, Japan. kazumitatantan@yahoo.co.jp.",Surgical endoscopy,2026-08-20,10.1007/s00464-026-13241-2,7.1,"visualization(abstract); visual(abstract); artificial intelligence(kw,title,abstract)",Artificial intelligence; Transabdominal Preperitoneal Inguinal Hernia Repair; Eurekaα; Real-time Artificial Intelligence Navigation
42622887,Visualization quality and effectiveness of noncontrast-abbreviated magnetic resonance imaging for hepatocellular carcinoma surveillance in cirrhotic patients with ultrasound visualization score C.,"<h4>Objectives</h4>The recently updated Liver Imaging Reporting and Data System version 2024 Surveillance US algorithm introduced alternative strategies, including abbreviated MRI, for patients with repeat or at high risk for repeat US visualization score C (VIS-C) examinations. This study aimed to evaluate the liver visualization quality and the effectiveness of noncontrast-abbreviated MRI (NC-AMRI) for hepatocellular carcinoma (HCC) surveillance in cirrhotic patients with US VIS-C.<h4>Materials and methods</h4>This retrospective study included Child-Pugh class A or B cirrhotic patients with prior US VIS-C and who underwent NC-AMRI for HCC surveillance between December 2018 and July 2022. Two radiologists independently assessed the visualization quality based on liver parenchymal heterogeneity, artifacts, and liver visualization range, and assigned visualization scores (VIS-A, no or minimal limitations; VIS-B, moderate limitations; and VIS-C, severe limitations) on diffusion-weighted image (DWI) and T2-weighted image (T2WI) of NC-AMRI. Early-stage HCC detection was determined.<h4>Results</h4>A total of 264 patients (mean age, 60.2 years; 169 men) were included. In NC-AMRI after US VIS-C, the visualization score on DWI was A in 60.6% (160/264), B in 31.1% (82/264), and C in 8.3% (22/264), and the visualization score on T2WI was A in 78.4% (207/264), B in 16.7% (44/264), and C in 4.9% (13/264). Of the 18 patients detected with HCCs in NC-AMRI, 17 patients (94.4%) had early-stage HCC.<h4>Conclusion</h4>NC-AMRI provided adequate visualization quality in more than 91% of cirrhotic patients with US VIS-C and demonstrated effectiveness for early-stage HCC detection.<h4>Key points</h4>Question What are the liver visualization quality and the effectiveness of noncontrast-abbreviated MRI (NC-AMRI) for hepatocellular carcinoma (HCC) surveillance in cirrhotic patients with US visualization score C (VIS-C)? Findings After US VIS-C, NC-AMRI achieved VIS-A or B in 91.7% on DWI and 95.1% on T2WI; among 18 HCCs detected, 94.4% were early stage. Clinical relevance NC-AMRI may provide acceptable liver visualization (DWI 91.7%, T2WI 95.1%) in US VIS-C cirrhosis and may facilitate early-stage HCC detection (94.4% early); findings warrant confirmation in larger, prospective, multi-center cohorts.",Yang HK; Lee S; Lee MY; Jeong B; Kim E; Yoon JH,"Department of Radiology and Research Institute of Radiological Science, Severance Hospital, Yonsei University College of Medicine, Seoul, Republic of Korea.",European radiology,2026-08-20,10.1007/s00330-026-12822-y,7.0,"visualization(title,abstract); visual(title,abstract); data(abstract)","Early diagnosis; Surveillance; carcinoma, hepatocellular; Magnetic Resonance Imaging"
42616302,Global research trends and hotspots of urinary incontinence after robot-assisted radical prostatectomy: a bibliometric and visual analysis.,"Prostate cancer is common, and robot-assisted radical prostatectomy (RARP) has become a mainstream surgical option for localized disease. Over the past two decades, research has expanded from oncologic control to functional outcomes. Urinary incontinence remains one of the most frequent postoperative complications, with incidence rates ranging from 4% to 31% even at 12 months. Many patients still require protective pads one year after surgery. More importantly, persistent urinary incontinence significantly affects long-term quality of life. Multiple factors contribute to post-RARP urinary incontinence, including anatomical parameters such as preoperative membranous urethral length and patient-related characteristics like age and prostate volume. Although publications on this topic have grown steadily, to the best of our knowledge, no comprehensive synthesis has systematically mapped the research landscape. Bibliometric analysis offers a quantitative approach to delineate knowledge structures, track thematic shifts, and identify emerging frontiers. This study conducts a bibliometric and visualization analysis of global RARP incontinence research, aiming to provide a reference for clinicians and researchers working to improve continence outcomes. We retrieved publications from the Web of Science Core Collection (SCI-E and SSCI) on urinary incontinence after robot-assisted radical prostatectomy, covering 2008 to 2025. The literature search and data extraction were completed on July 2, 2026. We then performed a series of bibliometric and visualization analyses using CiteSpace (version 6.4.R1), VOSviewer (version 1.6.20), and the Bibliometrix R package (version 5.0). CiteSpace was used to generate the country collaboration network and detect burst keywords. VOSviewer was employed to construct co-occurrence networks for keywords, citation networks for institutions, authors, and journals, as well as co-citation networks for cited references. The Bibliometrix package generated a world map of country-level collaboration, the annual publication output curve, and the literature screening flowchart. All included records were exported as plain text files with the ""Full Record and Cited References"" option selected. Prior to analysis, we manually standardized author names, institutional affiliations, and country assignments, and merged synonymous keywords using the VOSviewer thesaurus function. We included 488 publications in this analysis, involving 2,864 authors, with the top ten productive institutions distributed across five countries, published in ten core journals, and citing 6,759 references. Annual publication output exhibited an overall upward trend from 2008 to 2025, with a marked acceleration after 2020 and a peak in 2024. The United States led in both publication volume (119 papers) and total citations (5,394), followed by Japan and Italy. Belgium and Germany showed higher average citations per paper, reflecting strong academic influence. At the institutional level, the Karolinska Institute in Sweden ranked first in publication count (19 papers), but the University of Gothenburg and Lund University achieved much higher average citations per paper (220 and 205, respectively), indicating superior research quality. Journal analysis revealed that European Urology accumulated 4,009 total citations with an average of 191 per paper, far exceeding other journals, and occupied a central position in the co-citation network. Among core authors, Artibani W (8 papers, 308 citations per paper) and Novara G (9 papers, 272 citations per paper) ranked in the top two. Keyword co-occurrence analysis identified six major clusters, focusing respectively on surgical techniques, oncological outcomes, anatomical factors, urinary continence and erectile function recovery, preoperative imaging assessment, and evidence-based medicine. Burst detection indicated that research hotspots shifted from early ""retropubic prostatectomy"" (burst strength 7.84) toward ""membranous urethral length"" and ""continence recovery,"" with ""robot-assisted radical prostatectomy"" showing the longest burst duration in recent years. Among the most frequently cited works, the meta-analysis and systematic review conducted by Ficarra and colleagues in 2012 published in European Urology ranked first with 207 citations, with eight of the top ten most cited papers originating from the same journal. The evolution of these highly cited works follows a clear trajectory-from single-center technical reports to prospective comparative studies and systematic reviews. Based on our literature search, this investigation offers the inaugural bibliometric mapping and visual analytics exercise dedicated to examining urinary incontinence after robot-assisted radical prostatectomy (RARP), drawing on 488 publications spanning 2008 to 2025, all sourced from the Web of Science Core Collection. Annual output rose steadily, accelerating after 2020 and peaking in 2024. The United States outperformed all other countries in terms of both publication volume (119 papers) and total citation count (5,394 times), followed by Japan and Italy. European Urology was the most influential journal (4,009 citations, 191 per paper), and the systematic review by Ficarra V et al. (2012) served as the intellectual cornerstone of the co-citation network. Keyword analysis revealed a clear thematic shift-from early open surgical benchmarks toward robotic optimization, nerve-sparing, anatomical predictors, and more recently, AI-assisted modeling. Urinary incontinence and continence recovery were the most prominent outcome terms, confirming their central clinical importance. Despite the leadership of a small group of high-impact authors and institutions, international collaboration remains limited. Key limitations include database and language restrictions, citation bias, time-dependent citation accumulation, and the inherent inability of bibliometric methods to assess individual study quality or clinical heterogeneity. Future efforts should prioritize the widespread use of standardized patient-reported outcome measures, alongside strengthened cross-regional and multidisciplinary collaboration, so as to provide robust support for individualized clinical pathways in urinary continence preservation.",Huang W; Shi Q; Pei D; Zhu C; Shao Z,"Clinical Medical College of Shandong Second Medical University, Weifang, 261053, Shandong, China.",Journal of robotic surgery,2026-08-19,10.1007/s11701-026-03808-5,6.6,"visual analytics(abstract); visualization(abstract); visual(title,abstract); data(abstract)",Urinary incontinence; Vosviewer; Bibliometric Analysis; Rarp; Citespace; Bibliometrix
41698819,Impact of Scan Location on Visualization Characteristics of the Lateral Rectus-Superior Rectus Band with High-Resolution MR Imaging.,"<h4>Background and purpose</h4>Degeneration of lateral rectus-superior rectus (LR-SR) band has been implicated in the pathogenesis of acquired strabismus conditions, including the sagging eye syndrome. The purpose of this study was to analyze the imaging features of this band as imaged with magnetic resonance imaging at different orbital scan locations. To analyze the imaging features of the LR-SR band as imaged with MRI at different orbital scan locations.<h4>Materials and methods</h4>The LR-SR band features of patients who underwent high-resolution MRI for nonorbital pathology were evaluated at predefined locations by 2 independent readers. Analyzed features included: 1) visibility, 2) continuity, and 3) superotemporal bowing of LR-SR band in a binary manner at 2.5 mm anterior (zone I), at (zone II), and posterior (zone III) to the globe-optic nerve junction.<h4>Results</h4>Forty-eight orbits of 26 patients with an age range of 58-86 years were included. Visualization of the LR-SR band was significantly higher in zone I (89.6%) compared with zone II (79.2%) (<i>P</i> = .03) and with zone III (47.9%) (<i>P</i> < .001). Among the orbits in which the LR-SR band was visualized, band continuity was most frequently observed in zone I (94.7%), compared with zone II (68.4%) (<i>P</i> = .002) and in zone III (52.2%) (<i>P</i> < .001). Superotemporal bowing was detected with higher frequency posteriorly, rising from 21.1% in zone I to 47.4% in zone II (<i>P</i> = .002) and to 56.5% in zone III (<i>P</i> < .001). A higher degree of reproducibility for LR-SR band visibility and continuity was noted in anterior scan locations.<h4>Conclusions</h4>The LR-SR band is most consistently visualized on coronal MR images obtained anterior to the globe-optic nerve junction, while degenerative changes are more frequently observed in posterior scan locations. Establishing and reporting a standardized coronal imaging plane referenced to a consistent anatomic landmark may improve reproducibility and comparability of the LR-SR band across studies and allow for more robust clinical interpretation.",Tomaras N; Ozgen B; Patel R; Azar NF; Mocan MC,"From the College of Medicine (N.T.), University of Illinois at Chicago, Chicago, Illinois.",AJNR. American journal of neuroradiology,2026-08-21,10.3174/ajnr.a9235,6.5,"visualization(title,abstract); visual(title,abstract)",
42530912,"Visual detection technologies for mycotoxins in food products: recent advances, current challenges, and future perspectives.","Food products are highly vulnerable to fungal contamination throughout storage, transportation, and processing, leading to the accumulation of mycotoxins that pose significant risks to food safety and public health. Therefore, there is an urgent need to develop sensitive, rapid, and reliable detection tools. Visual detection enables real-time monitoring of mycotoxin contamination using miniaturized equipment, offering advantages such as simple operation, user-friendliness, fast detection speed, and high sensitivity. As a result, it has gained increasing favor among researchers and practitioners across various fields. This review summarizes recent advances in visual detection methods for mycotoxins, including colorimetric, fluorescent, electrochemiluminescent, and photoelectrochromic visualization approaches. For each category, the design principles, representative applications, key advantages, and inherent limitations are systematically analyzed. Finally, the key scientific and technological challenges currently facing this field are critically examined, and the emerging opportunities arising from the integration of visual biosensing with big data analytics and machine learning are highlighted. This review is intended to serve as a valuable reference for the development of novel visual biosensors for mycotoxin detection and for the broader application of next-generation visual biosensors in on-site mycotoxin monitoring.",Wei KH; Jia MX; Heng HD; Yang YF; Wang K,"School of Agricultural Engineering, Jiangsu University, Zhenjiang 212013, PR China. wangkun@ujs.edu.cn.","Chemical communications (Cambridge, England)",2026-08-20,10.1039/d6cc03959f,5.6,"visualization(abstract); visual(title,abstract); machine learning(abstract); data(abstract)",
42612157,Multilevel Evaluation of ECHO Autism Programs: Development and Pilot Study of a Standardized Minimum Dataset.,"<h4>Background</h4>The rising prevalence of autism highlights the challenges faced by health care professionals, educators, and guardians in managing autism care. ECHO (Extension for Community Healthcare Outcomes) Autism Communities was established to train professionals in best practice autism care and diagnosis through regular virtual case-based learning sessions. As programmatic offerings expanded to include more professions and ongoing care after diagnosis, program measures were adapted to fit the desired learning outcomes and were adapted over time. As a result, consistent measures were not in place to assess any individual program longitudinally, and assessments of all programs collectively were even further limited. The global expansion of the ECHO Autism model led to an insistent need for standardized outcome measures to evaluate effectiveness.<h4>Objective</h4>In this study, a team consisting of ECHO Autism leaders with more than 20 years of combined knowledge of ECHO Autism programs reviewed existing measures to create a standard set of participant survey metrics, the ECHO Autism Communities minimum dataset (MDS). The study included a rapid 3-month pilot with a small 3-program dataset, followed by a 2-year pilot across 8 programs.<h4>Methods</h4>The study team collected 42 surveys from existing programs, organized all survey metrics, and refined them into a standardized set of metrics. The MDS was designed to measure priority information, set consistent scales and anchors, use inclusive language, standardize response choices, and determine units of analysis to transform data into actionable information. An early version of the MDS was translated into Spanish and implemented as a 3-month pilot across programs in the United States, Argentina, and Chile. Participant program-level data for the 2-year pilot were visualized and presented in PDF reports. Wilcoxon signed-rank tests of significance were performed on postsurvey self-efficacy data for programs and across all programs. An interactive dashboard was created for comparisons.<h4>Results</h4>Three-month pilot data provided actionable insight so that adjustments were made before ongoing evaluation. The first 2 years of MDS implementation showed consistency in evaluation and significant improvements in self-efficacy across 8 programs. ECHO Autism leaders appreciated clear and simple data visualizations that showcased aggregate participant demographics, as well as changes in self-efficacy and barriers.<h4>Conclusions</h4>As a result of this study, ECHO Autism leaders can assess and compare program effectiveness, participant characteristics, and demonstrate the program's impact on professionals providing autism care. This study highlights the importance of consistent outcome measures for evaluation and enabling data-informed decisions for similar professional training programs for delivering autism best practices.",Boles K; Hoffman K; Mahurin M; Hardesty R; Nanclares-Nogués V; Odum M; Mitre R; Sohl K,"Department of Pediatrics, ECHO Autism Communities, School of Medicine, University of Missouri, 400 N Keene St, Columbia, MO, 65201, United States, 1 5735290035.",JMIR formative research,2026-08-18,10.2196/86274,5.3,"visualization(abstract); dashboard(abstract); visual(abstract); data(title,abstract)",Program Evaluation; Autism Spectrum Disorder; Training Support; Learning Health System; Project Echo; Virtual Learning Models
42622711,Fully automated deep learning for the identification and classification of dental implant brands from multimodal radiographic images.,"<h4>Objectives</h4>Accurate radiographic identification of dental implant systems is essential for effective clinical management; however, manual assessment remains time-consuming and susceptible to diagnostic error. Furthermore, conventional computational approaches are constrained by their dependency on manually annotated regions of interest. To overcome these limitations, this study introduces DentalImplantNet, an end-to-end automated deep learning architecture engineered for robust, high-precision implant classification across heterogeneous and radiographically noisy clinical settings.<h4>Materials and methods</h4>A multi-modal dataset was constructed from 2,714 panoramic and periapical radiographs alongside high-resolution Bruker micro-CT scans of 64 standalone implant fixtures. An automated pipeline utilizing RT-DETR for real-time localization and ROI extraction was implemented to eliminate manual intervention. To enhance robustness, a Causal-Informed Generalization Framework based on Backdoor Adjustment was utilized to dissociate invariant morphological features from non-causal radiographic noise. Model performance was benchmarked against ResNet-50, EfficientNet-B2, and 12 dental professionals who were divided into three levels of expertise.<h4>Results</h4>DentalImplantNet achieved an overall accuracy of 95.29% and a micro-average AUC of 99.6%, significantly outperforming ResNet-50 and EfficientNet-B2, which recorded accuracies of 92.4% and 88.2%, respectively. The model demonstrated high diagnostic stability with an overall F1-score of 94.2% and achieved perfect precision for the Straumann and Osstem categories. In clinical validation, the artificial intelligence (AI) performance substantially surpassed senior implant specialists whose overall and specifically for periapical radiographs did not exceed average numbers of 58% and 53%, respectively. Grad-CAM visualization confirmed that the model prioritized sub-millimeter morphological signatures over transient radiographic artifacts, ensuring high interpretability.<h4>Conclusions</h4>The integration of causal data synthesis with automated deep learning architectures provided a scalable and robust solution for implant identification, effectively minimizing human error in clinical practice.<h4>Clinical relevance</h4>Automated deep learning models have demonstrated significant potential in assisting dentists with the precise identification of dental implant brands on panoramic and periapical radiographs, thereby facilitating more effective, efficient, and safer clinical management.",Bai B; Zhu X; Diao Y; Han X; Wang H; Zhou Y; Wang Y; Zhu P; Chen C,"General Dentistry Department, The Stomatology Hospital Affiliated of Suzhou Vocational Health College, Suzhou, China.",Clinical oral investigations,2026-08-20,10.1007/s00784-026-07095-0,5.0,"visualization(abstract); visual(abstract); artificial intelligence(abstract); data(kw,abstract)",Causal Inference; Dental Implant; Deep Learning; Automated Identification; Multi-modal Dataset
42625371,SeqUIaSCOPE: multi-omics data integration platform for Single-patient Clinical Oncology Pathway Exploration.,"<h4>Summary</h4>SeqUIaSCOPE is an open-source platform designed for routine clinical oncology diagnostics through case-centric integration and visualization of genomic variants, fusion events, and expression profiles. The platform combines molecular-level validation via embedded genome browsing with systems-level interpretation through dynamic pathway visualization, enabling geneticists to assess how alterations converge across biological networks. Flexible reporting with customizable templates accommodates diverse institutional requirements, while secure cluster-based or local deployment ensures compliance with data protection policies, making advanced multi-omics diagnostics accessible to academic and clinical institutions.<h4>Availability and implementation</h4>SeqUIaSCOPE is freely available on GitHub at https://github.com/BioIT-CEITEC/sequiascope under the MIT license and archived at Zenodo (https://zenodo.org/records/21338445). Due to the sensitive nature of patient data, the repository provides simulated datasets that mimic the structure of real clinical data for testing and exploration. Documentation and a live demo accompany these datasets, allowing users to explore the application without any prior setup. The repository also includes a Helm chart for Kubernetes deployment and Docker containers for local deployment, ensuring compatibility across Linux, macOS, and Windows. No user registration is required, and all data remains on local or institutional infrastructure.<h4>Supplementary information</h4>Supplementary data are available at Bioinformatics online.",Jurásková K; Pokorná P; Kováč K; Blavet N; Molíková A; Demko M; Bystrý V,"Central European Institute of Technology, Masaryk University, Brno, Czech Republic.","Bioinformatics (Oxford, England)",2026-08-20,10.1093/bioinformatics/btag630,4.8,"visualization(abstract); visual(abstract); data(title,abstract); informatics(abstract)",
42624337,Paper mill or paper mine? A tentative answer to the sharp increase in research papers based on the Global Burden of Disease database.,"<h4>Objective</h4>Recent studies have raised concerns arising from the exploitation (""mining"") of public health databases for low-quality, mass-produced papers. However, it remains challenging to disambiguate whether such papers originate from paper mills (commercial entities that sell authorships on mass-produced papers) or from the uncoordinated action of individuals facilitated by AI tools and templated workflows. Our study aims to address this question for one particular database, the Global Burden of Disease Study (GBD). We selected this database after noticing that one of our papers on Bayesian age-period-cohort models has recently been experiencing a rapid surge in geographically clustered citations from GBD papers with Chinese affiliations.<h4>Methods</h4>We collected bibliometric and article-level metadata from GBD papers to search for indicators of mass-produced research. Moreover, we assessed 713 full-text articles for reported R versions, availability of code and data, and declaration of generative AI use. For 180 articles, we qualitatively screened the figures for graphical similarities. Finally, we conducted an exploratory scoping investigation of online platforms (social media sites, vendor websites) dedicated to do-it-yourself workflows for secondary analyses of public health data.<h4>Results</h4>Although we cannot rule out paper mill involvement, our findings suggest that the geographically clustered increase in GBD publications from China is at least partially driven by independent authors. The wide variety of R versions listed in 477 articles points against centralized paper production. Moreover, despite broad graphical similarities in figure styles that suggest the use of shared visualization tools, substantial variation in ancillary details suggest independent authors finalizing figures. This is corroborated by the identification of an online ecosystem of proprietary tools and services specializing in streamlined do-it-yourself workflows for conducting, writing, and publishing secondary analyses of public health data.<h4>Conclusion</h4>Appropriate efforts should be directed towards evaluating the quality of the identified workflows. Stakeholders in scientific integrity should monitor online platforms dedicated to the rapid production of papers, especially in light of the increasing focus on AI-assisted workflows. Code sharing should be mandated for data-driven secondary analyses. Paywalls and proprietary software licenses hinder transparency and reusability, underscoring the importance of free and open-source software for trustworthy and reproducible research.",Degen PM; Riebler A; Held L,"Center for Reproducible Science and Research Synthesis, University of Zurich, Hirschengraben 84, Zurich, 8001, Zurich, Switzerland. Electronic address: peter.degen1628@proton.me.",Journal of clinical epidemiology,2026-08-20,10.1016/j.jclinepi.2026.112464,4.8,"visualization(abstract); visual(abstract); data(kw,title,abstract)",Open Data; Research Integrity; Open Science; Public Health Data; Paper Mills
42624845,ibSLS as a biobank for democratizing access to multi-omics data and biospecimens from spaceflight research.,"During spaceflight, astronauts are exposed to extreme conditions such as microgravity, cosmic radiation, and confinement, which can cause a wide range of health problems. To elucidate the molecular mechanisms underlying these issues and to develop intervention strategies for maintaining physiological homeostasis during space missions, space life science research using mouse models is actively conducted on the International Space Station (ISS). However, because of the high cost and technical complexity of spaceflight experiments, it is essential to maximize the scientific value of each mission by ensuring broad accessibility to both data and biospecimens. To this end, we present the integrated biobank for Space Life Science (ibSLS; https://ibsls.megabank.tohoku.ac.jp ), a data-visualization and sample-sharing platform that provides access to transcriptomic and metabolomic datasets generated from Mouse Habitat Unit (MHU) missions conducted by the Japan Aerospace Exploration Agency (JAXA). The platform features a user-friendly interface, tools for cross-mission analysis, and links to human multi-omics databases to support cross-species interpretation. In addition, ibSLS facilitates biospecimen requests to support downstream research. By promoting open access to spaceflight-derived data and biological resources, ibSLS encourages the participation of researchers from diverse fields in space life science.",Otsuki A; Aoki Y; Okada R; Baird L; Kamimura D; Shiba D; Hishinuma E; Koshiba S; Katsuoka F; Kinoshita K; Suzuki T; Uruno A; Yamamoto M,"Tohoku Medical Megabank Organization, Tohoku University, Sendai, Japan. akihitootsuki@tohoku.ac.jp.",Nature communications,2026-08-20,10.1038/s41467-026-76349-y,3.8,"visualization(abstract); visual(abstract); data(title,abstract)",
42607003,A Postprocessing Software Tool for 1H and 31P MRI Data Analysis.,"<h4>Objectives</h4>Quantitative multinuclear MRI of bone is hindered by magnetic field (B0 and B1) inhomogeneities, calibration inconsistencies, and segmentation challenges. We developed a comprehensive and versatile MATLAB-based graphical interface that integrates voxel-wise B1 correction, auto and manual segmentation, coregistration, advanced visualization, and quantitative analysis with in-scan dual-density calibration, to generate reproducible bone matrix and mineral density maps from 1H and 31P ZTE MRI.<h4>Materials and methods</h4>The postprocessing package was developed in MATLAB using a modular architecture comprising multiple m-files for B1 field correction, B0 bias correction, auto and manual image registration, and segmentation for quantitative data analysis. Otsu-based thresholding with min-max intensity normalization was employed for tissue segmentation and bias correction. Data from control, ovariectomized, and vitamin D-deficient rat femurs were analyzed using normality (Shapiro-Wilk) and variance (Levene) tests. Between-group comparisons used the Kruskal-Wallis test or analysis of variance with Bonferroni or Tukey post hoc tests, respectively. Cross-modality correlation analyses were conducted between MRI-derived measures and reference measures (µCT and gravimetry) using Pearson and Spearman coefficients.<h4>Results</h4>MRI-derived mineral density strongly correlated with µCT BMD (cortical [P = 0.22], trabecular [P = 0.31]), and the MRI matrix density correlated with the gravimetric data (cortical [P = 0.38], trabecular [P = 0.57]). No significant differences were observed between modalities for either cortical or trabecular bone.<h4>Conclusion</h4>This standardized pipeline enables reproducible, calibrated bone density mapping for data sizes ranging from 64 × 64 × 64 to 512 × 512 × 512, with B1 and B0 corrections assessing matrix and mineral densities. Its implementation as a user-guided graphical user interface promotes adoption for preclinical and clinical quantitative bone imaging across experimental conditions.",Kassey VB; Walle M; Egan J; Kassey DV; Yeritsyan D; Wu Y; Snyder BD; Rodriguez EK; Ackerman JL; Nazarian A,"Musculoskeletal Translational Innovation Initiative, Carl J. Shapiro Department of Orthopaedic Surgery, Beth Israel Deaconess Medical Center and Harvard Medical School, Boston, MA.",Topics in magnetic resonance imaging : TMRI,2026-08-17,10.1097/rmr.0000000000000324,3.8,"visualization(abstract); visual(abstract); data(title,abstract)",Segmentation; Coregistration; Solid-state Mri; Image Postprocessing Software Tool
42632070,Left ventricular hypertrophy as a predictor of adverse maternal and neonatal outcomes in chronic hypertension in pregnancy: a multicenter study.,"<h4>Objective</h4>The impact of chronic hypertension (CHTN) combined with left ventricular hypertrophy (LVH) on adverse maternal and fetal pregnancy outcomes remains unclear.<h4>Methods</h4>This multicenter retrospective cohort study included pregnant women with CHTN from four tertiary hospitals in China. Baseline characteristics were compared using the Kruskal-Wallis and Chi-squared tests with Bonferroni correction. Logistic regression (LR) identified risk factors for adverse outcomes. Four machine learning (ML) algorithms were validated, nomograms were developed for model visualization, and SHapley Additive exPlanations (SHAP) determined variable importance.<h4>Results</h4>Among 500 women, 117 (23.4%) had normal geometry, 118 (23.6%) concentric remodeling, 88 (17.6%) eccentric hypertrophy, and 177 (35.4%) concentric hypertrophy. Adverse maternal and fetal outcomes occurred in 126 (25.2%) and 359 (71.8%) women, respectively. LVH was independently associated with adverse maternal outcomes (OR 2.16, 95% CI 1.13-4.13) and fetal outcomes (OR 2.42, 95% CI 1.31-4.45). Additional maternal predictors included NYHA class III-IV, pre-eclampsia, oligohydramnios, elevated alanine aminotransferase and lactate dehydrogenase, hypoalbuminemia, greater bleeding loss, and blood transfusion. Fetal predictors included increased posterior wall thickness, oligohydramnios, abnormal umbilical artery flow, elevated alanine aminotransferase and blood urea nitrogen, low total protein, and proteinuria. ML models showed AUCs of 0.70-0.87 for maternal and 0.80-0.88 for fetal outcomes; SHAP identified LVH as an important contributor in both models.<h4>Conclusion</h4>Early-pregnancy LVH was associated with higher risks of adverse maternal and fetal outcomes in women with CHTN. These models may support individualized risk stratification but require prospective external validation before clinical implementation.",Zhang B; Pan G; Wang W; Zhang K; Song X; Tian W; Chu R; Li S; An H; Zhang S,"Department of Obstetrics and Gynecology, Shandong Provincial Hospital Affiliated to Shandong First Medical University, Jinan, China.",Hypertension in pregnancy,2026-08-22,10.1080/10641955.2026.2719498,3.5,visualization(abstract); visual(abstract); machine learning(abstract),Pregnancy; Left ventricular hypertrophy; risk factors; Adverse Outcomes; Chronic Hypertension
42608386,Deep-Learning Based Contrast Boosting: A Multi-Center Multi-Reader Study on Clinical Performance With Standard Contrast Enhanced Brain MRI.,"<h4>Background</h4>Gadolinium-based contrast agents are used in brain MRI to improve the visualization of disorders and improve the delineation of lesions. Higher doses of GBCAs can improve lesion sensitivity but may have safety implications, particularly in light of recent findings on gadolinium retention and deposition.<h4>Purpose</h4>To evaluate the clinical performance of an FDA-cleared deep-learning (DL)-based contrast boosting algorithm in routine clinical brain MRI exams.<h4>Study type</h4>Retrospective.<h4>Population</h4>One hundred ten patients (47 ± 22 years; 52 Females, 47 Males, 11 N/A) with clinical contrast-enhanced brain MR studies.<h4>Field strength and sequences</h4>T1 weighted pre-contrast and post-contrast brain MRI sequences at 0.3 T, 1.5 T, and 3 T.<h4>Assessment</h4>A multi-center database of contrast-enhanced brain MR images was used to evaluate a DL-based contrast boosting algorithm. Pre-contrast and standard post-contrast (SC) images were processed with the algorithm to obtain contrast boosted (CB) images. CB images were compared to SC images in terms of contrast-to-noise ratio (CNR), lesion-to-brain ratio (LBR), and contrast enhancement percentage (CEP). Three board-certified radiologists with 9, 15, and 18 years of experience reviewed CB and SC images side-by-side for qualitative evaluation and rated them on a 4-point Likert scale for lesion contrast enhancement, border delineation, internal morphology, overall image quality, presence of artifacts, and changes in vessel conspicuity. The presence, cause, and severity of any false lesions was recorded.<h4>Statistical tests</h4>Wilcoxon signed rank test. A p value < 0.05 was considered significant.<h4>Results</h4>CB images had significantly superior quantitative performance than SC images in terms of CNR (729.17% ± 1576.92%), LBR (87.91% ± 72.12%), and CEP (165.81% ± 42%). In the qualitative assessment, CB images showed significantly better lesion visualization (3.73 vs. 3.16) and had significantly better image quality (3.55 vs. 3.07).<h4>Data conclusion</h4>In this multi-center, multi-reader study, deep learning-based contrast boosting demonstrates robust improvements in lesion visualization and image quality without increasing contrast dosage.<h4>Evidence level</h4>4.<h4>Technical efficacy</h4>Stage 3.",Venkata SP; Arnold TC; Serra SC; Rudie JD; Andre JB; Elor R; Wang D; Gulaka P; Sankaranarayanan A; Erb G; Zaharchuk G,"Subtle Medical Inc., Menlo Park, California, USA.",Journal of magnetic resonance imaging : JMRI,2026-08-17,10.1002/jmri.70460,3.0,visualization(abstract); visual(abstract); data(abstract),Deep Learning; Contrast‐Enhanced Mri; Gadolinium‐based Contrast Agents; Contrast Boosting
42625002,Can weight status in the first year of life predict well-being in the first years of school?,"<h4>Background</h4>Early life represents a critical period for shaping long-term health outcomes, with early interventions playing a significant role in promoting well-being. This study aimed to investigate whether infant weight status could predict concerns of development and well-being in the first years of school using health nurse data.<h4>Methods</h4>Data from the Danish Child Health Database collaboration included 54 917 children and families who received home visits at 8-10 months and school examinations by health nurses during the children's first years of school. Weight status was measured using BMI z-scores and tested categorical, linear and using restricted cubic splines to explore predictive performance. Well-being was assessed by health nurses using seven indicators, including language skills, motor development, emotional well-being, and peer relationship problems. Model performance was evaluated through visualization of restricted cubic splines and by Area Under the Curve (AUC).<h4>Results</h4>Infant weight status at 8-10 months showed poor predictive performance (AUC < = 0.533) across all indicators of well-being in the first years of school. While certain weight categories-especially severe thinness, overweight, and obesity-were linked to specific concerns such as language skills and motor development, these associations had wide confidence intervals.<h4>Conclusion</h4>Although infant weight status may indicate later health concerns, it was not a reliable predictor of health nurses' well-being concerns in the early school years. The findings demonstrated that predictive performance remained poor across several models, suggesting that infant weight alone may not capture the complexity of factors influencing later well-being as recorded by health nurses.",Liljendahl MS; Rasmussen M; Pant SW; Pommerencke LM; Thygesen LC; Pedersen TP,"National Institute of Public Health, University of Southern Denmark, Copenhagen, Denmark. lilj@sdu.dk.",International journal of obesity (2005),2026-08-20,10.1038/s41366-026-02180-6,3.0,visualization(abstract); visual(abstract); data(abstract),
42623198,Hierarchical Biomarker Modeling for Facial Paralysis Assessment and Rehabilitation Monitoring.,"Facial paralysis assessment and rehabilitation monitoring require not only accurate analysis of facial biomarkers but also a clinically deployable workflow that spans standardized data acquisition, quantitative modeling, and interpretable reporting. We present a clinically implemented facial paralysis assessment system that integrates four modules: a Data Acquisition module for standardized 4K/120 fps video recording, a Key Point Extraction and Indicator Calculation module that derives 313 fine-grained indicators from 11 standardized facial actions, an Analysis module built on the Hierarchical Dynamic Attention Patient-Adaptive Network (HiDAPA), and a Result Visualization Report Generation module for interpretable clinical reporting. At the core of the system, HiDAPA models biomarker importance in a hierarchical and personalized manner. It organizes the 313 indicators into a three-level representation to capture both structured biomarker relationships and individual heterogeneity. Using Sunnybrook scores as a clinical reference, experiments on 200 subjects show that HiDAPA achieves a Pearson correlation of 0.980 and an Acc@10 of 90.5%. The learned importance patterns are clinically interpretable, highlighting the dominance of symmetry-related indicators and spontaneous blink asymmetry. The system enables an objective and interpretable assessment of facial paralysis and supports long-term monitoring of rehabilitation progress.",Wang Z; Bi J; Zheng Z; Liu D; Zhai J; Zhang J; Zhao X; Shen Y; Hu P; Liang J; Tang Y,,IEEE transactions on neural systems and rehabilitation engineering : a publication of the IEEE Engineering in Medicine and Biology Society,2026-08-20,10.1109/tnsre.2026.3725746,3.0,visualization(abstract); visual(abstract); data(abstract),
42626661,Minimally Invasive Robotic Endoscopic Lipoabdominoplasty for Rectus Diastasis: A Clinical and Demographic Case Series.,"<h4>Background</h4>Rectus diastasis is frequently associated with abdominal contour deformity and functional impairment of the abdominal wall. Although lipoabdominoplasty has progressively evolved toward less invasive approaches, the incorporation of robotic assistance may further improve visualization, precision, and surgical control. This study describes the demographic and clinical characteristics of patients undergoing minimally invasive robotic endoscopic lipoabdominoplasty (MIRELA) for rectus diastasis and reports the author's initial clinical experience with this robotic-assisted approach.<h4>Methods</h4>A descriptive case series was conducted involving 50 patients who underwent MIRELA with robotic correction of rectus diastasis. Demographic data, clinical characteristics, diastasis severity, associated umbilical hernia, and patient-reported preoperative complaints were analyzed. Rectus diastasis was classified as mild (<3 cm), moderate (3-5 cm), or severe (>5 cm). Concomitant umbilical hernia repair was performed when indicated.<h4>Results</h4>The mean age was 39.2 ± 4.9 years, and the mean body mass index was 21.8 ± 3.4 kg/m<sup>2</sup>. The mean rectus diastasis width was 3.27 ± 1.0 cm. Diastasis severity was mild in 32.0%, moderate in 48.0%, and severe in 20.0% of patients. Umbilical hernia was present in 20.0%. The most frequent preoperative complaint was abdominal bulging or contour deformity (62.0%), followed by other aesthetic and functional concerns related to the abdominal wall.<h4>Conclusions</h4>MIRELA appears to be a feasible robotic-assisted minimally invasive approach for rectus diastasis repair in selected patients, allowing correction of abdominal wall defects while preserving the principles of modern lipoabdominoplasty.",Sanfurgo A,"From the Sanfurgo Clinic, Private Practice, São Paulo, São Paulo, Brazil.",Plastic and reconstructive surgery. Global open,2026-08-20,10.1097/gox.0000000000008020,3.0,visualization(abstract); visual(abstract); data(abstract),
42623286,The Role of Physical Activity in Oral Cancer Recovery:A Systematic Review.,"<h4>Importance</h4>Physical activity (PA) is a cornerstone in cancer rehabilitation, yet evidence in oral cancer remains limited and heterogeneous, despite the significant functional impairments and morbidity associated with treatment.<h4>Objective</h4>This systematic review synthesizes evidence on PA in people living with or beyond oral cancer (PLWBOC), focusing on its association with recovery-related outcomes across the cancer care continuum.<h4>Data sources</h4>A comprehensive systematic search was conducted in 9 databases (PubMed, Embase, CENTRAL, CINAHL, Web of Science, Scopus, PEDro, ClinicalTrials.gov and the International Clinical Trials Registry Platform (ICTRP)) on October 26, 2024. The review followed PRISMA 2020 and SwiM guidelines and was registered with PROSPERO (CRD42024591662).<h4>Study selection</h4>Eligible studies included randomized controlled trials (RCTs), quasi-experimental designs, and observational studies examining the associations between postoperative PA and recovery-related outcomes in PLWBOC.<h4>Data extraction and synthesis</h4>Two reviewers independently extracted data on PA characteristics, outcomes, and study quality using a standardized form. Risk of bias was assessed using the Revised Cochrane Risk of Bias tool for randomized trials (RoB 2) for RCTs and Risk Of Bias In Non-randomized Studies of Interventions (ROBINS-I) for non-randomized studies, visualized with Risk-of-bias Visualization tool (ROBVIS). Twenty-four studies met the inclusion criteria, which encompassed RCTs, pilot trials, and cohort studies.<h4>Main outcome(s) and measure(s)</h4>Primary outcomes include physical function, fatigue, health-related quality of life (HRQoL), and treatment-related morbidity.<h4>Results</h4>PA consisted of resistance training, aerobic exercise, and multimodal programs combining PA with education or behavioral support. PA was associated with improved functional performance, reduced fatigue, and moderate HRQoL gains. Resistance training increased lean body mass and strength. Early-phase and 12 to 24 week programs showed prominent effects. Supervised, individualized programs yielded higher adherence rates and better functional outcomes. Nonetheless, heterogeneity in protocols, outcome measures, and study quality limited comparability and precluded meta-analysis.<h4>Conclusions and relevance</h4>PA-supervised, multimodal, and early-initiated-offers promising benefits for PLWBOC. Future research should prioritize RCTs, standardized outcome measures, extended follow-up, and digital outreach to establish tailored exercise guidelines for this populations.",Van Lint L; Lefever M; Meert Y; Christiaens L; Willaert R; Alaerts K; Van Dessel J,"OMFS IMPATH Research Group, Department of Imaging & Pathology, Faculty of Medicine, KU Leuven, and Department of Oral and Maxillofacial Surgery, University Hospitals Leuven, Leuven, Belgium.",Physical therapy,2026-08-20,10.1093/ptj/pzag088,3.0,visualization(abstract); visual(abstract); data(abstract),Rehabilitation; Quality of life; Fatigue; Mouth neoplasms; Exercise Therapy; Muscle Strength; Resistance Training
42606766,"A bibliometric analysis of the robotic revolution in prostate cancer surgery: evolution, hotspots, and future directions.","This study employed bibliometric methods to delineate the evolutionary trajectory, core hotspots, and emerging fields of robotics in the surgical treatment of prostate cancer, aiming to provide a comprehensive cognitive framework for this area. Data were obtained from the Web of Science Core Collection (WoSCC) database on July 19th, 2026. The search strategy focused on robot-assisted prostate cancer surgery treatment, covering the period from database inception to December 2025. Literature types were restricted to Articles and Reviews, and the language was limited to English. The selected literature was subsequently imported into CiteSpace 7.0, VOSviewer 1.6.20, Bibliometrix 5.4.0, and Scimago Graphica Beta 1.0.53 software for visualization. A total of 3512 publications were identified. After applying the inclusion and exclusion criteria and software deduplication, 2862 publications were ultimately included. From 2000 to 2025, the annual number of publications in this field grew at an annual growth a rate of 25.79%. The USA, Italy, and China represented the primary contributing countries in this domain. Montorsi M, Menon M, and Van Der Poel HG were recognized as the leading authors in this field. The ""BJU INTERNATIONAL"" and ""EUROPEAN UROLOGY"" serve as the primary academic platforms for publication and citation in this area. Keyword co-occurrence analysis revealed that ""prostate cancer,"" ""radical prostatectomy,"" and ""prostatectomy"" were the predominant high-frequency keywords. Advance in magnetic resonance imaging (MRI) may represent a novel approach to technological integration, thereby fostering the future development of robot-assisted radical prostatectomy (RARP), which significantly impacts surgical decision-making for prostate cancer and has been integrated into clinical guidelines to inform practice. Nevertheless, randomized controlled trials (RCTs) are still needed to provide high-level evidence and to incorporate emerging technologies to guide clinical practice more comprehensively.",Zhang X; Wang L; Peng Y; Jin J; Cai Y; Luo X,"Department of Pathology, Baoji Central Hospital, Baoji, China. xiaotianzhang98@163.com.",Journal of robotic surgery,2026-08-17,10.1007/s11701-026-03798-4,3.0,visualization(abstract); visual(abstract); data(abstract),Surgery; prostate cancer; Robotic; Robotic-assisted Radical Prostatectomy; Bibliometric Cartography
42617669,Gold Nanostars: Emerging Plasmonic Nanoplatforms for Lung Cancer Diagnosis and Therapy.,"Lung cancer comprises two major histological subtypes, non-small cell lung cancer (NSCLC), which accounts for approximately 80-85% of cases, and small cell lung cancer (SCLC), representing 15-20%; this review discusses the theranostic potential of gold nanostars across both subtypes, with particular emphasis on NSCLC. Despite major improvements in surgery, chemotherapy, radiotherapy, and immunotherapy, therapeutic success remains limited by tumor heterogeneity, drug resistance, and the lack of reliable early detection biomarkers. Therefore, nanotechnology-based strategies are being explored as potential approaches for precision oncology. Gold nanostars have attracted considerable interest because of their anisotropic morphology, tunable localized surface plasmon resonance, and efficient photothermal conversion. In this review, we summarize the structural features, synthesis strategies, physicochemical properties, and emerging applications of gold nanostars in lung cancer diagnosis and therapy. Their plasmonic properties enable integration with imaging approaches, including surface-enhanced Raman spectroscopy, photoacoustic imaging, and computed tomography, as well as therapeutic modalities such as photothermal therapy, photodynamic therapy, and gene delivery. Surface functionalization may further enhance cellular uptake, targeting specificity, and therapeutic performance in selected experimental models. However, the available preclinical evidence remains heterogeneous, with outcomes influenced by nanostar size, morphology, surface chemistry, targeting strategy, administration route, and experimental model. Although several studies report enhanced tumor visualization or therapeutic responses, biodistribution remains variable, and a substantial fraction of administered nanoparticles may accumulate in organs such as the liver and spleen. Moreover, limited standardized head-to-head comparisons and insufficient long-term safety and clearance data prevent definitive conclusions regarding their overall superiority or clinical effectiveness. Gold nanostars therefore represent a promising but still investigational theranostic platform for lung cancer, with further standardized preclinical evaluation, long-term safety assessment, reproducible manufacturing, and well-designed clinical studies required to establish their translational potential.",Rawat E; Ali AA; Kumar M; Uniyal P; Haswani NG; Bhongade BA; El-Tanani M; Thakkar V; Kapoor DU,"Department of Sciences, Manav Rachna University, Faridabad 121004 Haryana, India.",European journal of pharmaceutical sciences : official journal of the European Federation for Pharmaceutical Sciences,2026-08-19,10.1016/j.ejps.2026.107644,3.0,visualization(abstract); visual(abstract); data(abstract),Lung cancer; Targeted Drug Delivery; Photothermal Therapy; Nanotheranostics; Gold Nanostars
42616197,Global research trends and influential contributions in sickle cell disease: a bibliometric analysis of the top 100 cited papers.,"Sickle cell disease (SCD) is one of the most common inherited hemoglobin disorders worldwide and remains a major cause of morbidity and mortality, particularly in low- and middle-income countries. Over the past several decades, SCD research has evolved from basic molecular investigations to clinical trials, epidemiological studies, and disease-modifying therapies. Highly cited publications represent the core scientific contributions that have shaped this field. This study aimed to analyze the top 100 most highly cited papers on SCD to identify influential publications, leading contributors, collaboration patterns, and major research hotspots. A bibliometric analysis was conducted using the Scopus database. English-language original articles and review papers published up to 31 December 2025 were retrieved using a predefined search strategy. Of 2,053 records identified, 2,031 relevant publications remained after screening and were ranked according to citation count. The top 100 most cited papers were selected for analysis. Bibliometric indicators including total citations (TC), citations per paper (CPP), relative citation index (RCI), and total link strength (TLS) were assessed. Network visualization and keyword co-occurrence analyses were performed using VOSviewer (version 1.6.20). The top 100 highly cited papers received between 347 and 7,694 citations, accumulating a total of 71,569 citations with a mean CPP of 715.69. Most publications (61%) were published between 1998 and 2023, while original research articles accounted for 83% of the dataset. The United States dominated highly cited SCD research, contributing 86 papers, 64,068 citations, and the highest TLS (71). Among institutions, the Medical College of Georgia and the University of Miami were leading contributors, while Elliott Vichinsky emerged as the most productive author. The New England Journal of Medicine published the largest number of highly cited papers (n = 29), whereas Science recorded the highest CPP (2270.8). Keyword co-occurrence analysis identified three major thematic clusters: (i) genetic and pathophysiological mechanisms, (ii) epidemiology and disease burden, and (iii) therapeutic interventions and clinical management. Highly cited SCD research is concentrated within a limited number of countries, institutions, authors, and high-impact journals, with the United States serving as the principal contributor. The intellectual structure of the field has evolved from fundamental molecular discoveries toward epidemiological research, clinical trials, and therapeutic innovations. These findings provide a comprehensive overview of the core literature in SCD and may help inform future research priorities, international collaborations, and evidence-based policy development.",Bhattacharya S; Singh A; Singh A; Kini B S; Singh V; Dubey N; Ujjwal; Khan V; Sharma A; Sahu H; Khargonkar P; Wasnik A; Saxena D,"Department of Community & Family Medicine, All India Institutes of Medical Sciences, Deoghar, India.",Journal of community genetics,2026-08-19,10.1007/s12687-026-00938-z,3.0,visualization(abstract); visual(abstract); data(abstract),bibliometrics; Citation Analysis; Sickle Cell Disease; Research Trends
42611071,The evolving role of computed tomography angiography in superficial circumflex iliac artery perforator flap mapping from anatomy to surgery: a systematic review.,"<h4>Purpose</h4>The reliable application of the superficial circumflex iliac artery perforator (SCIP) flaps is frequently hindered by significant anatomical variability in its vascular supply. Preoperative mapping through computed tomography angiography (CTA) has become an essential method for visualizing perforator pathways, potentially enhancing the safety and precision of flap harvesting. Nevertheless, discrepancies in imaging protocols and interpretations have restricted the standardization of CTA utilization. This systematic review seeks to assess the consistency and clinical utility of CTA in delineating SCIP vasculature and its influence on surgical outcomes in SCIP flaps reconstruction.<h4>Methods</h4>A systematic search and data processing were carried out according to the PRISMA guidelines. Patient demographics, the characteristics and outcomes of flaps, and the characteristics of SCIP based on CTA were analyzed.<h4>Results</h4>Fourteen articles involving 876 patients and the regions of 1752 groin were included in the analysis. CTA, particularly multi-detector computed tomography (MDCT) utilizing axial, maximum intensity projection (MIP), and three-dimensional (3D) reconstructions, consistently identified key anatomical features of the superficial circumflex iliac artery (SCIA). These included the origin of SCIA, its branching pattern into superficial and deep perforators, courses, fascial penetration points, and spatial relationships with adjacent vascular structures. Preoperative CTA mapping guided the design and harvesting of 391 SCIP flaps, encompassing free, pedicled, chimeric, and other specialized types. Outcome data were accessible for 368 cases, revealing a flap survival rate of 96.74% and a complication rate of 14.65%.<h4>Conclusions</h4>The visualization of the SCIA origin and its anatomical context within the surrounding vascular network through MDCT is reliable. This modality significantly enhances the safety and success of SCIP flap reconstruction, especially for the harvesting of chimeric and combined flaps.",Liu Z; Liu Z; Han L; Zhu X; Zhang X; Ding L,"Department of Medical Imaging, The 80th-Group Army Hospital of PLA, No. 256, Beigong Road, Weifang, 261000, Shandong, China.",Surgical and radiologic anatomy : SRA,2026-08-18,10.1007/s00276-026-03944-5,3.0,visualization(abstract); visual(abstract); data(abstract),Mapping; Computed Tomography Angiography; Superficial Circumflex Iliac Artery Perforator; Scip Flaps
42611711,Remote Support for Military Surgery Using a Head-Mounted Augmented Reality Device or a Mechanical Arm Exoscope: An Experimental Study.,"<h4>Introduction</h4>Military surgery requires a broad operative skill set to manage complex injuries. Expert support may be necessary but is often limited to voice- or image-based communication. Recent advances in telemedicine, including exoscopes and augmented reality (AR) devices, enable real-time visual guidance, yet comparative evaluation in combat surgery remains limited. This study evaluated efficiency, effectiveness, and usability of an AR device and an exoscope for intraoperative support during a military surgical intervention.<h4>Materials and methods</h4>This experimental study was conducted as part of a research project of the German Bundeswehr Medical Service. Surgeons performed a simulated exploratory laparotomy on a perfused abdominal model under remote expert supervision. In a 2-arm design, telemedical support was provided using either an exoscope (VITOM-3D) or a head-mounted AR device (Microsoft HoloLens 2). Usability, functionality, user-friendliness, and technical performance were assessed using standardized questionnaires.<h4>Results</h4>Thirty-six surgeons participated (exoscope n = 20; AR n = 16). Introduction and procedure times were significantly shorter with the exoscope (P < .001). Both systems received similarly positive ratings for usability and functionality. Qualitative feedback highlighted stable visualization with the exoscope and hands-free, immersive guidance with the AR device. Nevertheless, connection loss occurred in 20% (4/20) of exoscope sessions and 50% (8/16) of AR sessions, with reconnection achieved in 2/4 and 7/8 cases, respectively. The supervising expert confirmed suitability of both systems for telemedical support with comparable learning curves.<h4>Conclusion</h4>Exoscopes and AR devices demonstrated usability and effectiveness as telemedical systems in military surgery settings. Each system showed strengths and limitations, underlining the need for further research. Remote support may assist military surgeons. Further studies, clinical use cases, and data security are required.",Melullis M; Schäle M; Oudintsov EN; Pröhl S; Fellmer F; Huschitt N; Willy C; Back DA,"Department of General, Visceral and Thoracic Surgery, Bundeswehr Hospital Berlin, Berlin, Germany.",Military medicine,2026-08-18,10.1093/milmed/usag399,3.0,visualization(abstract); visual(abstract); data(abstract),
42612889,"Pholidota chinensis (Lindl.): A comprehensive review on phytochemistry, pharmacology, traditional use and applications.","<h4>Ethnopharmacological relevance</h4>P. chinensis, a perennial evergreen epiphytic herb belonging to the genus Pholidota (Orchidaceae), is a medicinal and edible homologous plant with a long history of folk medicinal use. It exhibits traditional therapeutic effects, including nourishing Yin and clearing heat, promoting diuresis and dissipating stasis, and reducing swelling and pain due to traumatic injuries. As a nutrient-rich plant with various bioactive constituents, it has important research value for the excavation and utilization of ethnic medicinal resources.<h4>Aim of the study</h4>This paper reviews the research progress on the phytochemistry, pharmacology, traditional use, and applications of P. chinensis to provide a scientific basis for its rational utilization and further research.<h4>Materials and methods</h4>The information on P. chinensis was obtained from books related to traditional Chinese medicine and electronic databases, including PubMed, Web of Science, CNKI, and Wanfang. Visualization analysis of studies on P. chinensis was conducted using VOSviewer.<h4>Results</h4>P. chinensis is rich in a variety of bioactive constituents, including minerals, trace elements, as well as phenylpropanoids, flavonoids, phenanthrenes, stilbenes, and bibenzyls. Among these, phenanthrenes, stilbenes, and bibenzyls are its characteristic components. These bioactive constituents endow P. chinensis with multiple pharmacological activities such as anti-inflammatory, antioxidant, antimicrobial, antitumor (in vivo and in vitro), and analgesic (in vivo and clinical research). In addition, the plant has been widely used in folk medicine, and its anti-inflammatory, antimicrobial, and analgesic properties are highly consistent with its traditional medicinal uses.<h4>Conclusion</h4>P. chinensis is a medicinal and edible plant with rich bioactive constituents and diverse pharmacological activities, and its traditional medicinal value is supported by modern pharmacological research. Although recent research has made progress, there are still some deficiencies in P. chinensis, including limited isolation studies of new compounds, incomplete elucidation of some pharmacological mechanisms, and the need for toxicological and safety evaluation. Future research should address these issues to fully realize its medicinal potential and value.",Wang J; Liu R; Wu K; Xing J; Lei X; Li X,"Engineering Research Center of Tropical Medicine Innovation and Transformation of Ministry of Education & International Joint Research Center of Human-Machine Intelligent Collaborative for Tumor Precision Diagnosis and Treatment of Hainan Province &Hainan Provincial Key Laboratory of Research and Development on Tropical Herbs, School of Pharmacy, Hainan Medical University, Haikou, Hainan Province, 571199, China.",Journal of ethnopharmacology,2026-08-18,10.1016/j.jep.2026.122315,3.0,visualization(abstract); visual(abstract); data(abstract),Pharmacology; Phytochemistry; Traditional Use; Pholidota Chinensis
42623283,Single Center Experience using Fiber Optic RealShape (FORS) Technology in Patients Treated with Complex Endovascular Aneurysm Repair.,"<h4>Purpose</h4>Fiber Optic RealShape (FORS) is a novel technology using light instead of X-rays to visualize guidewire and catheters during endovascular procedures. A 3D-Hub allows visualization of conventional catheters when used in combination with the FORS guidewire. This study evaluates the FORS performance and radiation exposure during visceral target vessel (TV) catheterization in complex endovascular aortic repair (cEVAR).<h4>Materials and methods</h4>Single-centre data were retrieved from the prospective FORS Learn Registry cohort study. The primary outcome was FORS technical success, defined as successful catheterization using FORS without reverting to a conventional guidewire. Secondary outcomes included catheterization and fluoroscopy time, Dose Area Product (DAP) and Air Kerma (AK), compared across technical success, technical failure and conventional catheterizations using analysis of variance (ANOVA) with post hoc testing.<h4>Results</h4>Between December 2020 and December 2023, 96 patients underwent cEVAR. In total 319 visceral targets were catheterized, including 176 FORS attempts with a technical success rate of 63.6%. This success rate decreased in TVs with versus without ostial stenosis (21.7% vs 69.9%, <i>P</i> < .001) or with versus without calcification (14.3% vs 67.9%, <i>P</i> < .001), and increased with versus without the use of the 3D-Hub (80.6% vs 60.0%, <i>P</i> = .039). Type of TV, stent graft configuration or prior TV stent did not affect technical success rates. Radiation exposure was significantly lower during successful FORS catheterizations (fluoroscopy time 1.7 ± 2.1 min; DAP 3.7 ± 8.5 Gy∙cm<sup>2</sup>; AK 30.8 ± 55.9 mGy) compared to FORS technical failures (fluoroscopy time 6.5 ± 4.3 min, <i>P</i> < .001; DAP 8.8 ± 6.4 Gy∙cm<sup>2</sup>, <i>P</i> = .030; AK 126.5 ± 116.5 mGy, <i>P</i> < .001) and conventional catheterizations (fluoroscopy time 6.2 ± 9.2 min, <i>P</i> < .001; DAP 9.4 ± 20.25 Gy∙cm<sup>2</sup>, <i>P</i> = .003; AK 111.5 ± 151.1 mGy, <i>P</i> < .001). No significant differences occurred between technically failed and conventional catheterizations. Catheterization time was shortest with FORS technical success (6.5 ± 5.0 min) compared to conventional catheterizations (9.7 ± 13.5 min, <i>P</i> = .015), followed by technical failure (14.3 ± 6.9 min, <i>P</i> < .001).<h4>Conclusion</h4>Fiber Optic RealShape has an acceptable technical success rate in visceral TV catheterization during cEVAR, which has improved following the 3D-Hub implementation. Successful FORS catheterization results in reduced radiation exposure and catheterization time. When reversion to conventional catheterization is required, outcomes remain comparable to primary conventional procedures, supporting initial FORS use in all catheterizations to minimize radiation. Continued device and software development is essential to optimize FORS performance.Clinical ImpactFiber Optic RealShape (FORS) is a new technology that enables visualization of exclusive FORS-guidewires and catheters using light pulses instead of radiation. This study shows acceptable technical success rates with reduced radiation exposure compared to technically unsuccessful FORS and primary conventional catheterizations of visceral target vessels during complex endovascular aortic repair. These findings support the clinical benefit of initially attempting catheterization with FORS, as it results in reduced radiation exposure, even in case of reversion to conventional devices, without compromising patient outcomes. Additionally, the technical success rates improved significantly following the implementation of the 3D Hub.",Lemmens CC; Mees BME; Vleugels MPJ; Prent A; van Laanen JHH; de Haan MW; Jacobs MJHM; Schurink GWH,"Department of Vascular Surgery, Maastricht University Medical Center, the Netherlands.",Journal of endovascular therapy : an official journal of the International Society of Endovascular Specialists,2026-08-20,10.1177/15266028261479886,3.0,visualization(abstract); visual(abstract); data(abstract),Catheterization; Endovascular Aortic Repair; Thoracoabdominal Aortic Aneurysm; Juxtarenal Aortic Aneurysm; Radiation Dose/exposure
42632848,A reinforcement learning-driven adaptive hybrid PLC-RF communication architecture for IoT-based smart metering systems.,"With the rapid expansion of smart grid infrastructure, robust and scalable communication is essential to support Advanced Metering Infrastructure (AMI). This paper presents a hybrid communication architecture that combines Power Line Communication (PLC) and Radio Frequency (RF) technologies to enable reliable, adaptive data transmission in smart metering networks. The proposed system employs a PLC-based mesh topology that utilizes existing electrical wiring to relay meter data to a Data Concentrator Unit (DCU), alongside an RF-based star topology that provides direct wireless links between smart meters and the DCU. A cloud-based web application is integrated for real-time visualization of power consumption, network health, and active communication paths. To dynamically select the optimal channel based on real-time latency, packet loss, and Signal-to-Noise Ratio (SNR), a Proximal Policy Optimization (PPO) reinforcement learning agent is implemented and benchmarked against tabular Q-Learning, Double Deep Q-Network (DDQN), and Deep Deterministic Policy Gradient (DDPG). The system is validated through hardware prototyping and subjected to multi-seed training, reward function sensitivity analysis, edge microcontroller profiling, and network-scale simulation to assess deployment viability. Evaluated over 5, 000 deterministic test cases against a reward-derived oracle, the PPO agent achieved an accuracy of [Formula: see text] and an F1 score of [Formula: see text], attaining the highest single-run performance among all evaluated agents, with statistically significant advantages over Q-Learning and, for F1 score, over DDPG. Multi-seed training across ten initializations confirmed superior convergence stability with an accuracy standard deviation of only [Formula: see text], mitigating policy collapse. Edge AI profiling on an Arm Cortex-M4 platform demonstrated that INT8 quantization compresses the model by [Formula: see text] to 64.7 KB while preserving [Formula: see text] of baseline accuracy at a 1.93 ms on-device latency. A reward sensitivity sweep across 16 coefficient perturbations verified policy robustness under varying weight configurations. Finally, a network-scale simulation across 500 to 5, 000 nodes confirmed scale-invariant performance with a Packet Delivery Ratio above [Formula: see text] and consistent resilience under node outages, traffic overload, and channel degradation, providing simulation-based evidence of the scalability and resilience of AI-driven adaptive communication for large-scale smart grid deployments.",Mohamed NEM; Shafea MA; Yousry AM; El-Dakroury MM,"Computer and Systems Engineering Department, Faculty of Engineering, Capital University (formerly Helwan University), Cairo, Egypt. nooreldeenmagdy@h-eng.helwan.edu.eg.",Scientific reports,2026-08-22,10.1038/s41598-026-65952-0,3.0,visualization(abstract); visual(abstract); data(abstract),
42612829,Improvement of soft tissue contrast and CT number accuracy in proton therapy CBCT with hardware-based scatter suppression: results from a prospective trial.,"<h4>Purpose</h4>Adaptive proton therapy using cone beam CT (CBCT) requires accurate CT numbers for dose calculation and sufficient soft tissue visibility for reliable target and organ delineation. However, scatter in conventional CBCT causes substantial CT number inaccuracies and poor soft tissue contrast, limiting its use in adaptive workflows. To address this, a novel two-dimensional antiscatter grid (2D ASG) prototype and raw data correction algorithms were developed for a proton gantry-mounted CBCT system. This prospective study evaluated their impact on CBCT image quality in human subjects.<h4>Methods</h4>Ten patients undergoing proton therapy for prostate cancer were enrolled in an Institutional Review Board-approved imaging study. Each participant underwent two CBCT scans on a gantry-mounted proton therapy CBCT system: (1) standard CBCT with software-based scatter correction and (2) CBCT with the 2D ASG. Acquisition parameters and imaging dose were identical. Quantitative image quality metrics, including CT number error and artifact amplitude relative to planning CT, adipose-soft-tissue contrast, contrast-to-noise ratio (CNR), peak signal-to-noise ratio (pSNR), and structural similarity index measure (SSIM), were calculated. Differences between configurations were assessed using the Wilcoxon signed-rank test.<h4>Results</h4>Compared with scatter-corrected clinical CBCT, the 2D ASG reduced median [min-max] soft tissue CT number errors from 169 [150-185] HU to 38 [26-54] HU (p = 0.002), indicating reduced scatter-induced artifacts. Median soft-tissue contrast increased from 62 [42-74] HU to 125 [97-144] HU (p = 0.002), and CNR improved from 0.99 [0.37-1.38] to 1.57 [1.28-1.75] (p = 0.002). SSIM relative to the planning CT increased from 0.53 [0.38-0.67] to 0.87 [0.85-0.93] (p = 0.002). Similar improvements were observed for pSNR and artifact amplitude.<h4>Conclusions</h4>This first prospective evaluation of a prototype 2D ASG-equipped CBCT system for proton therapy demonstrated significant improvements in CT number accuracy and soft tissue visualization, supporting its potential role in adaptive proton therapy workflows.",Pyakurel U; Zhang Y; Sabounchi R; Bayat F; Hu J; Brousmiche S; Bryant C; Mendenhall N; Johnson P; Altunbas C,"Department of Radiation Oncology, University of Colorado School of Medicine, Aurora, CO, USA.","International journal of radiation oncology, biology, physics",2026-08-18,10.1016/j.ijrobp.2026.08.025,3.0,visualization(abstract); visual(abstract); data(abstract),
42605989,A Dual GSH/ROS-Functional NIR Fluorescent Platform for Synergistic Photodynamic Therapy and Radiosensitization in Nasopharyngeal Carcinoma.,"High-precision tumor theranostic systems capable of real time monitoring are imperatively required for optimizing the spatial targeting accuracy during radiotherapy and surgical resection across clinical management of nasopharyngeal carcinoma (NPC). However, the clinical application of photodynamic therapy (PDT) is impeded by the suboptimal reactive oxygen species (ROS) generation efficiency and inadequate visualization of redox procedure. In this study, we developed a theranostic platform HSF, featuring integrated tumor-specific near-infrared (NIR) fluorescence imaging and photodynamic ROS generation for real time monitoring and targeted radiotherapy of solid malignancies for NPC. Mechanistically, HSF was initially activated by the elevated glutathione (GSH) levels in the tumor microenvironment, which concomitantly turned on its NIR fluorescence and photodynamic properties. The resulting NIR fluorescence allowed for tumor visualization, while the PDT-triggered oxidative stress further consumed intracellular GSH, thereby ultimately inducing ferroptosis. In NPC cell-derived xenograft models, HSF demonstrated exceptional biocompatibility and effective in vivo retention. This multifunctional photosensitizer enabled precise radiotherapy navigation via real time fluorescent monitoring and ferroptosis-mediated therapeutic mechanisms, offering a transformative approach for real time visualization-guided NPC therapy.",Zheng F; Mo Y; Zhou J; Li C; Lin M; Zhao Y; Zhou J; Zou H; Chen Z; Xiao R; Feng X; Zeng W,"Department of General Surgery, Xiangya Hospital, Central South University, Changsha, China.","Small (Weinheim an der Bergstrasse, Germany)",2026-08-17,10.1002/smll.74401,2.5,visualization(abstract); visual(abstract),Nasopharyngeal carcinoma; Photodynamic therapy; Radiotherapy; Ferroptosis; Nir Fluorescence Imaging
42616121,[Real-time OCT-guided strategies for optimization of precision and safety in vitreoretinal surgery].,"<h4>Background</h4>Intraoperative real-time optical coherence tomography (iOCT) enables a dynamic visualization of retinal structures at the micrometer level during vitreoretinal surgery and provides additional information that can directly influence the course of surgery. The aim of this study is the presentation of the clinical utility, limitations and current evidence base for the use of iOCT in vitreoretinal surgery.<h4>Material and methods</h4>A narrative review was conducted based on published studies, case series, subanalyses of prospective cohorts and systematic reviews addressing the use of iOCT in vitreoretinal procedures. The literature search was primarily performed using PubMed/MEDLINE.<h4>Results</h4>During epiretinal membrane (ERM) and internal limiting membrane (ILM) peeling, iOCT can assist in identifying an appropriate initiation site for membrane peeling. It also enables real-time assessment of the tissue response and facilitates verification of complete membrane removal by detecting residual fragments. In macular hole surgery, iOCT enables intraoperative visualization of hole morphology and reliable assessment of ILM flap positioning, including after fluid-air exchange. In retinal detachment and proliferative vitreoretinopathy (PVR) surgery, iOCT not only facilitates the detection of residual subretinal fluid but also supports the evaluation of dissection planes and tractional membranes.<h4>Discussion</h4>Although many studies report a substantial added value of intraoperative OCT, a significant functional benefit, such as improvements in visual acuity outcomes, recurrence rates or complication rates has not yet been conclusively demonstrated. Nevertheless, the ability to dynamically assess retinal structures at micrometer resolution makes it possible to guide intraoperative decision-making, minimize iatrogenic tissue damage and enhance visualization, thereby providing a clear practical advantage, especially in complex cases or when microscopic visualization is limited. To date, limited evidence, high costs and heterogeneous technical implementations with variable clinical applicability have hindered widespread adoption of iOCT; however, in light of considerable technological advancements in recent years, increasing acceptance of this intraoperative imaging modality can be observed.",Plettenberg P; El Mourad S; Priglinger S; Eckardt F; Hattenbach LO,"Augenklinik, Klinikum Ludwigshafen, Bremserstr. 79, 67063, Ludwigshafen, Deutschland. plettep@klilu.de.",Die Ophthalmologie,2026-08-19,10.1007/s00347-026-02477-x,2.5,visualization(abstract); visual(abstract),proliferative vitreoretinopathy; Retinal Detachment; Intraoperative; Macular Hole; Epiretinal Gliosis
42624365,Hybrid Microvascular Decompression For Cranial Neurovascular Compression Syndromes: A Retrospective Case Series and Surgical Nuances.,"<h4>Background</h4>Microvascular decompression (MVD) remains the gold standard for the treatment of neurovascular compression syndromes (NVCS). Adjunctive visualization tools have been introduced to improve visualization beyond the direct microscopic line-of-sight. This study evaluated the technical feasibility, safety, and short- to mid-term clinical outcomes of QEVO®-assisted microscopic MVD.<h4>Methods</h4>This retrospective series included 43 patients who underwent QEVO®-assisted MVD for trigeminal neuralgia (TN, 31), hemifacial spasm (HFS, 11), and cochleo-vestibular nerve compression syndrome (1) between January 2021 and September 2024 at ASST Cremona (Italy). The study was designed as a descriptive case series without a control group. A ""microscopically hidden"" NVC was defined when was not identified during standard microscopic inspection, became apparent following QEVO® inspection, and prompted additional microscopic arachnoid dissection and/or vessel mobilization.<h4>Results</h4>No QEVO®-related adverse events occurred during surgery. QEVO® facilitated the identification of ""hidden"" NVCs in four patients (13%) with TN and one (9%) with HFS. All ""hidden"" NVCs in TN exhibited a ""mixed"" compression pattern on the anterior aspect of the trigeminal root entry zone (REZ). The ""hidden"" NVC identified in HFS consisted of a ""tandem"" compression pattern at the facial REZ. At the last follow-up, 84% of patients with TN achieved a Barrow Neurological Institute pain score grade I or II, while all patients with HFS reached complete symptom resolution.<h4>Conclusions</h4>QEVO® proved to be a feasible adjunctive visualization tool that can be integrated into the standard microscopic workflow, facilitating the identification of additional neurovascular relationships particularly in patients with complex NVC patterns.",Donofrio CA; Riccio L; Servadei F; Tubbs RS; Fioravanti A,"Department of Neurosurgery, ASST Cremona, Cremona, Italy. Electronic address: carmine.donofrio@hotmail.com.",World neurosurgery,2026-08-20,10.1016/j.wneu.2026.125268,2.5,visualization(abstract); visual(abstract),Trigeminal neuralgia; Hemifacial spasm; Microvascular decompression; Retrosigmoid Approach; Cerebello-pontine Angle; Neurovascular Compression Syndromes
42605915,Illuminating peroxynitrite in acute liver injury with a responsive optical probe.,"Peroxynitrite (ONOO<sup>-</sup>) constitutes a key biomolecule tightly linked to oxidative stress and plays a profound role in the pathological mechanisms underlying acute liver damage and tumorigenesis. Because ONOO<sup>-</sup> levels exhibit strong associations with disease status, precise and dynamic detection of this species is essential for early-stage clinical diagnosis. Consequently, capturing real-time variations of ONOO<sup>-</sup> in pathological contexts carries considerable significance for both timely disease identification and therapeutic evaluation. Fluorescence imaging provides a highly sensitive, minimally invasive, convenient, and selective platform for <i>in situ</i> detection and spatiotemporal mapping of ONOO<sup>-</sup> within complex biological environments. In the present work, we designed a fluorescent probe, termed YZZ, built upon a hemicyanine framework, which enables specific recognition and visualization of ONOO<sup>-</sup> both <i>in vitro</i> and <i>in vivo</i>. The probe demonstrates outstanding selectivity and superior sensitivity for ONOO<sup>-</sup>. Cellular imaging experiments verified that YZZ is capable of tracking both endogenous and exogenous ONOO<sup>-</sup> pools in living systems. In addition, this study validated the probe's applicability for <i>in vivo</i> tissue imaging, allowing clear visualization of ONOO<sup>-</sup> in stimulated, injured liver tissues. To the best of our knowledge, this is one of the few studies that systematically examines ONOO<sup>-</sup> fluctuations in hepatic injury models.",Yang ZZ; Liu H; Chen S; Feng YZ; Cheng ZY; Yan R; Lu QQ; Ying S; Xu M,"Affiliated Children's Hospital of Jiangnan University, Wuxi, 214023, China. lmiao913729@sina.com.",Analytical methods : advancing methods and applications,2026-08-17,10.1039/d6ay01363e,2.5,visualization(abstract); visual(abstract),
42615668,A multilevel conceptual framework for dementia: from life-course mechanisms to public health strategies.,"Dementia is a growing global health challenge driven by population aging and unequal exposure to biological, behavioral, social, and environmental determinants across the life course. Existing evidence demonstrates that these factors accumulate and interact from fetal development through old age, shaping cognitive reserve, brain resilience, and vulnerability to neurodegeneration. However, current models rarely integrate these multilevel influences in a structured manner. This study proposes a comprehensive multilevel conceptual framework for dementia that maps determinants across seven levels (biological, behavioral, psychological, individual, family, community, and national) and across all life stages, from prenatal development to late life. The framework is organized along a bi-axial structure that aligns levels of influence with temporal windows of exposure, allowing a clear visualization of how early-life and midlife factors contribute to dementia in older age. Two illustrative pathways are explored in depth. The first describes the development of cognitive reserve, highlighting the roles of maternal health, education, health literacy, social engagement, and lifelong learning in delaying symptom onset despite neuropathological burden. The second focuses on cerebrovascular integrity, demonstrating how prenatal vascular development, lifestyle behaviors, and cardiovascular risk profiles influence vascular cognitive impairment and interact with Alzheimer-related pathologies. The framework distinguishes modifiable population-level determinants, such as education quality and public health policies, from more fixed biological factors, thereby identifying critical intervention points. By integrating life-course epidemiology with multilevel determinants, this model provides a structured approach for understanding dementia etiology and supports the development of targeted prevention strategies across individual, community, and societal domains.",Aliberti MJR; Paiva JE,"Instituto de Pesquisa, Hospital Sírio-Libanês, São Paulo, SP, Brasil.",Brazilian journal of medical and biological research = Revista brasileira de pesquisas medicas e biologicas,2026-08-17,10.1590/1414-431x2026e15447,2.5,visualization(abstract); visual(abstract),
42625047,Atrophy of the cochlear aperture segment of the cochlear nerve in patients with severe-to-profound acquired sensorineural hearing loss: a 5-T MRI study.,"<h4>Objectives</h4>Cochlear nerve (CN) atrophy is a prognostic marker for cochlear implantation outcomes in acquired sensorineural hearing loss (ASNHL). However, conventional MRI confines assessment to the nerve trunk. This 5-T MRI study aimed to assess the feasibility of visualizing the cochlear aperture segment and investigate its potential atrophy.<h4>Materials and methods</h4>Consecutive ASNHL patients and healthy controls (HCs) who underwent 5-T MRI were prospectively enrolled. Visualization of the cochlear aperture segment was scored. The CN sizes at the cochlear aperture and the internal acoustic meatus segments were measured and compared between groups. Factors associated with cochlear aperture segment size were explored using within-subject correlation analyses. Inter- and intra-observer agreements were assessed.<h4>Results</h4>This study included 71 ASNHL patients and 50 matched HCs, wherein 121 affected ears in 66 patients and 98 control ears were measured. The cochlear aperture segment showed a good agreement of visualization and measurement. Affected ears had a lower visualization score of the cochlear aperture segment and smaller absolute CN sizes than controls. After facial nerve normalizing, affected ears had the lower CN size at the cochlear aperture segment but not at the internal acoustic meatus segment. The ratio of the cochlear aperture segment size to the internal acoustic meatus segment size was significantly lower in affected ears than in controls (0.66 ± 0.20 vs. 0.75 ± 0.35; p = 0.045). Interaural differences in hearing loss duration and pure-tone audiometry correlated with interaural differences in the cochlear aperture segment sizes (Rho = -0.247 to -0.356, p < 0.05).<h4>Conclusion</h4>The cochlear aperture segment of CN can be reliably visualized and measured at 5-T MRI. CN atrophy is confirmed in ASNHL ears, notably at the cochlear aperture segment. Cochlear aperture segment size was associated with hearing loss duration and severity.<h4>Key points</h4>Questions The secondary cochlear nerve atrophy was reported in acquired sensorineural hearing loss (SNHL) patients, but the cochlear nerve at the cochlear aperture segment has not been evaluated. Findings The cochlear aperture segment of the cochlear nerve shows atrophy in acquired SNHL patients using 5-T MRI. Its size is associated with duration and hearing loss severity. Clinical relevance 5-T MRI holds promise as the workhorse modality for imaging the cochlear nerve for SNHL patients. Cochlear aperture segment atrophy is noted in acquired SNHL ears. The comprehensive assessment of the cochlear nerve offers pathophysiological insights into the secondary nerve atrophy.",Yang S; Ma S; Huang Y; Guo F; Yang B; Guo J; Gong S; Liu Y; Wang Z; Zhao P,"Department of Radiology, Beijing Friendship Hospital, Capital Medical University, Beijing, China.",European radiology,2026-08-20,10.1007/s00330-026-12808-w,2.5,visualization(abstract); visual(abstract),cochlear nerve; atrophy; Sensorineural Hearing Loss; Cochlear Aperture; 5-T Mri
42613503,Low-cost gelatin phantom for ultrasound-guided core-needle biopsy training: a pictorial essay.,"Core-needle (tru-cut) biopsy is increasingly used in gynecologic oncology for tissue acquisition and molecular assessment. Adequate operator training is essential, but hands-on opportunities and affordable pelvic simulation models remain limited. This pictorial essay describes a step-by-step approach for pelvic ultrasound-guided core-needle biopsy using a low-cost gelatin-based phantom adapted from a previously published model. The phantom incorporates target lesions and optional simulated bowel loops to increase procedural complexity. The accompanying images and instructional video demonstrate phantom preparation, probe handling, needle-beam alignment, lesion targeting, and simulated biopsy using transvaginal/transrectal and transabdominal approaches. This reproducible, inexpensive model may facilitate simulation-based training and improve familiarity with biopsy equipment and needle-tip visualization before supervised clinical practice.",Culcasi C; Zanchi L; Quagliozzi L; Moro F; Pozzati F; Chiappa V; Fischerova D; Testa AC; Fagotti A; Mascilini F,"Dipartimento di Scienze Della Salute Della Donna, del Bambino E Di Sanità Pubblica, Fondazione Policlinico Universitario Agostino Gemelli IRCCS, UOC Ginecologia Oncologica, Largo A. Gemelli 8, 00168, Rome, Italy. camilla.culcasi@guest.policlinicogemelli.it.",Journal of ultrasound,2026-08-18,10.1007/s40477-026-01185-1,2.5,visualization(abstract); visual(abstract),Simulation; Training; Gynecologic Oncology; Tru-cut Biopsy; Gelatin Phantom; Ultrasound-guided Biopsy
42621394,Direct Intravascular Observation of Trifecta️ Bioprosthetic Valve Dysfunction Using Nonobstructive General Angioscopy.,"Although surgical reintervention remains the standard of care for failed surgical valves, transcatheter aortic valve implantation in surgical aortic valves (TAV-in-SAV) has emerged as a viable alternative with reliable results. The Trifecta valve is one of the most challenging SAVR prostheses for TAV-in-SAV management. Recently, nonobstructive general angioscopy (NOGA) has been used to evaluate the quality of plaques on the inner surface of the aorta under direct visualization, which cannot be evaluated using computed tomography. Here, we describe a case of Trifecta️ bioprosthetic valve dysfunction (BVD) directly observed by NOGA. A 26-mm Evolut FX was implanted, and the procedure was completed without complications. This case highlights the potential adjunctive role of NOGA in the assessment of BVD; however, its incremental clinical benefit and safety profile require further investigation.",Suzuki J; Kobayashi T; Yoshizaki T; Sato A,"Department of Cardiology, University of Yamanashi, Yamanashi, Japan, yamanashi.ac.jp.",Case reports in cardiology,2026-08-19,10.1155/cric/7201873,2.5,visualization(abstract); visual(abstract),
42631615,Development and Internal Validation of an Exploratory Nomogram for Cerebral Small Vessel Disease Burden Using Periodontal Parameters.,"Cerebral small vessel disease (CSVD) is a major cause of stroke and cognitive decline, but the contribution of periodontal disease to the overall CSVD burden remains unclear. We aimed to develop and internally validate an exploratory clinical nomogram incorporating periodontal parameters to estimate a high CSVD burden. A total of 234 individuals underwent magnetic resonance imaging (MRI) for assessment of total CSVD burden (score 0-4). Periodontitis severity and retained tooth count were recorded. Optimal predictors selected using the least absolute shrinkage and selection operator (LASSO) regression were entered into multivariable logistic regression to construct the nomogram, which was evaluated for discrimination, calibration, and clinical utility. Restricted cubic spline analysis demonstrated a linear dose-response relationship between tooth loss and high CSVD burden (P for non-linearity = 0.332). Multivariable analysis identified advanced age and hypertension as independent prognostic factors; however, the associations of severe periodontitis (P = 0.580) and severe tooth loss (P = 0.112) were attenuated and were not independently associated with high CSVD burden after adjustment. The nomogram demonstrated modest discrimination (area under the curve = 0.675) and favorable bootstrap-validated calibration (mean absolute error = 0.038). Decision curve analysis suggested potential clinical utility across selected risk thresholds, although interpretation remains exploratory because of the absence of external validation. Although severe periodontitis and tooth loss showed univariable associations with high CSVD burden, they were not independent predictors after multivariable adjustment. This exploratory nomogram provides a preliminary visualization framework for individualized risk stratification and warrants further external validation before clinical implementation.",He L; Xu J,"Department of Stomatology, Changzhou No.2 People's Hospital.",Journal of visualized experiments : JoVE,2026-08-21,10.3791/71563,2.5,visualization(abstract); visual(abstract),
42624994,"Intracellular protein binders for imaging, control and future therapeutics.","Intracellular protein dysregulation underlies many cancers, neurodegenerative disorders and infectious diseases, yet a substantial fraction of the human proteome remains inaccessible to conventional small-molecule drugs or extracellular antibodies. Genetically encoded intracellular binders, including nanobodies, DARPins, affibodies and de novo-designed scaffolds, provide modular platforms for selective recognition, visualization and functional modulation of endogenous proteins in living cells. These binders can engage extended protein surfaces and conformational epitopes and are increasingly applied in preclinical models to inhibit oncogenic signalling, degrade pathogenic proteins, rewire cellular pathways and engineer programmable cell therapies. Here we outline the structural diversity, discovery strategies and design principles of intracellular binders and summarize their emerging applications in imaging, biosensing and targeted protein control. We further discuss recent advances in computationally assisted binder design and optimization. Finally, we examine key translational challenges, including cellular stability, delivery technologies and immunogenicity, that will shape the clinical development of intracellular binder-based therapeutics.",Barykina NV; Verkhusha VV,"Department of Genetics and Gruss-Lipper Biophotonics Center, Albert Einstein College of Medicine, New York, NY, USA.",Nature biomedical engineering,2026-08-20,10.1038/s41551-026-01768-7,2.5,visualization(abstract); visual(abstract),
42625541,[Under the mask of Crohn's disease. A clinical case report].,"Invasive lobular breast carcinoma is characterized by infiltrative growth and a tendency toward atypical metastasis, including to the gastrointestinal tract, where metastases are often diffusely infiltrative, complicating their visualization and potentially leading to diagnostic errors. This paper presents a clinical case of a 55-year-old female patient with long-standing (approximately 20 years) abdominal pain syndrome. Based on imaging studies and elevated fecal calprotectin levels, this pain syndrome was interpreted as Crohn's disease, despite the lack of response to standard therapy. One year after confirmation of invasive lobular breast cancer (luminal A subtype, T1N1M0), the patient continued to experience abdominal symptoms until the development of dynamic intestinal obstruction, which required surgical intervention. Histological and immunohistochemical examination of the resected intestinal segment confirmed metastatic involvement of the small and large intestines. This case demonstrates a rare variant of lobular breast cancer metastasis to the intestine, which had been masquerading as Crohn's disease for a long time. It highlights the need for oncological vigilance in patients with abdominal symptoms and a history of cancer, as well as the crucial role of immunohistochemistry in verifying the diagnosis.",Isaikina MA; Berdysheva MV; Trushina OI; Mnatsakanyan MG; Yurazh MV; Kitsenko YE; Fomin VV,Sechenov First Moscow State Medical University (Sechenov University).,Terapevticheskii arkhiv,2026-08-18,10.26442/00403660.2026.08.203728,2.5,visualization(abstract); visual(abstract),Immunohistochemistry; Breast cancer; Crohn's Disease; Invasive Lobular Carcinoma; Intestinal Metastases
42614433,Dental Identification Utilizing Implant-Supported Fixed Prostheses in a Nearly Skeletonized Individual: A Case Report.,"Forensic dental examination was performed on a nearly skeletonized decedent in whom both maxillary and mandibular complete dentures remained, an uncommon finding in deceased individuals. Careful manipulation of residual soft tissues permitted visualization of the underlying osseous and prosthetic components. Postmortem findings demonstrated extensive implant therapy in both arches, consisting of implant-supported fixed complete dentures retained by multiple endosseous implants. Antemortem dental records, including digital panoramic and periapical radiographs with treatment documentation, were reviewed for comparison. A discrepancy in the number of maxillary implants between antemortem and postmortem findings was identified and resolved through review of treatment notes, which documented a single implant failed and was removed prior to denture placement. Differences in implant numbering were due to listing the implants postmortem based on denture tooth positions rather than the originally replaced teeth. Additionally, a single antemortem periapical radiograph, initially considered of limited clinical significance, contributed to identification by demonstrating residual root structure following extraction. This case emphasizes the forensic importance of comprehensive evaluation of all available dental records and imaging.",Wallace JB,"Midwest Medical Examiner's Office, Ramsey, MN, USA.",Academic forensic pathology,2026-08-17,10.1177/19253621261472930,2.5,visualization(abstract); visual(abstract),forensic pathology; Forensic Odontology; Implant-supported Prostheses; Postmortem Examination; Skeletal Remains; Dental Identification; Antemortem Comparison
42628561,Dual-energy cone-beam CT improves iodine contrast and Hounsfield unit value stability in the maxillofacial region: A phantom study.,"This study was designed to assess the feasibility of dual-energy cone-beam CT (DE-CBCT) and the associated image processing algorithms to improve delayed phase iodine enhancement. An anthropomorphic adult head phantom with iodine inserts in maxillofacial regions was imaged using a clinical CBCT and a helical CT scanner. DE-CBCT was acquired sequentially at 80 and 120 kV, and helical CT at 100 kV (routine clinical protocol), with radiation doses matched within 5%. Virtual monochromatic images (VMIs) at 50 and 200 keV were generated with (VMI+) and without (VMI) noise-optimized frequency splitting algorithm. Evaluation included Hounsfield Unit (HU) agreement with helical CT, iodine contrast, contrast-to-noise ratio (CNR), artifact reduction, and subjective radiologist assessment of target visibility. VMI50 and VMI50+ demonstrated the strongest HU agreement with CT. VMI50+ produced significantly better contrast than CBCT in the maxillary sinus region (mean percentage change 40.7% (15.3-66.1%); p < 0.05), while improvements were minor in the mandibular region (9.7% (3.0-16.5%); p < 0.05). VMI50+ significantly increased CNR in the maxillary sinus compared with CBCT (3.3 vs. 2.8; p < 0.05), with no significant difference in the mandibular region. Although DE-CBCT increased contrast and reduced artefacts, it did not reveal any additional targets compared with routine CBCT. DE-CBCT with VMI and frequency splitting improves HU agreement with CT, slightly improves soft tissue visualization, and reduces artifacts in head and neck phantom imaging.",Jayakody D; Riekki VP; Bode MK; Brix MAK,"Research Unit of Health Sciences and Technology, University of Oulu, Aapistie 5A, Oulu, 90220, Finland.",Biomedical physics & engineering express,2026-08-21,10.1088/2057-1976/ae9cc2,2.5,visualization(abstract); visual(abstract),Cone-beam Computed Tomography; Dual Energy; Phantom Setting; Soft Tissue Enhancement
42613444,Deep learning-based PET/CT mixture-of-experts model for relapse risk stratification in relapsed/refractory classical hodgkin lymphoma: a multicenter study.,"<h4>Background</h4>Relapsed/refractory classical Hodgkin lymphoma (R/R cHL) remains clinically challenging due to substantial heterogeneity in relapse risk. Reliable, non-invasive tools for improved relapse risk stratification are urgently needed to guide individualized therapeutic strategies.<h4>Methods</h4>In this multicenter retrospective study, 161 patients with R/R cHL from five institutions were included (training cohort: n = 102; validation cohort: n = 59). Clinical and metabolic covariates were assessed at the time of relapsed/refractory disease and baseline 18F-FDG PET/CT before salvage treatment. We developed a deep learning-based Mixture-of-Experts (MoE) framework that integrates four medical foundation models (PET-Diffusion, SAM-Med2D, MedCLIP, and RadFM) to derive a quantitative imaging biomarker (MoEScore) from baseline <sup>18</sup>F-FDG PET/CT. A multiparametric model incorporating MoEScore and independent clinical/metabolic predictors was constructed and evaluated using discrimination, calibration, and clinical utility analyses. Model interpretability was assessed using attention visualization, ablation analysis, and pathological correlation.<h4>Results</h4>MoEScore demonstrated predictive performance (AUC: 0.861 in training; 0.783 in validation) and remained independently associated with relapse (HR = 11.18, 95% CI: 2.48-50.45; P = 0.002). The multiparametric model achieved a C-index of 0.785 in the training cohort and 0.717 in the validation cohort, compared with 0.598-0.752 for the clinical and clinical-metabolic models. MoEScore consistently stratified relapse risk across both relapsed and refractory subgroups. Exploratory interpretability analyses indicated that model saliency was predominantly localized to metabolically active lesion regions and suggested a greater relative contribution of PET than CT. MoEScore distributions were broadly consistent with known histopathological subtype patterns, supporting further biological evaluation.<h4>Conclusions</h4>This study presents an exploratory, non-invasive deep learning framework for relapse risk stratification in R/R cHL. By integrating multimodal imaging and expert-level representations, the MoE model may capture tumor heterogeneity beyond conventional metrics and may help inform risk-adapted therapeutic strategies after further validation.",Jiang C; Jiang Z; Zhang X; Zhang Z; Teng Y; Zhou H; Jiang M; Xu J; Ding C; Guo R; Li K; Tian R,"Department of Nuclear Medicine, West China Hospital of Sichuan University, Chengdu, Sichuan, 610041, China.",European journal of nuclear medicine and molecular imaging,2026-08-19,10.1007/s00259-026-08146-0,2.5,visualization(abstract); visual(abstract),Hodgkin Lymphoma; Pet/ct; Deep Learning; Relapsed/refractory; Prognostic Stratification; Radiomics
42605822,Integration of Electromagnetic Field simulation and Axial Scalable Context Adaptive Frilled Lizard Reverse Graph Attention networks framework for high-fidelity non-ionizing brain tumor imaging.,"The growing demand for safe and high-resolution medical diagnostics has accelerated the adoption of non-ionizing imaging modalities, particularly Electromagnetic Field (EMF)-based brain tumor imaging, which enables radiation-free visualization with enhanced tissue differentiation. Despite these advantages, conventional EMF imaging systems suffer from low sensitivity to weak signals, suboptimal reflection and transmission coefficients, and high computational complexity, leading to reduced diagnostic accuracy. To address these limitations, this paper proposes an integrated framework combining Electromagnetic Field Simulation with an Axial Scalable Context Adaptive Frilled Lizard Reverse Graph Attention Network (Axial-SCAF-LRGAN). The proposed model synergistically incorporates a Scalable and Adaptive Graph Neural Network and a Context Axial Reverse Attention Network to effectively capture contextual and spatial dependencies, while the Frilled Lizard Optimization algorithm is employed for optimal parameter tuning and enhanced learning efficiency. Experimental evaluations demonstrate superior electromagnetic performance, achieving a gain of 9.86 dBi, a reflection coefficient S11 of -37.42 dB, and a transmission coefficient S21 of -22.18 dB, indicating minimal reflection losses and efficient signal transmission. Computational analysis further reveals a low processing time of 0.29 s, RMSE of 2.41, and correlation coefficient of 0.99, reflecting high predictive consistency. The framework attains an accuracy of 99.8%, sensitivity of 99.7%, specificity of 99.6%, and F1-score of 99.75%, confirming its effectiveness for efficient, non-invasive brain tumor imaging with enhanced clinical applicability.",Shiva Kumar B; Raja Sekhar Reddy B; G M; J S; D BN; V P K,"Department of Electronics and Communication Engineering Section, ESC Goverment Polytechnic Nandyal , Department of Higher Education, Andhra Pradesh, India.",Electromagnetic biology and medicine,2026-08-17,10.1080/15368378.2026.2710711,2.5,visualization(abstract); visual(abstract),Electromagnetic Field Simulation; Context Axial Reverse Attention Network (Caranet); Frilled Lizard Optimization (Flo); Scalable And Adaptive Graph Neural Network (Sagnn); Non-ionizing Brain Tumor Imaging
42610457,Bacterial metabolism-activated turn-on fluorescent liposomal probe for diagnosing bacteria-associated tumors.,"Tumor-resident bacteria have emerged as key regulators of tumor progression, metastasis, and therapeutic resistance, yet their detection remains challenging because of their low abundance and predominantly intracellular localization. Here, we report a bacterial metabolism-activated fluorescent liposomal probe for the selective detection of intratumoral bacteria. The probe was constructed by covalently conjugating hydrophilic D-alanine, a bacterial metabolizable substrate, to a hydrophobic fluorophore, yielding an amphiphilic cationic metabolic-labeling molecule, 3-HFD. In aqueous media, 3-HFD self-assembled into fluorescence-quenched nanoaggregates through aggregation-caused quenching, thereby minimizing background fluorescence. These nanoaggregates were encapsulated into charge-reversible, membrane-fusogenic DCPA-H<sub>2</sub>O liposomes to promote tumor accumulation and intracellular delivery. In the weakly acidic tumor microenvironment, DCPA-H<sub>2</sub>O underwent protonation, enhancing cellular internalization and membrane fusion. Following intracellular release, the cationic probe bound with negatively charged bacteria and was metabolically incorporated into the bacterial cell wall during peptidoglycan biosynthesis, resulting in aggregate disassembly and fluorescence recovery. This metabolism-triggered fluorescence turn-on strategy enabled selective visualization of intratumoral bacteria while minimizing false-positive signals from unactivated probes. In both bacteria-associated tumor-bearing mouse models and clinical tumor specimens, the liposomal probe detected all bacteria-positive samples identified by the gold standard, demonstrating its potential for the diagnosis of bacteria-associated tumors.",Zhang S; Wang DY; Tian X; Huo Q; Song S; Jiang P; Liu J; Ma F; Sun Y; Shi L,"State Key Laboratory of Medicinal Chemical Biology, Key Laboratory of Functional Polymer Materials, Ministry of Education, Institute of Polymer Chemistry, College of Chemistry, Nankai University, Tianjin 300350, PR China. d.wang@nankai.edu.cn.",Biomaterials science,2026-08-18,10.1039/d6bm00968a,2.5,visualization(abstract); visual(abstract),
42606319,Early Ictal Dynamics in Childhood Absence Epilepsy: Scalp EEG Detection of Direct Current Shifts and High-Frequency Oscillations.,"IntroductionAbsence seizures are characterized by the appearance of generalized spike-and-wave complexes (SWCs) on scalp electroencephalography (EEG), but the EEG-level physiological changes that precede the onset of SWCs remain poorly understood. Advances in scalp wide-band EEG have enabled the simultaneous visualization of ultraslow and high-frequency activity, providing an opportunity to examine early ictal dynamics in childhood absence epilepsy (CAE). Here, we report two cases of pediatric CAE in which scalp EEG captured ictal direct current (DC) shifts and ictal high-frequency oscillations (HFOs) within the same seizure epoch.Patients and MethodsWe report two pediatric patients with CAE who exhibited typical absence seizures during hyperventilation-provoked scalp EEG recordings. Across three seizures, the same wide-band EEG methodology enabled the evaluation of ictal DC shifts and HFOs.ResultsAcross three seizures, a reproducible temporal sequence was observed: a negative DC shift emerged several hundred milliseconds before the first SWC, followed by spike-locked HFOs shortly after ictal onset. The DC shift progressively deepened during this interval, whereas HFOs appeared as discrete, band-limited events with modest frequency evolution. Despite differences in seizure duration and clinical background, this pattern was consistent across seizures and between patients.DiscussionThese findings suggest that ictal DC shifts reflect slow network changes preceding thalamocortical hypersynchrony, whereas ictal HFOs index the fast dynamics involved in SWC generation. As both components can be detected noninvasively, scalp wide-band EEG may offer a foundation for developing early ictal biomarkers in CAE.",Maeda K; Yamaguchi S; Tsuboi H; Ichino N; Osakabe K; Sugimoto K; Furukawa G; Ishihara N,"Department of Clinical Physiology, Fujita Health University School of Medical Sciences, Toyoake, Japan.",Clinical EEG and neuroscience,2026-08-17,10.1177/15500594261475856,2.5,visualization(abstract); visual(abstract),Epilepsy; Biomarker; Electroencephalography (EEG); Absence Epilepsy; absence seizure; High-frequency Oscillations; Dc Shifts; Wide-band Eeg
42611073,Contrast-enhanced ultrasound patterns in pediatric soft-tissue vascular anomalies: a single-center pictorial essay.,"Vascular anomalies comprise a heterogeneous group of disorders frequently encountered in the pediatric population, and their clinical presentation may be complex or overlapping. Ultrasound is the first-line imaging modality because of its wide availability, lack of ionizing radiation, and ability to provide real-time assessment of lesion morphology and vascularity. However, conventional ultrasound may have limitations in detecting very slow blood flow and in comprehensively characterizing lesion perfusion. Contrast-enhanced ultrasound can provide additional real-time hemodynamic information in selected superficially accessible lesions without the use of ionizing radiation and, in many cases, without the need for sedation. The purpose of this pictorial essay is to illustrate and describe the spectrum of contrast-enhanced ultrasound enhancement patterns observed in pediatric vascular anomalies and to correlate these findings with conventional ultrasound features. Representative cases from a single tertiary referral center are presented, including infantile hemangioma, congenital hemangioma, venous malformation, arteriovenous malformation, lymphatic malformation, and capillary malformation. Particular emphasis is placed on the characteristic enhancement patterns demonstrated on contrast-enhanced ultrasound, together with their corresponding B-mode, color Doppler, and spectral Doppler findings. The illustrated cases highlight the different perfusion characteristics that may be encountered across the spectrum of pediatric vascular anomalies, reflecting their underlying vascular architecture and flow dynamics. Recognition of these enhancement patterns may facilitate lesion assessment and improve familiarity with the potential applications of contrast-enhanced ultrasound in this setting. Contrast-enhanced ultrasound should be regarded as a complementary imaging technique that provides dynamic visualization of lesion perfusion. Although not intended to replace established imaging pathways, it may offer useful additional information in selected cases, while magnetic resonance imaging remains the modality of choice for evaluating lesion extent and deep tissue involvement.",Ferrara D; Masucci A; De Chiara FA; Giugliano AM; Barbato F; Sammarco E; Zeccolini M; Esposito F,"Department of Radiology, Santobono Children's Hospital, Naples, Italy.",Pediatric radiology,2026-08-18,10.1007/s00247-026-06750-8,2.5,visualization(abstract); visual(abstract),Child; Hemodynamics; Hemangioma; ultrasound; Contrast Media; Vascular Malformations
42625553,Sex-Associated Proteomic Signatures Persist Independent of Injury Severity and Shock Physiology in Acute Trauma.,"<h4>Background</h4>Sex-based differences in trauma outcomes are well documented, but the early molecular programs distinguishing male and female responses remain incompletely defined. We hypothesized that biological sex shapes the circulating proteomic and metabolomic response at emergency department arrival and that these signatures interact with age, injury severity, and shock physiology.<h4>Methods</h4>Patients meeting the highest level of trauma activation criteria were prospectively enrolled. Blood samples were collected upon arrival to the emergency department within one hour of injury and before transfusion. Plasma proteomics and metabolomics were performed by liquid chromatography-mass spectrometry. Sex differences were assessed by feature-level testing with Benjamini-Hochberg FDR correction. Multivariable linear models adjusted for age, ISS, base deficit, lactate, mechanism, and head/neck injury. Spearman correlations and network visualization integrated omics and clinical variables.<h4>Results</h4>Among 292 patients (236 male, 56 female), baseline characteristics were similar. Unadjusted analyses identified 45 proteins and 9 metabolites differing by sex. Female-enriched proteins included PZP, CERU, SHBG, VTNC, ITIH3, and IGHM; male-enriched included FCN3, AMPN, APOD, GELS, NCAM1, ANTR2, MASP1, and GPX3. After adjustment, sex remained independently associated with FCN3, SHBG, PTPRG, CERU, FUCO, PZP, and APOD. Sex-associated metabolite differences were more strongly coupled to injury severity and shock physiology than to sex alone.<h4>Conclusion</h4>Male and female trauma patients demonstrate distinct early multi-omic signatures, including sex-associated immune, complement, redox, and metabolic programs that persist after adjustment for injury severity and shock physiology. Sex-informed omics may improve biological endotyping and precision approaches to trauma care.",Baig HS; Erickson C; Sen S; Ramser B; Stocker B; Sublette C; Borg T; Mokhtari A; Samuel R; Cardenas J; Hansen K; D'Alessandro A; Cohen M,"University of Colorado Anschutz Medical Campus, School of Medicine, Department of Surgery, Aurora, CO.","Shock (Augusta, Ga.)",2026-08-21,10.1097/shk.0000000000002927,2.5,visualization(abstract); visual(abstract),Complement; Trauma; Proteomics; Metabolomics; Sex differences; Injury Severity; Multi-omics
42613649,Suprapubic laparoscopic-Assisted myomectomy.,"<h4>Background</h4>Minimally invasive myomectomy offers significant perioperative benefits including reduced pain and faster recovery. Current approaches include conventional laparoscopic myomectomy (LM), single-port LM, and mini-laparotomy. We developed a hybrid technique, termed suprapubic laparoscopic-assisted myomectomy (SLAM), that combines the superior visualization of laparoscopy with the tactile feedback and suturing efficiency of mini-laparotomy.<h4>Methods</h4>This retrospective comparative study evaluated the clinical rationale, safety, and feasibility of SLAM compared with conventional LM. Patients underwent conventional LM or SLAM according to patient preference following shared decision-making (SDM). Patients with a body mass index (BMI) > 30 or myoma(s) > 10 cm were excluded. All the procedures were performed by a single surgeon. Statistical analyses were performed using Student's t-test (results presented as mean ±standard deviation [SD] with 95% confidence intervals [CI]), the chi-square test, or Fisher's exact test.<h4>Results</h4>Thirty-six patients with symptomatic uterine myomas were included, with 16 undergoing SLAM and 20 undergoing conventional LM. The average hospitalization duration was 4.19 ± 0.40 days for SLAM and 4.15 ± 0.49 days for LM (p = 0.807). The operative time was comparable between the SLAM and LM groups (186.0 ± 59.3 min vs. 213.8 ± 48.8 min; p = 0.133). Although estimated blood loss was lower in the SLAM group (140.6±148.3 ml vs. 197.5±223.1 ml; p = 0.387), the difference did not reach statistical significance. Hemoglobin decrease was also comparable (1.14 ± 1.63 mg/dL vs. 1.06 ± 1.87 mg/dL; p = 0.897). The blood transfusion rates were 18.8% (3/16) for the SLAM group and 15.0% (3/20) for the LM group (p = 1.000). No major complications were observed in either group.<h4>Conclusion</h4>SLAM is a safe and feasible alternative to conventional LM and offers effective myometrial closure and specimen retrieval. While operative outcomes are comparable to conventional LM, SLAM provides a viable ""hybrid"" option for surgeons seeking to combine minimally invasive benefits with the precision of manual suturing.",Lee CC; Lai TH,". Department of Obstetrics and Gynecology, Cathay General Hospital, Taipei, Taiwan, ROC.",Journal of the Chinese Medical Association : JCMA,2026-08-19,10.1097/jcma.0000000000001416,2.5,visualization(abstract); visual(abstract),Myoma; Minimally Invasive Myomectomy; Uterine Suturing; Suprapubic Incision
42611736,Enhancing Rural Veteran Access to Specialty Pelvic Health Rehabilitation Through Mentorship and a Novel Model of Care Coordination.,"<h4>Introduction</h4>Pelvic health rehabilitation (PHR) treats pelvic floor disorders that result in pain, incontinence, and sexual dysfunction. Within the Veterans Health Administration (VHA), few clinicians are trained to provide PHR, particularly in rural areas. We developed and implemented 2 programs: a mentorship program to increase the PHR workforce and a virtual Care Navigator program to increase direct PHR access. Our aims were to describe the PHR project and initial program evaluation.<h4>Materials and methods</h4>Clinicians across VHA were eligible to apply for the mentorship program, with priority to Physical Therapists (PTs) at rural sites. We selected 2 rural sites to pilot the Care Navigator program. Quantitative evaluation measures included the number of mentees trained and number of Veterans served by mentees (reach), self-reported symptom improvement in the Care Navigator program (effectiveness), and the time from initial referral to Veteran contact with the Care Navigator (efficiency). We tracked these data with project logs, operational dashboard, and patient reported outcome measures. Qualitative data included semi-structured interviews with 7 Veterans who received care navigation.<h4>Results</h4>From October 2020 to September 2025, we trained 38 mentees, who collectively served 22,975 Veterans (9,875 rural). At the 2 Care Navigator sites, we reached 123 Veterans, most of whom reported symptom improvement and high satisfaction, corroborated in qualitative interviews. The average time from referral to contact was 23.5 days.<h4>Conclusions</h4>This comprehensive PHR project bolstered workforce capacity for specialty PHR care without hiring new staff and increased access for rural Veterans. Future work will focus on scaling.",Gustavson AM; Pomasko M; Khaldy N; Mamkhezri J; Patel T; Mog AC; Merkel C; Frazier J; Jungman J; Havran M; Gray KE,"Center for Care Delivery and Outcomes Research, Minneapolis Veterans Affairs Health Care System, Minneapolis, MN 55417, United States.",Military medicine,2026-08-18,10.1093/milmed/usag378,2.0,dashboard(abstract); data(abstract),
42628316,Mitigating ED boarding during surge conditions: A multidisciplinary resilience model at a tertiary center epicenter.,"<h4>Background</h4>Emergency department (ED) overcrowding and boarding intensified during the COVID-19 pandemic. We evaluated the association of a multidisciplinary rapid response team (RRT) with ED boarding during the 2021 surge in New Taipei City, Taiwan.<h4>Methods</h4>A retrospective quality improvement study was conducted at a 1058-bed, newly established tertiary referral hospital situated at the epicenter of the pandemic in Taiwan. In May 2021, an RRT implemented three strategies: (1) diversion of mild COVID-19 cases to quarantine centers via telemedicine, (2) real-time business intelligence (BI) dashboard monitoring for bed allocation, and (3) an ED-based outpatient parenteral antimicrobial therapy (OPAT) program. Primary outcomes were ED boarding time and the proportion of stays exceeding 48 h.<h4>Results</h4>Among 43,368 ED visits in 2021, median ED boarding time decreased from 58.4 h (IQR 42.2-76.8) during the pre-intervention period to 6.2 h (IQR 4.1-11.5) following RRT implementation (P < .001). The proportion of patients boarding >48 h decreased from 5.09% in June to 0.16% in December 2021.<h4>Conclusion</h4>A coordinated, multidisciplinary approach integrating digital monitoring, community diversion, and alternative treatment pathways effectively maintained ED operational resilience during a public health crisis. This model offers an adaptable operational strategy for managing acute capacity strain and maintaining throughput during future epidemic surges.",Seak CJ; Goh ZNL; Cheng HT; ,"Department of Emergency Medicine, New Taipei Municipal Tucheng Hospital, New Taipei City, Taiwan; College of Medicine, Chang Gung University, Taoyuan, Taiwan; Center for Quality Management, New Taipei Municipal Tucheng Hospital, New Taipei City, Taiwan; Department of Emergency Medicine, Linkou Chang Gung Memorial Hospital, Taoyuan, Taiwan. Electronic address: julianseak@hotmail.com.",The American journal of emergency medicine,2026-08-18,10.1016/j.ajem.2026.08.027,1.5,dashboard(abstract),Quality improvement; Telemedicine; Emergency Department Crowding; Outpatient Parenteral Antimicrobial Therapy; Business Intelligence; Emergency Department Boarding
