pmid,title,abstract,authors,first_author_affiliation,journal,pub_date,doi,score,matched_keywords,api_keywords
42395329,Visualization of artificial intelligence applications in oral disease diagnosis: A bibliometric analysis.,"<h4>Objectives</h4>This study aims to perform a comprehensive visualization-based analysis of the research status, thematic hotspots, and developmental trends in AI-assisted oral disease diagnosis over the past two decades, thereby offering valuable references for future research in this fields.<h4>Material and methods</h4>We conducted a bibliometric study with 2,131 documents extracted from the Web of Science Core Collection (2005-2025) using CiteSpace to systematically analyze publication trends, major countries, institutions, journals and co-citation patterns. Visualizations including collaboration networks, keyword co-occurrence clusters, citation bursts, and topic timelines showed the evolving intellectual structure and emerging research fronts in this area.<h4>Results</h4>The number of annual publications grew exponentially and peaked at 519 in 2024. China, the United States and India ranked as the top three countries. Berlin-based institutions contributed 224 publications, representing 45.62% of the 491 outputs from the top ten productive institutions. Core keywords were identified through co-occurrence analysis, including ""artificial intelligence"", ""deep learning"", ""machine learning"", and ""classification"". Further cluster analysis formed 15 clusters, which were summarized into three major themes: clinical diseases, technical approaches, and cross-cutting integration. Burst analysis showed that ""Computer-aided diagnosis"" had the strongest burst (5.23), followed by ""system"" (4.75) and ""extractions"" (4.69).<h4>Conclusions</h4>In this study, we used bibliometric visualization analysis to explore the evolution process and main research areas of AI-aided diagnosis for oral diseases between 2005 and 2025, identified new research areas, and provided useful guidance on future research and application topics.",Liang F; Wang Z; Li H; Zhang P; Shen J,"Department of International VIP Dental Clinic, Tianjin Stomatological Hospital, School of Medicine, Nankai University, Tianjin, China.",Digital health,2026-07-01,10.1177/20552076261465335,17.1,"visualization(kw,title,abstract); visual(kw,title,abstract); artificial intelligence(kw,title,abstract); machine learning(abstract)",Artificial intelligence; Diagnosis; Visualization; Oral Diseases; Bibliometric Analysis
42390783,Application of three-dimensional visualization technology on one-step PTCSL for complex hepatolithiasis.,"<h4>Objective</h4>The one-step percutaneous transhepatic cholangioscopic lithotripsy (PTCSL) technology for the treatment of hepatolithiasis is still considered challenging. The aim of the present study was to evaluate the influence of three-dimensional (3D) visualization on one-step PTCSL , Perioperative and long-term clinical data were profoundly analyzed during the treatment of intrahepatic bile duct stones.  METHODS: We reviewed data on 231 hepatolithiasis patients receiving surgical treatment in our department from January 2015 to January 2019, including 139 patients in group A treated with one-step PTCSL assisted by 3D visualization and 92 patients in group B treated with one-step PTCSL alone.<h4>Results</h4>The short-term outcomes including hospital stay, intraoperative blood loss, immediate stone removal rate, and the long-term outcomes including postoperative complications and recurrence-free survival (RFS) were compared. The results showed that one-step PTCSL assisted by 3D visualization slightly reduced Intraoperative blood Loss (21.14 ± 17.91 ml vs. 21.47 ± 25.91 ml; P = 0.000) and hospital stay (12.21 ± 6.14 days vs. 18.77 ± 8.73 days; P = 0.000). Moreover, there are no significant differences in hospitalization expenses, stone final clearance rate and postoperative complications between the two groups.<h4>Conclusion</h4>The 3D visualization can make one-step PTCSL a safe, effective, and promising treatment for patients with complicated primary hepatolithiasis. The perioperative and long-term outcomes are satisfactory for complicated primary hepatolithiasis.",Cao Y; Wu Q; Huang LY; Wen S; Lai ZH; Luo SM; Ding ZW; Li C; Ye YQ,"Department of Hepatobiliary Surgery, The Third Affiliated Hospital of Southern Medical University, Guangzhou, 510655, Guangdong Province, China.",Updates in surgery,2026-07-02,10.1007/s13304-026-02620-y,12.0,"visualization(kw,title,abstract); visual(kw,title,abstract); data(abstract)",Hepatolithiasis; 3d Visualization; Choledochoscopy; Percutaneous Transhepatic Cholangioscopic Lithotripsy (Ptcsl)
42395323,From reporting gaps to hospital cost drivers to enhance digital health decision making: A machine learning-assisted analysis of national hospital data.,"<h4>Objective</h4>Hospitals across the United States face growing operational and financial strain, resulting in closures that threaten healthcare access and system resilience. This study aimed to identify significant predictors of hospital total facility expenditures and to evaluate the performance of multiple imputation methods for incomplete data in the American Hospital Association (AHA) Annual Survey Database.<h4>Methods</h4>The de-identified 2022-2023 AHA survey data (n=12,359) comprising 34 financial, structural, and operational features was analyzed. Missing data were addressed using the Multivariate Imputation by Chained Equations (MICE) framework, comparing regression-based and machine learning-based algorithms. Random Forest (RF) imputation was selected for its superior accuracy based on fivefold cross-validation. Linear regression models were fitted on five RF-imputed datasets to identify key determinants of total facility expenditure (EXPTOT).<h4>Results</h4>RF-based imputation achieved the lowest error and highest consistency across variable types. Regression results identified full-time registered nurses (FTRNTF), facility size (GFEET), and property and equipment costs (PLNTA) as the strongest predictors of hospital expenditure (p<0.001). Hospitals with community designations, oncology or research services, and Joint Commission accreditation had significantly higher expenditures, whereas rural and community trauma centers reported lower costs. Geographic visualization revealed substantial disparities in hospital resources and expenditures, especially in rural areas.<h4>Conclusion</h4>Machine learning-based multiple imputation improves data completeness and modeling accuracy for hospital operations research. Findings highlight critical cost drivers and geographic inequities, informing data-driven policymaking and resource allocation in health system management.",Ma J; Laga I; Johnson E,"Norm Asbjornson College of Engineering, Montana State University, Bozeman, MT, USA.",Digital health,2026-07-01,10.1177/20552076261462744,8.4,"visualization(abstract); visual(abstract); machine learning(kw,title,abstract); data(title,abstract)",Machine Learning; Multiple Imputation; Geospatial Analysis; Healthcare Operations; Hospital Expenditures; Random Forest Imputation; American Hospital Association (Aha) Annual Survey
42398057,Patient Perceptions of Artificial Intelligence-Supported Shared Decision-Making in UK Primary Care for Multiple Long-Term Conditions: Qualitative Study.,"<h4>Background</h4>The prevalence of multiple long-term conditions (MLTCs) is increasing globally, leading to complex health care needs and polypharmacy. Shared decision-making (SDM) is important for supporting patient-centered care, yet barriers such as limited consultation time, discontinuity of care, and communication challenges hinder implementation. Artificial intelligence (AI) has the potential to support SDM by providing personalized, data-driven recommendations, particularly for medication management in patients with MLTCs.<h4>Objective</h4>This study aimed to explore the perspectives of patients with MLTCs regarding SDM with their general practitioners (GPs) and to explore patients' views about the use of an AI tool to support SDM, particularly in relation to prescribing decisions.<h4>Methods</h4>This qualitative study explored the perspectives of 18 patients with MLTCs on SDM and the use of an AI tool prototype during GP consultations. Semistructured interviews used a simulated patient vignette and a visual AI tool dashboard to facilitate discussion. Participants were recruited through GP practices via the Clinical Practice Research Datalink and community-based organizations across the West Midlands. The data were then analyzed using thematic analysis.<h4>Results</h4>Two overarching categories were identified: SDM in GP consultations and the AI tool for SDM. Within SDM, themes included communication and collaboration and system-level barriers, such as limited consultation time, lack of continuity, and fragmented records. Within the AI tool category, themes were related to practical design and implementation, implications for clinical practice and decision-making, and perceived risks and limitations. Participants valued the tool's potential to summarize health information and support discussions but highlighted the need for clear explanations, accessible design, and clinician guidance. Concerns included time pressures, depersonalization, trust, and transparency, with participants emphasizing that AI should support rather than replace clinical judgment.<h4>Conclusions</h4>Overall, patients perceived AI as a promising way to enhance SDM by improving communication and collaboration between patient and clinician. However, patients also had concerns about the accuracy and veracity of AI. The study provides recommendations for AI tools in GP consultations, emphasizing clear, accessible outputs and the use of lay language. AI tools should enhance rather than replace clinical judgment, be transparent about data sources, and be developed with diverse patient input to ensure inclusivity and usability, particularly for those with MLTCs.",Spurway C; Flanagan S; Cooper J; Crowe FL; Haroon S; Marshall T; Fitzsimmons L; Hathaway E; Nirantharakumar K; Jackson T; Greenfield S; Jackson L,"Health Economics Unit, Department of Applied Health Sciences, College of Medicine and Health, University of Birmingham, Public Health Building, Edgbaston, Birmingham, B15 2TT, United Kingdom, 44 121 414 6486.",Journal of medical Internet research,2026-07-03,10.2196/92518,7.6,"dashboard(abstract); visual(abstract); artificial intelligence(kw,title,abstract); data(abstract)",Artificial intelligence; AI; Primary Care; Qualitative Research; Shared Decision-making; Multiple Long-term Conditions
42149631,Indigo Carmine Visualization Duration in Urine: A Randomized Kinetics Study.,"<h4>Importance</h4>Despite its frequent use for visualization of ureteral efflux during pelvic/abdominal surgery, there are limited data on indigo carmine pharmacokinetics and duration of blue color in postdose urine. Understanding how long the blue color persists allows the clinician to make accurate assessments of the urinary system during complex surgical procedures.<h4>Objectives</h4>This study observed the plasma and urinary pharmacokinetics of indigo carmine in healthy volunteers and the voided urine color.<h4>Study design</h4>This study was an open-label, randomized clinical trial in 16 healthy participants who received either a 2.5-mL or a 5.0-mL intravenous injection of indigo carmine. Blood (pre, 2, 5, 7, 10, 15, 20, 30, 40 minutes and 1, 2, 3, 4, 6, 12 hours post) and urine (predose, 0-2, 2-6, 6-12 hours post) were collected. The first postdose stool was collected.<h4>Results</h4>Plasma concentration peaked within 5 minutes, and all plasma concentrations were below the limit of quantification by 2 hours postdose. The estimated plasma half-life of indigo carmine was 12 minutes. Voided urine through 2 hours postdose was visibly discolored compared with the matched predose urine. In some cases, urine discoloration persisted through 6 hours (10/16) and 12 hours (1/16). Unchanged indigo carmine eliminated in stool was observed in 4 of 16 participants (25%).<h4>Conclusions</h4>The short half-life and rapid urinary excretion of indigo carmine favor its clinical use for intraoperative cystoscopy and are consistent with the reported median time of 6 minutes postinjection to ureteral efflux in patients undergoing surgical procedures.",Wiegand L; Giannopoulos MA; Boytim ML; Svintozelskiy P; Lepor H,"Department of Clinical Research, Provepharm Incorporated, Collegeville, PA.","Urogynecology (Philadelphia, Pa.)",2026-07-01,10.1097/spv.0000000000001748,7.0,"visualization(title,abstract); visual(title,abstract); data(abstract)",
42399746,Machine learning-assisted prediction of obstructive sleep apnea in patients with metabolic dysfunction-associated steatotic liver disease: a multicenter study with external validation.,"<h4>Background</h4>Metabolic dysfunction-associated steatotic liver disease (MASLD) is closely associated with obstructive sleep apnea (OSA) through shared metabolic and inflammatory mechanisms. Early identification of high-risk individuals remains challenging, highlighting the need for reliable predictive tools.<h4>Methods</h4>This retrospective multicenter study included patients with MASLD from two tertiary hospitals in China. Least absolute shrinkage and selection operator (LASSO) regression combined with multivariate logistic regression was used for feature selection. Seven predictive models were constructed and compared, including logistic regression, decision tree, random forest, support vector machine, artificial neural network, XGBoost, and LightGBM. A nomogram was subsequently developed for individualized risk visualization.<h4>Results</h4>A total of 310 patients from the Affiliated Heping Hospital of Changzhi Medical College were included as the development cohort, while 200 patients from Tongling People's Hospital served as the external validation cohort. LASSO regression initially identified multiple candidate predictors, and eight overlapping variables retained by both LASSO and multivariate analysis were ultimately selected, including sex, BMI, hypertension, T2DM, ALT, GGT, NLR, and TyG Index. Among the seven predictive algorithms, the logistic regression model demonstrated the most balanced performance in terms of discrimination, interpretability, calibration, and external stability. Decision curve analysis further confirmed favorable clinical utility across both cohorts.<h4>Conclusion</h4>The proposed logistic regression model provides an interpretable and clinically practical tool for early prediction of OSA risk in patients with MASLD.",Gao Q; Wu Y; Lei K; Zhao T; Xing Y; Kang M; Shen Y,"Department of Pathology, Tongling People's Hospital, Tongling, Anhui, China.",BMC endocrine disorders,2026-07-03,10.1186/s12902-026-02391-y,6.1,"visualization(abstract); visual(abstract); machine learning(kw,title)",Logistic regression; obstructive sleep apnea; Machine Learning; Risk Prediction; Nomogram; Metabolic Dysfunction-associated Steatotic Liver Disease
42400077,Enhancing decision-making in surgery for a large temporocorneal meningioma through an explainable human-AI collaboration: a case report.,"<h4>Background</h4>Meningiomas, particularly large temporocorneal meningiomas, pose significant surgical challenges due to their proximity to critical brain structures. Achieving optimal tumor resection while minimizing neurological deficits requires advanced decision-making strategies. This case report explores the integration of an explainable artificial intelligence (AI) system into the neurosurgical workflow to enhance preoperative planning, intraoperative decision-making, and postoperative outcome prediction.<h4>Case presentation</h4>MAIN SYMPTOMS AND CLINICAL FINDINGS: We report the case of a 48-year-old Algerian Arab female with a one-year history of right-lateralized headaches that became generalized over time, along with episodes of loss of consciousness lasting 15-45 minutes, occurring 3-8 times daily. These episodes were characterized by a prodrome of palpitations and chest tightness, followed by transient unresponsiveness, urinary incontinence, and prolonged postictal periods. Neurological examination was unremarkable, with preserved motor and sensory functions.<h4>Main diagnoses, therapeutic interventions, and outcomes</h4>Initial evaluation in Algeria led to a diagnosis of epilepsy, for which the patient was prescribed multiple antiepileptic drugs. Further assessment in Belgium, including MRI and electroencephalogram (EEG), revealed a right temporal extra-axial mass (46 × 36 × 45 mm) consistent with meningioma. EEG findings were normal, suggesting psychogenic non-epileptic seizures (PNES) rather than epileptic seizures. A multidisciplinary approach, incorporating AI-driven imaging analysis and predictive modeling, was employed to optimize surgical strategies. The AI system provided insights into tumor segmentation, vascular involvement, and risk assessment, aiding in determining the safest resection trajectory. The patient underwent surgical resection of the tumor via a right pterional craniotomy, with total excision achieved with preserved neurological function. Intraoperative bleeding was significant (2 L), but the postoperative course was favorable. Antiepileptic medication withdrawal was initiated, and no recurrent seizures were reported postoperatively.<h4>Conclusion</h4>This case demonstrates that explainable AI can enhance preoperative planning and surgical confidence by improving visualization and risk anticipation. However, its role remains supportive, as surgical outcomes continue to depend primarily on tumor characteristics and surgical expertise. The report also highlights the importance of accurate differentiation between PNES and epilepsy in patients with intracranial tumors. Overall, AI should be considered a complementary decision-support tool rather than a determinant of clinical outcomes.",Kamabu LK; Kisubi MM; Lubansu A; De Witte O,"Department of Neurosurgery, Faculty of Medicine, Université Libre de Bruxelles & Cliniques Universitaires de Bruxelles, Brussels, Belgium. kamabularry@gmail.com.",Journal of medical case reports,2026-07-03,10.1186/s13256-026-06318-y,5.5,"visualization(abstract); visual(abstract); artificial intelligence(kw,abstract)",Artificial intelligence; Meningioma; decision-making; Neurosurgery; Case Report; Explainable Ai
42391503,Explainable AI for Equitable Nurse Scheduling: Pragmatic Pre-Post Implementation Study.,"<h4>Background</h4>Inequitable and time-consuming shift scheduling contributes to nurse burnout, dissatisfaction, and turnover. In Taiwan, annual nurse turnover reaches 11.6%, with rigid 3-shift systems and unfair workload distribution frequently cited as key drivers. Although artificial intelligence (AI) scheduling tools exist, most lack transparency and do not formally address algorithmic bias, limiting clinical adoption.<h4>Objective</h4>This study aimed to design, deploy, and evaluate a transparent, fairness-audited, explainable AI-enabled nurse scheduling decision support system (XAI-NSDSS) to reduce administrative burden, eliminate experience-based algorithmic bias, and enhance staff acceptance in a real-world hospital setting.<h4>Methods</h4>A pragmatic before-after implementation study was conducted at a 671-bed teaching hospital in Taiwan (January-December 2023), involving 8 departments and 156 nurses (42 novice, 78 midlevel, and 36 experienced). A 6-month manual scheduling baseline (January-June 2023) was compared with a 6-month AI-assisted period (July-December 2023). The XAI-NSDSS integrates a random forest workload prediction model (R²=0.887), Shapley Additive Explanations-based explainability, a hybrid integer programming and binary differential evolution (IP+ BDE) optimizer, and a multidimensional fairness monitoring dashboard. A formal weight sensitivity analysis (WSA) was conducted across 7 prespecified weight configurations using full-factorial repeated-measures ANOVA to assess outcome robustness. Primary outcomes were scheduling time, error rate, and user satisfaction. Statistical analyses used linear mixed effects models (LMMs) and generalized estimating equations (GEE) with department as a random effect.<h4>Results</h4>Monthly scheduling time decreased by 81.2% (mean 32.0, SD 8.0-mean 6.0, SD 2.0) hours; P<.001; Cohen d=4.33) and error rate decreased by 73.8% (mean 18.3, SD 4.3%-mean 4.8, SD 1.2%; P<.001; Cohen d=4.12). Nurse satisfaction improved from a mean of 3.2 (SD 0.8) to a mean of 4.4 (SD 0.6; P<.001), with 148 out of 156 nurses (94.9%) adopting the system by Month 3. Preexisting experience-based bias was fully eliminated: workload coefficient of variation (CV) decreased 50% (0.18-0.09; P<.001), disparate impact ratios normalized from 1.35-1.56 to 1.01-1.04, and preference satisfaction equity was achieved across experience tiers (ANOVA P=.38). Among 156 nurses, 82 (52.6%) regularly engaged with Shapley Additive Explanations; this engagement was positively associated with satisfaction (Pearson r=0.456; P<.001). The WSA across 7 configurations confirmed that the consensus-derived default weights achieved the highest composite quality score (mean 82.1, SD 3.2) and that disparate impact ratios remained within the 0.80-1.25 fairness threshold across all configurations (P=.12), demonstrating structural robustness of the fairness-auditing module.<h4>Conclusions</h4>This study presents the first longitudinally validated explainable AI implementation framework for nurse scheduling with formal algorithmic fairness auditing and WSA. The XAI-NSDSS framework is replicable, scalable, and provides a practical blueprint for responsible AI adoption in health care workforce governance, with fairness guarantees that are robust to institutional customization of optimization priorities.",Shia BC; Peng SM; Zhang QY; Lo CY; Wang SR,"Graduate Institute of Business Administration, College of Management, Fu Jen Catholic University, New Taipei City, Taiwan.",JMIR nursing,2026-07-02,10.2196/94450,4.5,"dashboard(abstract); artificial intelligence(kw,abstract)",Decision Support Systems; Workforce Management; Implementation Science; Nurse Scheduling; Explainable Artificial Intelligence; Algorithmic Fairness; Workload Equity
42400691,Intraoperative technological advances and new frontiers in precision glioma surgery.,"<h4>Background</h4>Diffuse gliomas remain among the most surgically challenging tumors, characterized by their infiltrative nature, proximity to eloquent brain structures, and the formidable barrier posed by the BBB to systemic therapeutic delivery. Maximizing extent of resection (EOR) while preserving neurological function remains a central determinant of survival and quality of life, and the iterative integration of intraoperative technologies into surgical practice has become essential to achieving this balance.<h4>Methods</h4>We performed a comprehensive narrative review of established and emerging intraoperative technologies for glioma surgery, organized around two clinical imperatives: optimizing tumor delineation and safe resection, and enhancing local therapeutic delivery.<h4>Results</h4>Awake craniotomy with direct electrical stimulation remains the gold standard for preserving eloquent cortex and subcortical tracts, consistently reducing postoperative neurological deficits while increasing gross total resection rates. Fluorescence-guided surgery with 5-ALA and fluorescein enhances real-time tumor margin visualization, and their combined use achieves greater EOR than either agent alone. Intraoperative MRI compensates for progressive brain shift and, when used alongside 5-ALA, provides the strongest currently available platform for maximizing safe resection. Augmented reality navigation further enhances spatial orientation by overlaying 3D virtual anatomy directly onto the operative field. Emerging tissue characterization tools, including stimulated Raman histology, confocal laser endomicroscopy, and AI-based platforms such as FastGlioma and DeepGlioma, enable rapid intraoperative molecular diagnosis without the delays of conventional frozen section pathology. For therapeutic delivery, low-frequency focused ultrasound and convection-enhanced delivery bypass the BBB to achieve high local drug concentrations, while endovascular intra-arterial infusion enables targeted delivery across the tumor vascular territory. Photodynamic and sonodynamic therapy generate localized cytotoxic effects within the resection cavity at the time of surgery. Intraoperative brachytherapy with Cesium-131 tile implants delivers conformal radiation at the time of resection and may potentiate antitumor immunity. Laser interstitial thermal therapy combines cytoreduction with sustained BBB disruption, creating a therapeutic window for otherwise CNS-impermeant agents including checkpoint inhibitors.<h4>Conclusion</h4>The deliberate integration of these complementary modalities into a phase-organized intraoperative workflow, spanning preoperative planning, real-time resection guidance, intraoperative margin and tissue assessment, and post-resection locoregional therapeutic delivery, defines the emerging paradigm of precision glioma surgery. Realizing the full potential of this framework will require prospective validation of combinatorial strategies, standardization of technology integration protocols, and rigorous evaluation of neurological and oncological outcomes.",Faraj CA; Young CC; Beckham TH; Weinberg JS,"Department of Neurosurgery, The University of Texas MD, Anderson Cancer Center, 1400 Holcombe Blvd. FC7.2036, Houston, TX, 77030, USA.",Journal of neuro-oncology,2026-07-04,10.1007/s11060-026-05686-1,4.5,visualization(abstract); visual(abstract); artificial intelligence(kw),Artificial intelligence; Glioma; Brachytherapy; Focused ultrasound; Fluorescence-guided Surgery; Intraoperative Mri; Extent Of Resection; Endovascular Surgical Neuro-oncology
42377457,Machine learning-assisted SERS for rapid and accurate early screening of cervical cancer.,"Early and accurate screening of cervical cancer (CC) is critical for improving patient prognosis and reducing mortality, and there is an urgent clinical demand for noninvasive, sensitive, and reliable detection methods. In this study, a serum detection platform based on surface-enhanced Raman scattering (SERS) was constructed, and a principal component analysis-multiple kernel support vector machine-grid search (PCA-MKSVM-GS) model was established to realize accurate and stable identification of cervical cancer patients. High-performance Ag nanocube arrays (AgNC arrays) were fabricated as SERS-active substrates to effectively acquire serum molecular fingerprint information. Serum SERS spectra were collected from cervical cancer patients and healthy subjects, and subsequently subjected to spectral preprocessing including noise reduction, baseline correction, and normalization. The preprocessed spectra were imported into the model, where PCA performed feature extraction and dimensionality reduction, MKSVM enhanced the nonlinear fitting ability for complex spectral features, and GS automatically optimized the hyperparameters of the model. The accuracy evaluation, feature visualization analysis, and ablation experiments verified that the proposed platform achieved good classification performance with an accuracy of 97.1%. Furthermore, key characteristic peaks for early cervical cancer were successfully captured from the loading plots. This method provided a noninvasive, feasible, and efficient spectral detection strategy for early clinical screening and auxiliary diagnosis of cervical cancer, and exhibited good application potential. It is expected to serve as a promising auxiliary tool for clinical translation of SERS-based cancer diagnosis.",Cao D; Shi F; Huang Y; Zhang L; Ge M; Lu H,"School of Information Engineering, Yangzhou Polytechnic Institute, Yangzhou, 225002, China.",Analytical and bioanalytical chemistry,2026-06-30,10.1007/s00216-026-06619-7,4.1,visualization(abstract); visual(abstract); machine learning(title),Principal component analysis; Cervical cancer; Surface-enhanced Raman Scattering; Multiple Kernel Support Vector Machine; Grid Search
42384344,GeneQuantify: a web-based tool for qPCR gene expression and copy number variation analysis.,"Quantitative polymerase chain reaction (qPCR) is an indispensable tool in clinical biochemistry laboratories for gene expression and copy number variation (CNV) analyses. However, the interpretation of qPCR data including normalization, rigorous statistical testing, and professional visualization typically requires advanced bioinformatics expertise. This study aimed to develop a user-friendly, web-based platform that integrates robust statistical frameworks and quality control modules for streamlined and standardized qPCR data evaluation. GeneQuantify is freely accessible at https://GeneQuantify.streamlit.app/ and its source code is openly available at https://github.com/burhanettiny/GeneQuantify (GPL-3.0 license). GeneQuantify, a web-based application developed using Python and Streamlit, allows for the input of target and reference gene Cq values via manual entry or direct import from spreadsheet software or standardized RDML/RDES file formats. The platform automatically calculates ΔCq, ΔΔCq, and relative expression levels using the 2<sup>^(-ΔΔCq)</sup> method. Integrated features include multi-reference gene normalization (geNorm), automated outlier detection (Grubbs' test or Interquartile Range), and amplification efficiency correction (Pfaffl model). ΔCt values are subjected to normality (Shapiro-Wilk) and variance homogeneity (Levene's) testing to ensure statistical validity. The platform features an automated statistical decision pipeline (Shapiro-Wilk → Levene → t/Welch/Mann-Whitney/ANOVA/Kruskal-Wallis) with Bonferroni and Benjamini-Hochberg FDR corrections. A six-language interface (Turkish, English, German, French, Spanish, and Arabic) ensures international accessibility. Platform accuracy was validated against manual Excel-based calculations across seven predefined test scenarios, yielding consistent results in all cases. GeneQuantify provides a highly accessible, integrated qPCR analysis environment that consolidates automated calculations, quality control, statistical decision-making, and visualization. By aligning with MIQE guidelines and offering RQ-based automated statistical selection, the platform enhances reproducibility, transparency, and workflow efficiency in molecular research, clinical biochemistry, and educational settings.",Yalçınkaya B,"TUBITAK National Metrology Institute (TUBITAK UME), Gebze, Kocaeli, Turkey. burhanettin.yalcinkaya@tubitak.gov.tr.",Molecular and cellular biochemistry,2026-07-01,10.1007/s11010-026-05621-y,4.0,visualization(abstract); visual(abstract); data(abstract); informatics(abstract),relative quantification; Gene Expression; Qpcr; Copy Number Variation; Genorm; Miqe; Web-based Tool; Statistical Automation
42400421,Research Trends in Medical Teachers' Digital Literacy: A Bibliometric Analysis.,"ObjectiveThis study aimed to analyze the hotspots of research in the digital literacy of medical teachers and provide references for its development.MethodsThe Web of Science Core Collection database was searched for works published between January 2021 and December 2025 using ""digital literacy/digital competence"", ""medical education/health professions education"", and ""teacher"" as subject terms. NoteExpress version 3.0 was employed for literature management and deduplication, and CiteSpace 6.3.R1 was used for bibliometric analysis and knowledge map visualization. Indicators such as annual publication trends, country/institution distribution, keyword clustering, and burst detection were established, and visual maps were drawn.ResultsThe annual number of publications on the digital literacy of medical teachers increased from January in 2021 to December in 2025, and 6,452 eligible studies were identified in total. The top five countries in terms of cumulative publication output were the United States, China, the United Kingdom, Australia, and Germany. The top five high-frequency keywords were digital literacy (945 occurrences), literacy (657 occurrences), technology (478 occurrences), health literacy (418 occurrences), and education (401 occurrences). Ten keyword clustering themes were identified, namely digital health, digital literacy, information literacy, integration of digital tools with multimodal resources, artificial intelligence, health equity, higher education, health literacy, social media, and financial literacy. Based on the results of keyword burst detection in recent years, current research hotspots were identified as university students, risk factors, adolescents, digital literacy, and pedagogy.ConclusionResearch on the digital literacy of medical teachers is growing fast, centering on literacy connotation, competency development, and technological integration, with hotspots shifting to research subjects, practical teaching, and ethical risk management. Current studies are mostly single-country-based and characterized by weak international cooperation and inadequate standardized evaluation systems. Future research needs more cross-border collaboration, discipline-specific assessment tools, and digital education risk prevention.",Wang S; Yu S; Wang Y; Wang S; Zhou J,"Teaching Office of Zhongnan Hospital of Wuhan University, Wuhan University, Wuhan, China.","Inquiry : a journal of medical care organization, provision and financing",2026-07-04,10.1177/00469580261463990,4.0,visualization(abstract); visual(abstract); artificial intelligence(abstract); data(abstract),"Medicine; Medical education; bibliometrics; Literacy,digital Literacy"
42370731,MeLSI: Metric Learning for Statistical Inference in microbiome community composition analysis.,"Microbiome beta diversity analysis relies on distance-based methods, including permutational multivariate analysis of variance (PERMANOVA) combined with fixed ecological distance metrics (Bray-Curtis, Euclidean, Jaccard, and UniFrac), which treat all microbial taxa uniformly, regardless of their biological relevance to community differences. This ""one-size-fits-all"" approach may miss subtle but biologically meaningful patterns in complex microbiome data. We present Metric Learning for Statistical Inference (MeLSI), a novel machine learning framework that learns data-adaptive distance metrics optimized for detecting community composition differences in multivariate microbiome analyses. MeLSI employs an ensemble of weak learners using bootstrap sampling, feature subsampling, and gradient-based optimization to learn optimal feature weights, combined with rigorous permutation testing for statistical inference. The learned metrics can be used with PERMANOVA for hypothesis testing and with principal coordinates analysis for ordination visualization. Comprehensive validation on synthetic benchmarks and real data sets shows that MeLSI maintains proper type I error control while delivering competitive or superior statistical power for detecting subtle community shifts and, crucially, supplies interpretable feature-weight profiles that clarify which taxa drive group separation. On the DietSwap data set, MeLSI was the only method to achieve significance at α = 0.05, demonstrating that adaptive weighting can detect diet-induced community shifts that fixed metrics miss. Across all data sets, the learned feature weights identified biologically relevant taxa while providing actionable insight that no fixed distance metric can supply. MeLSI therefore offers a statistically rigorous tool that augments beta diversity analysis with transparent, data-driven interpretability.IMPORTANCEUnderstanding which microbes differ between groups of interest could reveal therapeutic targets and diagnostic biomarkers. However, current analysis methods treat all microbes equally (similar to using the same ruler to measure everything, regardless of what matters most). This means subtle but biologically important differences may go undetected, especially when only a few key species drive disease states while hundreds of ""bystander"" species add noise. Metric Learning for Statistical Inference (MeLSI) solves this by learning which microbes matter most for each specific comparison. In comparing male and female gut microbiomes, MeLSI identified specific bacterial families driving the differences, providing actionable biological insights that standard methods miss. This capability is particularly crucial for detecting early disease biomarkers, where differences are subtle and masked by biological variability. By telling researchers not just whether groups differ, but which specific microbes drive those differences, MeLSI accelerates the path from microbiome data to testable biological hypotheses and clinical applications.",Bresette N; Ericsson AC; Woods C; Lin A-L,"Roy Blunt NextGen Precision Health, University of Missouri, Columbia, Missouri, USA.",mSystems,2026-06-29,10.1128/msystems.00407-26,4.0,visualization(abstract); visual(abstract); machine learning(abstract); data(abstract),beta diversity; community composition; Permutation Testing; Metric Learning; Permanova; Distance Metrics; Microbiome Analysis
42383167,Evolving techniques to optimize ERCP-based sampling and evaluation of malignant biliary strictures.,"Endoscopic retrograde cholangiopancreatography (ERCP)-based tissue acquisition is the cornerstone for assessment of suspected malignant biliary strictures. Conventional techniques, including biliary brush cytology and transpapillary forceps biopsy, are highly specific but are limited by modest sensitivity for detection of malignancy, often leaving a substantial proportion of individuals without a definitive diagnosis. To improve diagnostic sensitivity for cancer, several adjunctive approaches have been integrated into ERCP-based sampling. Peroral cholangioscopy (POC)-guided biopsies have become a reliable ERCP-based adjunctive modality, allowing direct visualization and targeted sampling, particularly in individuals with prior nondiagnostic procedures. Fluorescence <i>in situ</i> hybridization (FISH) is a technique used to improve diagnostic yield with biliary brushings by detecting chromosomal abnormalities, but is limited to specialized centers due to the need for specialized processing and training. Next-generation sequencing provides high sensitivity and can enable identification of actionable genomic alterations, while methylated DNA markers represent a promising, scalable molecular approach with strong diagnostic performance. Additional techniques include artificial intelligence-augmented direct visualization by POC and bile-based liquid biopsy. Current guidelines recommend multimodal ERCP-based sampling, combining at least two modalities where feasible, to optimize diagnostic accuracy. This review highlights the clinical performance, strengths, and limitations of established and emerging ERCP-guided techniques, emphasizing their evolving role in improving the diagnosis and management of malignant biliary strictures.",Guralwar C; Aggarwal M; Kaur J; Chandrasekhara V,"Division of Gastroenterology and Hepatology, Department of Medicine, Mayo Clinic, Rochester, MN 55905, United States.",Gastroenterology report,2026-06-30,10.1093/gastro/goag067,3.5,visualization(abstract); visual(abstract); artificial intelligence(abstract),DNA methylation; Cholangiocarcinoma; Jaundice; Next-generation Sequencing; Pancreatic Ductal Carcinoma; Liquid Biopsy
42385955,Optimization of a mobile application for the management of hepatitis D based on patient experience: an observational study in a hepatology cohort.,"Chronic hepatitis caused by the hepatitis D virus (HDV) represents one of the most aggressive forms of viral liver disease, associated with accelerated progression to cirrhosis and an increased risk of hepatocellular carcinoma. Its management is not yet well standardized, which justifies the exploration of digital tools to improve the care of these patients.<h4>Objective</h4>To evaluate the user experience, perceived usefulness, and usability of the NORA mobile application in patients with HBV and/or HDV infection, as well as to analyze the determinants of non-use from a patient-centered perspective.<h4>Patients and methods</h4>Cross-sectional observational study conducted in outpatient hepatology clinics. A total of 52 patients were included (19 users, 11 non-users, and 22 new users). Sociodemographic, clinical, and app usage variables were collected. Usability was assessed using the Mobile App Usability Questionnaire (MAUQ).<h4>Results</h4>Users rated the application positively (MAUQ 5.07 ± 1.43), particularly highlighting the quality-of-life and education modules, while biometric modules were the least used. The main improvements proposed included expanded educational content (57.9%), improved data visualization (31.6%), and greater communication with the healthcare team (21.1%). Lack of motivation was the main barrier among non-users (72.7%). Expectations exceeded actual use in most modules, suggesting areas for improvement. Adoption was associated with detectable HDV RNA and recent follow-up.<h4>Conclusions</h4>NORA is a well accepted tool among users and is perceived as useful for the follow-up of patients with HDV. Optimizing aspects related to education, communication, and functionality could further enhance its impact in telemedicine. However, the methodological limitations of the study prevent any conclusions from being drawn regarding its clinical impact.",Romero-Vico J; Duarte B; Vargas-Accarino E; Palom A; Fabrellas N; Buti M,"Grupo de investigación en enfermedades hepáticas, Vall d'Hebron Research Institute (VHIR). Passeig Vall d'Hebron 119- 129, 08035, Barcelona, España; Departament d'Infermeria i Salut, Universitat de Barcelona. Carrer del Rosselló, 121, 08029, Barcelona, España. Electronic address: Judit.vico@vhir.org.",Gastroenterologia y hepatologia,2026-07-01,10.1016/j.gastrohep.2026.502826,3.0,visualization(abstract); visual(abstract); data(abstract),Hepatitis D virus; Patient education; Telemedicine; Usability; Telemedicina; Clinical Follow-up; Mobile Health Application; Educación Del Paciente; Aplicación Móvil; Usabilidad; Virus De La Hepatitis D; Seguimiento Clínico
42394939,Access without approval: state-level determinants of peptide availability in sexual medicine.,"<h4>Background</h4>Despite increasing use of peptides in sexual medicine, interstate differences in access are not fully explained by federal approval status and may instead reflect variation in state-level healthcare delivery structures.<h4>Aim</h4>To systematically compare state-level environments affecting access to peptide-based sexual medicine therapies using objective proxy measures and to generate a clinician-friendly framework for identifying geographic disparities.<h4>Methods</h4>We conducted a cross-sectional, state-level analysis of all 50 U.S. states and the District of Columbia. Access environments were characterized using three reproducible proxy variables reflecting clinical feasibility of care: (1) telehealth prescribing permissiveness, (2) nurse practitioner (NP) practice authority, and (3) availability of FDA-registered 503B outsourcing facilities normalized by population. Each variable was coded on a standardized scale and averaged to generate a compositive Peptide Access Environment Score (PAES). States were stratified into high-, moderate-, and low-access tiers. Regional differences were evaluated using nonparametric statistical testing and geographic visualization.<h4>Outcomes</h4>Primary outcomes included state-level PAES values and access tier classification. Secondary outcomes included regional variation and concordance between telehealth regulation and compounding infrastructure.<h4>Results</h4>PAES values ranged from 0.33 to 1.56, demonstrating substantial interstate variability. High-access environments clustered predominantly in the Northeast and West, while low-access states were most frequently observed in the South and parts of the Midwest. Regional differences in PAES were statistically significant (p < .001). Discordance between telehealth prescribing permissiveness and compounding infrastructure was identified, with multiple states permitting telehealth initiation of care despite lacking in-state 503B facilities, and others possessing compounding capacity but maintaining restrictive telehealth regulations.<h4>Clinical implications</h4>State-level healthcare delivery policies and infrastructure may meaningfully influence patient access to peptide-based sexual medicine therapies independent of peptide-specific regulatory status.<h4>Strengths and limitations</h4>Strengths include a transparent, reproducible methodology using publicly available data and a clinically grounded, multidimensional access framework. Limitations include reliance on proxy measures, exclusion of physician assistant autonomy, and inability to assess within-state socioeconomic or urban-rural heterogeneity.<h4>Conclusion</h4>Interstate differences in telemedicine permissiveness, NP practice authority, and compounding infrastructure are associated with significant geographic disparities in access to peptide-based sexual medicine therapies in the United States.",Quesada SG; Ahmed Z; Nakamura HS; Kadakia YH; Chawareb EA; Hammad MAM; Andino JJ; Hsieh TM; Mills JN; Yafi FA,"Department of Urology, University of California, Irvine, CA, 92868, United States.",Sexual medicine,2026-07-02,10.1093/sexmed/qfag050,3.0,visualization(abstract); visual(abstract); data(abstract),Peptides; Drug Compounding; Telemedicine; Health Policy; Nurse Practitioners; Off-label Use; Sexual Medicine; Health Care Accessibility
42374472,Determinants of digital home spirometer use and quality parameters in management of patients with chronic obstructive respiratory disease and asthma in general practice: a mixed methods study.,"<h4>Background</h4>Determinants of telemedicine applications use by general practice patients with chronic respiratory diseases are not yet fully known. The aim of this study was twofold: (a) to assess facilitators and barriers for the use of digital home spirometers in primary care, and (b) to evaluate parameters for process quality in implementing guideline-recommended care in daily practice.<h4>Methods</h4>The study was evaluated using a mixed-methods design. Patients with bronchial asthma or chronic obstructive pulmonary disease were instructed to take daily measurements using a digital home-spirometry device. Primary care physicians regularly controlled spirometry data using a digital monitoring portal. Telephone interviews were conducted with patients and healthcare professionals. Qualitative analysis of the transcripts was based on content analysis. Quantitative data included the assessment of quality indicators in the beginning (t0) and at the end (t1) of each individual's participation in the study, the Patient Assessment of Chronic Illness Care Short-Version (t0) and reasons for use/non-use of the spirometer (t1). Logistic regression was performed to determine predictors of use according to instructions.<h4>Results</h4>Altogether, 127 patients participated in the study; the average age was 59 years, 61% (n = 78) of participants were female. 21 telephone interviews with patients and healthcare professionals were conducted. Facilitators included: sense of obligation, habituation, visualization of progression, self-efficacy, physician contacts, remote treatment, and positive aspects of integration into daily practice. Barriers included: understanding of the disease, dyspnea, as well as project and technical requirements. Care providers considered time-consuming procedures and clinical assessability as barriers. At t0 and t1, approximately one third of respondents (33% resp. 36%) stated that they had received disease-specific training, and 57% stated in both cases that they had gotten the annual influenza vaccination. Logistic regression revealed that duration of disease (OR 0.96; CI 95% 0.93; 0.99), a daily measurement being too strenuous (OR 0.165; CI 95% 0.04; 0.076), and the fact that measurements could not be taken while away from home (OR 0.235; CI 95% 0.07; 0.75) to be negative predictors of use according to instructions.<h4>Conclusions</h4>For the patients in the study, digital applications improved self-efficacy and self-control. However, a better understanding of these applications and additional medical feedback could be helpful for the patients using such digital applications. The evaluation of process quality parameters showed potential for improving rates of disease-related education and influenza vaccination.",Cummerow J; Strobel CJ; Goetz K; Steinhäuser J,"Institute of Family Medicine, University of Luebeck, Ratzeburger Allee 160, 23538, Luebeck, Schleswig-Holstein, Germany.",BMC health services research,2026-06-30,10.1186/s12913-026-15048-2,3.0,visualization(abstract); visual(abstract); data(abstract),Chronic disease; Bronchial Asthma; Primary Care; Telemedicine; chronic obstructive pulmonary disease; Health Service Research
42386327,Patient-centred approach to improve colorectal cancer screening (CRC) in resource-limited communities.,"<h4>Introduction</h4>The aim of this quality improvement initiative was to increase colorectal cancer (CRC) screening rates from 17.75% and 28.45% to 40% in patients aged 45-49 years and 50-75 years, respectively, at a resource-limited primary care clinic within 1 year. We identified a major gap in CRC screening in both age groups (45-49 and 50-75 years).<h4>Methods</h4>We implemented multifaceted, patient-centred interventions in a community clinic serving a diverse population. The intervention incorporated the use of stool-based testing (faecal immunochemical test and multi-targeted stool DNA test), colonoscopy referrals, patient navigation, multilingual education, electronic health record alerts and a real-time tracking dashboard. The primary outcome measure was CRC screening completion rates. Colonoscopy and stool test completion rates were the process measures.<h4>Results</h4>In 45-49 years, we observed a sustainable, steady increase in CRC screening rates from 17.75% (n=400) to 41.25% during the study period and 59.50% 6 months poststudy, with a median rate of 52.38% in a run chart and a mean of 37.00% in the statistical process control (SPC) chart. In 50-75 years, we observed a sustainable increase in CRC screening rate from 28.45% (n=2879) to 46.16% during the study period and to 61.06% 6 months poststudy, with a median rate of 55.47% in a run chart and mean of 43.00% in a SPC chart. In 45-49 years, colonoscopy completion rates increased from the baseline rate of 25.93% (n=108) to 37.04% during the study period and to 43.52% 6 months poststudy. In 50-75 years, colonoscopy completion rates increased from the baseline rate of 74.01% (n=654) to 92.05% during the study period and to 97.55% 6 months poststudy.<h4>Conclusions</h4>We exceeded our goals to increase CRC screening in both age groups. Patient-centred care and system-integrated interventions may substantially increase CRC screening among underserved individuals.",Arman O; Reynolds JL; Gudleski GD; Bakhai S,"Internal Medicine, University at Buffalo, Jacobs School of Medicine and Biomedical Sciences, Buffalo, New York, USA.",BMJ open quality,2026-07-01,10.1136/bmjoq-2025-004024,3.0,dashboard(abstract); electronic health record(abstract),General Practice; Qualitative Research; Continuous Quality Improvement
41565357,Superiority of Ferumoxytol MRI over Precontrast Imaging in Patients with Malignant Brain Lesions.,"<h4>Background and purpose</h4>Patients with suspected brain tumors typically undergo an MRI with an IV contrast agent to detect regions of disrupted BBB caused by the tumor. Gadolinium-based contrast agents are standard for enhancing lesion visualization but may be contraindicated in patients with renal insufficiency. Ferumoxytol is an iron oxide nanoparticle approved for the treatment of iron deficiency anemia, and unlike gadolinium-based contrast agents, is not contraindicated in patients with renal impairment. Our study aimed to evaluate whether ferumoxytol-enhanced MRI is superior to precontrast imaging for structural delineation of intra-axial malignant brain lesions.<h4>Materials and methods</h4>This was a prospective, blinded reread study of MR images from patients with known or suspected intra-axial primary malignant or metastatic brain tumors, enrolled in an Institutional Review Board-approved research study, to support an FDA New Drug Application. Following FDA guidance, 3 independent neuroradiologist readers, blinded to contrast agent information, evaluated brain lesions of randomly ordered ferumoxytol-enhanced, gadolinium-enhanced, or precontrast images in separate reading sessions organized by an independent contract research organization. The 3 primary end points were the degree of contrast enhancement (CE), border delineation (BD), and the internal morphology (IM) of lesions, assessed using a 4-point visualization scale (1 = none/poor; 4 = excellent).<h4>Results</h4>In total, 153 patients were enrolled in the study (median age, 54 years; 57% men; 92% white). All 3 readers scored ferumoxytol-enhanced MR images significantly higher than the precontrast images for visualizing lesions (<i>P</i> < .001 for each primary end point). Average mean scores across readers for ferumoxytol-enhanced images were 2.8 for CE, 3.0 for BD, and 2.6 for IM, compared with 1.0, 2.1, and 1.7, respectively, for the precontrast images (<i>P</i> < .001 for all). Safety data indicated that ferumoxytol administration was well-tolerated with adverse events consistent with its profile as an iron-replacement therapy.<h4>Conclusions</h4>This study provides robust evidence that ferumoxytol-enhanced MRI improves lesion visualization compared with precontrast imaging. Ferumoxytol, as an MRI contrast agent in brain tumor imaging, may provide a valuable clinical alternative to gadolinium-based contrast agents in appropriate patient groups.",Strauss WE; Fu R; Szidonya LK; Muir L; Huddleston AM; Branton DN; Neuwelt EA,From an independent consultancy (W.E.S.) williamestrauss@gmail.com.,AJNR. American journal of neuroradiology,2026-07-01,10.3174/ajnr.a9172,3.0,visualization(abstract); visual(abstract); data(abstract),
42398115,Direct targeting for focused ultrasound thalamotomy in the treatment of movement disorders.,"<h4>Objective</h4>Accurate targeting of the ventral intermediate nucleus (VIM) remains a critical challenge in thalamotomy for essential tremor (ET) and tremor-dominant Parkinson's disease (TDPD). Indirect atlas-based methods suffer from anatomical variability and poor visualization of thalamic substructures. Here, the authors evaluated the clinical impact of a direct targeting strategy enabled by fast gray matter acquisition T1 inversion recovery (FGATIR) imaging in MR-guided focused ultrasound (MRgFUS) thalamotomy.<h4>Methods</h4>The authors conducted a retrospective cohort study of adult patients who underwent first-time MRgFUS thalamotomy for ET or TDPD at the Oregon Health & Science University between August 2023 and January 2025. Patients treated with FGATIR-guided direct targeting (n = 64, 40 males) were matched to a cohort treated using indirect targeting combined with physiological mapping (n = 52, 36 males). Data were collected from intraoperative recordings and postprocedural imaging, as well as at 1-day, 1-month, and 3-month follow-up evaluations. Procedural efficiency, lesion and edema characteristics, tract involvement, clinical outcomes, and adverse events were assessed.<h4>Results</h4>FGATIR-guided direct targeting significantly reduced the number of sonications (-22%), total sonication time (-32%), and overall procedural duration (-33%) compared with indirect targeting. Lesion volumes (-21%) and perilesional edema (-28%) were smaller in the direct targeting group with less impingement on the internal capsule and medial lemniscus. Direct targeting resulted in a lower incidence of acute balance (-31%), weakness (-25%), sensory (-34%), and speech (-12%) deficits while producing a 14% greater quantitative tremor reduction. Both groups achieved similar subjective tremor control.<h4>Conclusions</h4>FGATIR-based direct targeting improves the safety, precision, and efficiency of MRgFUS thalamotomy without compromising clinical benefit. The FGATIR sequence is widely available on 1.5T and 3T Siemens MRI systems, and this method may be adapted for use with other targets for stereotactic ablation. This direct targeting technique would also be applicable to other forms of thalamotomy, such as Gamma Knife radiosurgery and radiofrequency, further expanding its utility. Direct targeting represents a scalable and patient-centered advancement for stereotactic thalamotomy.",Cahill J; Useinovic N; Toader A; Minns HE; Shafie B; Henn MC; Lipson A; Cleary DR,"1Department of Neurological Surgery, Oregon Health & Science University, Portland.",Journal of neurosurgery,2026-07-03,10.3171/2026.2.jns252280,3.0,visualization(abstract); visual(abstract); data(abstract),Anatomy; HIFU; Surgical Technique; Gamma Knife Radiosurgery; High-intensity Focused Ultrasound; Stereotactic Radiosurgery; Mrgfus; Functional Neurosurgery; Thalamotomy; Mr-guided Focused Ultrasound
42370759,Transperineal Ultrasound Evaluation of Pelvic Floor Anatomy in Transgender Women After Penile Inversion Vaginoplasty: A Pilot Study.,"<h4>Aims</h4>Penile inversion vaginoplasty is the most commonly performed gender-affirming surgery in transgender women and results in the creation of a neovaginal canal while preserving several pelvic structures, including the urethra, prostate, and elements of erectile tissue. However, postoperative pelvic floor anatomy in transgender women has not been well characterized using functional imaging techniques. The aim of this study was to describe pelvic floor anatomy on transperineal ultrasound in transgender women after penile inversion vaginoplasty and to evaluate the feasibility and interobserver reproducibility of selected ultrasound measurements.<h4>Methods</h4>This pilot cross-sectional study included transgender women who had undergone penile inversion vaginoplasty at least 6 months prior to evaluation. Participants underwent a standardized transperineal pelvic floor ultrasound. Anatomical landmarks, including the urethra, bladder, prostate, residual erectile tissue, neovagina, anal canal, and levator ani muscle, were identified in the midsagittal plane. Measurements included urethral length and thickness, urethral angle, bladder neck position, rectal ampulla position, detrusor thickness, postvoid residual volume and neovaginal parameters. Ultrasound volumes were analyzed offline by two independent observers blinded to clinical data. Interobserver reproducibility was assessed using intraclass correlation coefficients (ICC).<h4>Results</h4>Ten participants were included. Pelvic floor structures were consistently identifiable on transperineal ultrasound in all participants. The urethra, prostate, neovaginal canal, and residual erectile tissue could be reliably visualized in the midsagittal plane. Quantitative measurements demonstrated good to excellent interobserver reproducibility for most parameters (ICC: 0.72-0.99). The spatial relationship between the neovagina, urethra, and rectum could be clearly assessed, allowing characterization of the postoperative pelvic floor configuration.<h4>Conclusions</h4>Pelvic floor ultrasound is a feasible and reproducible imaging modality for the evaluation of pelvic floor anatomy in transgender women after penile inversion vaginoplasty. This technique enables detailed visualization of the neovagina and adjacent pelvic structures and may represent a useful tool for postoperative anatomical assessment and for the investigation of lower urinary tract and pelvic floor symptoms in this population.<h4>Clinical trial registration</h4>Not applicable. This study is an observational pilot study and was not registered as a clinical trial.",Carmona Ruiz A; Pallarols Badia M; Huguet Galofré E; Oteros Rodríguez B; Urquizú X; Porta Roda O; Cassadó Garriga J,"Department of Obstetrics and Gynecology, Fundació Assistencial Mútua Terrassa, Terrassa, Spain.",Neurourology and urodynamics,2026-06-29,10.1002/nau.70346,3.0,visualization(abstract); visual(abstract); data(abstract),Vaginoplasty; Neovagina; Pelvic Floor Ultrasound; Transgender Women; Sex Reassignment Procedures
42393548,Development and validation of a prediction model for atrial fibrillation recurrence after radiofrequency ablation: integrating echocardiographic and clinical indicators.,"<h4>Background</h4>Radiofrequency ablation (RFA) is an established treatment for symptomatic atrial fibrillation (AF), yet post-ablation recurrence remains a significant clinical challenge. This study aimed to develop and internally validate a prediction model for post-RFA AF recurrence by integrating echocardiographic parameters and clinical indicators, and to explore potential nonlinear associations of key indices for risk stratification.<h4>Methods</h4>A total of 532 consecutive patients who underwent first-time RFA for AF between January 2022 and October 2024 were retrospectively enrolled. The database was locked on October 31, 2025, ensuring a complete 12-month follow-up for all patients. Post-ablation recurrence was defined as any documented AF episode lasting ≥ 30 s on electrocardiogram (ECG) or 24-hour Holter monitoring, occurring after a 3-month blanking period. Independent predictors were identified by forward stepwise multivariable logistic regression (α-in = 0.05, α-out = 0.10), and a nomogram was constructed for model visualization. Internal validation was performed using 1000 bootstrap resamples. Model performance was assessed by the area under the receiver operating characteristic curve (AUC), calibration plots, decision curve analysis (DCA), and clinical impact curves (CIC). Restricted cubic spline (RCS) analysis with 3 quantile knots was used to explore the non-linear associations between left atrial diameter (LAD), left atrial sphericity index (LASI) and post-ablation recurrence risk. Inter- and intra-observer consistency of echocardiographic measurements was verified by intraclass correlation coefficient (ICC).<h4>Results</h4>LAD, LASI (per 0.1 unit increase), AF duration category, and CHA₂DS₂-VASc score were identified as independent predictors of post-RFA AF recurrence (CHA₂DS₂-VASc, LAD, AF duration: all P < 0.001; LASI: P = 0.001). The model equation was: logit(p) = -9.093 + 0.281 × (CHA₂DS₂-VASc score) + 0.081 × (LAD) + 0.569 × (LASI, per 0.1 unit) + Σβk × (AF duration group). The model exhibited moderate discriminatory ability (AUC = 0.752; 95% CI: 0.708-0.796). DCA showed higher net benefit than the treat-all and treat-none strategies across threshold probabilities of 0.10-0.60, and CIC indicated that at thresholds between 0.10 and 0.30 the model identified approximately 250-330 true positive cases per 1000 patients. At the Youden‑based optimal cut-off (0.35), PPV and NPV were 48.2% and 82.5%. RCS analysis revealed a nonlinear threshold effect for LAD, with recurrence risk increasing sharply above 50 mm (inter-observer ICC = 0.92; intra-observer ICC = 0.95). For LASI, the association was predominantly linear, with a visual bend near 0.78 that lacked statistical support (nonlinearity P = 0.9516; inter-observer ICC = 0.90; intra-observer ICC = 0.93).<h4>Conclusions</h4>This internally validated prediction model, integrating LAD, LASI, AF duration category, and CHA₂DS₂-VASc score, demonstrated moderate discrimination and adequate calibration, with higher net benefit than default strategies on decision curve analysis. LAD showed an exploratory nonlinear inflection near 50 mm, whereas LASI showed a predominantly linear association; the bend near 0.78 is only a hypothesis-generating observation. These findings require rigorous external validation before any clinical application. The nomogram offers a tool for research-oriented risk estimation, pending multicenter confirmation.",Congying D; Muqi Y; Dinghua W; Sheng G; Chengcheng L,"Department of Ultrasound Imaging, Zhongshan City People's Hospital, No. 23, Sun Wenzhou East Road, Shiqi District, Zhongshan City, Guangdong Province, 528403, China.",BMC cardiovascular disorders,2026-07-02,10.1186/s12872-026-06126-8,3.0,visualization(abstract); visual(abstract); data(abstract),Prediction model; Atrial fibrillation; Radiofrequency Ablation; Clinical Utility; Post-operative Recurrence; Left Atrial Diameter; Bootstrap Validation; Left Atrial Sphericity Index
42398437,Bacteriological profile of secondary infections following snakebite envenomation's: A systematic literature review.,"<h4>Introduction</h4>Secondary infection is a significant complication of snakebite envenomation, with considerable impact on clinical outcomes. Identifying the bacterial agents involved is essential for appropriate case management. Notably, the published literature on bacteriological profiles of snakebite secondary infections is geographically skewed toward South and Southeast Asia and Brazil, with marked underrepresentation of data from sub-Saharan Africa and Central America - regions that bear a disproportionate share of the global snakebite burden.<h4>Methods</h4>Two systematic literature reviews were conducted independently in pairs using the BVS (LILACS and Medline), PubMed, and CAPES Journals databases. One review focused on identifying bacteria present in the oral cavity of snakes, and the other on bacteria involved in secondary infections, with results categorized by Old World and New World regions.<h4>Results</h4>In the New World, 35 bacterial genera and 9 snake genera were reported across the included studies examining oral cavity samples; in the Old World, 65 bacterial genera and 28 snake genera were reported in the available literature. Regarding secondary infections in patients, 18 bacterial genera and 3 snake genera were reported in the New World literature, while 21 bacterial genera and 5 snake genera were documented in Old World studies. These counts represent cumulative diversity reported across heterogeneous studies and should not be interpreted as estimates of true ecological richness. Some snake species harbored more than 20 distinct bacterial genera in their oral cavities, leading to broad-spectrum antimicrobial recommendations. Secondary infection may result in musculoskeletal damage, particularly when associated with necrosis, blistering, or compartment syndrome.<h4>Conclusion</h4>The Circos diagrams presented in this review represent binary presence/absence associations and do not encode frequency, isolate count, study number, or evidence strength. Future quantitative analyses - with ribbon thickness scaled to isolate count or number of independent confirming studies - would substantially improve the informational value of this visualization approach. Bacteria involved in secondary infections are typically associated with the snake's oral microbiota or the patient's skin. The development of protocols for prevention and treatment may help reduce functional impairments following envenomation.<h4>Key contribution</h4>Secondary infections following snakebite envenomation are common and may be exacerbated by factors such as necrosis, blistering, and excessive inflammation. The bacteria involved are often directly associated with the oral microbiota of the snake or with the patient's own skin flora.",Salazar MGM; Picelli AM; da Silva VCPR; Bisneto PF; da Cruz CBN; da Silva Carvalho É; Alencar RM; Nascimento TP; Monteiro WM; Wen FH; de Almeida Gonçalves Sachett J,"Universidade do Estado do Amazonas, Manaus, Amazonas, Brazil.",Experimental and molecular pathology,2026-07-03,10.1016/j.yexmp.2026.105062,3.0,visualization(abstract); visual(abstract); data(abstract),snake; Oral Flora; Secondary Infection; Snakebite
42381074,C-reactive protein-albumin-lymphocyte (CALLY) index and all-cause and cardiovascular mortality in the general population: a national health and nutrition examination survey analysis.,"<h4>Background</h4>The C-reactive protein-albumin-lymphocyte (CALLY) index is a composite biomarker integrating systemic inflammation (elevated C-reactive protein), nutritional status (decreased albumin), and immune function (reduced lymphocyte count). Its prognostic significance for mortality in the general population remains insufficiently characterized.<h4>Methods</h4>We analyzed data from the National Health and Nutrition Examination Survey (NHANES, 1999-2010), comprising 11,797 adults (5,671 men [weighted 48.4%] and 6,126 women [weighted 51.6%]; median age, 45 years). The CALLY index was calculated for each participant. Associations between the CALLY index and all-cause and cardiovascular mortality were evaluated using Kaplan-Meier analysis (for descriptive visualization), weighted multivariable Cox proportional hazards regression, Fine-Gray competing risk models, and restricted cubic spline (RCS) regression. Predictive performance was assessed using time-dependent receiver operating characteristic (ROC) analysis. The incremental predictive value beyond established risk factors was quantified using the integrated discrimination improvement (IDI) and category-free net reclassification improvement (NRI).<h4>Results</h4>Compared with the lowest quartile, the highest CALLY quartile was associated with lower risks of all-cause mortality (multivariable-adjusted hazard ratio [HR], 0.61; 95% confidence interval [CI], 0.51-0.74; P < 0.001) and cardiovascular mortality (HR, 0.51; 95% CI, 0.39-0.68; P < 0.001). In Fine-Gray competing risk models, the subdistribution hazard ratio for cardiovascular mortality was 0.55 (95% CI, 0.39-0.76; P < 0.001), with a lower cumulative incidence of cardiovascular death in quartile 4 versus quartile 1 (Gray's test, P < 0.001). RCS analyses revealed significant non-linear associations: an approximately L-shaped relationship for all-cause mortality and a monotonically decreasing non-linear pattern for cardiovascular mortality (both P for non-linearity < 0.001). The CALLY index provided modest incremental predictive value beyond established risk factors for all-cause mortality (IDI, 0.4%; P = 0.007), but individual-level risk reclassification was limited (continuous NRI, 2.7%; P = 0.272). Significant effect modification for all-cause mortality was observed only for alcohol use (P for interaction = 0.005).<h4>Conclusion</h4>Higher CALLY index values were significantly associated with lower mortality risk. The CALLY index demonstrated a significant, independent, and non-linear inverse association with all-cause and cardiovascular mortality in US adults. Its standalone predictive discrimination was modest (time-dependent AUC < 0.70), but its integration into multivariable risk models provided modest yet statistically significant incremental prognostic information (IDI, 0.4%; P = 0.007). Individual-level risk reclassification was limited (continuous NRI, 2.7%; P = 0.272). These findings suggest that CALLY may serve as a complementary biomarker for risk stratification when integrated with conventional risk factors rather than as a standalone prediction tool.",Xu XY; Li DH; Li YC; Ou Q; Wei HY; Shi XY; Xie JY; Yan DD; Zhao ZW,"Department of Critical Care Medicine, Nanfang Hospital, Southern Medical University, Guangzhou, 510515, China.",Journal of cardiothoracic surgery,2026-06-30,10.1186/s13019-026-04479-x,3.0,visualization(abstract); visual(abstract); data(abstract),All-cause Mortality; Cardiovascular Mortality; Competing Risk; Cally; C-reactive Protein-albumin-lymphocyte; Incremental Predictive Value
42230152,Utilization of an Ultrasonography-Computed Tomography Fusion System in the Lumbar Spine.,"<h4>Background</h4>Fluoroscopy and computed tomography (CT) are standard imaging modalities for spinal interventions but expose patients and health care professionals to ionizing radiation. Ultrasonography-CT (US-CT) fusion systems enable co-registration of real-time ultrasonography with pre-existing CT images, offering enhanced anatomical visualization without radiation. This study evaluates the feasibility and accuracy of a US-CT fusion system for vertebral level identification.<h4>Materials and methods</h4>Seventeen patients scheduled for lumbar CT were enrolled. Using a GE Logiq E9 US-CT fusion system, lumbar vertebrae (L1-L5) underwent imaging in the prone position, with facet joints and sacroiliac joints as coregistration landmarks. A randomly selected vertebra was marked with a pin, and its level was verified by a subsequent CT image.<h4>Results</h4>In 17 patients, 15 vertebral levels (88%) were correctly identified using the US-CT fusion system. Facet joints and sacroiliac joints were reliable landmarks for coregistration, enabling synchronized ultrasonography and CT visualization. Two errors occurred, likely due to pin displacement or misidentification.<h4>Conclusions</h4>The US-CT fusion system is a promising tool for lumbar vertebral identification, with the potential to reduce radiation exposure during spinal procedures. This observational study has several limitations, including a small sample size and an operator learning curve. Further studies are needed to optimize its application; however, its potential clinical relevance remains high.",Maizels M; Kaplan B; Man-El R; Rinott N; Rinott B; Norman D; Haddad E; Bercovich E,"Department of Orthopedic Surgery, Rambam Health Care Campus, Haifa, Israel.",International journal of spine surgery,2026-07-01,10.14444/8901,2.5,visualization(abstract); visual(abstract),Lumbar Spine; New technology; ultrasound
42384794,Illuminating aging with multimodal optical metabolic imaging.,"Aging is intimately entangled with the reprogramming of metabolic pathways that coordinate energy production, biosynthesis, and molecular turnover. However, visualizing and understanding these metabolic underpinnings within their spatial and temporal contexts remains a major challenge. Metabolic imaging has emerged as a transformative approach that enables spatially resolved visualization of metabolic dynamics both at the molecular or cellular and organismal levels. In this review, we summarize recent advances and applications of metabolic imaging in probing aging biology, with particular emphasis on multimodal nonlinear optical imaging techniques and their applications across diverse aging models. Optical metabolic imaging provides unique insights into the mechanisms of aging by capturing metabolic alterations that span from organelle-level interactions to tissue-scale remodeling. Optical metabolic imaging enables the label-free detection of early metabolic shifts in vivo, representing an emerging frontier in aging research. Looking ahead, optical metabolic imaging holds great promise as a practical and powerful tool for clinical translation, advancing precision medicine and enhancing the diagnosis, monitoring, and evaluation of aging processes to promote human health span and longevity.",Li Y; Alvarado E; Li Z; Shrestha R; Villazon J; Shi L,"Shu Chien-Gene Lay Department of Bioengineering, University of California San Diego, La Jolla, CA 92093, USA.",Science advances,2026-07-01,10.1126/sciadv.aed9156,2.5,visualization(abstract); visual(abstract),
42383532,Variant Anatomy Literacy as a Patient-Safety Competency in Surgical Training: A Title-Informed Conceptual Review and Competency Framework.,"Surgical safety depends on recognition of patient-specific anatomy when encountered structures depart from population norms. Knowledge of anatomical variations is often treated as supplemental rather than as a safety-relevant necessity. This article aims to translate a title-informed map of literature on anatomical variation, surgical education, and patient safety into a practical competency framework for surgical training. A targeted, title-informed conceptual review was conducted in March 2026. PubMed was searched using anatomical-variation terms combined with surgery, education, patient safety, curriculum, assessment, simulation, reporting, and competency terms. PubMed Central, publisher pages, DOI landing pages, and cross-indexed scholarly sources were used for retrieval and verification. Titles and formal source descriptions were screened for signals linking anatomical variation with clinical risk, surgical error, curriculum, assessment, terminology, reporting, visualization, simulation, patient safety, or competency-based education. This method was designed for conceptual synthesis rather than prevalence estimation, effect-size analysis, or a complete evidence map. Six recurrent framings were identified: anatomical variation as a clinical hazard, curriculum and assessment gap, terminology and reporting problem, visualization and simulation challenge, team-communication and systems issue, and competency-based training target. These framings support defining variant anatomy literacy as the capability to anticipate, identify, interpret, adapt to, communicate, document and learn from clinically consequential anatomical variation before, during and after operative care. Surgical curricula should move beyond recall of rare variants and assess observable safety behavior under anatomical uncertainty. Practical implementation can integrate patient-specific imaging, donor contrast, simulation, operative observation, briefing and debriefing, operative-note audit, and morbidity-and-mortality learning.",Sanchis-Gimeno JA; Zuld AB; Orellana-Donoso M; Valenzuela-Fuenzalida JJ; Granite G,"GIAVAL Research Group, Faculty of Medicine, University of Valencia, Valencia, Spain.","Clinical anatomy (New York, N.Y.)",2026-07-01,10.1002/ca.70179,2.5,visualization(abstract); visual(abstract),Simulation; Curriculum; Patient Safety; Anatomical Variation; Surgical Anatomy; 3D Printing; Surgical Education; Competency‐based Medical Education
42189527,Covalently labeled fluorescence-MRI dual-modal polystyrene microspheres for imaging and analysis of microplastics in biological systems.,"The widespread accumulation of microplastics (MPs) in the environment and their transfer along food chains pose growing threats to organism health, but MPs' <i>in vivo</i> behaviours remain poorly understood due to the lack of stable and sensitive imaging tools. Herein, we report a robust covalent-labelling strategy for constructing dual-modal polystyrene microspheres (Fl-MRIPSs) for fluorescent and magnetic imaging in biological samples. Two polymerizable functional monomers-a rhodamine dye (RhSt) for fluorescence imaging and a gadolinium complex (DOTASt) for <i>T</i><sub>1</sub>-weighted MRI-were rationally designed and chemically incorporated into the polystyrene matrix <i>via</i> emulsion copolymerization. The resulting Fl-MRIPSs exhibit precise size control, uniform morphology, excellent monodispersity, and high colloidal stability. The covalent anchoring minimizes dye and Gd leakage while maintaining high fluorescence quantum yield, remarkable photostability, and strong MRI relaxivity. The Fl-MRIPSs show efficient cellular internalization with negligible cytotoxicity, enable high-contrast fluorescence visualization in zebrafish and mice, and provide significantly enhanced <i>T</i><sub>1</sub>-weighted MRI contrast in mouse subcutaneous tissue. This work establishes a generalizable, chemically stable dual-modal labelling platform for MPs, offering a powerful tool for elucidating their transport, biodistribution, and potential health risks in living organisms.",Qian D; Liu Y; Song J; Han F; Sun W; Du J; Long S; Fan J; Peng X,"State Key Laboratory of Fine Chemicals, Frontiers Science Center for Smart Materials, Dalian University of Technology, Dalian 116024, China. dujj@dlut.edu.cn.",Nanoscale,2026-07-02,10.1039/d5nr05379j,2.5,visualization(abstract); visual(abstract),
42381416,Expanding CAM Models: In Vivo PET/CT Imaging of Cancer Xenografts on the Ostrich CAM.,"Animal models are utilized in the investigation of a variety of research questions in nuclear medicine. Radiopharmaceutics are usually tested in mouse, rat or chick chorioallantoic membrane (CAM) models and visualisation of their biodistribution is performed using dedicated small-animal PET/CT scanners. However, the limited availability of such scanners represents a significant bottleneck in preclinical imaging. To address this limitation, we explored an alternative animal model compatible with clinical imaging systems. The ostrich chorioallantoic membrane (CAM) was utilized as a platform for tumor xenografts, enabling imaging with a standard human PET/CT scanner. Growth conditions for tumor formation were established using human glioblastoma (U87) and breast cancer (MDA-MB-231) cell lines. Tumor visualization was achieved using <sup>18</sup>F-fluorodeoxyglucose (<sup>18</sup>F-FDG), a widely used clinical PET tracer, and its pharmacodynamic behavior was assessed. Our findings demonstrate that the ostrich CAM tumor model is a feasible and efficient system for the rapid evaluation of diagnostic tracers. Importantly, tracer uptake and kinetics can be reliably assessed using a clinical PET/CT scanner. This approach highlights the potential of the ostrich embryonic model as a versatile and accessible preclinical platform for nuclear medicine research.",Pomraenke M; Greiser J; Perkas O; Zehner LM; Wegner VD; Gassler N; Mosig AS; Huebner K; Schneider-Stock R; Ghaffari-Tabrizi-Wizsy N; Freesmeyer M,"Working Group for Translational Nuclear Medicine and Radiopharmacy, Clinic of Nuclear Medicine, Jena University Hospital, D-07747 Jena, Germany.",ACS applied bio materials,2026-06-30,10.1021/acsabm.6c00971,2.5,visualization(abstract); visual(abstract),MDA-MB-231; Cancer Research; Fdg; Pet/ct Imaging; U87; Xenografting; Alternative Animal Model; Ostrich Cam Model
41854294,Multiview 2.5D Deep Learning Outperforms 2D and 3D Models for Preoperative Prediction of Visceral Pleural Invasion in Stage IA Lung Adenocarcinoma.,"<h4>Objective</h4>This study evaluated the predictive performance of 2 novel 2.5-dimensional (2.5D) deep learning (DL) models for visceral pleural invasion (VPI) in clinical stage IA lung adenocarcinoma, comparing them with traditional 2D and 3D models.<h4>Materials and methods</h4>A multicenter retrospective analysis included 804 patients from 2 Chinese hospitals with pathologically confirmed stage IA lung adenocarcinoma. The cohort was divided into training (n=360), internal validation (n=155), and external test sets (n=289). Two 2.5D models were developed: a multiview model integrating the largest tumor sections from coronal, sagittal, and axial planes, and a context model incorporating the largest axial slice with adjacent slices. Model performance was assessed using pathological diagnosis as the reference standard, with discriminative abilities evaluated via area under the curve (AUC), accuracy, and predictive values.<h4>Results</h4>The 2.5D multiview model achieved an AUC of 0.73 in external validation, outperforming 2D (axial: 0.66, coronal: 0.64, sagittal: 0.63), 2.5D context (0.67), and 3D models (0.66). It demonstrated 67% accuracy, 48% positive predictive value (PPV), and 85% negative predictive value (NPV). Grad-CAM visualization highlighted tumor-pleura contact zones and peritumoral regions as critical predictors of VPI.<h4>Conclusion</h4>The 2.5D multiview DL model enhances preoperative VPI prediction in stage IA lung adenocarcinoma, offering superior accuracy and interpretable insights to guide surgical decisions.<h4>Advances in knowledge</h4>This study is the first to validate 2.5D DL models, particularly the multiview approach, for VPI prediction, demonstrating improved performance over 2D/3D models while revealing spatially relevant biomarkers through interpretable visualization.",Zhao J; Wang T; Wang B; Ding L; Sun X; Chen C,"Department of Radiology, Zhongshan Hospital, Fudan University.",Journal of thoracic imaging,2026-07-01,10.1097/rti.0000000000000876,2.5,visualization(abstract); visual(abstract),Visceral Pleural Invasion; Invasive Adenocarcinoma; Deep Learning; 2.5 Dimension
42375679,Robotic esophageal diverticulectomy with Heller myotomy and Dor fundoplication for giant epiphrenic diverticulum: a case report.,"Epiphrenic esophageal diverticula are rare pulsion diverticula often associated with esophageal motility disorders. We report a 71-year-old man with a 7-year history of reflux, dysphagia, nocturnal regurgitation, and 12-kg weight loss over 8 months. Imaging revealed a 5 × 7 cm distal esophageal diverticulum, a 5-cm hiatal hernia, and findings suggestive of an esophageal motility disorder with a hypertensive lower esophageal sphincter. The patient underwent robotic diverticulectomy, Heller myotomy, hiatal hernia repair, and Dor fundoplication. Postoperative contrast study showed no leak, and he was discharged on Day 4. At 6-month follow-up, he remained asymptomatic with improved quality of life; the Gastroesophageal Reflux Disease - Health-Related Quality of Life (GERD-HRQL) score improved from 42 preoperatively to 18 at 30 days postoperatively. This case adds to the limited literature on robotic management of giant epiphrenic diverticula, illustrating that the robotic approach offers superior mediastinal visualization and that combined diverticulectomy with myotomy and fundoplication effectively addresses both anatomical and functional pathology.",Maghrabi A,"Department of Surgery, Faculty of Medicine, King Abdulaziz University, PO Box 80215, Jeddah 21589, Saudi Arabia.",Journal of surgical case reports,2026-06-29,10.1093/jscr/rjag531,2.5,visualization(abstract); visual(abstract),Robotic Surgery; Heller Myotomy; Esophageal Motility Disorder; Dor Fundoplication; Epiphrenic Diverticulum
41956563,A Novel CD147-Targeting Nanobody for Immuno-PET Imaging of Liver Cancer.,"Hepatocellular carcinoma (HCC) remains a leading cause of cancer-related mortality, with a 5-y survival rate of approximately 20%. Many patients undergo locoregional therapy, and distinguishing viable tumor from treated necrotic tissue presents a significant clinical challenge with conventional imaging. CD147, a transmembrane glycoprotein overexpressed in approximately 60% of HCC tumors with minimal expression in normal liver, represents a promising target for tumor-selective molecular imaging to address this unmet clinical need. We aimed to develop and characterize a CD147-targeted nanobody-based PET imaging agent compatible with same-day clinical imaging workflows. <b>Methods:</b> We constructed a phage-display library from a llama immunized with recombinant human CD147. CD147-selective nanobodies were isolated through iterative immunopanning and characterized by enzyme-linked immunosorbent assay, biolayer interferometry, and flow cytometry using isogenic CD147-positive and CD147-knockout liver cancer cell lines. The lead candidate, denoted as DMN1, was radiolabeled with <sup>18</sup>F via [<sup>18</sup>F]FPy pyridine-based prosthetic group conjugation. The radiolabeled nanobody was evaluated in cellular assays and further characterized in vivo using PET/CT imaging and biodistribution studies in subcutaneous and orthotopic murine HCC models. <b>Results:</b> DMN1 demonstrated low binding affinity to human CD147 (<i>K</i> <sub>D</sub> = 0.71 ± 0.1 nM, enzyme-linked immunosorbent assay), with specificity confirmed in CD147-positive versus CD147-negative xenografts. [<sup>18</sup>F]FPy-DMN1 was synthesized with high radiochemical purity (>98%), a molar activity of 3,700-11,100 GBq/μmol, and good serum stability (87% intact in mouse serum at 3 h). In vivo, [<sup>18</sup>F]FPy-DMN1 showed robust tumor accumulation in CD147-positive (3.82 ± 0.93 %IA/g) versus CD147-negative tumor xenografts (0.21 ± 0.02 %IA/g), with excellent tumor-to-background ratios at 2 h postinjection (tumor-to-blood ratio, 18.7 ± 3.9; tumor-to-muscle ratio, 52.6 ± 22.1). In orthotopic liver tumors, [<sup>18</sup>F]FPy-DMN1 enabled clear tumor visualization with striking contrast at 3 h postinjection, whereas the control nanobody showed no tumor localization. <b>Conclusion:</b> [<sup>18</sup>F]FPy-DMN1 is a novel CD147-specific nanobody-based PET imaging agent that demonstrates high target specificity and favorable pharmacokinetics for same-day imaging. Its rapid blood clearance, high tumor-to-background ratios, and successful visualization of orthotopic liver tumors support further development of this agent for imaging and monitoring treatment response in patients with liver cancer.",Nambiar DM; Esparza TJ; Lee W; Chung JY; Olkowski CP; Ghaemi B; Basuli F; Shi J; Baidoo KE; Sheehan-Klenk J; Makala H; Zhang HH; Farber JM; Choyke PL; Escorcia FE; Jacobson O,"Molecular Imaging Branch, Center for Cancer Research, National Cancer Institute, National Institutes of Health, Bethesda, Maryland.","Journal of nuclear medicine : official publication, Society of Nuclear Medicine",2026-07-01,10.2967/jnumed.125.271565,2.5,visualization(abstract); visual(abstract),Liver cancer; HCC; CD147; PET imaging; Nanobody; [18F]fpy-dmn1
42394448,Distinct clinical outcomes of positron emission tomography/computed tomography-based subtypes in treatment-naïve Takayasu arteritis.,"<h4>Objective</h4>Positron emission tomography/computed tomography (PET/CT) enables the visualization of vascular inflammation in Takayasu arteritis (TAK). However, the prognostic significance of PET/CT-based arterial involvement remains unclear. This study aimed to classify the distribution patterns of vascular lesions in treatment-naïve TAK using PET/CT and evaluate their association with clinical outcomes.<h4>Method</h4>Patients with TAK who underwent PET/CT before treatment initiation were retrospectively analysed. Hierarchical clustering was performed based on the distribution of arterial <sup>18</sup>F-fluorodeoxyglucose uptake. The clinical outcomes, including relapse and large-vessel complications, were analysed according to the resulting clusters using survival analyses. Longitudinal changes in PET/CT findings and clinical activity were assessed.<h4>Results</h4>Thirty patients (90% women) were included, with a median follow-up of 4.8 years and median age at diagnosis of 48 years. Three distinct PET/CT-based clusters were identified: thoracic (43%), diffuse (30%), and localized (27%). The diffuse type showed the highest relapse rate 24.1/100 person-years, p = 0.04), whereas the thoracic type tended to be associated with more vascular complications (13.9/100 person-years, p = 0.12). The Numano classification did not always correspond to PET/CT-based clusters or predict clinical outcomes. A PET Vascular Activity Score ≥ 7 was associated with relapse but not with vascular complications. PET/CT activity persisted despite clinical inactivity in some cases, which may cause future relapse.<h4>Conclusion</h4>PET/CT-based classification suggested three distinct TAK subtypes with different clinical outcomes. The diffuse type was significantly associated with relapse, whereas the thoracic type caused vascular complications. PET/CT provided superior risk stratification compared to the conventional classification.",Katakura T; Shirai T; Ishii Y; Sato H; Fujii H,"Department of Rheumatology, Tohoku University Hospital, Miyagi, Japan.",Scandinavian journal of rheumatology,2026-07-03,10.1080/03009742.2026.2677340,2.5,visualization(abstract); visual(abstract),
42393316,A deep learning-based framework for fundus image classification of inherited retinal degeneration in dogs.,"Inherited retinal degenerations (IRDs) are a frequent cause of vision impairment in numerous breeds of dogs. Veterinary ophthalmologists frequently suspect retinal degeneration when funduscopic examinations reveal increased tapetal reflectivity and retinal vascular attenuation; however, these clinical signs can be subtle, especially in early disease. In this study, we evaluated three deep learning architectures using fundus images to detect degenerative retinal disease in dogs. An EfficientNetV2-based convolutional neural network with a custom classification head was selected for final evaluation. Using dog-level analysis on an independent held-out test set, the model achieved 87.5% accuracy, 87.5% sensitivity, 87.5% specificity, and an area under the receiver operating characteristic curve of 0.932. Dog-level calibration analysis yielded a Brier score of 0.093. Under constrained single-image evaluation conditions, the model showed higher dog-level classification performance than the majority-vote classification of three experienced veterinary ophthalmologists, primarily by reducing false-positive classification of normal dogs as affected. Exact McNemar testing demonstrated a significant paired difference between the model and expert aggregate classifications at the dog level (p = 0.000122). Gradient-weighted Class Activation Mapping (Grad-CAM) was incorporated to provide qualitative visualization of retinal image regions associated with model predictions. These results support the potential of deep learning as an objective decision-support tool for canine fundus image interpretation, although broader multi-center and prospective validation is needed before clinical deployment.",Smith DA; Dufour VL; Beltran-Grémaud HGJ; Aguirre GD; Beltran WA,"Division of Experimental Retinal Therapies, Department of Clinical Sciences & Advanced Medicine, School of Veterinary Medicine, University of Pennsylvania, Philadelphia, PA, 19104, USA. smid@upenn.edu.",Scientific reports,2026-07-02,10.1038/s41598-026-60424-x,2.5,visualization(abstract); visual(abstract),Inherited Retinal Degeneration; Deep Learning; Veterinary Ophthalmology; Progressive Retinal Atrophy; Fundus Imaging; Efficientnet; Canine Retinal Disease
42374453,Dissecting oral premalignant carcinogenesis: spatial omics mechanisms and nanomedicine-driven therapeutic innovation.,"Oral potentially malignant disorder (OPMD) remains a critical clinical challenge for cancer interception. However, the progression of OPMD toward oral squamous cell carcinoma (OSCC) is driven by profound cellular heterogeneity and dynamic microenvironmental remodeling. The mechanisms underlying these processes are not yet fully understood. Recent advancements in single-cell and spatial omics have facilitated high-resolution decoding of the precancerous landscape, unveiling multistep epithelial cell plasticity, fibroblast heterogeneity with extracellular matrix remodeling, immune suppression, and inflammatory reprogramming, as well as coupled metabolic and redox alterations that govern malignant transformation. These insights into the cellular mechanisms have led to a paradigm shift in the understanding of OPMD, reclassifying it as an ecosystem-level disease rather than a purely epithelial pathology. Nanomedicine is a potent platform for translating mechanistic knowledge into precision diagnostics and interventions at the precancerous stage. Nanomaterial-based strategies have been demonstrated to facilitate several critical processes, including enabling early lesion visualization and risk stratification, immune microenvironment reactivation, anti-fibrotic and anti-inflammatory remodeling, and targeted regulation of metabolic and oxidative stress pathways. A mounting body of evidence from preclinical and clinical studies lends support to the notion that nanotechnology-assisted early detection, microenvironmental reprogramming, and the interception of malignant transformation across oral and other precancerous conditions are indeed feasible. This review integrates single-cell-resolved mechanisms of OPMD progression with state-of-the-art nanomedicine-based diagnostic and therapeutic strategies, highlighting convergent biological axes and translational opportunities. By integrating single-cell biology with nanotechnology-driven precision medicine, this work is expected to improve the development of a nanomedicine framework for early cancer detection and treatment and outline future directions and challenges toward clinical implementation.",Cai X; Cui Y; Ding C; Liu Y; Li T,"Central Laboratory, Peking University School and Hospital of Stomatology, Beijing, 100081, China. caixinjia1994@163.com.",Molecular cancer,2026-06-29,10.1186/s12943-026-02727-1,2.5,visualization(abstract); visual(abstract),Cancer; Nanomedicine; Premalignancy; Single-cell Sequencing; Oral Potentially Malignant Disorder
42380221,Deep learning models based on post-procedural angiography for predicting the future risk of in-stent restenosis.,"In-stent restenosis (ISR) remains a significant complication after percutaneous coronary intervention. Identifying patients at high risk for ISR from visually patent post-procedural angiograms is challenging. We developed and validated deep learning models using routine post-procedural digital subtraction angiography (DSA) to predict future ISR risk, emphasizing the role of mask-guided spatial attention. We retrospectively enrolled 237 patients with 1-year angiographic follow-up across three centers. Immediate post-procedural DSA frames were used as inputs, with 1-year outcomes as ground truth. Deep learning architectures were trained using full-image and mask-guided strategies. On the independent external test set, the mask-guided DenseNet-121 achieved the highest predictive performance (AUC: 0.885, AUPRC: 0.912). Crucially, models trained on full images exhibited severe shortcut learning, erroneously focusing on task-irrelevant background noise. The mask-guided strategy successfully corrected this, demonstrating excellent calibration and robust clinical net benefit. Grad-CAM visualization confirmed precise attention on stented vessel regions associated with future restenosis. In conclusion, mask-guided deep learning analysis of post-procedural DSA provides an accurate, interpretable, and automated prognostic tool. By overcoming shortcut learning, this approach effectively stratifies future ISR risk, holding potential to guide personalized post-procedural surveillance and optimize secondary prevention.Trial registration: This study was registered with the Chinese Clinical Trial Registry (ChiCTR) under the registration number ChiCTR2500115474 on December 26, 2025.",Ma M; Jiang Y; Tu R; Liu Y; Bao D; Dou G; Song Z; Cui X; Xu J; Yu P; Wang H,"Gongli Hospital College of Medical Technology, University of Shanghai for Science and Technology, Shanghai, 200093, China.",Scientific reports,2026-06-30,10.1038/s41598-026-60281-8,2.5,visualization(abstract); visual(abstract),Coronary angiography; In-stent Restenosis; Deep Learning; Shortcut Learning; Mask Guidance
42396680,External Acoustic Meatus Approach for Ultrasonographic Evaluation of the Temporomandibular Joint: An Anatomical Validation and Proof-of-Concept Study.,"Temporomandibular disorders (TMD) represent a public health problem, affecting 31% of adults and the elderly and 11% of children and adolescents. Interest is growing in using ultrasound to evaluate the temporomandibular joint (TMJ). However, researchers need to standardize a reliable method. Further studies are required to provide anatomical validation. We aim to evaluate a new ultrasound approach, with anatomical validation and proof of concept, to determine whether it is technically feasible to visualize the temporomandibular joint. This two-phase anatomical validation and proof-of-concept study included six fixed cadaveric head specimens and three healthy volunteers. Four cadaveric specimens were dissected, and two were sectioned to evaluate the potential efficacy of the new access route for ultrasound examination of the TMJ. Subsequently, a proof-of-concept study was conducted on three volunteer patients to evaluate different probes designed to obtain ultrasound images of the TMJ. The anatomical results reveal TMJ-related structures that interfere with the extraoral ultrasound approach. Cross-sectional images assess the distances and relationships between the articular bone surfaces of the TMJ and the structures of the external acoustic meatus. Ultrasound through the cartilaginous portion of the external acoustic meatus allowed visualization of the articular surfaces of the TMJ. This approach enabled measurement of the distance between the articular bone surfaces and tracking of the complete path of the condyle during mouth opening and closing. The main contribution of this study is anatomical: it identifies and validates a clinically relevant access route that can expand the anatomical basis of TMJ ultrasound. Larger studies, including reference images, reproducibility analyses, and symptomatic cohorts, are required before diagnostic applications can be established.",Alberti R; Astudillo-Rozas W; Iwanaga J; Castellani A; Paganelli C; Rufes TD; Eroles XG; Ferrari L; Valdivia-Gandur I; Tallón-Walton V; Cespedes MCM,"Department of Clinical Science, Department of Medicine and Surgery, Medicine Faculty, Brescia University, Brescia, Italy.","Clinical anatomy (New York, N.Y.)",2026-07-03,10.1002/ca.70143,2.5,visualization(abstract); visual(abstract),Anatomy; Temporomandibular joint; ultrasound; Temporomandibular Joint Disorders; External Acoustic Meatus; Cross‐sectional
42385563,Clustering-based stratification of fibromyalgia subtypes: A comparative analysis of medicated and non-medicated cohorts from two academic centers.,"Fibromyalgia (FM) exhibits substantial clinical heterogeneity, yet reproducible symptom phenotypes with relevance for treatment personalization remain poorly defined. This study examined whether distinct FM phenotypes emerge consistently across medicated and unmedicated individuals. We analyzed 558 adults meeting the 2016 ACR criteria recruited from two academic centers. Participants completed standardized assessments of pain, central sensitization, depressive symptoms, sleep disturbance, and physical and emotional function. Multidomain variables were standardized and evaluated using hierarchical clustering, k-means algorithms, principal component analysis, and heatmap visualization. Phenotype stability was compared between those not receiving centrally acting medications at the time of assessment and those receiving centrally acting agents. A consistent three-cluster solution emerged. Cluster 1 represented a low-severity phenotype with relatively preserved function. Cluster 2 demonstrated prominent affective-sleep dysregulation with moderate pain and sensitization. Cluster 3 reflected a high-severity/global impairment phenotype across all symptom domains. Importantly, these phenotypes appeared in both medicated and unmedicated subgroups, indicating that similar symptom phenotypes were observed in participants receiving and not receiving centrally acting medications at the time of assessment. Fibromyalgia is characterized by three reproducible, clinically interpretable phenotypes that demonstrate substantial similarity across medication-status These findings support a precision-based framework for FM classification and provide a foundation for phenotype-guided therapeutic and mechanistic research.",Hackshaw KV; Osuna-Diaz MM; Sebastian KR; Nuguri SM; Castellvi SL; Mele EC; Yu L; Giusti MM; Mikulik Z; Rodriguez-Saona L,"Department of Internal Medicine, Division of Rheumatology, Dell Medical School, The University of Texas, 1601 Trinity St., Austin, TX 78712, USA. Electronic address: kevin.hackshaw@austin.utexas.edu.",Seminars in arthritis and rheumatism,2026-06-29,10.1016/j.semarthrit.2026.153036,2.5,visualization(abstract); visual(abstract),Medicated; Fibromyalgia; Unsupervised; Cluster Based Subtypes; Non-medicated At Time Of Assessment
42376719,Comparison of the Effects of Intraoperative Pectoral Nerve Block and Local Wound Infiltration in Pain Management for Breast Cancer Surgery: A Randomized Controlled Trial.,"<h4>Purpose</h4>To evaluate the postoperative analgesic effects and opioid-sparing benefits of the intraoperative surgeon-performed pectoral nerve (PECS) block technique in mastectomy patients, compared with traditional local infiltration anesthesia.<h4>Design</h4>The research is a randomized controlled clinical trial.<h4>Methods</h4>Participants were randomly assigned to two groups: the PECS group, which received PECS I and II and a serratus plane block, and the control group, which received local infiltration anesthesia. After surgical resection, the PECS group received 0.5% bupivacaine around the pectoralis and serratus muscles, whereas the control group received it at the surgical site. Primary outcomes included time to the first analgesia request and total postoperative morphine use, with secondary outcomes being Numerical Rating Scale pain scores over 24 hours.<h4>Findings</h4>The mean time to the first analgesia request and the total morphine dose were 1,320 minutes and 1 mg, respectively, in the PECS group, compared with 79 minutes and 3 mg in the local infiltration group (P = .013 and P = .003, respectively). A significantly greater proportion of patients in the PECS group reported mild pain scores than those in the local infiltration group. No adverse effects were observed in either group.<h4>Conclusions</h4>Using the PECS block under direct visualization is feasible, significantly reduces analgesic requirements, can be performed without a significant increase in operative time, and does not require specialized equipment.",Sripreechapattana S; Kongon P,"Department of Surgery, Panyananthaphikkhu Chonprathan Medical Center, Srinakharinwirot University, Nonthaburi, Thailand.",Journal of perianesthesia nursing : official journal of the American Society of PeriAnesthesia Nurses,2026-06-29,10.1016/j.jopan.2026.04.005,2.5,visualization(abstract); visual(abstract),Postoperative pain; Local infiltration; Breast Cancer Surgery; Pectoral Nerve (Pecs) Block
42203446,Indirect Decompression Using the Keyhole Transfacet Full-Endoscopic Lumbar Interbody Fusion: Technical Note and Preliminary Clinical Application.,"<h4>Background</h4>Two widely used full-endoscopic lumbar interbody fusion (FE-LIF) techniques include the facet-preserving trans-Kambin approach, performed via a transforaminal corridor, and the facet-sacrificing endoscopic posterolateral transforaminal lumbar interbody fusion, which utilizes an interlaminar route. More recently, several authors have introduced an emerging transfacet endoscopic approach as an alternative, minimally invasive strategy for LIF. However, the majority of these studies have relied on direct decompression of neural elements, and the effectiveness of indirect decompression following transfacet endoscopic fusion has not yet been established.<h4>Surgical technique</h4>This study describes a keyhole transfacet FE-LIF technique that employs indirect decompression to decompress neural elements. A limited facetectomy is performed using an endoscopic round burr to create a keyhole transfacet osseous corridor, allowing disc removal, endplate preparation, and interbody cage insertion without direct visualization or manipulation of the exiting or traversing nerve roots. When necessary, supplemental endoscopic direct decompression can be performed following cage placement in the same setting.<h4>Clinical application</h4>This study highlights the cases of 4 patients with diverse degenerative lumbar spine pathologies: low-grade degenerative spondylolisthesis, low-grade isthmic spondylolisthesis with severely collapsed disc space, segmental coronal lumbar deformity with severe spinal canal stenosis, and pseudarthrosis following prior lumbar interbody fusion surgery. All patients underwent keyhole transfacet FE-LIF with an indirect decompression technique and had a minimum follow-up of 1 year.<h4>Conclusion</h4>This study describes the surgical technique for indirect decompression performed in a prone position using keyhole transfacet endoscopic fusion, presents early clinical application, and reports short-term radiographic observation associated with this technique.<h4>Clinical relevance</h4>The keyhole transfacet endoscopic fusion offers a minimally invasive approach for achieving indirect decompression in the prone position in patients with various lumbar degenerative spinal conditions. In addition, adjunctive direct decompression can be performed in the same setting after cage insertion when indicated.<h4>Level of evidence: 5</h4>",Tanasansomboon T; Limthongkul W; Singhatanadgige W; Yingsakmongkol W; Kotheeranurak V,"Department of Orthopaedics, Samut Sakhon Hospital, Samut Sakhon, Thailand.",International journal of spine surgery,2026-07-01,10.14444/8900,2.5,visualization(abstract); visual(abstract),Lumbar Interbody Fusion; Indirect Decompression; Transfacet; Endoscopic Fusion; Transarticular Process
42366971,Changes in Retinal Microvasculature During Healthy Pregnancy Measured by AO.,"<h4>Background</h4>Adaptive optics retinal imaging (rtx1e, Imagine Eyes, Orsay, France) enables high-resolution visualization of the retinal microvasculature, providing insights into systemic vascular health. Currently, no studies exist describing changes in wall-to-lumen ratio (WLR) during pregnancy, neither during the physiological course of pregnancy nor in pregnancy-associated complications.<h4>Methods</h4>This single-center, prospective study at the Leipzig University Hospital, Germany, examines changes in retinal microvasculature by employing adaptive optics to calculate the WLR of an arteriole within a few seconds. The study examined a well-phenotyped cohort of 460 primarily White healthy singleton pregnancies, with 543 measurements taken from the first to the third trimester. The WLR was automatically determined using the nnUNet deep learning model.<h4>Results</h4>Step-down selection mixed-effects modeling identified gestational week, maternal age, mean arterial pressure, and parity as significant contributors to WLR, whereas body mass index did not improve model fit. In the final model, advancing gestational week (<i>P</i><0.001), higher maternal age (0.012), and higher mean arterial pressure (<0.001) were independently associated with increased WLR, whereas multiparous women showed significantly lower WLR values compared with nulliparous women, with negligible multicollinearity (variance inflation factor ≈1).<h4>Conclusions</h4>We identify WLR as a sensitive marker for imaging microvascular remodeling, serving as an indicator of adaptation to physiological pregnancy. Normal pregnancy is associated with an instant change of the retinal microvasculature indicated by an increase of WLR. Further studies are required to investigate the postpartum course of WLR and establish whether these changes are reversible.<h4>Registration</h4>URL: https://www.drks.de; Unique identifier: DRKS00032530.",Dathan-Stumpf A; Martini E; Stepan H; Kolar R; Rauscher FG,"Department of Obstetrics, Leipzig University Hospital, Germany (A.D.-S., E.M., H.S.).","Hypertension (Dallas, Tex. : 1979)",2026-06-29,10.1161/hypertensionaha.125.26521,2.5,visualization(abstract); visual(abstract),Pregnancy; Eye; Maternal age; Arterial pressure; Deep Learning
42397596,Efficacy of inserting a flexible bronchoscope to a predetermined depth for orotracheal intubation by inexperienced personnel: a randomized-controlled study.,"<h4>Purpose</h4>Bronchoscopic tracheal intubation is an indispensable technique in patients with difficult airway, but it is often difficult, particularly for less-experienced anesthesiologists, to obtain a view of the glottis by bronchoscopy. We hypothesized that insertion of a flexible bronchoscope to a predetermined depth would facilitate bronchoscopic intubation.<h4>Methods</h4>Fifty anesthetized patients were randomly allocated to two groups, and inexperienced anesthesiologists either inserted a bronchoscope along the center of the tongue (in group C), or along the hard palate to a predetermined depth based on the mouth-to-tragus distance (in group S). The success rate of obtaining a bronchoscopic view of the glottis (primary outcome) and other factors were compared.<h4>Results</h4>The success rate of obtaining a bronchoscopic view of the glottis was significantly higher in group S (24 of 25 patients) than in group C (17 of 25 patients) (P = 0.02; 95%CI for difference: 8 - 48%]). The success rate of tracheal intubation was significantly higher in group S (18 of 25 patients) than in group C (8 of 25) (P = 0.01). Time to glottic visualization was significantly shorter in group S (24 [14 - 40] s) than in group C (49 [30 - 120]] s) (P = 0.003), and apnea time was significantly shorter in group S (81 [52 - 120] s) than in group C (120 [109 - 120] s) (P = 0.004).<h4>Conclusions</h4>Insertion of a bronchoscope for the mouth-to-tragus distance would increase the success rate of bronchoscopic intubation, by facilitating to obtain a bronchoscopic view of the glottis.<h4>Clinical trial registration</h4>jRCT1032250593.",Sakurazawa K; Asai T; Okuda Y,"Department of Anesthesiology, Dokkyo Medical University Saitama Medical Center, 2-1- 50 Minami-Koshigaya, Koshigaya, Saitama, 343-8555, Japan.",Journal of anesthesia,2026-07-03,10.1007/s00540-026-03831-8,2.5,visualization(abstract); visual(abstract),Tracheal intubation; Difficult Intubation; Airway Management; Fiberoptic Intubation; Bronchoscopic Intubation; Flexible Bronchoscope
42387029,OpenOR - a virtual reality framework for medical education.,"<h4>Purpose</h4>Virtual reality (VR) is increasingly recognized as a powerful tool in medical training. It offers immersive, interactive environments ideal for exploring complex anatomy and procedures. With the advent of affordable hardware, VR can provide high-quality, cost-effective training experiences.<h4>Methods</h4>We developed the VR application OpenOR in Unity for medical education. It supports multi-user interaction with customizable avatars and hand-tracking for intuitive control. Designed for medical students and professionals, OpenOR enables the exploration of complete clinical case studies. This includes medical history, a virtual DICOM viewer, visualization of anatomical structures and pathologies derived from MRI segmentations, and the original 3D surgical videos for each case. In addition, the 3D MRI-based models are complemented by CAD (computer-aided design) models of real implants, such as VP shunts or aneurysm clips. A usability test was conducted with 30 medical students using structured questionnaires.<h4>Results</h4>The pilot implementation demonstrated OpenOR's educational potential. Students reported increased engagement and a perceived improvement in understanding of anatomy and surgical workflows. The multi-user mode fostered collaborative learning, while hand-tracking supported intuitive interaction. The combination of virtual PACS viewing, interactive 3D models, and surgical 3D videos provided a realistic and integrated learning experience. The evaluation feedback indicated high user satisfaction and confirmed the platform's value for neurosurgical and anatomical training.<h4>Conclusion</h4>OpenOR represents a significant advancement in VR-based medical education. By integrating immersive technologies with affordable hardware, it offers practical and scalable training solutions for Neurosurgery and Neuroanatomy.",Grimm F; Tagliavini BS; Behling F; Tatagiba M; Golinski B; Haas P; Gugel I; Roder C,"Department of Neurosurgery, University Hospital Tübingen, Hoppe-Seyler-Strasse 3, 72076, Tübingen, Germany. florian.grimm@med.uni-tuebingen.de.",Acta neurochirurgica,2026-07-01,10.1007/s00701-026-06968-3,2.5,visualization(abstract); visual(abstract),Neuroanatomy; Virtual reality; Neurosurgery; Education
42114994,Utility of Computed Tomography-Guided Navigation for Full-Endoscopic Pars Crisscross Decompression: A Technical Note.,"<h4>Background</h4>Full-endoscopic decompression for L5 isthmic spondylolisthesis is technically demanding due to the intricate ""pars crisscross"" anatomy. The inherent visualization limitations of endoscopic surgery-specifically the lack of depth perception and a restricted field of view-can make anatomical orientation difficult, increasing the risk of incomplete decompression or iatrogenic injury.<h4>Objective</h4>To describe a navigation-assisted full-endoscopic pars crisscross decompression (FE-PCD) technique designed to overcome these anatomical challenges.<h4>Methods</h4>We performed this navigation-assisted FE-PCD technique in 3 consecutive patients with stable L5 isthmic spondylolisthesis. An O-arm-based intraoperative navigation system was utilized to provide real-time 3-dimensional (3D) guidance. A ""virtual probing"" technique was employed to visualize the drill tip relative to the 3D anatomical reconstruction, facilitating the precise identification of the S1 superior articular process, floating lamina, L4 inferior articular process, and the ragged edge.<h4>Results</h4>All procedures were successfully completed without intra- or postoperative complications. The use of navigation effectively compensated for the limited endoscopic view, allowing for the clear differentiation of deep bony structures and precise resection of the impinging ragged edge.<h4>Conclusion</h4>Our preliminary experience suggests that navigation-assisted FE-PCD is a potentially feasible and safe technique. It mitigates the risks associated with the complex pars crisscross anatomy by providing a reliable 3D roadmap, thereby preventing disorientation, ensuring adequate decompression, and optimizing the extent of facet resection.<h4>Clinical relevance</h4>Full-endoscopic pars crisscross decompression (FE-PCD) is an effective but technically demanding procedure for stable isthmic spondylolisthesis due to the complex 3D anatomy of the ""pars crisscross."" This integration enhances surgical safety by preventing intraoperative disorientation, ensuring adequate decompression, and minimizing iatrogenic facet resection, thereby potentially shortening the learning curve for this challenging endoscopic technique.<h4>Level of evidence: 4</h4>",Ohshima T; Ono N; Kitahara T; Nagao Y; Soeda S; Morimoto M; Manabe H; Tezuka F; Kageyama H; Fujitani J; Sairyo K,"Department of Orthopedics, University of Tokushima, Tokushima, Japan.",International journal of spine surgery,2026-07-01,10.14444/8891,2.5,visualization(abstract); visual(abstract),Lumbar spondylolisthesis; Navigation System; Full-endoscopic Spine Surgery; Full-endoscopic Pars Crisscross Decompression
42379475,A [&lt;sup&gt;68&lt;/sup&gt;Ga]-labeled PDGFRβ-targeting peptide PET probe for assessing MASH-related fibrosis in diet-induced preclinical models and human liver specimens.,"Metabolic dysfunction-associated steatohepatitis (MASH) is characterized by hepatocellular injury, inflammation, and progressive fibrosis, yet current non-invasive tests do not directly assess the cellular drivers of fibrogenesis. Platelet-derived growth factor receptor beta (PDGFRβ) is highly expressed on activated hepatic stellate cells (aHSC), a major effector cell population in MASH. A PDGFRβ-targeted peptide was synthesized and radiolabeled with gallium-68. We investigated whether PDGFRβ-targeted PET imaging could enable non-invasive molecular assessment of MASH severity. Dynamic PET/CT, ex vivo autoradiography, histopathology, immunostaining, western blotting, and qPCR were performed in graded MASH mouse models induced by choline-deficient, L-amino acid-defined, high-fat diet (CDAHFD) and methionine-choline-deficient (MCD) diet, with human MASH liver specimens for validation. Both CDAHFD and MCD models developed progressive steatohepatitis and fibrosis accompanied by increasing hepatic PDGFRβ expression. PDGFRβ colocalized with αSMA positive aHSC populations and the proportion of PDGFRβ/αSMA double positive cells increased markedly in diseased livers. PET imaging demonstrated progressively increased hepatic uptake of the <sup>68</sup>Ga-labeled PDGFRβ probe with worsening disease severity in both models. Probe uptake quantified by SUV and AUC paralleled histological fibrosis, PDGFRβ protein expression, and fibrosis-related gene transcription. Autoradiography confirmed specific probe binding in mouse liver sections. In human MASH specimens, PDGFRβ expression and probe binding similarly increased with pathological severity and correlated with fibrosis-associated markers. PDGFRβ-targeted PET imaging enables non-invasive molecular visualization of aHSC and provides a quantitative imaging approach for grading MASH severity. These findings support PDGFRβ as a candidate imaging biomarker for biologically active fibrogenesis in MASH and provide a rationale for future clinical translation.",Tang C; Song H; Zhu Q; Han P; Wang M; Zhao X; Chen N; Liu X; Hu C; Li X; Fu X; Chung RT; Liang S; Pei Z; Tian Y; Shao T,"The Second Affiliated Hospital, the Institutes of Biology and Medical Sciences, Suzhou Medical College, Soochow University, Suzhou, Jiangsu, China; Jiangsu Key Laboratory of Infection and Immunity, Soochow University, Suzhou, Jiangsu, China.",Biochemical pharmacology,2026-06-30,10.1016/j.bcp.2026.118205,2.5,visualization(abstract); visual(abstract),Pdgfrβ; Activated Hepatic Stellate Cells; Metabolic Dysfunction-Associated Steatohepatitis; Molecular Pet Imaging
42378781,Pre- and postoperative cranial shape analysis in Craniosynostosis: The role of mechanical loading during CT imaging.,"<h4>Background</h4>Craniosynostosis is a congenital disorder characterized by premature fusion of one or more cranial sutures, resulting in abnormal skull growth and, in some cases, elevated intracranial pressure. Accurate assessment of cranial morphology is essential for diagnosis, surgical planning, and evaluation of postoperative outcomes. Three-dimensional computed tomography allows detailed visualization of cranial shape; however, measurements may be influenced by external forces during image acquisition, such as contact between the occipital region and the supporting surface. It remains unclear whether such forces produce measurable deformation in infants with immature, not fully ossified skulls.<h4>Methods</h4>In this study, preoperative and postoperative cranial CT scans were used to generate patient-specific 3D virtual models. Models were registered using anatomical landmarks in the orbital and nasal regions to standardize orientation. Surface difference analysis quantified regional morphological changes. Finite element modeling was employed to simulate cranial deformation under two loading conditions: intracranial pressure and external load representing the weight of the head in supine position. Displacement patterns were analyzed and compared to assess the relative impact of each loading condition.<h4>Results</h4>Results demonstrated that the most pronounced postoperative changes occurred in the parietal region, corresponding to surgical osteotomy lines, with mean displacement of 7.3 ± 3.6 mm. The frontal region remained stable, while the occipital region showed slight inward displacement (-4.6 ± 2.7 mm). FEM simulations revealed minimal deformation under external loading alone (maximum 0.09 mm), whereas intracranial pressure produced substantially larger, symmetric displacement, with maximum parietal displacement reaching 12.1 mm. Combined loading closely resembled intracranial pressure alone. The maximal deformation induced by external contact during CT scanning was more than two orders of magnitude smaller than that generated by intracranial pressure.<h4>Conclusion</h4>These findings indicate that external forces during CT acquisition have negligible impact on cranial morphology measurements in pediatric patients, and observed postoperative changes primarily reflect true anatomical alterations. FEM provides a robust framework to quantify biomechanical effects and distinguish imaging artifacts from genuine morphological changes, supporting the reliability of CT-based assessment for clinical decision-making and surgical evaluation in craniosynostosis.",Celisova S; Capek L; Taborsky J; Vitvar J; Liby P; IIIrd VB,"Dep. of Clinical Biomechanics, Regional Hospital in Liberec, Czech Republic.",Journal of clinical neuroscience : official journal of the Neurosurgical Society of Australasia,2026-06-30,10.1016/j.jocn.2026.112171,2.5,visualization(abstract); visual(abstract),
42379333,"Clinical Utility of Ultra-Widefield Swept-Source OCT for Intraocular Tumors: Comparison With Ultrasonography, SD-OCT, and MRI.","<h4>Purpose</h4>To evaluate the clinical performance of ultra-widefield swept-source optical coherence tomography (UWF-OCT) in the assessment of choroidal tumors and to compare it with ultrasonography (US), spectral-domain (SD)-OCT, and magnetic resonance imaging (MRI).<h4>Design</h4>Retrospective diagnostic comparison.<h4>Subjects</h4>Thirty-nine eyes from 39 patients diagnosed with choroidal tumors at a single tertiary referral center.<h4>Methods</h4>This retrospective diagnostic comparison evaluated patients diagnosed with choroidal tumors at a single tertiary referral center between January 2023 and August 2025. All patients underwent UWF-OCT imaging at diagnosis. Tumor measurements obtained with UWF-OCT were compared with US, SD-OCT, and MRI. Comparative analysis among imaging modalities and predictors affecting UWF-OCT applicability was performed.<h4>Main outcome measures</h4>Tumor thickness (mm) and largest basal diameter (LBD, mm) measurements, and complete measurability rate across different tumor size categories.<h4>Results</h4>Thirty-nine eyes from 39 patients (mean age 59.2±16.9 years) were analyzed, including 27 choroidal melanomas (69.2%), 5 metastatic tumors (12.8%), 4 hemangiomas (10.3%), 2 osteomas (5.1%), and 1 (2.6%) indeterminate choroidal melanocytic lesion. UWF-OCT successfully measured both tumor thickness and largest basal diameter (LBD) in 100% (31/31) of small and medium choroidal tumors, substantially outperforming SD-OCT (complete measurement achieved in 63.6% of small tumors, and 0% of medium or large tumors). UWF-OCT measurements were systematically smaller than ultrasonography (thickness: -32.3%, P<0.01; LBD: -11.1%, P<0.01) and MRI (thickness: -29.2%, P<0.01). Mushroom-shaped tumor morphology was the strongest negative predictor of UWF-OCT quality (OR=0.015, 95% CI 0.001-0.196, P<0.01). UWF-OCT's complete measurability was limited in large tumors (12.5%, 1/8).<h4>Conclusions</h4>UWF-OCT provides precise, noninvasive, single-scan assessment of small-to-medium choroidal tumors with detailed structural visualization. It may be particularly useful for dome-shaped tumors, while multimodal imaging with US and MRI remains optimal for complex morphologies. Overall, UWF-OCT represents a valuable tool for diagnosis and treatment planning, with potential utility for longitudinal follow-up in choroidal tumor management.",Kim TY; Choi EY; Lee S; Choi YJ; Park SI; Lee SM; Lee J; Kim M,"Department of Ophthalmology, Institute of Vision Research, Gangnam Severance Hospital, Yonsei University College of Medicine, 211 Eonjuro, Gangnam-gu, Seoul, Republic of Korea.",American journal of ophthalmology,2026-06-30,10.1016/j.ajo.2026.06.046,2.5,visualization(abstract); visual(abstract),
42379461,Strategies for effective occurrence Management in Resource-Limited Clinical Laboratories: Challenges and practical solutions.,"<h4>Background</h4>Clinical laboratory results guide the vast majority of medical management pathways and Occurrence Management ensures diagnostic safety across the total testing process (TTP). However, execution in resource-limited settings (RLS) is severely hindered by infrastructural constraints like grid instability, workforce shortages, unreliable paper-based data systems, and punitive institutional cultures that suppress incident reporting and error capture.<h4>Objectives</h4>This review evaluates unique system-level and organizational barriers to error management in low-resource laboratories and synthesizes a scalable, phased operational framework to optimize continuous quality improvement and patient safety.<h4>Methods</h4>A comprehensive literature search was conducted across PubMed/MEDLINE, Scopus, Web of Science, Google Scholar, and AJOL for publications from January 2010 to April 2026. Guided by the TTP framework integrated with the Plan-Do-Check-Act (PDCA) cycle, a PRISMA-informed screening isolated 67 eligible records for thematic synthesis and framework development.<h4>Main text</h4>Laboratory errors are highly asymmetric, with up to 68.2% concentrated in the pre-analytical phase. Primary failure points stem from human-system interface lapses, manual transcription workflows, and cold-chain failures during power outages. To bridge the gap with international quality standards (ISO 15189:2022), this paper establishes a phased, six-stage occurrence management roadmap scaled for varying tiers of healthcare delivery. Practical, low-cost interventions include implementing non-punitive ""just culture"" reporting policies, using cost-effective in-house pooled patient sera for quality control, deploying offline-capable open-source laboratory information systems, and forming interdisciplinary clinical-laboratory committees. To facilitate bench deployment, the framework is supported by open-access templates designed to guide standardized reporting, structured root cause analysis (Five Whys/Ishikawa checklists), corrective actions, ledger tracking, and automated Process Sigma performance indicator dashboard monitoring.<h4>Conclusion</h4>Strengthening error tracking in RLS is fully viable through targeted operational changes without extensive capital investment. Shifting from an individual blame orientation to system-centric learning, paired with stepwise accreditation mentorship models (SLMTA/SLIPTA), significantly reduces diagnostic defects and ensures health system sustainability.",Myke-Mbata BK; Basil B; Mba IN,"Department of Chemical Pathology, Rev Fr. Moses Orshio Adasu University, Makurdi, Nigeria.",Clinica chimica acta; international journal of clinical chemistry,2026-06-30,10.1016/j.cca.2026.121211,2.0,dashboard(abstract); data(abstract),Patient Safety; Resource-limited Settings; Total Testing Process; Quality Management Systems; Iso 15189:2022; Occurrence Management
42379187,[CHRONIC: A didactically constructed clinical vignette illustrating a digital multimodal self-help program for chronic pain].,"<h4>Objective</h4>The aim of this article is to provide a conceptual description and clinical illustration of CHRONIC, a web-based multimodal program, by means of a didactically constructed clinical vignette.<h4>Methods</h4>We present a clinically typical course of a 47-year-old woman with chronic pain disorder (F45.41), long-standing back and leg pain, pronounced avoidance and protective behavior, and marked restrictions in meaningful activities. CHRONIC is accessed via a browser and provides weekly unlocked video modules with in-session interactive exercises (auto-pause), worksheets, and structured home practice. Mindfulness exercises are provided as audio (up to ~15 minutes), and three physiotherapy units are embedded within the module flow (posture in daily life, dose-adaptable whole-body exercises, safe gait and stance). Brief weekly assessments (past 7 days) are displayed on the dashboard as line graphs of sum scores from selected MPI-D subscales. Written feedback is delivered in-app and via email.<h4>Clinical illustration</h4>The vignette illustrates how psychoeducation (biopsychosocial model and vicious cycle of pain), acceptance and defusion strategies, and values-based goal setting can be translated into everyday action while gradually increasing pain-adapted physical activation. Over the 12-week course, the vignette illustrates a possible course toward personally meaningful goals with reduced avoidance and excessive guarding.<h4>Conclusions</h4>This didactically constructed vignette illustrates the intended clinical application and conceptual structure of CHRONIC. The article is hypothesis-generating and does not allow conclusions regarding effectiveness, implementation success, or comparative utility in routine care.",Bunjaku G; Zimmermann T,"Klinik für Psychosomatik und Psychotherapie, Medizinische Hochschule Hannover, Hannover, Germany.","Psychotherapie, Psychosomatik, medizinische Psychologie",2026-06-30,10.1055/a-2879-8978,1.5,dashboard(abstract),
42397858,Automatic Speech Recognition and Acoustic Analysis for Dysarthria Assessment in Telerehabilitation: User-Centered Design and Usability Study.,"<h4>Background</h4>Dysarthria is a frequent motor speech disorder following a stroke, affecting up to 42% of survivors and resulting in reduced speech intelligibility and diminished quality of life. Clinical assessments, such as the Frenchay Dysarthria Assessment, Second Edition (FDA-2), rely heavily on the subjective judgment of speech-language pathologists (SLPs), which limits comparability and scalability. Telepractice solutions have the potential to extend access to care, but validated digital tools that combine automatic analysis with clinically usable interfaces remain scarce.<h4>Objective</h4>This study aimed to develop and evaluate a web-based application that integrates automatic speech recognition (ASR) and acoustic analysis into a user-centered dashboard for SLPs. Specifically, we investigated: (1) whether ASR can provide intelligibility scores comparable to those of human listeners; (2) the usability of the system in 2 iterative cycles with SLPs; and (3) the feasibility of presenting clinically relevant acoustic features to support telerehabilitation.<h4>Methods</h4>A user-centered design process was followed, involving contextual inquiry, requirements gathering, prototype development, and iterative testing with SLPs. The analytical core of the prototype included an ASR module (Whisper Large-v3) to compute intelligibility scores, combining word error rate-based accuracy with sentence-level and word-level alignment. Phoneme-level error highlighting was implemented to identify frequent substitution or deletion patterns. In parallel, an acoustic module extracted clinically relevant measures, including fundamental frequency (mean and range), intensity (mean and variability), and vowel formants (F1-F2 space), supplemented by sustained phonation duration. A pilot validation compared ASR-based intelligibility scores with transcriptions from 8 lay listeners for 3 patients with dysarthria performing the Frenchay Dysarthria Assessment-2 word and sentence tasks. Usability was evaluated in 2 cycles with 8 and 4 SLPs, respectively, using the System Usability Scale and structured questionnaires.<h4>Results</h4>In the pilot validation, ASR performance was comparable to, and in some cases better than, untrained human listeners for individuals with mild and moderate dysarthria, though performance declined with severe cases. Both usability cycles yielded excellent System Usability Scale scores (cycle 1: mean 88.4, SD 4.6; cycle 2: mean 91.7, SD 4.1). Core workflow elements, including navigation, session upload, and intelligibility score presentation, were consistently rated highly. Feedback evolved from bug reports and requests for clearer terminology in cycle 1 to suggestions for advanced analytic features in cycle 2, such as additional voice-quality indices and integrated note-taking.<h4>Conclusions</h4>The prototype demonstrates that automatic intelligibility scoring and acoustic analysis can be integrated into a clinically usable, web-based dashboard. While current limitations include reliance on English-only phoneme analysis, limited advanced acoustic features, and lack of regulatory compliance, the application achieved excellent usability and shows promise for scalable telerehabilitation. Future work should expand multilingual support, incorporate additional acoustic measures, and validate the tool in larger clinical cohorts.",Vinet P; Dillenbourg P; Slot A; Selvanayakam S; Giovanoli S; Du E; Cardoso J; Branscheidt M; Easthope Awai C; Bauer CM,"Therapy Science Lab, Health, Lake Lucerne Institute, Rubistrasse 9, Vitznau, 6354, Switzerland, 41 79 5272449.",JMIR formative research,2026-07-03,10.2196/85230,1.5,dashboard(abstract),Speech And Language Therapy; Telerehabilitation; User-centered Design; Dysarthria; Web Application; Automatic Speech Recognition
