pmid,title,abstract,authors,first_author_affiliation,journal,pub_date,doi,score,matched_keywords,api_keywords
42573937,Intraoperative ultrasound-based brain tumor segmentation with boundary-overlay visualization for surgical assistance.,"<h4>Purpose</h4>Brain shift during neurosurgical tumor resection reduces the reliability of preoperative image-based navigation and increases the need for updated intraoperative image interpretation. Intraoperative ultrasound (iUS) provides accessible intraoperative anatomical information but remains difficult to interpret because of speckle noise, weak contrast, and ambiguous tumor appearance. This study aims to develop an iUS-based brain tumor segmentation framework with boundary-overlay visualization to support surgical assistance.<h4>Methods</h4>We propose a multi-scale attention-based tumor segmentation framework. Volumetric ultrasound features are extracted by a 3D convolutional backbone and hierarchically aggregated across scales. Cascaded attention refines tumor-relevant features, followed by multi-scale context aggregation to improve robustness to tumor size and appearance variations. The predicted mask is converted into a boundary overlay for intuitive iUS visualization. The method was evaluated on the public RESECT dataset and illustrated on two external clinical cases. A segmentation-assisted interpretation assessment examined whether algorithm-derived overlays improve junior neurosurgeon annotation consistency relative to a senior expert reference.<h4>Results</h4>On the RESECT dataset, the proposed framework showed segmentation performance comparable to established volumetric baselines while providing a more sensitive tumor-region detection profile. Precision, specificity, and surface-distance metrics allowed the sensitivity gain to be interpreted together with false-positive behavior and surface agreement. Ablation studies supported the contribution of cascaded attention and multi-scale contextual aggregation. In the interpretation assessment, mean junior-senior agreement improved from 76.56% DSC without algorithm assistance to 90.60% DSC after reviewing the algorithm-derived overlay.<h4>Conclusion</h4>The proposed iUS-based tumor segmentation framework provides segmentation-derived boundary-overlay visualization for intraoperative interpretation. The results support its potential as a computer-assisted intraoperative interpretation tool, while further validation on larger multi-center cohorts, multiple observers, and multiple intraoperative time points remains necessary.",Zhang S; Ma L; Wang X; Shen Y; Li Y; Liao H,"School of Biomedical Engineering, Tsinghua Medicine, Tsinghua University, Beijing, China.",International journal of computer assisted radiology and surgery,2026-08-10,10.1007/s11548-026-03769-y,12.0,"visualization(kw,title,abstract); visual(kw,title,abstract); data(abstract)",Intraoperative Ultrasound; Computer-assisted Intervention; Brain Tumor Segmentation; Boundary-overlay Visualization; Surgical Assistance
42598811,Artificial Intelligence in Occlusion-Oriented Digital Reconstruction of Maxillofacial Fractures: Current Applications and Translational Challenges.,"Maxillofacial fractures require reconstruction of a functional craniofacial unit rather than isolated realignment of fractured bone. Stable occlusion, mandibular movement, temporomandibular joint position, facial contour, and fixation-device adaptation should be considered as interdependent treatment targets. Digital workflows incorporating CT or CBCT reconstruction, virtual surgical planning, CAD/CAM, 3-dimensional printing, patient-specific implants or plates, and navigation have improved visualization and surgical transfer. However, comminution, bilateral injury, loss of anatomic references, dental arch disruption, limited mouth opening, metal artifacts, and labor-intensive segmentation still restrict efficiency and reproducibility. This narrative review summarizes artificial intelligence applications across the occlusion-oriented digital reconstruction chain, including image screening, craniofacial and dental segmentation, tooth numbering, model repair, 3-dimensional shape completion, planning assistance, intraoperative registration, and postoperative deviation analysis. The literature was reviewed with emphasis on clinical task, evidence maturity, implementation risk, and translational feasibility. To make the clinical hierarchy explicit, AI applications were classified as near-term supervised clinical support, intermediate translational tools, exploratory research applications, or not ready for routine clinical use. Current evidence supports AI most strongly as supervised decision support for fracture triage, preliminary jaw and tooth segmentation, planning preparation, and postoperative measurement. A representative clinical workflow scenario is included to illustrate how these tasks can be integrated into surgeon-led planning without converting AI outputs into autonomous surgical decisions. Shape completion, automated reduction, fixation design, and real-time intraoperative feedback remain promising early translational applications but require stricter validation before broad clinical deployment. Future translation should prioritize multicenter annotated data sets, external validation, uncertainty reporting, auditable human-in-the-loop workflows, and outcome measures that link radiographic accuracy with occlusal contact, masticatory efficiency, temporomandibular function, patient-reported outcomes, and cost-effectiveness.",Chi Y; Wang H,"Department of Stomatology, The First Affiliated Hospital of Anhui Medical University.",The Journal of craniofacial surgery,2026-08-14,10.1097/scs.0000000000013260,7.6,"visualization(abstract); visual(abstract); artificial intelligence(kw,title,abstract); data(abstract)",Artificial intelligence; maxillofacial injuries; Facial Fractures; Occlusal Reconstruction; computer-assisted surgery; Virtual Surgical Planning; Digital Surgery
42601279,Optimizing visualization feedback of real-time navigation for orbital reconstructions: A preclinical study.,"Surgical navigation can improve orbital implant positioning, yet current commercial systems are limited by the feedback interpretation and its timing after implant positioning. This study evaluated how different visualization methods impact the efficiency and interpretability of real-time feedback during orbital reconstruction. A standardized in-vitro setup was used to simulate orbital reconstructions by six surgeons of varying experience levels. Each surgeon performed implant positioning tasks using six different visualization modes, starting from three predefined misaligned positions. Interpretation accuracy and time to correct implant positioning were recorded. Visualization methods varied in the presence of computed tomography (CT) images, visualization of three-dimensional (3D) models, and use of implant-to-target distance visualization (distance mapping). Across a total of 108 reconstructions, no statistically significant differences in positioning time or interpretation accuracy were found between visualization methods. However, surgeon feedback revealed strong preferences: anatomical CT data and additional coronal view at the ledge improved spatial understanding, while views relying solely on 3D models or instrument orientation were seen as less intuitive. Notably, surgeons reported a consistent two-step strategy: initially 3D views were used for initial spatial alignment, followed by two-dimensional slices for precise adjustments. These findings suggest that while performance metrics may not differ across visualization modes, surgeon usability and interpretability are critical for clinical implementation. Future development of a clinically viable navigation workflow should include real-time feedback with both anatomical context and tailored visual support to promote more intuitive navigation in orbital surgery.",Sabelis JF; Maal TJJ; Bruggink R; van de Steeg G; Becking AG; Dubois L; Schreurs R,"Department of Oral and Maxillofacial Surgery, Amsterdam University Medical Centre (UMC), AMC, Academic Center for Dentistry Amsterdam (ACTA), University of Amsterdam, Amsterdam, the Netherlands. Electronic address: j.f.sabelis@amsterdamumc.nl.",International journal of oral and maxillofacial surgery,2026-08-14,10.1016/j.ijom.2026.07.017,7.0,"visualization(title,abstract); visual(title,abstract); data(abstract)","Software; Surgical Instruments; Orbital Fractures; Surgery, Computer-assisted; Surgical Navigation Systems"
42587044,Intraoperative biliary anatomy visualization using indocyanine green fluorescence micro-dosing: a quantitative preclinical study.,"<h4>Background</h4>The critical view of safety aims to reduce bile duct injury during laparoscopic cholecystectomy. Near-infrared (NIR) fluorescence cholangiography with indocyanine green (ICG) may enhance visualization of extrahepatic biliary anatomy, but conventional dosing can increase hepatic background fluorescence and optimal weight-adjusted strategies remain unclear. This study quantitatively evaluated weight-adjusted systemic ICG regimens within a predefined micro-dose domain and assessed the temporal stability of bile duct-to-liver fluorescence contrast within an operative time window.<h4>Methods</h4>Ten pigs received a single randomized intravenous injection of ICG at one of five weight-adjusted doses (0.000625, 0.004, 0.01, 0.025, or 0.05 mg/kg). NIR fluorescence imaging was performed at 30, 60, and 90 min using a standardized laparoscopic platform in overlay mode. Extrahepatic bile ducts and hepatic parenchyma were manually segmented in Computer Vision Annotation Tool to generate masks. Pixel-wise intensity extraction was aggregated to obtain one bile duct-to-liver contrast ratio per animal per time point. Data were analyzed using a linear mixed-effects model with animal as a random effect.<h4>Results</h4>Fluorescence was detectable in all animals from 30 to 90 min across all dose regimens. When doses were grouped into a predefined micro-dose domain (≤ 0.01 mg/kg; n = 6 animals) versus higher doses (≥ 0.025 mg/kg; n = 4 animals), mixed-effects modeling showed a main effect of dose group (F(1,8) = 6.539, p = 0.034), with consistently higher estimated marginal mean contrast ratios in the micro-dose domain (ΔEMM = 2.350 ratio units, 95%CI 0.549-4.152). No significant effect of time was observed (F(2,18) = 0.824, p = 0.455) within the 30-90 min window evaluated.<h4>Conclusions</h4>Systemic weight-adjusted micro-dose ICG administration provided higher bile duct-to-liver contrast in a preclinical model within the operative window evaluated. These findings support further investigation of standardized micro-dose protocols and quantitative fluorescence-guided strategies in clinical settings.",Espínola F; Giménez M; Innocenzi C; Corteggiano I; Hostettler A; Ancel A; Collins T; Vix M; Forgione A; Asbun H; Marescaux J,"Research Institute Against Digestive Cancer (IRCAD), 1 Place de l'Hôpital, 67091, Strasbourg, France.",Surgical endoscopy,2026-08-12,10.1007/s00464-026-13156-y,7.0,"visualization(title,abstract); visual(title,abstract); data(abstract)",Indocyanine green; Laparoscopic Cholecystectomy; Fluorescent Cholangiography
42572079,SFFO-RL-intelligent environmental monitoring: smart sensing networks with artificial intelligence.,"Rapid urbanization has led to increasingly severe environmental degradation, necessitating the development of intelligent, adaptable, and explainable monitoring systems for sustainable urban management. Existing modeling frameworks are limited by problems related to sensor noise, data inconsistencies, poor adaptability, and a lack of explanation of how models arrive at their predictions. This study proposes a Satin Firefighter Optimization-Reinforcement Learning (SFFO-RL) model within an Intelligent Environmental Monitoring Framework (IEMF) to enable accurate, interpretable environmental assessments. The IEMF employs adaptive filtering for sensor noise, an Isolation Forest outlier-removal method, and Min-Max normalization of the data, followed by Multi-order Neighbor Feature Fusion (MNFF) for comprehensive feature representation. The SFFO-RL contributes to more stable convergence in environmental monitoring, a better exploration-exploitation balance, and improved adaptability in predicting pollutant concentrations when one or more pollutants change over time. Predictions were applied to a novel Environmental Health Index (EHI) to provide early warning alerts, while model visualization explained how data were transformed into predictions. Ultimately, the proposed SFFO-RL achieved 97.1% accuracy, 97.8% F1 score, 97.6% recall, and 98.21% precision.",Akaezuwa E; Lakshmi Bhabuu S; Asingya B; Smirnov PI; Bakaki F,"Vice Chancellor, International University of East Africa, Kampala, 35502, Uganda.",Environmental monitoring and assessment,2026-08-10,10.1007/s10661-026-15724-0,6.6,"visualization(abstract); visual(abstract); artificial intelligence(kw,title); data(abstract)",Environmental monitoring; Reinforcement Learning; Smart Sensing; Explainable Artificial Intelligence; Satin Firefighter Optimization
42574779,Influence of visualization portal selection on femoral tunnel placement and anterior knee pain after anterior cruciate ligament reconstruction.,"<h4>Background</h4>Accurate femoral tunnel placement is considered important for successful anterior cruciate ligament reconstruction (ACL-R). Visualization portal selection during femoral tunnel preparation may influence postoperative clinical and radiographic outcomes.<h4>Methods</h4>This retrospective comparative study included 184 patients (mean age: 28.1 ± 6.7 years) who underwent primary ACL-R with ≥24-month follow up. Patients were grouped according to the arthroscopic visualization portal used during femoral tunnel preparation: central transpatellar portal (CTP; n = 90) or anteromedial (AM) portal (n = 94). Femoral tunnel angle, femoral tunnel height ratio, femoral tunnel depth ratio , and tibial tunnel angle were evaluated on postoperative radiographs. Clinical outcomes were assessed using visual analog scale (VAS) and Kujala scores at 3, 6, 12, and 24 months postoperatively.<h4>Results</h4>Mean radiographic tunnel parameters did not differ significantly between groups. At 3 months, VAS scores were higher in the CTP group than in the AM group (5.29 ± 1.51 vs. 3.44 ± 1.45; P = 0.001), while Kujala scores were lower (70.64 ± 4.87 vs. 73.00 ± 4.25; P = 0.001). Smaller differences were observed at 6 months, whereas no significant differences were identified at 12 or 24 months. Early postoperative differences remained below previously reported thresholds for clinically meaningful change.<h4>Conclusion</h4>Patients undergoing ACL reconstruction with CTP visualization demonstrated higher anterior knee pain-related scores during the early postoperative period compared with those treated using an anteromedial portal. However, these differences were not observed at 12- or 24-month follow up. Mean radiographic tunnel parameters were similar between groups. These findings suggest that AM portal visualization may provide a more favorable early postoperative course while achieving comparable radiographic and mid-term clinical outcomes.",Altuntas Y; Ipek E; Balkanlı B; Alibakan G; Bozca MA; Eren OT,"Orthopedics and Traumatology Department, Health Science University, Istanbul Sisli Hamidiye Etfal Training and Research Hospital, Istanbul, Turkey. Electronic address: dryusufaltuntas@gmail.com.",The Knee,2026-08-10,10.1016/j.knee.2026.104596,6.5,"visualization(title,abstract); visual(title,abstract)",Radiological Assessment; Femoral Tunnel; Anterior Cruciate Ligament Reconstruction; Anterior Knee Pain; Central Transpatellar Portal
42603764,Artificial Intelligence-Assisted Contrast-Enhanced Ultrasound for Perfusion Evaluation: State-of-the-Art Review. ,"Accurate perfusion evaluation is crucial for clinical diagnosis and treatment, such as lesion characterization and risk stratification of carotid atherosclerotic plaques. Contrast-enhanced ultrasound (CEUS) examination, which enhances microvascular visualization with contrast agents, offers the advantages of being non-invasive, real time and free of ionizing radiation, making it widely applicable for perfusion evaluation. However, traditional CEUS analysis may have several limitations, in part due to operator dependence. A single CEUS examination generates massive dynamic cine-loop sequences, so manual frame-by-frame analysis is not only time consuming and labor intensive, but also prone to missing key information. It also struggles to obtain quantitative perfusion parameters and has the problem of inter-observer variability. Artificial intelligence (AI) can efficiently process high-dimensional CEUS data through automated data pre-processing, intelligent segmentation of regions of interest, standardized feature extraction and accurate decision support. AI improves the diagnostic efficiency and consistency of CEUS analysis, thus becoming an ideal tool to address these limitations. In this review, we summarize the mechanism, clinical value and limitations of CEUS examination for perfusion evaluation and introduce the core AI techniques for CEUS analysis and the technical workflow of AI-assisted CEUS. We then elaborate on the status of applying AI-assisted CEUS across multiple organ systems. Finally, we discuss the current challenges and future directions of this technology, aiming to promote its clinical application.",Tang T; Ling M; Xie J; Zhou F; Guo S; Johri AM; Zhou J,"School of Biomedical Engineering, Shenzhen Campus of Sun Yat-sen University, Shenzhen, China.",Ultrasound in medicine & biology,2026-08-15,10.1016/j.ultrasmedbio.2026.07.021,5.6,"visualization(abstract); visual(abstract); artificial intelligence(title,abstract); data(abstract)",
42576362,The dead still teach the living: Body donor dissection in the digital age of anatomy education.,"Donor-based dissection has become increasingly contested in modern medical curricula as digital anatomy platforms, simulation technologies, virtual dissection tables, three-dimensional reconstructions, and artificial intelligence-supported learning have expanded. Reduced curricular time and logistical constraints have encouraged some institutions to reduce or replace dissection-based anatomy teaching. This shift raises a central educational question: What does dissection contribute to anatomy learning that cannot be reproduced by other methods? This article examines donor-based dissection from an anatomy-education perspective. It argues that its value should not rest on tradition, nor be judged solely by examination performance. Its educational significance lies in the multiple dimensions of learning it uniquely supports: three-dimensional spatial reasoning, recognition of anatomical variation, tactile and manual understanding of tissue planes, regional and topographical orientation, integration of structure with clinical relevance, and the development of professional identity and donor respect. Digital anatomy and artificial intelligence can enrich anatomy teaching by improving visualization, accessibility, and repetition. However, these tools present anatomy in a standardized, cleaned, and immediately visible form. Donor-based dissection exposes students to the body as layered, variable, and sometimes ambiguous-an encounter that cannot be fully replicated digitally. A six-phase hybrid model grounded in experiential learning theory is proposed: digital pre-laboratory orientation, donor-based or prosection-based exploration, imaging correlation, clinical case reasoning, guided professional reflection, and post-laboratory digital consolidation. In this framework, digital tools prepare and reinforce learning while dissection remains the central embodied experience. Donor-based dissection therefore remains indispensable as a carefully structured component of an integrated anatomy curriculum.",Kasırga UB,"Department of Anatomy, Faculty of Medicine, Bahçeşehir University, Istanbul, Türkiye.",Anatomical sciences education,2026-08-10,10.1002/ase.70315,5.5,"visualization(abstract); visual(abstract); artificial intelligence(kw,abstract)",Simulation; Artificial intelligence; Medical education; Professional Identity; Clinical Reasoning; Digital anatomy; Anatomical Variation; Anatomy Education; Body Donation; Donor Respect; Donor‐based Dissection; Three‐dimensional Learning
42303462,A User-Centered Approach to Achieving High Degree of Digital Health Technology Utilization for Community HIV Case Management and Data Collection in Ethiopia.,"Digital health technologies have untapped potential to transform community health systems, and they are underutilized for chronic HIV care and electronic data management in low- and middle-income countries. We describe the design, development, and use of a mobile health application in community-based HIV prevention, care, and treatment programs implemented in Ethiopia since 2017. Initially, these programs utilized aggregate data collection methods, which were fragmented, non-uniform, and largely paper-based, posing challenges to data quality and data use. Local software developers applied user-centered methods to build a Unified Data System (UDS), an innovative digital health solution aimed at standardizing case management and routine data collection procedures. Developers involved end-users, including frontline community health workers (CHWs) and program managers, in the design and development process. They also conducted field visits to understand and assess user activities and needs. Developers and program staff conducted field testing, and they made design changes iteratively to incorporate user feedback. Local implementing partners deployed 950 CHWs to use the UDS for HIV service delivery and client-level data collection offline. Data were stored centrally in the CommCare HQ web service backed by a local analytics server. The UDS was linked to Power BI for advanced data analytics and visualization. Data validation tests were performed prior to indicator computation and reporting to the next level. 1,766 mobile accounts were opened for CHWs, of which 1,628 (92.2%; 95% confidence interval [CI]=90.8%, 93.4%) have submitted data. An additional 368 of 392 web accounts (93.9%; 95% CI=91.0%, 96.0%) have been used by program managers and monitoring and evaluation experts to access the dashboard. The UDS has eliminated the tedious, manual, paper-based work associated with data (dis)aggregation and reporting by frontline CHWs and local implementing partners. Hence, the number of days to access client-level data by the local partners was reduced from 1 month to just 1 day, and the time to report on activity performance was shortened from 5 days to a half-day. Data completeness was nearly 100% and data validation tests demonstrated no invalid data elements or errors. Generally, there was a high degree of digital health technology utilization by frontline CHWs and local implementing partners for standardized HIV care, high-quality data collection, and making data-informed decisions. Lessons learned from the UDS implementation could be adapted not only to support community HIV programming but also to strengthen national electronic community health information systems.",Mekuria LA; Likasa G; Sintayehu T; Mekonen L; Tekeste A; Seid E; Asefa W; Negash A; Shewarega A; Tilaye M; Eyassu G; Belete K; Nur M; Neri S; Hayes A; Liddell E; Mookherji S; Tsegaye DA,"Project HOPE, Addis Ababa, Ethiopia. legesealex@gmail.com.","Global health, science and practice",2026-08-10,10.9745/ghsp-d-24-00353,5.3,"visualization(abstract); dashboard(abstract); visual(abstract); data(title,abstract)",
42439080,Deep learning-empowered Raman spectroscopy for gastric cancer diagnosis: a review of data pipelines and algorithms.,"Raman spectroscopy is emerging as a label-free tool for gastric cancer diagnosis by capturing molecular fingerprints of malignant transformation. However, weak scattering, strong fluorescence background, anatomical heterogeneity, and limited annotated datasets restrict its translation into routine endoscopic practice. This review examines the integration of deep learning with Raman spectroscopy from a data-pipeline perspective. We analyze core data challenges and summarize learning-based preprocessing strategies for denoising, baseline correction, and spectral reconstruction. Data augmentation approaches-particularly generative models for small-sample and class-imbalance problems-are then reviewed. Major deep learning architectures are categorized by analytical role: convolutional networks extract local spectral patterns, recurrent models capture biochemical sequential dependencies, and Transformer-based models support global context modeling and interpretable visualization. The evidence indicates a clear shift toward data-centric, end-to-end representation learning. Future work should integrate explainable AI with calibration transfer, domain adaptation, standardized validation, and prospective multicenter evaluation to enable clinical optical biopsy.",Wang M; Mo W; Qi D; Ni S; Tang F; Wang X; Yang Q; Zhou M,"Department of Materials Science and Technology, Laser Fusion Research Center, China Academy of Engineering Physics, Mianyang 621900, China. rclfkit@caep.cn.",The Analyst,2026-08-10,10.1039/d6an00642f,3.8,"visualization(abstract); visual(abstract); data(title,abstract)",
42585228,Frailty prediction in heart failure patients with acute infections: the potential role of thiazide diuretics?,"<h4>Background</h4>Frailty remains a significant risk factor for adverse health outcomes in hospitalized patients. Few have evaluated frailty risk and its influencing factors in heart failure (HF) patients with acute infections, and previous machine learning models have predominantly overlooked the incorporation of visualization techniques. This study aims to investigate frailty risk factors in this population and develop an interpretable prediction model for frailty.<h4>Methods</h4>This study enrolled 1498 patients hospitalized for HF with acute infections at Nanjing First Hospital in 2023. Participants were randomly divided into training and testing sets at a 7:3 ratio. Potential predictors were screened through univariate analysis and the least absolute shrinkage and selection operator (LASSO) regression. Eight machine learning algorithms were evaluated to determine the optimal predictive model. Model interpretability was enhanced using the SHapley Additive exPlanations (SHAP) method.<h4>Results</h4>Frailty was prevalent in 80.3% of the cohort. Key predictors included the use of thiazide diuretics, serum albumin, estimated glomerular filtration rate (eGFR), lymphocyte percentage, mean corpuscular hemoglobin concentration (MCHC), capacity for action, age, left ventricular ejection fraction (LVEF), New York Heart Association (NYHA) functional class, history of cerebral infarction, and smoking. Comparative analysis of the eight models revealed that eXtreme Gradient Boosting (XGBoost) achieved superior performance, with the highest area under the receiver operating characteristic curve (AUROC: 0.872) and precision-recall curve (AUPRC: 0.969).<h4>Conclusions</h4>This study identified the use of thiazide diuretics as an independent predictor associated with lower frailty probability. We developed an online calculator as a proof-of-concept tool to demonstrate the potential application of the predictive model and facilitate real-time risk estimation.",Huang T; Liu S; Zhang S; Song X; Xu M; Wu H; Zou J; Shen Y,"Department of General Practice, Nanjing First Hospital, Nanjing Medical University, Nanjing, Jiangsu, China.",PloS one,2026-08-12,10.1371/journal.pone.0355848,3.5,visualization(abstract); visual(abstract); machine learning(abstract),
42581251,"Research hotspots, knowledge structure, and emerging trends in healthcare robotics for older adults: a bibliometric analysis (2015-2026).","Although applications in the field of Robotic Technologies for Older Adults' Healthcare are becoming increasingly widespread, existing research has largely focused on specific application scenarios, and a comprehensive understanding of the global research landscape, knowledge structure, thematic evolution, and future trends remains limited. This review aimed to conduct a bibliometric analysis and visualization of the field of Robotic Technologies for Older Adults' Healthcare, revealing the research landscape, research hotspots, thematic evolution, and future development trends in this field. This review adopted the bibliometric analysis method. The Web of Science Core Collection was selected as the core database, covering the period from January 2015 to July 2026, and literature screening was conducted following the PRISMA guidelines. Conduct bibliometric analysis using R Bibliometrix, VOSviewer, and CiteSpace, including publication trends, citation analysis, collaboration networks, keyword co-occurrence, topic clustering, and outlier detection. Meanwhile, the PubMed database was additionally included to assist in validating the results of the bibliometric analysis. This research field has developed rapidly since 2016. Among them, China has the highest number of publications, while the United Kingdom has the highest average citation impact, indicating a discrepancy between research output and academic influence. International Journal of Social Robotics ranked first in both the number of publications and total citations, while BMJ Open had the highest average citations per article. Most core research institutions were concentrated in Japan, showing the characteristic of regional concentration in this research field. Core authors formed several research groups (such as Yu, Bevilacqua, and Rigaud), but extensive international collaboration has not yet been formed. Robotic Technologies for Older Adults' Healthcare is gradually forming a knowledge system integrating technology development, healthcare applications, and evidence-based development. Three hotspot themes were further identified, including Intelligent Assistive Robots, Healthcare, Rehabilitation, and Wellness for the Aging Population, and Trend Forecasting. Among the burst keywords, ""PARO,"" ""Gait,"" and ""Deep Learning"" indicate that robotic technologies are focusing on older adults' social companionship, physical function recovery, and personalized health management, representing the frontier hotspots in this field. In the future, AI technologies, multimodal intelligent interaction, personalized health management, and cross-disciplinary collaborative innovation may become the key driving forces for the continuous development of this field, promoting the translation of clinical effectiveness in the field of Robotic Technologies for Older Adults' Healthcare. This review provides a comprehensive knowledge map of Robotic Technologies for Older Adults' Healthcare and offers evidence-based insights for medical researchers and policymakers regarding future technological developments and clinical translation.",Ling X; Yan R,"School of Physical Education, Qujing Normal University, Qujing City, China.",Journal of robotic surgery,2026-08-12,10.1007/s11701-026-03829-0,3.0,visualization(abstract); visual(abstract); data(abstract),Older Adults; Knowledge Structure; Bibliometric Analysis; Research Trends; Healthcare Robotics
42592302,Label-free wide-field imaging of brain tumors using near-infrared endogenous fluorescence and reflectance normalization.,"<h4>Significance</h4>Maximizing safe tumor resection remains a major challenge in brain tumor surgery due to the lack of reliable real-time intraoperative contrast between tumor and healthy brain tissue. Label-free optical methods based on endogenous tissue fluorescence could provide simple, noninvasive feedback to guide resection while avoiding the logistical and regulatory limitations of exogenous fluorophores.<h4>Aim</h4>The study aims to investigate whether endogenous near-infrared (NIR) fluorescence can differentiate tumor from normal brain tissue <i>in vivo</i> and to develop a wide-field fluorescence and reflectance imaging system for label-free visualization of brain tumor specimens <i>ex vivo</i>.<h4>Approach</h4>We analyzed <i>in vivo</i> data acquired with a hand-held near-infrared spectroscopy probe from 26 patients (430 measurements) to quantify endogenous fluorescence differences between glioblastoma or astrocytoma and normal brain. Based on these findings, we built a wide-field imaging prototype using 808-nm laser excitation, red-shifted fluorescence detection with an InGaAs short-wave infrared camera, and co-registered reflectance imaging for ratiometric normalization. The system was validated with <i>ex vivo</i> human surgical specimens (14 samples from five patients).<h4>Results</h4>Endogenous fluorescence intensity measured <i>in vivo</i> was significantly higher in normal brain tissue compared with tumor, yielding positive predictive values of 85 to 88% for tumor and a negative predictive value of 96% for normal tissue. <i>Ex vivo</i> wide-field imaging reproduced this contrast: normalized fluorescence was lower in tumor regions than in histologically confirmed normal areas, consistent with metabolic differences observed <i>in vivo</i>.<h4>Conclusions</h4>Endogenous NIR fluorescence provides intrinsic contrast between normal and tumoral brain tissue. The demonstrated corrected wide-field fluorescence imaging approach could offer a feasible, label-free method for real-time visualization of tumor margins, supporting its future clinical translation as an intraoperative guidance tool.",Beaudoin G; Blanquez-Yeste V; Dallaire F; Lee SS; Cayrol R; Guiot MC; Trifiro MA; Paliouras M; Petrecca K; Leblond F,"Polytechnique Montréal, Department of Physics Engineering, Montréal, Quebec, Canada.",Journal of biomedical optics,2026-08-12,10.1117/1.jbo.31.8.086005,3.0,visualization(abstract); visual(abstract); data(abstract),Spectroscopy; Astrocytoma; Glioblastoma; Neurosurgery; Near-infrared Imaging; Wide-field Imaging; Endogenous Fluorescence; Intraoperative Guidance.; Label-free Contrast
42574684,"Building a Natural Language Processing Augmented Information Support System to Enhance Supportive Care for Patients With Prostate Cancer and Families: User-Centered, Iterative Approach.","<h4>Background</h4>Patients with prostate cancer and their families face significant challenges during transitions from diagnosis to treatment and posttreatment self-management, particularly in accessing, understanding, and using complex health information.<h4>Objective</h4>We aimed to develop the Interactive Prostate Cancer Information, Communication, and Support Program (iPICS), a natural language processing (NLP)-augmented eHealth platform designed to enhance care continuity, support decision-making, and improve health outcomes for patients and families.<h4>Methods</h4>This study used an iterative, user-centered design approach to design, develop, and refine iPICS, guided by responsible AI principles. The iterative development process advanced from an initial needs assessment through iterative formative and summative prototype evaluations, culminating in a final evaluation of field deployment readiness via semistructured interviews and focus groups with patients with prostate cancer and family members from diverse sociodemographic backgrounds. Thematic analysis was conducted to identify critical functionalities and content, using double coding and team-based consensus procedures. Participants' feedback was integrated during the platform's refinement to ensure iPICS' usability, accessibility, security, and functionality.<h4>Results</h4>A total of 18 patients with prostate cancer and 7 family members participated in 2 semistructured interviews and 17 focus groups. Most participants were older adults and had at least a high school education. Participants identified 5 major themes relevant to iPICS development: functional requirements, user interface design recommendations, content and visualization needs, program delivery preferences, and privacy and data security concerns. These themes informed the iPICS prototype design, development, and refinement, which include 3 core components: Inform, a multimedia health information resource hub; Dialog, an NLP-augmented consultation recording summarization tool for patient-provider communication; and Snap, a moderated online peer-support forum. Key features of iPICS include: Inform is an evidence-based, guideline-informed multimedia health information paired with National Institutes of Health-sponsored MedlinePlus papers; Dialog is an NLP-powered recording with keyword extraction and hyperlinking; and Snap is peer-support functionalities moderated by nurses to ensure safety and reliability. iPICS development was also compliant with HIPAA (Health Insurance Portability and Accountability Act) standards and aligned with user needs while ensuring usability throughout deployment.<h4>Conclusions</h4>The NLP-augmented iPICS was developed using an iterative user-centered design approach to support patients with prostate cancer and their families. It offers a scalable solution for ethical, transparent, and inclusive supportive survivorship care, particularly during critical care transitions. As a formative qualitative study with a small sample, this phase did not evaluate patient- or family-reported outcomes. Our ongoing studies will evaluate the effects of iPICS on patient- and family-reported outcomes and explore adaptation to other cancers and chronic conditions.",Song L; Wang X; Yu F; Zuo D; Ranzinger LH; Liss M; Tan HJ,"School of Nursing, The University of Texas Health Science Center at San Antonio, 7703 Floyd Curl Drive, San Antonio, TX, United States, 1 210 567 5824.",Journal of medical Internet research,2026-08-10,10.2196/74150,3.0,visualization(abstract); visual(abstract); data(abstract),"prostate cancer; Decision Making; Social Support; Self-management; Health Information; User-centered Design; Natural Language Processing; Family Caregiver; Ehealth, Digital Health"
42603288,ICOS-ImmunoPET Monitors T Cell Activation After Combination Immune Checkpoint Blockade in a Mouse Model of Melanoma Brain Metastasis. ,"Immune checkpoint inhibitors (ICIs) have transformed outcomes for melanoma brain metastases (MBM), yet early response assessment remains challenging because currently available tools such as magnetic resonance imaging (MRI) lack molecular specificity and are confounded by pseudoprogression. Antibody-based positron emission tomography (immunoPET) is a highly sensitive and specific molecular imaging technique that enables noninvasive, whole-body visualization of immune dynamics in vivo. The inducible T cell costimulatory receptor (ICOS) is a promising biomarker of therapy-induced T cell activation. Here, a previously validated tracer, [89Zr]DFO-ICOS mAb, is used to track activated T cells in a murine MBM model treated with combined anti-PD-1/anti-CTLA-4 therapy, and immunoPET signal is shown to correspond with therapeutic response and intratumoral T cell activation. To establish clinical relevance of ICOS-immunoPET, single-cell RNA sequencing data from 6 human MBM specimens are reanalyzed, revealing significantly higher ICOS expression accompanied by coordinated activation signatures in ICI-treated tumors. These findings support ICOS-immunoPET as a promising strategy for earlier, noninvasive, functionally informative assessment of immunotherapy response, with potential to improve patient stratification in brain metastases.",Kuo RC; Verma R; Nagy SC; Kalita M; Aubert S; Ballesteros-Álvarez J; Almeida PM; Vogel H; Alam IS; Lim M; James ML,"Department of Electrical Engineering, Stanford University, Stanford, California, USA.","Advanced science (Weinheim, Baden-Wurttemberg, Germany)",2026-08-15,10.1002/advs.76803,3.0,visualization(abstract); visual(abstract); data(abstract),
42603219,Emerging non-invasive tools for hair follicle assessment: a narrative review on hyperspectral and terahertz imaging. ,"Hair loss, though often dismissed as cosmetic, reflects complex vascular, metabolic, structural, and inflammatory changes within the scalp microenvironment. Conventional diagnostic tools such as visual inspection, dermoscopy, trichoscopy, and biopsy remain limited in their ability to determine these evolving processes non-invasively. Recent advances in optical physics and biomedical engineering have introduced light- and wave-based imaging approaches that may expand scalp diagnostics beyond surface visualization. Hyperspectral imaging (HSI) and terahertz (THz) imaging have demonstrated comparable capabilities for assessing tissue biochemistry, microstructure, hydration dynamics, pigmentation, and vascular signatures in related dermatologic applications and may support exploratory investigation of scalp assessment after validation. However, direct clinical evidence supporting HSI and THz imaging specifically in hair-loss patients remains limited. Therefore, this review integrates available alopecia-related imaging evidence, mechanistic and modeling evidence relevant to hair biology, and extrapolated findings from broader dermatologic applications, including oncology and wound-healing research. Relevant literature was identified by structured searches of PubMed, Scopus, and Google Scholar, covering studies published from June 2008 to March 2026. The review analyzes how these technologies may identify indirect, non-invasive scalp-tissue indicators associated with follicular miniaturization, perifollicular inflammation, fibrosis, vascular compromise, hydration imbalance, and treatment response. By merging spectral and wave-derived data with AI-based analytics and quantitative biomarkers, HSI and THz imaging may, upon validation, contribute to a shift from subjective grading to dynamic exploratory physiological mapping of superficial scalp tissue. Nevertheless, clinical translation will require scalp-specific validation, standardized acquisition protocols, normative datasets among different hair types, and correlation with established trichoscopic, histological, and clinical endpoints. Overall, these technologies constitute promising but investigational frontiers in precision alopecia diagnostics and data-guided hair-loss management.",Bose D; Kapoor R; Das D; Shome D; Ahmed E,"Department of Research, The Esthetic Clinics Clinical Research Organisation (TECCRO), Mumbai, Maharashtra, India.",Lasers in medical science,2026-08-15,10.1007/s10103-026-04990-6,3.0,visualization(abstract); visual(abstract); data(abstract),
42599351,ARport: an augmented reality system for markerless image-guided port placement in robotic surgery.,"<h4>Purpose</h4>Precise port placement is a critical step in robot-assisted surgery, where port configuration influences both visual access to the operative field and instrument maneuverability. To bridge the gap between preoperative planning and intraoperative execution, we present ARport, an augmented reality (AR) system that automatically maps pre-planned trocar layouts onto the patient's body surface , providing intuitive spatial guidance during surgical preparation.<h4>Methods</h4>ARport, implemented on an optical see-through head-mounted display (OST-HMD), operates without any external sensors or markers, simplifying setup and enhancing workflow integration. It reconstructs the operative scene from RGB, depth, and pose data captured by the OST-HMD, extracts the patient's body surface using a foundation model, and performs surface-based markerless registration to align preoperative anatomical models to the extracted patient's body surface, enabling in situ visualization of planned trocar layouts. A demonstration video illustrating the overall workflow is available online.<h4>Results</h4>In full-scale human phantom experiments, ARport accurately overlaid pre-planned trocar sites onto the physical phantom, achieving consistent spatial correspondence between virtual plans and real anatomy.<h4>Conclusion</h4>ARport provides a fully marker-free and hardware-minimal solution for visualizing preoperative trocar plans directly on the patient's body surface. The system facilitates efficient intraoperative setup and demonstrates potential for seamless integration into routine clinical workflows.",Han Z; Yang Z; Long Y; Zhang L; Kazanzides P; Dou Q,"Department of Computer Science and Engineering, The Chinese University of Hong Kong, Shatin, New Territories, HKSAR, China.",International journal of computer assisted radiology and surgery,2026-08-14,10.1007/s11548-026-03746-5,3.0,visualization(abstract); visual(abstract); data(abstract),Robotic Surgery; Augmented Reality; Port Placement; Surgical Guidance; Markerless Registration
42601564,Monitoring from the Injury Site After Spinal Cord Injury: Case Series of 109 Patients from Five Intensive Care Units.,"<h4>Background</h4>We review the international experience of placing monitoring probes intrathecally at the injury site in patients with acute, severe traumatic spinal cord injuries. The aims are to assess the types of probes used, their placement, signal quality, and safety.<h4>Methods</h4>We analyzed data from 109 adult patients managed in intensive care units in Aarhus, Leuven, Ljubljana, London, and Madrid. A questionnaire was distributed to all participating sites and data were retrospectively collected from each patient's medical record.<h4>Results</h4>Admission American Spinal Injury Association (AIS) grade was A (58.7%), B (19.3%), or C (22.0%). The probes remained for 5.3 ± 0.2 days (mean ± standard error). All patients had intraspinal pressure probes, 67.9% also had microdialysis probes, and 44.0% also had oxygen probes. Signal quality was good most of the time in 89.0% (intraspinal pressure), 95.9% (microdialysis), and 79.2% (oxygen) of patients. Computed tomography (CT) obtained in 89.0% of patients confirmed good probe position in all but one patient. Cerebrospinal fluid leak occurred in 20.8% of patients, 81.8% of whom required bedside suturing, 9.1% of whom required lumbar drainage, and 9.1% of whom required probe removal. Pseudomeningocele developed in 10.4% patients, of whom 81.8% were asymptomatic and 18.2% required surgery. Wound infections were reported in 4.7% patients: 60.0% resolved with antibiotics and 40.0% required surgical debridement. There was no spinal cord damage, meningitis, or hematoma. Though the probe signals were used for research, we show examples of potential clinical value. The probes allow for visualization in real time of spinal cord perfusion pressure, spinal cord autoregulation, spinal cord tissue oxygenation, and metabolism.<h4>Conclusions</h4>The main risks of intrathecal monitoring probes are cerebrospinal fluid leak, pseudomeningocele, and wound infection. Spinal cord damage, meningitis, or hematoma have not been observed. The probes provide good quality data in most patients with acute, severe traumatic spinal cord injuries that could potentially be used to guide clinical management.",Ilochonwu LC; Asif H; Kopač C; Jug M; Depreitere B; Sansinenea IP; Gómez-Abascal AL; Thygesen MM; Rasmussen MM; Bosetta E; Zoumprouli A; Papadopoulos MC; Saadoun S; ,"Academic Neurosurgery Unit, Neuroscience and Cell Biology Research Institute, City St. George's, University of London, London, UK.",Neurocritical care,2026-08-14,10.1007/s12028-026-02629-6,3.0,visualization(abstract); visual(abstract); data(abstract),Safety; Pressure; Probe; Monitoring; Microdialysis; Spinal cord injury
42591649,&lt;i&gt;CXCL12&lt;/i&gt; Expression and Clinicopathological Features at the Invasive Front of Pancreatic Cancer.,"<h4>Background</h4>The clinical significance of CXC ligand 12 (CXCL12) expression at the invasive front of pancreatic ductal adenocarcinoma (PDAC) remains unclear. This study examined the expression of stromal <i>CXCL12</i> using RNAscope for direct visualization of RNA localization and compared expression profiles with clinicopathological findings.<h4>Methods</h4>This retrospective investigation analyzed <i>CXCL12</i> expression in 66 PDAC tissue samples, specifically where the cancer had infiltrated the peripancreatic fatty tissue, using RNAscope. RNA expression was quantified and categorized into high and low groups for evaluating associations with clinicopathological data. Single-cell RNA sequencing (scRNA-seq) was employed to elucidate cellular expression patterns of <i>CXCL12</i> and its receptor, <i>C-X-C motif chemokine receptor 4 (CXCR4)</i>.<h4>Results</h4>CXCL12-positive staining was found in 88% of samples, with expression predominantly in the stroma rather than in tumor cells. Venous invasion was significantly less in the high <i>CXCL12</i> expression group (P = 0.019). We observed no significant difference in overall survival between the high and low <i>CXCL12</i> expression groups (P = 0.233), although relapse-free survival showed a trend toward being longer in the high <i>CXCL12</i> expression group (P = 0.0673). scRNA-seq revealed that <i>CXCL12</i> was predominantly produced by fibroblasts and endothelial cells, while its <i>CXCR4</i> receptor was expressed mainly on T cells, B cells, and myeloid cells.<h4>Conclusion</h4>RNAscope findings revealed that stromal <i>CXCL12</i> expression was associated with reduced PDAC progression and may represent a marker of favorable prognosis. Further studies are needed to confirm its role and prognostic value.",Imamura S; Uehara T; Iwaya M; Asaka S; Sugenoya S; Sawaguchi H; Yoshizawa T; Kuraishi Y; Nakajima T; Komamura S; Nakamura A; Iwaya Y; Shimizu A; Soejima Y; Ota H; Nagaya T,"Division of Gastroenterology and Hepatology, Department of Medicine, Shinshu University School of Medicine, Matsumoto, Japan.",Clinical Medicine Insights. Oncology,2026-08-11,10.1177/11795549261473797,3.0,visualization(abstract); visual(abstract); data(abstract),Pancreatic cancer; Tumor Microenvironment; Cxcl12; Rna In Situ Hybridization; Scrna-seq
42573755,Pathogenic mechanisms of Aeromonas hydrophila and the protective role of probiotics in sustainable aquaculture.,"Aeromonas hydrophila (A. hydrophila) is a pervasive opportunistic fish pathogen responsible for hemorrhagic septicemia and gastrointestinal disease and, together with other motile aeromonads (e.g., A. veronii, A. caviae, and A. dhakensis), for motile aeromonad septicemia (MAS), which cause significant economic losses in the global freshwater aquaculture industry. The widespread use of antibiotics to control A. hydrophila has led to increased antimicrobial resistance and environmental concerns, necessitating the urgent need for sustainable alternative treatments. We systematically retrieved, screened, and selected relevant studies from three databases: Scopus, Web of Science, and PubMed. Articles published between January 1, 2016, and June 1, 2026, were included. Two reviewers independently assessed the eligibility and data quality and extracted information from the identified articles. We performed a bibliometric analysis using VOSviewer and RStudio for visualization. We identified 339 experimental research publications from 2016 to 2026 and selected 39 articles that met the selection criteria for full-text evaluation. For VOSviewer keyword co-occurrence networking, we used the 277 Scopus publications (research articles, reviews, and book chapters) retrieved with the same search string. For the country trend analysis, we used the 464 deduplicated records (research articles, reviews, and book chapters) screened after duplicate removal. The most current keywords used were A. hydrophila, probiotic agents, microbiology, and probiotics. The country trend analysis revealed a remarkable increase in publications over the past 10 years, with key contributions from China, India, Iran, Brazil, and Egypt. The year 2025 recorded the highest publication output over the past 10 years. A diverse repertoire of virulence factors, including act, aerA, fla, ahyI, ahyR, and type III secretion systems, mediates A. hydrophila pathogenicity. Probiotics exert consistent multimodal protection via competitive pathogen exclusion, production of antimicrobial compounds, intestinal barrier enhancement, and host immunomodulation. Probiotics improve growth performance, digestive enzyme production, nutritional composition, immune response, hematology and histopathology, gut microbiome, and survival. This review highlights that probiotics are a viable, evidence-based component of integrated health management programs for A. hydrophila control, complementing rather than universally replacing antibiotics. This review highlights that probiotics are viable, evidence-based, and sustainable alternatives to antibiotics for A. hydrophila control.",Ayana GU; Abdullateef MM; Yadata GW; Manzoor R; Sumana SL; Gelata AM; Islam MM,"College of Agriculture and Veterinary Medicine, Jimma University, Jimma, 307, Ethiopia. gelana.ur2018@gmail.com.",Archives of microbiology,2026-08-10,10.1007/s00203-026-05138-4,3.0,visualization(abstract); visual(abstract); data(abstract),Aeromonas hydrophila; Probiotics; Intestinal barrier; Fish Immunity; Fish Health; Aquaculture Disease Control
42603190,Patient-specific static and dynamic 3D-printed models for planning endovascular repair of complex aortic disease with physician-modified stent grafts. ,"To develop a patient-specific static and dynamic 3D-printing workflow for preoperative planning of endovascular repair in complex aortic disease with physician-modified stent grafts, to assess the respective roles of rigid anatomical and dynamic models, and to explore its association with intraoperative efficiency compared with conventional image-based planning. This retrospective study included 46 consecutive patients with complex aortic disease encompassing various segments between the aortic arch and the abdominal aorta, who underwent endovascular repair with physician-modified stent grafts. Patients were assigned to a 3D printing-guided group (n = 22) or a conventional image-guided group (n = 24) based on the preoperative planning strategy. In the 3D printing group, patient-specific 1:1 rigid anatomical models and compliant dynamic models were generated from computed tomography angiography data. Rigid models were used for anatomical visualization, device sizing, and fenestration planning. Dynamic models, fabricated using silicone material (Shore hardness 10A) and integrated into a pulsatile flow system, were used to simulate device passage, deployment, and device-vessel interaction under physiological flow conditions. Model accuracy was evaluated by surface deviation analysis, and dynamic model performance was evaluated by Doppler-based flow comparison with in vivo measurements. The two groups were compared regarding operative time, radiation dose, contrast volume, perioperative complications, and short-term outcomes. Rigid anatomical models demonstrated high geometric fidelity, with over 97% of surface deviations within 0.2 mm compared with CTA data. Dynamic models showed close agreement with in vivo hemodynamics, with comparable peak systolic velocities at the inlet (1.48 ± 0.20 m/s vs. 1.52 ± 0.18 m/s, p = 0.274), aneurysmal segment (1.20 ± 0.18 m/s vs. 1.25 ± 0.15 m/s, p = 0.312), and outlet (1.35 ± 0.17 m/s vs. 1.38 ± 0.16 m/s, p = 0.401). In the 3D printing-guided group, simulation findings were concordant with intraoperative findings in 21 of 22 cases. Compared with rigid static models, dynamic models provided additional planning information in anatomically challenging cases, including severe angulation of arch or neck, severe luminal stenosis or true lumen collapse, target vessels arise from the aneurysm sac, complex target vessel proximal segment and severe access tortuosity. In the exploratory clinical comparison, the 3D-printing-guided group had significantly shorter operative time (133.6 ± 43.3 min vs. 171.4 ± 72.1 min, p = 0.039) and lower contrast volume (181.7 ± 68.6 mL vs. 234.9 ± 101.0 mL, p = 0.044) than the conventional image-guided group. The need for intraoperative device adjustment did not differ significantly between groups. No major adverse events occurred within 30 days in either group. A patient-specific dual-model 3D printing workflow combining rigid anatomical models and dynamic models is feasible for planning endovascular repair of complex aortic disease with physician-modified stent grafts. The dynamic model provides complementary information beyond static anatomical assessment, particularly in anatomically complex cases requiring simulation of device-vessel interaction. The observed reductions in operative time and contrast use suggest potential intraoperative benefits.",Gong Q; Yang Y; Deng H; Hu X; Zhang J; Cao S; Song H; Zhou Q,"Department of Ultrasound Imaging, Renmin Hospital of Wuhan University, No. 238 Jiefang Road, Wuchang District, Wuhan, Hubei Province, 430060, China.",CVIR endovascular,2026-08-15,10.1186/s42155-026-00755-y,3.0,visualization(abstract); visual(abstract); data(abstract),
42584517,Needle-based level II temporomandibular joint arthroscopy under local anesthesia.,"<h4>Objective</h4>To describe a novel office-based Level II temporomandibular joint (TMJ) arthroscopy technique performed using only two 16-gauge needle punctures, achieving the same level of invasiveness as conventional arthrocentesis while allowing direct visualization and therapeutic intervention.<h4>Methods</h4>This technical note describes a minimally invasive arthroscopic approach performed under intravenous sedation and local anesthesia using two 16-gauge needle portals. A 0.7-mm diameter fiber-optic endoscope is introduced through one needle for visualization, while a 600-µm optical fiber connected to a 450 nm diode laser (TheraBlue<sup>®</sup>, DMC, Brazil) is introduced through the second needle for controlled retrodiscal tissue ablation under direct visualization.<h4>Results</h4>This technique enables Level II arthroscopic capabilities while maintaining needle-level invasiveness. At 6-month follow-up, the patient demonstrated significant clinical improvement, with bilateral TMJ pain decreasing from a preoperative Visual Analog Scale (VAS) score of 8 to 1, and maximum interincisal mouth opening (MMO) increasing from 33 mm to 42 mm, with no complications observed. The procedure can be performed in an office setting under local anesthesia, reducing the need for hospital-based infrastructure.<h4>Conclusion</h4>Office-based Level II TMJ arthroscopy using 16-gauge needle portals appears to represent a feasible, minimally invasive evolution of arthrocentesis, enabling visualization and targeted therapeutic intervention with minimal morbidity in this initial case. Controlled studies with larger cohorts are required before broader clinical implications can be established.",de Barros RCM; Lee PT; Chiliti BA; Ono HY,"Hospital Sírio-Libanês, Rua Maestro Cardim, 1293 cj 84, São Paulo, 01323-001, Brazil. dr.romualdobarros@gmail.com.",Oral and maxillofacial surgery,2026-08-12,10.1007/s10006-026-01618-5,2.5,visualization(abstract); visual(abstract),minimally invasive surgery; Diode Laser; Office-based Surgery; Temporomandibular Joint Arthroscopy; Fiber-optic Endoscopy
42598840,Endoscopic Endonasal Removal of an Intranasal Mesiodens: Importance of Three-Dimensional Evaluation for Approach Selection.,"Although mesiodens is a frequently encountered supernumerary tooth, its complete migration into the nasal cavity is a rare clinical finding that can lead to various nasal symptoms. This report describes a case of an intranasal mesiodens that had fully migrated out of the maxillary bone and was embedded within the nasal mucosa without any osseous contact. Based on 3-dimensional radiographic evaluation, a prophylactic endoscopic endonasal approach was selected for removal. Under endoscopic visualization, the tooth was identified as a submucosal bulge and successfully extracted through a limited mucosal incision. The procedure was completed with minimal morbidity and did not require nasal packing. The patient showed favorable healing during the follow-up period without complications. This case demonstrates that for a fully migrated intranasal mesiodens without bony attachment, the endoscopic ensonasal approach is a simple, effective, and minimally invasive treatment option that provides direct visualization and excellent clinical outcomes.",Kim YS; Han JJ,"Department of Oral and Maxillofacial Surgery, School of Dentistry, Dental Research Institute, Seoul National University.",The Journal of craniofacial surgery,2026-08-14,10.1097/scs.0000000000013253,2.5,visualization(abstract); visual(abstract),Nasal cavity; Endoscopic Surgery; Supernumerary Tooth; Mesiodens; Intranasal Tooth
42584088,Development of a GFP-labeled &lt;i&gt;Pasteurella multocida&lt;/i&gt; strain for &lt;i&gt;in vivo&lt;/i&gt; organ infection tracing using a stable RCR-based genetic manipulation plasmid.,"Advances in microscopy have enabled the widespread application of <i>in vivo</i> pathogen tracking approaches to bacterial pathogenesis. <i>Pasteurella multocida</i> (<i>P. multocida</i>) is a major zoonotic pathogen causing severe respiratory diseases in livestock. However, genetic manipulation of clinical swine-derived isolates remains hindered by the lack of stable genetic tools. As a result, no genetically engineered <i>in vivo</i> tracking strain limits research in <i>P. multocida</i> infection dynamics. In this study, we evaluated diverse replication mechanisms and identified that rolling circle replication (RCR)-type replicons exhibit superior transformation robustness in swine isolates. Leveraging the temperature-sensitive pSET4s backbone and an optimized <i>mpheS</i> counter-selection marker, we developed a high-efficiency, markerless genetic manipulation system. The system exhibited high copy numbers and significantly enhanced transformation yields across diverse clinical swine isolates. To validate gene knockout efficiency, we performed markerless deletions of the capsule biosynthesis genes <i>hyaD</i> and <i>hyaE</i>. Phenotypic characterization revealed that hyaluronic acid (HA) deficiency led to complete attenuation of virulence in a murine model. Furthermore, we engineered a 15-Pm::GFP reporter strain via site-specific gene knock-in without detectable effects on bacterial growth or virulence. This strain enables direct visualization of bacterial colonization in the lung and liver by fluorescence imaging and allows real-time, <i>in situ</i> monitoring of pathogen and Kupffer cell interactions. Collectively, our results established an effective genetic toolkit for swine-derived <i>P. multocida</i> and developed fluorescently labeled strains for <i>in vivo</i> tracking. This plasmid provides a useful tool for investigating pathogenic mechanisms and <i>in vivo</i> infection dynamics of <i>P. multocida</i>.<h4>Importance</h4><i>P. multocida</i> is a critical threat to global animal health, while the difficulty of genetic modification in swine isolates has interrupted the link of the genomic and pathogenic phenotypes. This study provides a highly efficient, RCR-based markerless manipulation system optimized with cross-serogroup applicability for swine isolates. Validated across 15 clinical swine isolates, this plasmid offers a robust tool for genetic analysis and the rational design of next-generation vaccines. By defining the essential roles of <i>hyaD</i> and <i>hyaE</i>, we demonstrate that the hyaluronic acid capsule is required for virulence and pulmonary colonization. Moreover, the development of a biologically fluorescent reporter strain enables high-resolution, <i>in situ</i> tracking of infection dynamics, providing a powerful tool for real-time visualization during <i>P. multocida</i> infection.",Yuan C; Wang W; Wu Z; Song H; Fan H; Ma Z,"Ministry of Agriculture Key Laboratory of Animal Bacteriology, the International Joint Laboratory of Animal Health and Food Safety, and College of Veterinary Medicine, Nanjing Agricultural University, Nanjing, Jiangsu, China.",Applied and environmental microbiology,2026-08-12,10.1128/aem.00787-26,2.5,visualization(abstract); visual(abstract),Markerless Genetic Manipulation; Rcr Replicon; In Vivo Pathogen Tracking; Swine-derived Pasteurella Multocida
42586973,Interactive causal diagram of habitat design impacts on behavioral health and performance in extreme environments.,"As crewed long-duration space exploration missions become increasingly Earth-independent and reliant on onboard technology, risks due to human-system incompatibility become critical to address. In a space habitat, establishing objective and meaningful relationships between the individual and the environment has been challenging due to multidirectional influences between system components. Feedback loops between behavioral health processes and outcomes complicate characterization of influence within the system. Yet, it remains crucial for habitat designers and stakeholders to trade design decisions and their associated risks. In this work, we have created a risk mapping of the impact of habitat design to behavioral health and performance outcomes in isolated, confined, and extreme environments. We leverage a Directed Acyclic Graph (DAG) to formalize habitat design parameters as powerful mediators between mission stressors and behavioral health outcomes. To represent the DAG accessibly, we created the Human-Environment Connection & Interaction Atlas ( https://hecia.space ), an interactive open-source platform. We conducted expert and user interviews to evaluate the underlying DAG and the usability of the tool. Herein, we present our novel development of a risk map that links habitat design and behavioral health, as well as an interactive visualization that can provide a basis for accessible communication of complex systems.",Lin M; Chen L; Arquilla K,"Department of Aeronautics and Astronautics, Massachusetts Institute of Technology, Cambridge, MA, USA. shuyulin@mit.edu.",NPJ microgravity,2026-08-12,10.1038/s41526-026-00618-9,2.5,visualization(abstract); visual(abstract),
42592820,Application of 3D-Slicer combined with 3D printing technology in training neurosurgery resident physicians' imaging spatial cognition and clinical reasoning: A self-controlled before- and after-study.,"Neurosurgical residency training requires advanced spatial cognition and 3D anatomical understanding, which traditional methods often fail to adequately develop. This study evaluated a novel educational model integrating 3D Slicer and 3D printing technology to enhance imaging spatial cognition and clinical reasoning among neurosurgery residents. In a self-controlled before- and after-trial, 25 neurosurgery residents completed a 12-week training program involving 3D Slicer reconstruction and 3D printing of clinical cases. Core competencies were assessed at baseline (T0) and post-intervention (T1) through theoretical tests, spatial anatomical recognition tasks, and clinical case analysis. Subjective feedback was collected via a structured survey. Participants showed significant improvements in all assessment domains (p < 0.001). Spatial anatomical recognition scores increased by 16.96 points (from 67.12 to 84.08), clinical case analysis by 13.10 points (from 69.94 to 83.04), and theoretical knowledge by 12.32 points (from 72.32 to 84.64). Subjective evaluations indicated that 100% of residents reported moderate or significant improvement in 3D anatomical comprehension, spatial visualization, preoperative planning confidence, and proactive problem-solving. The integrated 3D Slicer and 3D printing training model effectively enhances spatial cognition, clinical reasoning, and active learning in neurosurgical education. It offers a scalable, clinically relevant approach to bridging the gap between 2D imaging interpretation and 3D surgical planning, supporting the transition from training to independent practice.",Xueyu L; Yuanxian F; Jiaxing C; Chuanyu L; Yuanbiao C; Haineng H; Huadong H; Kunxiang L; Shiyin W; Rong T,"Affiliated Hospital of Youjiang Medical University for Nationalities, Baise, Guangxi Zhuang Autonomous Region, China.",Anatomical sciences education,2026-08-13,10.1002/ase.70321,2.5,visualization(abstract); visual(abstract),Medical education; Resident Education; Clinical Reasoning; 3D Printing; 3D Slicer
42581179,Tubular endoscopic spine surgery (TESS) for lumbar laminotomy: a technical feasibility study of a hybrid approach.,"<h4>Purpose</h4>Percutaneous endoscopic spine surgery and tubular minimally invasive surgery (MIS) each offer distinct advantages but also important limitations. We describe a proof-of-concept study of a hybrid technique-tubular endoscopic spine surgery (TESS)-combining a tubular retractor with a 30° endoscope and continuous irrigation, aiming to integrate the advantages of both approaches.<h4>Methods</h4>TESS was first evaluated in a cadaveric L4-L5 model and subsequently applied in a single clinical case of L4-L5 lumbar stenosis with right L5 radiculopathy. The technique uses a standard tubular retractor to establish a single paramedian muscle-splitting corridor. A 30° endoscope is introduced through the tube with continuous irrigation, while standard microsurgical instruments are used through the working channel.<h4>Results</h4>The tubular retractor provided a stable, reproducible single-incision transmuscular corridor to the interlaminar space. The addition of the endoscope with irrigation ensured a consistently clear operative field, while maintaining the ergonomics and simplicity of a single working channel. Instrument handling and exchange were straightforward, and no specific technical difficulties were encountered. In the clinical case, adequate decompression was achieved with complete symptom resolution at 6 and 12 months.<h4>Conclusion</h4>TESS is a feasible hybrid technique that combines the familiar ergonomics of tubular MIS surgery with the dynamic visualization of endoscopic systems using irrigation. Further studies are needed to evaluate its clinical value before widespread clinical adoption.",Kiss-Bodolay D; Nouri A; Jannelli G; Schaller K; Tessitore E; Molliqaj G,"Department of Neurosurgery, University Hospital of Geneva, Geneva, Switzerland. daniel.kiss.b@gmail.com.","European spine journal : official publication of the European Spine Society, the European Spinal Deformity Society, and the European Section of the Cervical Spine Research Society",2026-08-12,10.1007/s00586-026-10255-1,2.5,visualization(abstract); visual(abstract),Minimally invasive; Laminotomy; Tubular Retractor; Endoscopic Spinal Surgery
42595086,Comparative analysis of Rhipicephalus (Boophilus) microplus by scanning electron microscopy with and without gold coating. ,"Rhipicephalus (Boophilus) microplus is an obligate hematophagous ectoparasite that primarily infests cattle, transmitting diseases and causing economic, health, and productive problems in tropical and subtropical regions worldwide. Scanning Electron Microscopy (SEM) has become a tool with great potential for use in various studies involving this parasite. Although some studies affirm the importance of the sample coating process for good image quality, others report this same process hides the visualization of ultra-structures. This study aimed to compare images of R. (B.) microplus larvae using SEM with and without gold coating. Larvae aged 21 days after hatching were sampling this research. There were generated images by SEM and they were visually compared one another. Samples coated with gold for 20 s showed balanced contrast, but also exhibited artifacts due to metal agglomeration, which made it difficult to visualize details of the parasite's morphology. Those coated for 40 s showed cracking surface and structural disruption. Samples prepared without coating showed high contrast but rich fine details. In general, when deciding whether perform or not coating samples, the researcher should consider the study objectives, alternative conductors, and the availability of financial resources.",Souza GAAD; Barcellos FVC; Cruz JP; Costa ALO; Guimaraes ALS; Duarte ER; de Oliveira Vasconcelos V,"Campus Universitário Professor Darcy Ribeiro - Av. Prof. Rui Braga, s/n - Vila Mauricéia, Montes Claros, MG 39401-089, Brazil. Electronic address: geziella.com@gmail.com.",Parasitology international,2026-08-13,10.1016/j.parint.2026.103367,2.5,visualization(abstract); visual(abstract),
42591817,Non-Destructive Analysis of Phenolic and Flavonoid Contents in Medicinal Plant Powders Using Hyperspectral Imaging and Variable Selection.,"Phenolic and flavonoid contents in medicinal plants are essential to their growth and development and provide numerous health benefits, yet their quantification using traditional wet chemistry is labor-intensive and time-consuming. This study utilized the combination of two benchtop hyperspectral imaging (HSI) systems, namely short-wave infrared (SWIR) and visible near-infrared, for the non-destructive quantitative estimation of the phenolic and flavonoid contents present in 12 powder samples of medicinal plants. For quantitative analysis, partial least squares regression (PLSR) prediction models used several spectral preprocessing techniques. To further enhance performance, variable importance in projection (VIP) selected the most informative spectral variables and combined them with PLSR to improve predictions. The optimized VIP-PLSR models further improved the predictive performance, yielding coefficients of determination (<i>R</i> <sup>2</sup>) of 0.985 and 0.996 and even lower standard root mean square error of prediction values of 0.165 and 1.150 mg/g for the respective compounds. Additionally, chemical imaging provided a clear spatial visualization of both compounds within the samples. These results underscore the potential of SWIR-HSI combined with chemometrics as an effective tool for screening and quality control in medicinal plant powders.",Joshi R; Kholiya S; Pandey H; Singh M; Tiwari A; Lim J; Sathasivam R; Faqeerzada MA; Park SU; Cho BK,"Department of Smart Agriculture Machinery Engineering, College of Agricultural and Life Science Chungnam National University Daejeon South Korea.",Analytical science advances,2026-08-12,10.1002/ansa.70099,2.5,visualization(abstract); visual(abstract),Flavonoid; Medicinal plants; Phenolic; Partial Least Squares Regression; Variable Importance In Projection (Vip); Short‐wave Infrared (Swir); Visible Near Infrared (Vis/nir)
42533817,A biomimetic microphysiological system predicts the impact of sepsis therapeutics on neutrophil-endothelial dynamics.,"Current preclinical models fail to capture human neutrophil-endothelial interactions central to sepsis, contributing to repeated failure of candidate therapeutics in clinical trials. Here, we present a biomimetic microphysiological system (bMPS) integrating primary human endothelial cells, human neutrophils and controlled chemoattractant gradients under physiological flow in a microvascular network. This platform enables real-time visualization of neutrophil adhesion and transmigration, along with quantitative analysis of endothelial barrier integrity. We demonstrate chemoattractant-dependent differential neutrophil recruitment to host-derived IL-8 and bacterial-derived fMLP and differential responses to two different therapeutics: the PAF receptor antagonist BN-52021 reduces recruitment in response to IL-8 but not to fMLP, whereas the PKC-<i>δ</i> inhibitor suppresses adhesion, transmigration, and NET formation to both IL-8 and fMLP. Confocal imaging and quantitative analysis demonstrate that Cytomix-induced endothelial barrier disruption in primary human lung microvascular endothelial cells (HLMVECs) is significantly ameliorated by BN-52021 and the PKC-<i>δ</i> inhibitor-restoring VE-cadherin integrity and reducing intercellular gaps. This bMPS provides a predictive, human-relevant platform for function-focused sepsis drug screening.",Liu D; Esmalian Afyouni N; Yang Q; Kallogjerovic S; Gligorijevic B; Kunapuli S; Kilpatrick LE; Kiani MF,"Department of Bioengineering, Temple University, Philadelphia, PA 19122, USA. mohammad.kiani@temple.edu.",Lab on a chip,2026-08-11,10.1039/d6lc00347h,2.5,visualization(abstract); visual(abstract),
42602257,Magnetically Navigated and PSMA/STEAP1 Dual-Targeted Nanoliposomes for NIR-II/MRI Imaging with Photothermal-Chemo-Immunotherapy for Prostate Cancer.,"Precision theranostics for castration-resistant prostate cancer remain a major challenge because of tumor heterogeneity, drug toxicity, and resistance to conventional therapies. Here, we report a multifunctional theranostic nanoplatform that integrates multimodal imaging guidance, dual-targeted delivery, photothermal therapy, and immune activation for the precision treatment of prostate cancer. By encapsulating aggregation-induced emission luminogens and magnetic nanoparticles, this system achieves superior second near-infrared fluorescence and magnetic resonance imaging fusion for deep-tissue visualization. The dual-targeting strategy, which integrates magnetic navigation with simultaneous engagement of six-transmembrane epithelial antigen of the prostate 1 and prostate specific membrane antigen (PSMA), effectively addresses tumor heterogeneity by enabling externally guided and biologically specific delivery to both PSMA<sup>+</sup> and PSMA<sup>-</sup> prostate cancer cells. Upon targeted delivery, the synergistic combination of photothermal therapy and chemotherapy achieves potent tumor growth inhibition, activates CD8<sup>+</sup> T cells and macrophages to promote robust antitumor immune responses, and elicits durable immunological memory to prevent tumor recurrence. In vitro and in vivo studies demonstrate superior tumor targeting specificity, enhanced imaging contrast, and minimal off-target toxicity. This study provides novel insights into the construction of a multifunctional theranostic nanoplatform in precision oncology, with promising translational potential for clinical management of castration-resistant prostate cancer.",Sun JX; An Y; Zhang SH; Xu JZ; Abudureyimu M; Xu JY; Huang YF; Yang YX; Liu MC; Wang SG; Xia QD,"Department and Institute of Urology, Tongji Hospital, Tongji Medical College, Huazhong University of Science and Technology, Wuhan, China.","Research (Washington, D.C.)",2026-08-14,10.34133/research.1375,2.5,visualization(abstract); visual(abstract),
42600670,Detection and structural characterization of bat-associated dengue virus serotype 2: A country-level first detection in Pakistan.,"Bats (order Chiroptera) are recognized as reservoirs for diverse zoonotic viruses, including members of the Flavivirus genus. Despite global reports of bat-associated Dengue Virus (DENV), its presence in Pakistan has remained undocumented. This study investigates DENV circulation in bat populations across Islamabad/Rawalpindi, Lahore, Mardan, Swat, and Lower Dir. Fecal samples were screened using CprM-specific primers, yielding 14 amplified viral isolates (BatDENV01-BatDENV14). Phylogenetic analysis confirmed all sequences as Dengue Virus serotype 2 (DENV-2), clustering with bat-associated isolates from Costa Rica (KY461760-KY461769), mosquito-derived (KY461759), and human-derived strains (AY692466, AY692469), and suggests a potential cross-species viral link. Comparative amino acid analysis revealed several substitutions in the CprM region, some of which were unique to the Pakistani bat isolates. These substitutions may reflect host-specific adaptation or regional viral evolution. Secondary structure prediction using SOPMA and PSIPRED indicated conserved α-helices and β-strands, while tertiary modeling via Robetta and visualization in PyMol showed structural homology with reference DENV-2 proteins, and minor modifications were observed. This study provides the first molecular and structural evidence of DENV-2 circulation in Pakistani bats, suggesting a possible ecological link between bat, mosquito, and human transmission cycles. These findings underscore the need for expanded molecular surveillance and structural characterization of bat-associated Flaviviruses to better understand their zoonotic potential and inform public health strategies.",Shah SA; Ullah S; Rahman S; Ali M,"Department of Biotechnology, Quaid-i-Azam University, Islamabad, Pakistan. Electronic address: salishah@bs.qau.edu.pk.",Gene,2026-08-14,10.1016/j.gene.2026.150356,2.5,visualization(abstract); visual(abstract),Phylogenetic analysis; Arboviruses; Pakistan; Flavivirus; Bats-associated Dengue
42573719,Multidimensional Experimental Characterization of Lumbar Spinal Deformity.,"<h4>Purpose</h4>Spinal deformities and motions of the spinal joints are rarely confined to a single anatomical plane. Yet diagnosis of such deformities and characterizations of their biomechanical behavior under load are often limited to two-dimensional methods of analysis. This study presented a testing methodology and visualization method to characterize the biomechanical responses of the intact and deformed lumbar spine under combined loading in multiple dimensions simultaneously.<h4>Methods</h4>Two L1-L5 lumbar spinal specimens underwent loading by five custom trajectories (rays, clockwise and counterclockwise petals and circles), each intended to perturb different responses of the spinal joints within the same range of motion.<h4>Results</h4>Multidimensional loading highlighted differing regions of spinal stiffness between intact and deformed specimens that do not fall along the sagittal and coronal planes. The rays trajectory crucially captured the non-linear, hysteretic behavior of planar loading and unloading patterns of the spine but also suggested a potentially misleading isotropy of spinal behavior relative to the craniocaudal axis. The petals and circles trajectories appropriately capture the anisotropy of spinal bending between the sagittal and coronal planes. The clockwise and counterclockwise versions of these trajectories emphasize how deformity impacts this anisotropy in both the neutral and elastic zones.<h4>Conclusion</h4>The insights from these trajectories highlight nuances of biomechanical behavior of the lumbar spine and disruptions due to deformity that would not be captured by pure moment loading alone. Introducing multidimensional characterization of biomechanical differences holds promise to supplement future clinical considerations for treatment of spinal deformity.",Coltoff EC; Hooke A; Rezaei A; Brown PJ,"Department of Biomedical Engineering, Wake Forest School of Medicine, Winston-Salem, NC, USA. ecoltoff@proton.me.",Annals of biomedical engineering,2026-08-10,10.1007/s10439-026-04288-2,2.5,visualization(abstract); visual(abstract),Spine; Biomechanics; Deformity; Lumbar
42580478,Deep Learning Enables Automated Detection of Mature B Cell Neoplasms by Flow Cytometry.,"Multiparameter flow cytometry is essential for diagnosing mature B-cell lymphomas, yet analysis remains largely manual, time-consuming, and subject to inter-operator variability. We developed an automated system for B-cell neoplasm detection using a three-stage deep learning architecture that produces interpretable intermediate outputs. The Light-chain module classifies each cell's surface immunoglobulin expression. The Cell-level module combines original flow parameters with engineered features capturing light-chain neighborhood and spatial position to identify abnormal cells. The Sample-level module renders case-level diagnoses from cells ranked by abnormality score. We evaluated this system on 3,070 clinical specimens from Memorial Sloan Kettering Cancer Center, comprising peripheral blood (n=1,369), bone marrow (n=316), and tissue (n=1,385) samples. The system achieved 97.5% case-level accuracy with 95.6% sensitivity and 98.9% specificity. Predicted abnormal cell counts correlated with expert manual counts (R<sup>2</sup>= 0.962 [95% CI: 0.937-0.988], slope=0.998 [0.983-1.014], intercept=-0.011 [-0.095 to 0.073]). Ablation experiments demonstrated that engineered features provide complementary information: light-chain neighborhood grounds spatial features that otherwise introduce noise, enabling the full model to outperform any feature subset. The system generates visualization outputs including marker expression comparisons and dimensionality-reduced embeddings colored by abnormality score, allowing pathologists to verify that flagged populations form coherent clusters with phenotypes consistent with disease. Features extracted from abnormal populations also supported lymphoma subtypes prediction (AUROC=0.925). This work demonstrates that automated flow cytometry interpretation can achieve high diagnostic accuracy while providing transparent, verifiable outputs suitable for clinical integration.",Chalise S; Roshal M; Gao Q; Li A; Dogan A; Veeraraghavan H; Zhu ML,"Department of Pathology and Laboratory Medicine, Memorial Sloan Kettering Cancer Center, New York, New York.","Modern pathology : an official journal of the United States and Canadian Academy of Pathology, Inc",2026-08-11,10.1016/j.modpat.2026.101062,2.5,visualization(abstract); visual(abstract),Flow cytometry; B cell lymphoma; Deep Learning
42603763,Comparative Analysis of Contrast-Enhanced Ultrasound and Superb Microvascular Imaging in Rheumatoid Arthritis: Initial Findings of Second-Line Biologic-Resistant Patients. ,"Detection of synovitis is essential for assessing rheumatoid arthritis (RA) activity and changing the therapy. This study aims to explore the level of agreement and correlation between Disease Activity Score 28 calculated with C-reactive protein levels (DAS28-CRP) and contrast-enhanced ultrasound (CEUS) and Superb microvascular imaging (SMI) in the classification of disease severity index in patients with RA who did not respond to second-line biologic therapy. SMI and CEUS were applied to 37 patients with active RA does not respond to second-line biologic therapy. We evaluate the radiocarpal joint of both wrists. Differences in positive synovial vascularity (SV) and its semi-quantitative scale were observed, and the correlations of SMI and CEUS results with DAS-28. To obtain robust estimates and accurate confidence intervals, we conducted all analyses using nonparametric bootstrap methods. The results indicate that CEUS method shows fair agreement with DAS 28 clinical method (Kappa = 0.38), 95% CI (0.172, 0.547), p = 0.006, while SMI has weaker agreement (Kappa = 0.13) 95% CI (0.027, 0.246), p = 0.039. The correlation between CEUS and SMI is strong (ρ = 0.82), CI 95% (0.705, 0.879), suggesting that the two imaging modalities tend to produce similar classifications, although CEUS showed a stronger association with DAS28-CRP. Use of CEUS to detect vessels in the synovium and visualization of local SV is the method that most correlates with disease severity in relation to DAS 28 in patients with synovial arthritis who do not respond to second-line biologic therapy compared with SMI.",Lavalle S; Montana A; Bosco YD; Aiello F; Masiello E; Pegreffi F; Borruto F; Foti R; Privitera G; Foti R; Romeo P,"Department of Medicine and Surgery, University of Enna ""Kore"", 94100, Enna, Italy; Diagnostic Imaging Unit, Umberto I Hospital, 94100, Enna, Italy. Electronic address: salvatore.lavalle@unikore.it.",Ultrasound in medicine & biology,2026-08-15,10.1016/j.ultrasmedbio.2026.07.005,2.5,visualization(abstract); visual(abstract),
42576676,"Superficial Temporal Artery Access for Angiography in a Patient With Leriche Syndrome, Subclavian Artery Occlusions, Multiple Acute Arterial Thromboses, and Heart Failure.","Despite significant progress in revascularization techniques, the vascular approach itself can still be a challenge in complex polyvascular disease. In this case report, we describe the feasibility of a potentially underutilized alternative vascular approach in a patient with multiple arterial occlusions who presented to our hospital with acute multivessel thromboses and chronic occlusions of the distal aorta and subclavian arteries, which rendered noninvasive blood pressure measurements unreliable. The patient also exhibited signs of heart failure with a severely reduced ejection fraction, likely due to ongoing ischemia, as the ventricles had not yet remodeled. To overcome the anatomical limitations safely, we used superficial temporal artery access for coronary angiography - an approach first described, to the best of our knowledge, by Csavajda et al. In addition, this access enabled angiography of the aorta and its branches, visualization of collateral flow, and invasive intra-aortic blood pressure measurement. Together with the possibility to better titrate medical therapy, this additional diagnostic information allowed us to plan aortocoronary bypass surgery with appropriate graft selection and ultimately contributed to improved patient outcomes.Clinical Impact:In complex polyvascular patients with multiple arterial occlusions, when standard femoral and radial access sites are not feasible and peripheral blood pressure measurements are unreliable, an alternative vascular approach through the superficial temporal artery for coronary angiography, aortography, and invasive blood pressure measurement can be safely utilized to improve diagnostic accuracy, therapeutic planning, and clinical outcomes. This illustrative case highlights the usefulness and safety of this vascular approach and demonstrates additional technical possibilities that can be achieved through its use.",Krčmar T; Grubić Rotkvić P; Tokić T; Korda ZA; Vrkić Kirhmajer M; Puljević M; Gašparović H; Bulum J,"Department of Cardiovascular Diseases, University Hospital Centre Zagreb, Croatia.",Journal of endovascular therapy : an official journal of the International Society of Endovascular Specialists,2026-08-11,10.1177/15266028261477029,2.5,visualization(abstract); visual(abstract),Coronary angiography; Heart Failure; Leriche Syndrome; Arterial Occlusion; Superficial Temporal Artery Access
42592678,Development and preliminary evaluation of a novel low-cost endoscopic retrograde cholangiopancreatography simulator with electrocautery training capability: a proof-of-concept study from India.,"<h4>Background/aims</h4>Endoscopic retrograde cholangiopancreatography (ERCP) requires extensive training, with around 350-400 supervised cases being required for proficiency. Existing simulators face costs, limited availability, and limited realism. Therefore, we developed and preliminarily evaluated a minimal ERCP training model that incorporated electrocautery capabilities.<h4>Methods</h4>A five-phase development process was employed, including needs assessment, iterative prototyping with material optimization, technical performance testing across 50 training sessions, comparative analysis against existing simulators, and preliminary expert evaluation by eight experienced endoscopists (mean ERCP experience: 12.3±4.2 years). The primary outcomes included verification of functional capability, cost analysis, durability assessment, and expert ratings on 5-point Likert scales for realism and educational value.<h4>Results</h4>The simulator successfully achieved biliary cannulation in 48/50 sessions (96.0%), supported needle knife precut training with functional electrocautery, and demonstrated compatibility with C-arm fluoroscopy, providing adequate contrast visualization. The total material cost per unit was 47.32 United States dollars (USD), compared to 180,000-250,000 USD for commercial virtual reality simulators. The model withstood 50 sessions without structural failure (onion bulb replacement was required every 8.2±1.4 precut attempts). Expert ratings indicated high scores for anatomical realism (4.1±0.6), tactile feedback (3.9±0.7), and educational value (4.4±0.5).<h4>Conclusions</h4>This novel, low-cost ERCP simulator demonstrated technical feasibility and face validity. This proof-of-concept requires formal prospective validation studies to establish construct validity, concurrent validity, and educational effectiveness through trainee learning outcomes before conclusions regarding the impact on clinical training can be drawn. The innovation addresses significant accessibility barriers but represents preliminary evidence that requires formal educational validation.",Tiwari A; Khanikar D,"Department of Gastroenterology, Regency Hospital Ltd., Kanpur, India.",Clinical endoscopy,2026-08-13,10.5946/ce.2025.438,2.5,visualization(abstract); visual(abstract),"Electrocoagulation; Costs And Cost Analysis; Cholangiopancreatography, Endoscopic Retrograde; Cannulation, Biliary; Precut, Needle-knife"
42595286,Temporal Patterns of Posterior Segment Imaging Findings and Laboratory Correlates in Ocular Syphilis. ,"To evaluate whether posterior segment imaging findings in ocular syphilis demonstrate reproducible temporal patterns relative to symptom duration. Retrospective case series. Patients diagnosed with ocular syphilis between 2015 and 2025 were retrospectively reviewed. Posterior segment imaging was graded across color fundus photography, fluorescein angiography, optical coherence tomography, and near-infrared reflectance. Imaging findings observed in ≥5 eyes were evaluated across symptom-duration intervals and compared between earlier and later presentations using generalized estimating equation (GEE) logistic regression to account for within-patient correlation. Hierarchical clustering and principal component analysis (PCA) were used to characterize temporal imaging patterns. Associations between symptom duration and laboratory parameters, including rapid plasma reagin (RPR) titers and cerebrospinal fluid (CSF) markers, were assessed using Spearman correlation. Forty patients (73 eyes) were included, with posterior segment imaging available in 24 patients (46 eyes). Imaging abnormalities were more frequently detected among patients presenting earlier after symptom onset (≤8 weeks). OCT disc edema was significantly enriched in earlier presentations, while paravenous retinal edema, outer retinal white spots, and near-infrared linear reflectivity change demonstrated similar temporal trends. Several structural abnormalities, including placoid lesions, ellipsoid zone disruption, and subretinal hyperreflective lesions, were observed across all symptom-duration intervals. Hierarchical clustering identified four distinct temporal patterns of imaging findings, with PCA providing complementary visualization of feature relationships. RPR titers showed a moderate inverse correlation with symptom duration (r = -0.45, p = 0.004), while CSF parameters demonstrated similar but nonsignificant negative trends. Posterior segment imaging findings in ocular syphilis demonstrate nonrandom temporal patterns that may inform clinical interpretation relative to symptom duration.",Rhead JA; Chen A; Seddon I; Browning DJ,"Wake Forest University School of Medicine, Winston-Salem, North Carolina, USA.",American journal of ophthalmology,2026-08-13,10.1016/j.ajo.2026.08.013,2.5,visualization(abstract); visual(abstract),
42576077,Clinical utility of single-balloon enteroscopy for malignant small bowel tumors.,"<h4>Background</h4>Accurate pre-treatment characterization of small bowel tumors (SBTs) is essential because therapeutic strategies differ markedly by pathology. Although single-balloon enteroscopy (SBE) enables direct visualization, localization, and biopsy, its clinical utility for treatment planning in malignant SBTs remains insufficiently characterized.<h4>Methods</h4>This retrospective single-center study included patients who underwent SBE for suspected SBTs between September 2005 and July 2024, excluding hereditary polyposis syndromes. The analysis was restricted to malignant lesions; therefore, diagnostic-performance indices were not estimated. Outcomes were establishment of an SBE-derived pre-treatment diagnosis, concordance among these lesions, lesion reach rate, biopsy yield, tattooing rate, and avoidance of surgery required for diagnosis.<h4>Results</h4>Among 1407 SBE examinations in 1089 patients, 86 malignant lesions in 85 patients were analyzed. The most common indication was obscure gastrointestinal bleeding (36.0%). Malignant lymphoma was most frequent (40.7%), followed by adenocarcinoma (22.1%), gastrointestinal stromal tumor (18.6%), and metastatic carcinoma (12.8%). The target lesion was reached in 84.9% (73/86). An SBE-derived pre-treatment diagnosis was established in 75.6% (65/86), with 95.4% (62/65) concordance with the final diagnosis. Biopsy yielded pathological confirmation in 92.9% (52/56); the intention-to-diagnose yield was 60.5% (52/86). Tattooing was performed in 65.6% (40/61) of treated lesions overall and 83.3% (40/48) of reached treated lesions. Diagnostic surgery was avoided in 75.6% (65/86) of lesions overall and 82.9% (29/35) of malignant lymphoma lesions.<h4>Conclusions</h4>In this malignant SBT cohort, SBE provided clinically useful information for lesion localization, histological confirmation, and treatment planning. Diagnostic surgery was avoided in 75.6% of lesions; however, this descriptive workflow finding should not be interpreted as a demonstrated causal effect of SBE.",Kawashima J; Kudo SE; Ogata N; Maeda Y; Sasabe K; Kawabata Y; Kuroki T; Minegishi Y; Okumura T; Kouyama Y; Sakurai T; Nakahara K; Ichimasa K; Misawa M; Hayashi T; Sawada N; Baba T; Ohtsuka K,"Digestive Disease Center, Showa Medical University Northern Yokohama Hospital, 35-1, Tsuzuki, Yokohama, Kanagawa, 224-8503, Japan.",Surgical endoscopy,2026-08-10,10.1007/s00464-026-13261-y,2.5,visualization(abstract); visual(abstract),Biopsy; Malignant lymphoma; Single-balloon Enteroscopy; Small Bowel Tumor; Surgical Avoidance
42578393,Extracorporeal Fixation and Re-Implantation for High Condylar Split Fractures: The Motamed Technique.,"<h4>Background</h4>Management of high sagittal split fractures of the mandibular condyle remains a formidable surgical challenge due to limited visualization, technical difficulties with direct in situ fixation, and the high risk of secondary avascular necrosis or temporomandibular joint (TMJ) ankylosis.<h4>Objectives</h4>To evaluate the clinical outcomes and technical efficacy of the ""Motamed Technique,"" a standardized protocol involving extracorporeal rigid internal fixation followed by anatomic re-implantation for complex high condylar split fractures.<h4>Methods</h4>A retrospective evaluation was conducted on a clinical series of 11 consecutive patients (9 males and 2 females) presenting with severe, displaced high sagittal split condylar fractures secondary to high-velocity trauma. In all cases, the fragmented condylar segments were completely retrieved, stabilized ex vivo on a back table using a titanium X-shaped 3D mini-plate system (1.5 mm), and meticulously reimplanted into the glenoid fossa. Total cold ischemia time was strictly maintained between 10 and 20 minutes. The postoperative longitudinal follow-up period ranged from 6 to 11 months (mean duration: 8.6 mo). Comprehensive postoperative tracking included clinical parameter checking, 3D Computed Tomography (3D-CT), and high-resolution dynamic Magnetic Resonance Imaging (MRI) to analyze bony union, vertical ramus height restoration, and articular disc kinetics.<h4>Results</h4>All 11 patients achieved predictable and stable functional outcomes. At the definitive milestones, the mean maximum mouth opening (MMO) was 37.3 mm (range: 33-45 mm), demonstrating excellent vertical clearance and stable lateral/protrusive excursions. Pretraumatic stable centric occlusion was perfectly restored and maintained in 100% of cases (n=11), with zero incidence of postoperative open bite or crossbite. Facial nerve motor function was entirely preserved across the cohort (100% House-Brackmann grade I at final follow-up). Longitudinal 3D-CT scans confirmed complete osseous union and anatomic alignment in all cases by the fourth postoperative month, with no radiographic evidence of condylar head resorption or hardware failure. Follow-up MRI findings demonstrated preservation of TMJ dynamics, functional articular disc movement (with stable reduction in 3 cases), and the complete absence of avascular necrosis or intra-articular effusion. No cases of TMJ ankylosis were reported.<h4>Conclusion</h4>The Motamed Technique provides a reliable, reproducible, and biologically sound approach for managing intricate high condylar split fractures. By utilizing systematic extracorporeal mini-fixation, this protocol effectively overcomes intraoperative spatial limitations while ensuring excellent long-term anatomic stability, stable occlusion, and functional joint mobility without compromising facial nerve integrity.",Amer AA,"Department of Craniomaxillofacial Surgery, Sherbin Central Hospital, Egypt.",The Journal of craniofacial surgery,2026-08-11,10.1097/scs.0000000000013224,2.5,visualization(abstract); visual(abstract),Mandibular Condyle Fractures; Extracorporeal Fixation; X-shaped 3D Mini-plate; High Sagittal Split; Motamed Technique; Retromandibular Trans Parotid Approach
42602925,Ultrasound-Guided Muscle Enhancement and Support Therapy (MEST): Protocol Standardization and a Pilot Study in Refractory Chronic Pain After Total Knee Arthroplasty.,"<h4>Purpose</h4>Muscle enhancement and support therapy (MEST) using bidirectional barbed polydioxanone filaments has been introduced for knee osteoarthritis, but the original technique relies on surface anatomical landmarks without imaging guidance. This study aimed to establish a standardized ultrasound-guided protocol for MEST targeting the vastus medialis obliquus (VMO) and report preliminary clinical outcomes in patients with refractory chronic knee pain following total knee arthroplasty (TKA).<h4>Patients and methods</h4>This single-center retrospective pilot study included three patients (five treated knees) with chronic knee pain after TKA who underwent ultrasound-guided MEST between August 2025 and January 2026. The standardized protocol involved identifying the VMO midpoint in the short-axis view, rotating the probe to visualize muscle fibers to guide needle insertion, and using color Doppler to identify major vessels along the planned needle path. A needle was advanced in-plane along the VMO long axis to traverse the muscle belly while avoiding vascular structures for filament placement. Outcomes were assessed at baseline and at 4, 8, and 12 weeks using the Numeric Rating Scale (NRS), functional scores (walking and stair-climbing), ultrasonographic effusion grading, and patient-reported global effectiveness.<h4>Results</h4>The protocol was successfully executed in all five cases, allowing clear visualization of the VMO and filament placement spanning its full thickness. Four cases achieved a ≥50% reduction in NRS at 8 weeks. Walking and stair-climbing scores improved in most cases at 8 weeks and in all cases at 12 weeks. Complications were minimal, including mild ecchymosis and filament protrusion. No serious adverse events occurred.<h4>Conclusion</h4>The standardized ultrasound-guided MEST protocol targeting the VMO appears technically feasible and safe. These preliminary findings suggest that MEST may be a potential treatment option for refractory chronic pain following TKA and warrant further prospective investigation.",Nam S; Kim J,"Department of Anesthesiology and Pain Medicine, Seoul National University Hospital, Seoul, Republic of Korea.",Journal of pain research,2026-08-10,10.2147/jpr.s615807,2.5,visualization(abstract); visual(abstract),Chronic pain; Total Knee Arthroplasty; Quadriceps Muscle; Ultrasound-guided Intervention; Vastus Medialis Obliquus
42584664,Limb occlusion pressure-based individualized tourniquet pressure management in patients undergoing internal fixation for extremity fractures: a prospective comparative feasibility study.,"<h4>Objective</h4>This study aimed to evaluate the feasibility of limb occlusion pressure (LOP)-based individualized tourniquet pressure management and to quantify the reduction in applied tourniquet pressure compared with a traditional fixed-pressure protocol in patients undergoing internal fixation for extremity fractures.<h4>Methods</h4>A prospective comparative study was conducted at Civil Aviation Shanghai Hospital from January to September 2025. Patients undergoing internal fixation for extremity fractures were enrolled and allocated to either the LOP-based group (n = 171) or the traditional fixed-pressure group (n = 235) according to the attending surgical team and operative scheduling, without randomization. The LOP-based group received individualized tourniquet pressure based on preoperative LOP measurement plus a safety margin, while the control group received standardized pressures (40-50 kPa; 300-375 mmHg). The primary outcome was applied tourniquet inflation pressure. Secondary outcomes included demographic characteristics, extremity location, operative duration, and subgroup analyses stratified by extremity location, age, and sex; multivariable linear regression was performed to adjust for potential confounders.<h4>Results</h4>The LOP-based group demonstrated significantly lower mean tourniquet pressure compared with the traditional group (32.82 +/- 3.63 kPa [246 +/- 27 mmHg] versus 48.21 +/- 3.84 kPa [362 +/- 29 mmHg]; mean difference: 15.39 kPa; 95% CI: 14.66-16.12; P < 0.001), representing a 31.93% reduction; the difference remained significant after adjustment for extremity location, age, and sex (adjusted mean difference: 15.71 kPa; 95% CI: 15.36-16.06; P < 0.001). Baseline characteristics including age (46.09 +/- 15.20 versus 47.51 +/- 15.66 years; P = 0.361), sex distribution (P = 0.809), extremity location (P = 0.457), and operative duration (82.80 +/- 46.64 versus 80.55 +/- 43.50 min; P = 0.618) were comparable between groups. Within the LOP-based group, applied pressure was lower for upper than for lower extremity procedures (26.24 +/- 4.21 versus 34.16 +/- 1.30 kPa; P < 0.001), while exploratory analyses revealed no significant pressure variations across sex (male: 32.97 +/- 3.52 kPa; female: 32.53 +/- 3.85 kPa; P = 0.445) or age categories (< 40, 40-59, >=60 years; P = 0.807). All procedures achieved adequate intraoperative hemostasis without pressure escalation.<h4>Conclusions</h4>LOP-based individualized tourniquet pressure management was feasible and achieved a substantial reduction in applied tourniquet pressure while maintaining adequate intraoperative surgical field visualization in extremity fracture internal fixation. Applied pressure varied with extremity location but was independent of patient age and sex. Because patient-centered clinical outcomes were not assessed, these findings demonstrate the feasibility and pressure-reducing effect of LOP-based protocols rather than proven clinical superiority; randomized trials with clinical endpoints are warranted.",Yang J; Hu P; Wang L,"Operating Room, Civil Aviation Shanghai Hospital, Shanghai, 200060, China.",European journal of trauma and emergency surgery : official publication of the European Trauma Society,2026-08-12,10.1007/s00068-026-03305-2,2.5,visualization(abstract); visual(abstract),Internal fixation; Orthopedic Surgery; Tourniquet; Feasibility Study; Limb Occlusion Pressure; Extremity Fractures; Individualized Pressure
42595467,Clinical Photon-Counting CT in Neuroradiology: A Real-World Paired Comparison with Conventional Energy-Integrating CT. ,"Photon-counting CT offers higher spatial resolution, improved contrast-to-noise efficiency, and spectral imaging, but its performance against heterogeneous EID-CT systems in routine use remains incompletely characterized. We compared image quality, pathology conspicuity, and radiation dose between clinical PCCT and EID-CT in paired routine neuroradiological examinations, accounting for differences in scanner generation, protocol, and reconstruction. We hypothesized higher image-quality and pathology-conspicuity scores and dose efficiency, while treating the comparison as pragmatic rather than detector-isolating. This retrospective study included consecutive adults undergoing routine clinical PCCT from December 2023 through February 2024 who had a corresponding same-region EID-CT within three months; when several EID-CT scans were eligible, the closest in time was selected. Examinations were grouped by protocol: non-contrast brain CT was the primary cohort; contrast-enhanced brain CT and arterial and venous CTA were exploratory. Four blinded readers assessed image quality and pathology conspicuity, with paired scans assigned to separate sessions at least four weeks apart. CNR, dose-normalized CNR (CNRD), and radiation dose were compared within subjects using the Wilcoxon signed-rank test. The 194 patients (mean age, 65±15 years; 100 males) contributed to 270 pairs: 225 non-contrast brain CTs, 14 contrast-enhanced brain CTs, 26 arterial CTAs, and 5 venous CTAs. In the primary cohort, PCCT was associated with higher overall image-quality scores (median 4 versus 3; p<.001), higher time-independent pathology conspicuity in 224/225 pairs (median 4 versus 3; p<.001), 102%-152% higher GM/WM CNR, 128%-180% higher CNRD, and 22% lower median dose (38.4 versus 49.2 mGy; all p<.001). All three primary endpoints remained significant in the ≤1-day subset (n=60). Artifact scores did not differ significantly. Exploratory contrast-enhanced and angiographic analyses favored PCCT for selected parenchymal and small-vessel metrics, including perforator visualization (median 3 versus 2; p<.001), but these small subgroups were preliminary and did not strengthen the primary conclusions. PCCT was associated with higher image quality, pathology conspicuity, GM/WM CNR and CNRD, and lower dose in routine non-contrast brain CT. Smaller protocol groups were exploratory. Because scanner generations, vendors, protocols, and reconstructions were unmatched, the differences cannot be attributed solely to detector technology.",Szum A; Moberg F; Kalarakis G; Sadus T; Hashim F; Lilja A; Lundberg J; Granberg T,"From the Department of Clinical Neuroscience, Karolinska Institutet, Stockholm, Sweden; Department of Neuroradiology, Karolinska University Hospital, Stockholm, Sweden; and Department of Clinical Science, Intervention and Technology, Karolinska Institutet, Stockholm, Sweden. adrian.szum@ki.se.",AJNR. American journal of neuroradiology,2026-08-13,10.3174/ajnr.a9588,2.5,visualization(abstract); visual(abstract),
42586167,Material-dependent effects of x-ray pre-filtration on material decomposition in photon-counting CT.,"<h4>Objective</h4>Characterize the influence of x-ray source filtration on material decomposition (MD) performance in photon-counting computed tomography (PCCT), understanding effects across different filter materials and thicknesses using contrast agents spanning low-Z (iodine, barium) and high-Z (tantalum) compositions.<h4>Approach</h4>Single-contrast phantoms containing iodine, barium, or tantalum, and a dualcontrast phantom containing iodine and tantalum, were scanned on a CdZnTe PCCT system using several pre-filtration conditions: no pre-filter, 0.375 mm brass (single-contrast), and no pre-filter, 0.3 mm Cu, 2.1 mm Cu, 0.15 mm Sn, and 0.6 mm Sn (dual-contrast). MD basis map performance was quantified using voxel-level sensitivity, specificity, and quantification accuracy. Visual assessments (2D/3D axial slices, histograms) provided complementary analysis of material identification and quantification (MIQ).<h4>Main results</h4>Pre-filtration produced material dependent effects. For iodine and barium, brass filtration improved sensitivity at low concentrations, but increased crosstalk with PMMA and water, reducing specificity. For tantalum, brass filtration improved sensitivity (up to > 60-fold increase) and quantification accuracy with increased crosstalk. In dual-contrast imaging, thin and thick Cu and thick Sn improved tantalum sensitivity and quantification, whereas iodine sensitivity and quantification remained stable. Thick Cu and Sn severely reduced specificity for both elements. Across experiments, linear regressions of measured versus ground truth concentrations remained linear (R² > 0.965) and confirmed detector response.<h4>Significance</h4>These results demonstrate that optimal filtration strategies for PCCT are material dependent. Moderate filtration enhances MIQ for high-Z agents such as tantalum while preserving specificity, whereas filtration can degrade specificity for low-Z agents. The findings provide guidance for filter selection at PCCT MD applications, particularly those involving tantalum contrast agents, dual-contrast protocols pairing low and high-Z materials, or high-energy virtual monoenergetic image (VMI) reconstructions for improved visualization of large body habitus. This work establishes a foundation for filtration PCCT protocol design and supports clinical translation of high-Z contrast agents.",Aubrey JD; Perkinson EP; Wang G; Bonitatibus PJ Jr,"Department of Chemistry and Chemical Biology, Rensselaer Polytechnic Institute, 110 8th Street, Troy, New York, 12180-3522, United States.",Physics in medicine and biology,2026-08-12,10.1088/1361-6560/ae98dc,2.5,visualization(abstract); visual(abstract),Material Decomposition; Material Identification; Photon-counting Ct; Material Quantification; Cu/sn Prefiltration; Basis Map; High-z Contrast Agent
42601523,"Optimizing coronary CT angiography in patients with delayed contrast arrival using a free-breathing, high-threshold bolus-tracking protocol.","<h4>Objective</h4>To investigate the performance of a free-breathing coronary computed tomography angiography (CCTA) protocol using a high-threshold bolus-tracking strategy in improving coronary enhancement and diagnostic visualization in patients with delayed contrast arrival.<h4>Materials and methods</h4>In this prospective study, 159 patients undergoing CCTA were randomized to either a conventional bolus-tracking protocol (breath-hold, 100 HU trigger threshold, 6.8 s delay) or a modified high-threshold protocol (free-breathing, 300 HU trigger threshold, 2 s delay). Patients were stratified according to contrast arrival time (T<sub>arr</sub>) into normal and delayed contrast arrival groups using a predefined operational cutoff (15 s), resulting in four subgroups. Coronary attenuation, enhancement uniformity as assessed by the coefficient of variation (COV), enhancement phase distribution, and image quality scores were compared among groups.<h4>Results</h4>Under the conventional protocol, patients with delayed contrast arrival demonstrated reduced enhancement uniformity and a higher proportion of late-phase acquisitions. Compared with the conventional protocol, the modified protocol significantly increased coronary attenuation and improved enhancement uniformity (COV: 11.28% vs 16.73%, p < 0.001), as well as the proportion of segments with excellent image quality in patients with delayed contrast arrival (94.2% vs 86.8%, p = 0.004). In this subgroup, the modified protocol yielded more optimal-phase scans (19.4% vs 9.4%) and fewer late-phase acquisitions (32.3% vs 65.6%). Visual quality scores and quantitative metrics were consistently higher with the modified protocol across all major coronary arteries (all p < 0.001).<h4>Conclusion</h4>The free-breathing, high-threshold bolus-tracking CCTA protocol improves enhancement uniformity and facilitates optimal scan-phase acquisition in patients with delayed contrast arrival, providing a more reliable and patient-tolerant alternative to conventional breath-hold protocols.<h4>Key points</h4>Question Can a free-breathing high-threshold bolus-tracking strategy improve coronary enhancement timing and image quality in CCTA patients with delayed contrast arrival? Findings The modified protocol increased optimal-phase acquisitions, improved coronary enhancement uniformity, and maintained diagnostic image quality in patients with delayed contrast transit. Critical relevance statement A free-breathing high-threshold bolus-tracking strategy may improve acquisition robustness and enhancement consistency in patients with unpredictable contrast transit, potentially expanding the clinical applicability of CCTA in individuals with impaired breath-hold capacity or delayed circulation dynamics.",Zhang Y; Wang Y; Li J; Zou Y; Di A; Lang N; Yuan H,"Institute of Large-Scale Scientific Facility, Beihang University, Beijing, China.",Insights into imaging,2026-08-15,10.1186/s13244-026-02368-4,2.5,visualization(abstract); visual(abstract),coronary artery disease; Contrast Media; Image Quality; Coronary Computed Tomography Angiography; Bolus Tracking
