pmid,title,abstract,authors,first_author_affiliation,journal,pub_date,doi,score,matched_keywords,api_keywords
42297362,Designing Emotion-Integrated Visualizations for Kidney Function Self-Management: User-Centered Design Study With Youth Transplant Recipients and Caregivers.,"<h4>Background</h4>Understanding complex health information, such as kidney function values (eg, creatinine), is important for youth kidney transplant recipients and caregivers to effectively engage and participate in their care. Information visualizations, such as visual analogies, highlight the similarities between 2 different ideas through visual means and can support understanding of abstract data to facilitate self-management. The study was motivated by the persistent challenge that youth and caregivers face in interpreting complex clinical data, which often remains unactionable and disconnected from their practical information needs.<h4>Objective</h4>This study aims to design and evaluate a novel visualization to support the information needs of youth kidney transplant recipients and caregivers, with the goal of increasing actionable and accessible knowledge for self-management.<h4>Methods</h4>We conducted 2 studies with youth kidney transplant recipients and their caregivers: study 1 identifies visualization elements that support patient and caregiver kidney function information needs, and study 2 evaluates a novel patient-facing kidney function visualization informed by results from study 1. In study 1, participants drew representations of their kidney function over time. These findings led to the development of the novel kidney bean visual. In study 2, participants interacted with the personalized (incorporating electronic health record data) kidney bean visual component for 1 week, then completed a feedback session exploring how the novel visual facilitated retrospective reflection of their health status and the specific behaviors influencing their renal function. We conducted qualitative content analysis on all interviews. All sessions and interviews were recorded, transcribed, and analyzed using content analysis (study 1), thematic analysis, and affinity diagramming (study 2).<h4>Results</h4>In study 1 (n=30), youth and caregivers consistently described the difficulty of understanding their creatinine results and related medical terminology, with the majority using emotions to represent their kidney function. Therefore, our kidney bean visual, a visual analogy, incorporated emotions and colors correlating with their creatinine levels and overall kidney function. In study 2 (n=23), we found that for many participants, the kidney bean visual (1) mirrored and validated their emotions, prompting reflections on their kidney function contextualized by their lived experiences; (2) served as a progress check; and (3) acted as a motivator for healthy kidney care habits.<h4>Conclusions</h4>Kidney function laboratory values, although seemingly straightforward in their intended purpose and use, are more complex from the patient and family perspective, as they also closely align with youth kidney transplant recipients' and their families' emotions. This study demonstrates the value of designing visualizations that capture these complexities, which can create opportunities for increased understanding of health information and self-reflection to support self-management.",Ng C; Dunbar JC; Jeffs L; Syed S; Pan N; Ryu H; Smith J; Snyder J; Pratt W; Pollack A,"School of Medicine, University of Washington, Seattle, WA, United States.",Journal of medical Internet research,2026-06-15,10.2196/80481,13.5,"visualization(kw,title,abstract); visual(kw,title,abstract); data(abstract); electronic health record(abstract)",Adolescents; Caregivers; Self-management; Young Adult; User-centered Design; Kidney Transplant; Information Visualization; Digital Health
42298236,"Artificial intelligence and machine learning in robotic, teleoperated, and remote surgery: a bibliometric and knowledge mapping analysis (2015-2025).","Artificial intelligence (AI) and machine learning (ML) technologies are rapidly transforming telesurgery by enhancing robotic-assisted surgical systems, remote surgical communication, image-guided interventions, and intelligent decision-making. The integration of AI-driven algorithms with telesurgical platforms has accelerated research activity across medicine, robotics, engineering, and computer science. However, the global research landscape, collaborative structure, and emerging thematic trends of AI- and ML-enabled telesurgery remain insufficiently explored. Therefore, the present study aimed to perform a comprehensive bibliometric and knowledge mapping analysis of global research on AI and ML applications in robotic, teleoperated, and remote surgery published between 2015 and 2025. A bibliometric analysis was conducted using the Scopus database on 28 May 2026. Articles published between 2015 and 2025 related to AI, machine learning, robotic surgery, teleoperation, and telesurgery were retrieved using predefined search terms. Only English-language research articles were included. Bibliometric indicators including annual publication trends, citation analysis, leading journals, productive authors, institutions, funding agencies, country collaborations, co-citation analysis, and keyword co-occurrence analysis were evaluated. Visualization and network mapping were performed using VOSviewer software (version 1.6.20). A total of 2,201 publications were identified from 112 countries. Scientific output demonstrated substantial exponential growth, increasing from 85 publications in 2015 to 1,167 publications in 2025. Medicine (29%), computer science (24%), and engineering (20%) represented the dominant research areas. Journal of Robotic Surgery emerged as the leading publication source, while China and the United States were identified as the most influential contributing countries. Keyword co-occurrence analysis highlighted major research themes including robotic surgery, deep learning, machine learning, intelligent robotics, teleoperation, and minimally invasive surgery. Overlay visualization demonstrated a recent shift toward AI-driven autonomous systems, computer vision, surgical workflow analysis, and intelligent robotic platforms. Co-citation analysis further revealed strong interdisciplinary foundations involving surgical sciences, robotics, computer vision, and advanced deep learning methodologies. Research on AI and ML applications in robotic, teleoperated, and remote surgery has grown rapidly over the last decade and is increasingly characterized by strong interdisciplinary collaboration and technological innovation. Emerging trends suggest a transition from conventional robotic-assisted surgery toward intelligent, data-driven, and semi-autonomous telesurgical systems. The findings of this bibliometric study provide valuable insights into the evolving scientific landscape of intelligent telesurgery and may support future research, clinical translation, technological development, and policy planning in robotic-assisted remote surgical care.",Prajapati YN; Sahu S; Sharma A; Kumar J; Chaudhary A; Gupta A; Rathore C,"Department of Computer Science and Engineering, Ajay Kumar Garg Engineering College, Ghaziabad, Uttar Pradesh, India.",Journal of robotic surgery,2026-06-16,10.1007/s11701-026-03600-5,12.2,"visualization(abstract); visual(abstract); artificial intelligence(kw,title,abstract); machine learning(kw,title,abstract); data(abstract)",Artificial intelligence; Teleoperation; Machine Learning; Vosviewer; Knowledge Mapping; Robotic Surgery; Bibliometric Analysis; Surgical Robotics; Telesurgery; Deep Learning
42312525,Dual-Database Bibliometric Analysis Combined with Gephi-Based Network Visualization of Artificial Intelligence Applications in the Identification and Diagnosis of Thyroid Space-Occupying Lesions.,"<h4>Introduction/objective</h4>Accurate differentiation between benign and malignant thyroid space-occupying lesions is critical for clinical decision-making and early treatment planning. Existing diagnostic methods, including ultrasound and fine-needle aspiration biopsy, are constrained by observer dependence and procedural invasiveness. Recent advances in Artificial Intelligence (AI) have provided objective and non-invasive alternatives for thyroid lesion assessment. This study aimed to delineate the research landscape, identify major hotspots, and summarize recent progress in the application of AI to thyroid space-occupying lesions.<h4>Methods</h4>Publications issued between 2006 and 2025 were retrieved from WOSCC and PubMed, yielding 1546 records for screening. Bibliometric analyses were conducted using CiteSpace and VOSviewer, and network visualization was performed using Gephi. Country and institutional contributions, author collaborations, journal distribution, keyword co-occurrence, and knowledge unit co-occurrence networks were systematically examined.<h4>Results</h4>Publication output increased sharply, with 86% of the included studies published within the past 5 years. China (371 articles, 56.9%) and the United States (109 articles, 16.7%) were the leading contributors and central nodes in the collaboration networks. Shanghai Jiao Tong University, the Chinese Academy of Sciences, and Sun Yat-sen University were the main contributing institutions, and their research efforts mainly involved clinical problems, algorithm development, and global multicenter validation, respectively. Major hotspots included deep learning-based thyroid nodule detection and classification, multimodal feature fusion, model optimization, and clinical risk stratification. Keyword analysis identified deep learning, classification, and risk stratification as core themes.<h4>Discussion</h4>AI research in thyroid diagnosis is progressing from technical exploration to clinically oriented applications. China led the publication output, whereas the United States showed stronger international collaboration. The field has also shifted from simple classification to integrated risk stratification and multimodal analysis, reflecting the increasing alignment with precision medicine.<h4>Conclusion</h4>This study outlines the bibliometric profile of AI applications in thyroid space-occupying lesion identification and identifies gaps in collaboration and topic diversity. Broader cross-national cooperation may enhance research quality and support future research and clinical practice.",Wen S; Qian W; Su Y; Cao X; Chen T; Gong W; Lei X,"Clinical Anatomy and Reproductive Medicine Application Institute, The First Affiliated Hospital, Hengyang Medical School, University of South China, Hengyang 421001, China.",Current medical imaging,2026-06-16,10.2174/0115734056466850260610101215,11.9,"visualization(title,abstract); visual(title,abstract); artificial intelligence(kw,title,abstract); data(title)",Artificial intelligence; Diagnosis; hotspot; bibliometrics; H Index.; Thyroid Space-occupying Lesions
42311841,Global trends and hotspots of artificial intelligence in pain management: A bibliometric analysis.,"<h4>Objective</h4>To systematically explore international research trends and dynamics in the interdisciplinary field of artificial intelligence (AI) and pain management over the past decade (2016-2025) and delineate current research frontiers.<h4>Methods</h4>Publications were retrieved from Web of Science Core Collection database and subjected to bibliometric analysis. VOSviewer, Scimago Graphica, and other tools were used for bibliometric analysis and visualization.<h4>Results</h4>A total of 1022 articles were included. Publication output showed an exponential upward trend overall, despite a temporary slowdown in 2022, followed by accelerated growth from 2023 onward. The United States led in global publication volume and served as the core hub of international collaborative networks, followed by China. In terms of journals, <i>Pain</i> published the highest number of relevant studies. Regarding authorship, Cao Rui, Wang Bin, and David Borsook emerged as the most influential scholars. Reference and keyword analyses delineate a clear evolution: early research established foundational insights into mechanisms. Mid-period work integrated AI and machine learning with multimodal tools like functional magnetic resonance imaging (fMRI) for objective assessment; recent advances have shifted toward clinical translation, focusing on precision medicine and the refinement of pain classification and assessment frameworks.<h4>Conclusion</h4>This study maps the evolutionary trajectory of AI research in pain management over the past decade. Future efforts should prioritize strengthening international collaboration, promoting large-scale clinical validation of AI tools, standardizing data sharing, and addressing equity in access to technology to meet unmet clinical needs in pain care.",Wang YF; Ma LJ; Han YX; Chen GY; Ma X,"Health Checkup Center, China-Japan Friendship Hospital, Beijing, China.",Digital health,2026-06-15,10.1177/20552076261460708,10.6,"visualization(abstract); visual(kw,abstract); artificial intelligence(kw,title,abstract); machine learning(abstract); data(abstract)",Artificial intelligence; bibliometrics; Pain Management; Vosviewer; Visual Analysis; Citespace
42308475,Digital Platform to Provide Health Data Feedback for Neurorehabilitation Patients: User-Centered Development and Proof-of-Concept Usability Study.,"<h4>Background</h4>An increasing amount of digital health data are being collected across rehabilitation settings, but their integration into routine clinical practice remains limited, despite its potential to motivate patients or inform clinical decision-making. Specifically, effective visualization and communication of assessment outcomes to both patients and health care practitioners (HCPs) represent a key gap in the neurorehabilitation practice.<h4>Objective</h4>This study describes the development and evaluation of RehaLink (author ND, ETH Zürich), a proof-of-concept mobile app that delivers structured, interpretable feedback from conventional and technology-based assessments to neurorehabilitation patients and HCPs.<h4>Methods</h4>The app was developed through a 3-step iterative co-design process involving 17 inpatients with multiple sclerosis and 15 HCPs from a single rehabilitation center. The app integrates a full battery of conventional assessments routinely conducted at the clinic, as well as digital health metrics from the Virtual Peg Insertion Test, a validated technology-based assessment of upper limb function, as a proof of concept for integrating technology-based assessment data into clinical workflows. Three structured feedback sessions were conducted, in which participants evaluated feedback types, visualization formats, and app usability using Likert-scale ratings, preference rankings, open-ended questions, and the System Usability Scale. Data were analyzed using descriptive statistics and directed content analysis.<h4>Results</h4>Across all 3 sessions, progress bars and color-coded indicators were consistently preferred over text-heavy or abstract formats by both patients and HCPs. A persistent set of competing demands was observed, with participants requesting both visual simplicity and access to absolute values and normative comparisons. HCPs tended to underestimate patients' preference for informative visualizations. The perceived value of structured feedback increased over the course of the study; patients' median ratings rose from 4.0 to 5.0 and HCPs' from 4.0 to 4.5 on a 5-point Likert scale. The resulting mobile app prototype demonstrated high usability, with patients achieving a mean System Usability Scale score of 93.6 (mean 6.4; best imaginable) and HCPs 80.9 (SD 8.1; good), according to established benchmarks.<h4>Conclusions</h4>These findings demonstrate the feasibility and value of a co-designed digital feedback tool for neurorehabilitation. By combining conventional and technology-based assessment outcomes in an accessible, user-centered format, the app has the potential to enhance patient engagement, support clinical decision-making, and advance the implementation of value-based, personalized care.",Domnik N; Krasnopolska K; Sylvester R; Bansi J; Song J; Gonzenbach R; Lambercy O,"Department of Health Science and Technology, Rehabilitation Engineering Laboratory, ETH Zurich, Gloriastrasse 37/39, Zurich, 8092, Switzerland, 41 044 632 72 33.",JMIR rehabilitation and assistive technologies,2026-06-17,10.2196/85072,9.8,"visualization(kw,abstract); visual(kw,abstract); data(kw,title,abstract)",Neurorehabilitation; Clinical Decision-making; User-centered Design; Mobile Health (Mhealth); Digital Health; Health Data Visualization; Digital Feedback Application; Value Based Health Care (Vbhc)
42316771,Knowledge mapping and research trends of chimeric antigen receptor T-cell immunotherapy in breast cancer: A bibliometric and visual analytics study.,"Chimeric antigen receptor T cell (CAR-T) immunotherapy has achieved landmark success in hematologic malignancies and is being explored for breast cancer (BC) and other solid tumors, prompting research to improve efficacy and safety. We retrieved 894 related to CAR-T immunotherapy for BC from the Web of Science Core Collection and performed bibliometric analyses using CiteSpace and VOSviewer to map the research landscape, development trajectory, and key contributors. Joinpoint regression assessed temporal trends in annual publications using R 4.4.2. The USA led publication output. Institutional co-occurrence revealed the University of London and Technische Universität Dresden as central hubs. CANCER RES and FRONT IMMUNOL were identified as core journals. Darcy PK and Morgan RA were prominent authors by output and citations. Keyword clustering and timeline visualization indicated that the terms ""in vivo,"" ""tumor microenvironment (TME),"" and ""targeted therapy"" have remained highly active in recent years. In addition, burst detection analysis revealed that keywords including TME, ""epithelial-mesenchymal transition,"" and ""mesothelin"" have gradually emerged as research frontiers, suggesting increasing attention to resistance mechanisms and tumor immune regulation. These findings provide a systematic overview of the evolving research landscape and help identify emerging hotspots and future directions. BC remains the most frequently diagnosed malignancy among women worldwide and a major cause of cancer-related death. We systematically mapped the knowledge structure and development trends of CAR-T research in BC, identifying major research contributors and emerging research hotspots, which may provide valuable insights for future basic research and clinical exploration in this field.",Xu Y; Xu Y; Wang Z; Yi Q; Wang F; Bian P,"Institute of Radiation Medicine, School of Basic Medical Sciences, Anhui Medical University, Hefei, China.",Human vaccines & immunotherapeutics,2026-06-18,10.1080/21645515.2026.2690841,7.3,"visual analytics(title); visualization(abstract); visual(title,abstract)",Breast cancer; Vosviewer; Bibliometric Study; Joinpoint Regression Analysis; Citespace; Chimeric Antigen Receptor T Cells
42316385,Disentangling Intrachain Folding from Interchain Assembly through Multidimensional Visualization.,"Characterizing the conformational landscapes of intrinsically disordered proteins is essential for elucidating their roles in health and disease, but remains challenging due to their structural heterogeneity. In this study, we introduce an enhanced algorithmic framework for the Energy Landscape Visualization Method (ELViM) that enables the simultaneous mapping of monomeric and oligomeric conformational spaces within a unified metric space. Unlike traditional reaction-coordinate-based approaches, this extended ELViM implementation employs a distance-based similarity metric and force projection embedding to generate low-dimensional representations that preserve high-dimensional structural relationships without predefined bias. We expanded the standard workflow by integrating a density-guided Local Conformational Signature analysis coupled with a new consensus interchain contact mapping protocol. This development allows for the systematic disentanglement of intrachain folding dynamics from the interchain assembly interactions that drive protein aggregation. Using replica exchange molecular dynamics data for a 19-residue fragment of the tau protein, we demonstrate the method's utility by comparing the conformational landscapes of the wild type and the aggregation-associated P301L mutant. ELViM effectively captures continuous conformational transitions and highlights key structural motifs, including the aggregation-prone PHF6 segment (VQIVYK). The analysis reveals how the P301L mutation acts as a structural stabilizer, shifting conformational preferences toward compact, preorganized ensembles with more persistent interchain contacts around PHF6. By providing a quantitative yet intuitive framework for exploring heterogeneous ensembles, this enhanced ELViM workflow offers broad applicability to studying folding landscapes, protein-protein interactions, and complex aggregation pathways.",Sanches MN; Ganguly P; Shea JE; Leite VBP,"Department of Physics, Institute of Biosciences, Humanities and Exact Sciences, São Paulo State University (UNESP), São José do Rio Preto, São Paulo 15054-000, Brazil.",The journal of physical chemistry. B,2026-06-18,10.1021/acs.jpcb.6c02030,7.0,"visualization(title,abstract); visual(title,abstract); data(abstract)",
42317384,"Two decades of AI-driven motion capture in rehabilitation: Mapping research networks, thematic hotspots, and future trajectories.","<h4>Background</h4>Motion capture technology integration in artificial intelligence (AI)-driven rehabilitation represents a rapidly expanding interdisciplinary field with significant potential for advancing movement analysis and motor recovery. A comprehensive bibliometric mapping of this domain is currently lacking, limiting systematic understanding of its development trajectory and key contributors.<h4>Objective</h4>To provide a WoS-indexed bibliometric analysis of AI applications in motion capture for rehabilitation, identifying research trends, collaboration networks, key contributors, and emerging research frontiers from 2004 to 2023.<h4>Methods</h4>A total of 3,500 relevant publications indexed in the Science Citation Index Expanded (SCI-EXPANDED) and Social Sciences Citation Index (SSCI) databases were retrieved and analyzed. Bibliometric and visualization analyses were performed using VOSviewer (version 1.6.19) and CiteSpace (version 6.2.4) to map collaboration networks, co-citation relationships, and keyword co-occurrence patterns.<h4>Results</h4>Annual publication output demonstrated consistent growth from 2004 to 2023, with cumulative publications exceeding 3,500. The United States (1,014 publications) and China (722 publications) dominated research output, although collaboration patterns differed substantially. The University of Chinese Academy of Sciences led institutional contributions (52 publications). Keyword clustering revealed prominent research themes centered on brain-computer interfaces, machine learning, EEG-based signal processing, and real-time rehabilitation feedback systems. Temporal analysis demonstrated a paradigm shift from fundamental neurophysiological investigations toward computationally-driven and AI-integrated rehabilitation frameworks.<h4>Conclusions</h4>This bibliometric analysis provides a WoS-indexed mapping of AI-driven motion capture research in rehabilitation. The identified research hotspots and collaboration patterns offer a foundational reference for future investigations, despite limitations related to database coverage and language scope. Continued interdisciplinary collaboration and standardized methodological frameworks are essential to accelerate clinical translation.",Huang X; Xu J; Chen L,"Department of Pain Medicine, Shanghai Geriatric Medical Center, Shanghai, China.",Digital health,2026-06-16,10.1177/20552076261462645,7.0,"visualization(abstract); visual(abstract); artificial intelligence(kw,abstract); machine learning(abstract); data(abstract)",Artificial intelligence; bibliometrics; Gait Analysis; Motion Capture; Rehabilitation Medicine; Digital Health; Research Trends
42307733,Direct endoscopic visualization improves endplate preparation in lumbar interbody fusion: a comparative study of biportal endoscopic and conventional techniques.,"<h4>Purpose</h4>To compare the quality of endplate preparation between biportal endoscopic interbody fusion (BEIF) and conventional transforaminal lumbar interbody fusion (TLIF) in clinical cases using intraoperative endoscopic assessment.<h4>Methods</h4>This retrospective study compared endplate preparation quality between BEIF (n = 25) and conventional TLIF (n = 22) in single-level L4-L5 lumbar fusion procedures. Endplate preparation quality was evaluated using standardized 30-degree endoscopic visualization with a 4-point grading system, assessing both ipsilateral and contralateral regions of upper and lower endplates. Inter- and intra-observer reliability of the grading system were assessed. Clinical outcomes were analyzed using linear mixed models, and fusion rates and complications were assessed at one-year follow-up.<h4>Results</h4>BEIF demonstrated significantly better endplate preparation quality across all evaluated regions (all p < 0.001), with total scores of 10.76 ± 0.97 vs. 7.59 ± 1.37. Endplate violation rates were comparable between groups (upper: 20% vs. 27%, p = 0.732; lower: 36% vs. 45%, p = 0.562). Linear mixed model analysis revealed significantly better visual analog scale (VAS) back pain outcomes in the BEIF group (p = 0.011), which remained significant after baseline adjustment (adjusted p = 0.034). Both groups achieved comparable fusion rates at one-year follow-up (88% vs. 95%, p = 0.611).<h4>Conclusions</h4>BEIF may enable superior endplate preparation quality compared to conventional TLIF across all evaluated regions, and demonstrated significantly better postoperative back pain outcomes after controlling for baseline differences. However, given that the proposed grading system has not yet been externally validated, these results should be regarded as preliminary and hypothesis-generating.",Park HJ; Cho SK; Park SM; Kang MS; Kim HJ; Yeom JS,"Department of Orthopedic Surgery, Hallym University College of Medicine, Kangnam Sacred Heart Hospital, Seoul, Republic of Korea.","European spine journal : official publication of the European Spine Society, the European Spinal Deformity Society, and the European Section of the Cervical Spine Research Society",2026-06-17,10.1007/s00586-026-10034-y,6.5,"visualization(title,abstract); visual(title,abstract)",Transforaminal Lumbar Interbody Fusion; Minimally Invasive Spine Surgery; Lumbar Degenerative Disease; Endplate Preparation; Biportal Endoscopic Interbody Fusion
42311028,Intelligent three-dimensional imaging in pathology: Applications and developments.,"<h4>Abstract</h4>Conventional two-dimensional (2D) pathology relies on a limited number of tissue sections and therefore provides information from isolated planes, which can introduce sampling bias and lead to the loss of axial details, making it difficult to accurately capture the full structural organization of tumors and their microenvironment. In recent years, the integration of three-dimensional (3D) imaging technologies, such as tissue clearing and light-sheet fluorescence microscopy, combined with virtual staining, artificial intelligence, and spatial omics, has enabled the acquisition and analysis of volumetric biological information while preserving the overall architecture of the tissue. Following the theme of ""advancing from planar observation to 3D quantitative analysis"", this paper outlines the major technical pathways of 3D pathology, from sample clearing and fluorescent labeling to 3D imaging and visualization and then to an analytical framework for 3D pathological data. Based on this, we further examined representative applications, including tumor staging, lesion detection, and immune microenvironment profiling, to illustrate the advantages and potential clinical value of 3D pathology over conventional 2D approaches in precision diagnosis, prognostic assessment, and therapeutic decision-making. We also highlight key challenges that remain for 3D pathology, such as storage and computational costs, workflow and diagnostic standardization, and clinical implementation. Overall, AI-enabled 3D pathological imaging holds promise as an important direction for pathology, although its integration into routine clinical decision-making will require continued technological development and translational research.",Si W; Zhao F; Kuang D; Zhao Y; Liu Y; Sun M; Duan Y; Fei P; Wang G,"School of Optical and Electronic Information, Wuhan National Laboratory for Optoelectronics, Huazhong University of Science and Technology, Wuhan, Hubei 430074, China.",Chinese medical journal,2026-06-17,10.1097/cm9.0000000000004176,6.0,"visualization(abstract); visual(abstract); artificial intelligence(kw,abstract); data(abstract)",Artificial intelligence; Tissue Clearing; Light-sheet Fluorescence Microscopy; Three-Dimensional Pathology; Large-scale Pathology Models
42303462,A User-Centered Approach to Achieving High Degree of Digital Health Technology Utilization for Community HIV Case Management and Data Collection in Ethiopia.,"Digital health technologies have untapped potential to transform community health systems, and they are underutilized for chronic HIV care and electronic data management in low- and middle-income countries. We describe the design, development, and use of a mobile health application in community-based HIV prevention, care, and treatment programs implemented in Ethiopia since 2017. Initially, these programs utilized aggregate data collection methods, which were fragmented, non-uniform, and largely paper-based, posing challenges to data quality and data use. Local software developers applied user-centered methods to build a Unified Data System (UDS), an innovative digital health solution aimed at standardizing case management and routine data collection procedures. Developers involved end-users, including frontline community health workers (CHWs) and program managers, in the design and development process. They also conducted field visits to understand and assess user activities and needs. Developers and program staff conducted field testing, and they made design changes iteratively to incorporate user feedback. Local implementing partners deployed 950 CHWs to use the UDS for HIV service delivery and client-level data collection offline. Data were stored centrally in the CommCare HQ web service backed by a local analytics server. The UDS was linked to Power BI for advanced data analytics and visualization. Data validation tests were performed prior to indicator computation and reporting to the next level. 1,766 mobile accounts were opened for CHWs, of which 1,628 (92.2%; 95% confidence interval [CI]=90.8%, 93.4%) have submitted data. An additional 368 of 392 web accounts (93.9%; 95% CI=91.0%, 96.0%) have been used by program managers and monitoring and evaluation experts to access the dashboard. The UDS has eliminated the tedious, manual, paper-based work associated with data (dis)aggregation and reporting by frontline CHWs and local implementing partners. Hence, the number of days to access client-level data by the local partners was reduced from 1 month to just 1 day, and the time to report on activity performance was shortened from 5 days to a half-day. Data completeness was nearly 100% and data validation tests demonstrated no invalid data elements or errors. Generally, there was a high degree of digital health technology utilization by frontline CHWs and local implementing partners for standardized HIV care, high-quality data collection, and making data-informed decisions. Lessons learned from the UDS implementation could be adapted not only to support community HIV programming but also to strengthen national electronic community health information systems.",Mekuria LA; Likasa G; Sintayehu T; Mekonen L; Tekeste A; Seid E; Asefa W; Negash A; Shewarega A; Tilaye M; Eyassu G; Belete K; Nur M; Neri S; Hayes A; Liddell E; Mookherji S; Tsegaye DA,"Project HOPE, Addis Ababa, Ethiopia. legesealex@gmail.com.","Global health, science and practice",2026-06-16,10.9745/ghsp-d-24-00353,5.3,"visualization(abstract); dashboard(abstract); visual(abstract); data(title,abstract)",
42321530,Global research trends and thematic evolution in fluorescence-guided robot-assisted urologic surgery: a bibliometric and visualized study. ,"Fluorescence-guided imaging has increasingly been integrated into robot-assisted urologic surgery to improve intraoperative visualization of vascular anatomy, tissue perfusion, lymphatic drainage, tumor-related landmarks, and reconstructive anatomy. However, the global research landscape, collaborative structure, intellectual foundation, and thematic evolution of fluorescence-guided robot-assisted urologic surgery have not been systematically characterized. In this study, publications related to fluorescence-guided robot-assisted urologic surgery were retrieved from the Web of Science Core Collection from 1998 to May 16, 2026. After screening, 457 English-language articles and reviews were included. CiteSpace, VOSviewer, and the bibliometrix package in R were used to analyze annual publication trends, countries/regions, institutions, authors, journals, cited journals, co-cited references, keyword co-occurrence, burst terms, trend topics, and thematic evolution. Publication output remained limited before 2011, increased gradually thereafter, and expanded more rapidly after 2018, with peak outputs in 2024 and 2025. The United States, Italy, and the Netherlands were the leading contributors, while Leiden University, Leiden University Medical Center, the Netherlands Cancer Institute, and Cleveland Clinic Foundation represented major institutional hubs. Co-cited references and keyword analyses showed that the knowledge base of this field is mainly organized around indocyanine green-guided robotic partial nephrectomy, fluorescence-enhanced radical prostatectomy, sentinel lymph node mapping, and robot-assisted ureteral reconstruction. ""Indocyanine green,"" ""robotic surgery,"" ""prostate cancer,"" ""image-guided surgery,"" ""partial nephrectomy,"" ""radical prostatectomy,"" and ""augmented reality"" were major conceptual themes. Recent hotspots included near-infrared fluorescence, ureteral stricture, lymph node dissection, positive surgical margins, artificial intelligence, and navigation. Overall, fluorescence-guided robot-assisted urologic surgery is evolving from early feasibility exploration toward procedure-specific clinical application, reconstructive precision, oncologic safety assessment, and digitally integrated surgical navigation. Future studies should emphasize standardized fluorescence protocols, quantitative imaging assessment, prospective multicenter validation, long-term clinical outcomes, and integration with artificial intelligence, augmented reality, and molecular imaging. Because bibliometric indicators reflect research activity and citation relationships rather than direct clinical efficacy or patient benefit, these findings should be interpreted as a map of research development and evidence gaps rather than as evidence supporting the superiority of fluorescence-guided robotic surgery.",Xu C; Zheng H; Man J; Yang L,"Department of Urology, Institute of Urology, Gansu Province Clinical Research Center for Urinary System Disease, Lanzhou University Second Hospital, Lanzhou, 730030, Gansu, China.",Journal of robotic surgery,2026-06-20,10.1007/s11701-026-03595-z,5.1,"visualization(abstract); visual(title,abstract); artificial intelligence(abstract)",
42295529,Deep learning-based automated detection of oral squamous cell carcinoma in histopathological images: a comparative study of five CNN architectures.,"Oral squamous cell carcinoma (OSCC) is the most common malignancy of the oral cavity, and early diagnosis plays a crucial role in improving patient prognosis and survival rates. Histopathological examination remains the gold standard for OSCC diagnosis; however, this process is time-consuming and highly dependent on expert interpretation. With the rapid development of digital pathology and artificial intelligence, deep learning-based approaches have emerged as promising tools to support automated diagnostic systems. In this study, five convolutional neural network (CNN) architectures-VGG16, ResNet50, InceptionV3, EfficientNetV2S, and ConvNeXt-Tiny-were comparatively evaluated for the automated classification of OSCC using histopathological images. An open-access OSCC dataset was utilized, and two experimental scenarios were created using the original dataset and an augmented dataset. The dataset was divided into training, validation, and test subsets using a stratified approach. All models were trained under identical experimental conditions using ImageNet-pretrained weights and a unified classifier head in order to ensure a fair comparison. Model performance was assessed using Accuracy, Precision, Recall, Specificity, F1-Score, and ROC-AUC metrics. Additionally, Grad-CAM was applied to visualize the image regions influencing model predictions and to enhance interpretability. The results demonstrated that data augmentation significantly improved the performance of all models. Among the evaluated architectures, ResNet50 achieved the highest diagnostic performance on the augmented dataset, reaching an accuracy of 0.91 and a ROC-AUC of 0.88, followed by EfficientNetV2S and ConvNeXt-Tiny. Visualization analyses indicated that the models focused on histopathologically relevant regions associated with tumoral structures. Overall, the findings suggest that deep learning-based approaches can effectively support patch-level automated OSCC classification from histopathological images and may contribute to future development of clinical decision support systems in digital pathology.",Balel Y; Sağtaş K; Teke F; Kurt MA,"Department of Oral and Maxillofacial Surgery, Faculty of Dentistry, Sivas Cumhuriyet University, Sivas, Turkey. yunusbalel@hotmail.com.",Odontology,2026-06-15,10.1007/s10266-026-01448-7,5.0,visualization(abstract); visual(abstract); artificial intelligence(abstract); clinical decision support(abstract); data(abstract),Oral Squamous Cell Carcinoma; Digital Pathology; Deep Learning; Convolutional Neural Networks; Histopathological Image Analysis
42308504,Measuring the Quality of Datasets: Development of the IDEFIM Indicator Set for Empirical Health Research.,"<h4>Background</h4>To be beneficial for empirical health research, a dataset must be fit for use. The quality of a dataset can only be influenced during data collection, yet it is evaluated multiple times during analysis or secondary use by applying quality indicators.<h4>Objective</h4>This study aimed to establish an up-to-date set of indicators measuring the quality of datasets in empirical health research.<h4>Methods</h4>A total of 3 pillars were combined. First, the 51 indicators of a German guideline from 2014 about the management of data quality were revised. Second, a literature review was performed looking for evidence sources since 2013 that describe, propose, or apply dataset quality indicators. Third, indicators were supplemented by a manual search and other sources. The quality indicators were then integrated into the IDEFIM framework. The IDEFIM framework distinguishes between the categories' data, metadata, context, and openness quality. In this work, only the categories data and metadata quality, with their 14 dimensions were considered.<h4>Results</h4>In total, 69 indicators qualified for the IDEFIM indicator set, 53 related to the category data quality, and 16 to the category metadata quality. A total of 30 indicators originated from the German guideline, 31 from the literature review. Three indicators were added to cover aspects of diversity, equity, and inclusion, and an additional 5 related to specifics of data and metadata quality not addressed so far. Most indicators were found in the dimensions accuracy (data) with 12 measures, completeness (data) with 12 measures, and consistency (data) with 19 measures. According to the number of supporting evidence sources, missing values in data elements (48 evidence sources), contradictions (31), and currentness (26) were the most popular quality indicators. Metadata quality was significantly less frequently addressed.<h4>Conclusions</h4>The presented IDEFIM indicator set can be used for the management of data collections as well as for the verification of a dataset's quality for an intended use. The indicator set should also be considered in the design of a study in empirical health research and the development of software tools supporting the visualization of issues related to the quality of a dataset.",Harkener S; Bott OJ; Draeger C; Hartz T; Jenetzky E; Löbe M; March S; Schubert C; Stausberg J,"Institute for Medical Informatics, Biometry and Epidemiology, Faculty of Medicine, University of Duisburg-Essen, Hufelandstr. 55, Essen, North Rhine-Westphalia, 45122, Germany, 49 201 72377201.",Journal of medical Internet research,2026-06-17,10.2196/90482,4.8,"visualization(abstract); visual(abstract); data(kw,title,abstract)",Health care; Data Quality; Metadata; Quality Indicator; Dataset; Secondary Use; Idefim Framework; Empirical Health Research
42316082,"Evolution, hotspots, and future directions of global research on ventilator-associated pneumonia (VAP) care interventions: a visual analysis using CiteSpace and VOSviewer (2005-2025).","<h4>Background</h4>Ventilator-associated pneumonia (VAP) is a major cause of morbidity and mortality in critically ill patients. This bibliometric study aimed to map the global research landscape and intellectual evolution of nursing care interventions for VAP from January 1, 2005 to December 31, 2025.<h4>Methods</h4>Publications were retrieved from the Web of Science Core Collection. Scientometric analysis and visualization were performed using CiteSpace and VOSviewer to examine publication trends, collaboration networks (countries, institutions, authors), and thematic evolution through keyword co-occurrence, burst detection, and timeline analysis.<h4>Results</h4>Annual publication output showed a steady increase, with a notable rise after 2022. Collaboration networks revealed distinct regional clusters centered in Europe/North America, Asia, and Latin America/Europe. The most cited publications were clinical practice guidelines. Research themes evolved from foundational epidemiology and risk factors to the development and evaluation of preventive ""care bundles."" Recent frontiers emphasize implementation science, with ""oral hygiene,"" ""management,"" and ""implementation"" as current research hotspots.<h4>Conclusions</h4>Research on VAP nursing interventions has matured, solidifying care bundles as a core prevention strategy. The field is now shifting towards optimizing implementation and practical integration of evidence into clinical workflows. Future efforts should foster greater global and interdisciplinary collaboration to enhance the adaptability and impact of these interventions across diverse healthcare settings.",Mei Y; Zhang H; Li Y,"Department of Tuberculosis Surgery, Hangzhou Red Cross Hospital, Hangzhou, China.",BMC infectious diseases,2026-06-18,10.1186/s12879-026-13687-8,4.1,"visualization(abstract); visual(title,abstract)",Ventilator-associated pneumonia; bibliometrics; Implementation Science; Nursing Interventions; Care Bundles
42302234,Implementation of a Multidevice Telemonitoring Program for Home-Based Nursing Care in Quebec: Qualitative Report.,"<h4>Background</h4>Home care services are under increasing pressure due to population aging, rising chronic disease prevalence, and workforce shortages. Digital health technologies, particularly home telemonitoring systems, are seen as promising tools to detect early clinical deterioration, reduce hospital use, and support continuity of care. However, real-world evidence on the implementation of such technologies in public home care systems remains limited. In 2023-2024, the Quebec Ministry of Health and Social Services funded a pilot to implement a multidevice telemonitoring intervention for older adults with heart failure across three integrated health and social services centers (CISSS). The initiative aimed to assess feasibility, acceptability, and the organizational conditions shaping implementation.<h4>Objective</h4>This study documents the real-world implementation of a multidevice telemonitoring program from the perspective of home care nurses, with complementary insights from managers. It identifies perceived barriers, enablers, and contextual strategies for adaptation and sustainability.<h4>Methods</h4>We conducted a qualitative study guided by the iCHECK-DH framework and principles of implementation science. Data sources included 30 semistructured interviews, 19 with home care nurses, and 11 with clinical and administrative managers. The intervention combined four connected devices (ie, Bluetooth scale, smartwatch, xPill adherence system, and voice-activated tablet), monitored by nurses through the Virtuose dashboard. Data were analyzed thematically, focusing on implementation processes, user experience, and organizational integration.<h4>Unlabelled</h4>The intervention involved 67 patients initially recruited (34 completed the 6-mo intervention) and was implemented across three home care organizations. Qualitative findings were based on 30 semistructured interviews with home care nurses (n=19) and administrative managers (n=11). About 16/21 (76%) of nurses accessed the dashboard daily or near-daily, but challenges included alert fatigue, workflow disruption, and limited integration with clinical systems. Nurses described mixed initial reactions to telemonitoring, valued hands-on training, and emphasized the need for clearer workflows and technical support. Digital tools were seen as clinically useful but added complexity to care delivery. Sustained use required local adaptation, attention to digital literacy, and greater system integration. Relational care remained central to nursing practice, even in digitally supported contexts.<h4>Conclusions</h4>Telemonitoring programs can be successfully implemented in public home care settings when supported by strong leadership, responsive training, and adaptive workflows. This study highlights the relational, technical, and organizational dimensions of implementation and offers lessons to inform future scale-up efforts in similar public health systems.",Castonguay A; Paré G; Moreault MP; Hardy MS; Ringeval M; Voyer P,"Faculty of Nursing, Université de Montréal, 2375, chemin de la Côte-Sainte-Catherine, Montréal, QC, H3T 1A8, Canada, 1 514-343-6437.",JMIR medical informatics,2026-06-16,10.2196/83615,4.0,dashboard(abstract); data(abstract); informatics(kw),Home Care Services; Qualitative Research; Medical Informatics Applications; Telemonitoring; Implementation Science; Remote Patient Monitoring; Nursing Practice.
42308589,RetiMap: Automated Retinal Vascular Measures Link Microvascular Structure to Metabolic Health and Predict Cardiovascular Risk.,"Fundus imaging enables noninvasive, high-resolution visualization of the retinal microvasculature. Advances in artificial intelligence (AI) now allow for extraction of quantitative vascular metrics from retinal images, offering new opportunities for identifying systemic health biomarkers. This study sought to characterize retinal microvascular features in a large healthy population and assess their associations with diverse clinical phenotypes and evaluate their ability to predict incident cardiovascular events. We analyzed fundus photographs from 8,467 healthy individuals aged 40-70 years enrolled in the Human Phenotype Project. For external validation we used fundus images from 16,249 participants from UK Biobank. Using an automated AI-based tool (AutoMorph), we extracted 12 quantitative vascular metrics, such as vessel density, average width, fractal dimension, distance tortuosity, and curvature tortuosity, separately for arteries and veins. We derived age- and sex-stratified reference values and evaluated associations with clinical parameters spanning cardiometabolic, respiratory, and behavioral domains. Retinal vascular features demonstrated strong age- and sex-related patterns. Multiple significant associations were observed between microvascular metrics and systemic traits. Arterial features were particularly associated with cardiometabolic factors including blood pressure, lipid profiles, glycemic indices, and body composition (body mass index, fat mass), as well as sleep apnea parameters. Findings replicated in UK Biobank and demonstrated prognostic value for incident cardiovascular events. This large-scale, AI-driven study provides normative data on retinal vascular traits and supports the utility of fundus imaging for systemic risk stratification and prediction of cardiovascular events. Our findings highlight the potential of retinal biomarkers for early detection and monitoring of cardiometabolic and sleep-related conditions, reinforcing the emerging role of oculomics in predictive and preventive health care.",Talmor-Barkan Y; Shapira M; Shilo S; Gorodetski M; Azouri D; Aviv Y; Reisner Y; Godneva A; Weinberger A; Skaat A; Loewenstein A; Berkowitz E; Kornowski R; Segal E; Rossman H,"Department of Computer Science and Applied Mathematics, Weizmann Institute of Science, Rehovot, Israel; Gray Faculty of Medical and Health Science, Tel Aviv University, Tel-Aviv, Israel; Department of Cardiology, Rabin Medical Center, Petah-Tikva, Israel; Pheno.AI, Tel-Aviv, Israel.",JACC. Basic to translational science,2026-06-17,10.1016/j.jacbts.2026.101596,4.0,visualization(abstract); visual(abstract); artificial intelligence(abstract); data(abstract),Retina; Vessel density; Average Width
42321466,Regulating digital surgery to balance safety and innovation: a SAGES white paper. ,"Digital surgery technologies, including robotic systems, artificial intelligence (AI) algorithms, augmented reality platforms, and advanced data analytics, are rapidly transforming surgical practice. While these technologies hold tremendous potential to improve patient outcomes, they introduce unique regulatory challenges that current frameworks are not fully equipped to address. This white paper from the SAGES Surgical Data Science Committee characterizes the regulatory challenges specific to digital surgery technologies and proposes general regulatory principles designed to balance patient safety with efficient delivery of beneficial innovations. We identify key regulatory gaps across three categories of digital surgery technologies, including enhanced instrumentation and robotics, advanced visualization systems, and AI data analytics and capture. Unlike diagnostic tools, these technologies guide real-time, irreversible actions where errors can cause immediate and permanent patient harm. Critical challenges include the lack of clinically meaningful performance metrics, ambiguous liability across hardware and software stakeholders, performance drift in adaptive algorithms, algorithmic bias, data governance concerns, and insufficient cybersecurity standards for intraoperative systems. To address these gaps, we propose a three-tier risk-stratified classification framework aligned with existing FDA pathways, guidance on predetermined change control plans for adaptive technologies, recommendations for performance metrics that balance technical and clinical evaluation, established evaluation frameworks such as IDEAL and stage-specific reporting guidelines to structure development and assessment, a defined role for professional societies and collaborative communities in shaping clinically relevant standards, and evidence requirements reflecting the procedural context of these tools. Regulation of digital surgery must balance innovation with safety, recognizing that both excessive and insufficient oversight can harm patients. Traditional metrics and trial designs are insufficient, as evaluation must be anchored in clinically meaningful outcomes, ongoing surveillance, and real-world validation. The framework presented provides a foundation for achieving this balance through risk-proportionate, evidence-based regulatory approaches.",Guzman NM; Marwaha JS; Keller DS; Feldman LS; Hashimoto DA; Madani A; Telem DA,"Department of Learning Health Sciences, University of Michigan, Ann Arbor, MI, USA.",Surgical endoscopy,2026-06-19,10.1007/s00464-026-12875-6,4.0,visualization(abstract); visual(abstract); artificial intelligence(abstract); data(abstract),
42320525,Implementation evaluation of an inpatient digital dashboard for direct oral anticoagulant surveillance. ,"Direct oral anticoagulants (DOACs) are highly effective in the treatment and prevention of thrombosis. Nevertheless, the prevalence of inappropriate DOAC dosing (ie, dosing not in alignment with Food and Drug Administration package labeling) remains high and is associated with suboptimal patient outcomes. Development and utilization of a digital dashboard to support DOAC management in the acute care setting has not yet been described. An acute care digital dashboard for population management of DOACs was developed and implemented at 4 acute care facilities, and implementation success was evaluated using qualitative and quantitative surveys completed by lead project clinicians.Based on responses from all participating facilities related to 7 previously described domains of implementation success, including acceptability, adoption, appropriateness, feasibility, fidelity, penetration, and sustainability, the dashboard implementation was considered a complete success. In 21 monthly dashboard snapshot surveys across all sites, the dashboard identified 1,059 acute care patients receiving DOACs. Of these patients, 96 (9.1%) had a known critical alert, 209 (19.7%) had a possible critical alert, and 77 (7.3%) had a ""for your information"" alert across all sites. This case study demonstrated successful implementation of an acute care DOAC dashboard at 4 unique practice sites. Clinicians felt that the dashboard appropriately addressed clinical issues in patients receiving DOACs and was readily incorporated into their daily workflow. Overall, dashboard users were satisfied with the tool and found it palatable.",Hong H; Hanigan Lewis S; Triller DM; Dane KE; Jones M; Whyte C; Lanham MSM; Allen AL; Kaatz S; Barnes GD,"University of Utah College of Pharmacy, Salt Lake City, UT, USA.",American journal of health-system pharmacy : AJHP : official journal of the American Society of Health-System Pharmacists,2026-06-19,10.1093/ajhp/zxag182,3.9,"dashboard(title,abstract)",
42297453,Perspectives and challenges in implementing nursing-specific mini-CEX and DOPS: a descriptive qualitative study of clinical nursing educators and novice nurses in a tertiary hospital in China.,"<h4>Objectives</h4>This study aimed to explore the dual perspectives and challenges of clinical nursing educators and novice nurses regarding the implementation of nursing-specific mini-clinical evaluation exercise (mini-CEX) and direct observation of procedural skills (DOPS) in novice nurses' training within a single tertiary hospital in China.<h4>Design</h4>A descriptive qualitative research design was used. Participants were selected using a purposive sampling method, and semistructured interviews were conducted to collect data, which were then analysed following the six-step thematic analysis process.<h4>Setting</h4>The study was conducted at a tertiary hospital in Beijing, China.<h4>Participants</h4>A total of 24 participants were recruited from November to December 2023, comprising 13 clinical nursing educators and 11 novice nurses.<h4>Results</h4>Four themes emerged: (1) novice nurse growth: true reflection of novice nurses' clinical nursing abilities through direct observation; tailored learning pathways for individual growth; immediate feedback and self-reflection-driven engagement for individualised learning advancement; visual analytics for identifying targeted improvement areas and tracking progress across clinical domains; (2) educator teaching quality: practical contents and flexible methods of evaluation; real-time teaching adaptation and refined teaching plans; educator-led multidimensional nursing competencies cultivation; (3) obstacles in implementing evaluation tools: time-consuming processes in assessment and manual documentation; insufficient and delayed feedback due to heavy clinical workload; interruption of implementation by significantly changed clinical situation and (4) factors affecting implementation efficacy: subjective differences in scoring and inconsistent evaluation standards; lack of specialty in assessment tools; teaching-related factors; novice nurses' personal factors; patient-related factors; feedback-related factors.<h4>Conclusions</h4>Educators and novice nurses perceived that the nursing-specific mini-CEX and DOPS have many advantages but raise concerns about time-consuming assessments, inadequate or delayed feedback, disruptions to implementation due to significant clinical changes, inconsistent standards and a lack of specialised assessment tools as well as multiple factors affecting its efficacy. Future research should focus on efficient strategies for optimal use.",Nie S; Ma S; Wang L,"Department of Nursing, Beijing Hospital, National Center for Gerontology; National Clinical Research Center for Gerontology; The Key Laboratory of Geriatrics of NHC; Institute of Geriatric Medicine, Chinese Academy of Medical Sciences, Beijing, China nieshengxiao@163.com.",BMJ open,2026-06-15,10.1136/bmjopen-2025-113912,3.5,visual analytics(abstract); visual(abstract); data(abstract),"Education, Medical; Nursing Research; Education & Training (See Medical Education & Training)"
42300931,Animal-based diets and the human gut microbiota: an integrative review &lt;b&gt;combining&lt;/b&gt; metagenomic profiling and graphical synthesis of diet-microbiota associations.,"This review examines the relationships between animal-based diets, gut microbiota architecture, and human health by integrating insights from metagenomic studies and literature-based graphical representations. The gut microbiota is a complex microbial ecosystem, whose organization is closely linked to intestinal homeostasis and host health. Drawing on published metagenomic datasets, the review synthesizes patterns of dominant microbial groups and their organization within the gut, providing a framework for interpreting diet-related microbial variations across different geographic and cultural contexts. Evidence from the literature on animal-derived foods is integrated through graphical visualization to illustrate associations between specific foods and gut microbial taxa. These visualizations highlight distinct association patterns and microbial responses to various animal-based dietary components. The review discusses these patterns in relation to intestinal health, disease susceptibility, and potential dietary interventions. Overall, this work provides a structured, integrative perspective on the impact of animal-based diets on gut microbiota architecture, emphasizing the relevance of combining metagenomic insights with literature-based synthesis to inform nutritional science and public health strategies.",Medouni-Haroune L; Medouni-Adrar S; Messaoudene L; Negrichi S; Bouiche C; Sahraoui-Remini Y; Allam A; Meghlaoui Z; Mouhoubi K; Abbou A; Brahimi N; Mellal MK; Sari Z; Madani K,"Centre de Recherche en Technologies Agro-alimentaires, Route de Targa Ouzemmour, Campus Universitaire, 06000 Bejaia, Algeria. lamia.medouni@crtaa.univ-bejaia.dz.",Food & function,2026-06-16,10.1039/d6fo00371k,3.0,visualization(abstract); visual(abstract); data(abstract),
42307640,Global research hotspots and evolving themes in chemoresistance of hepatocellular carcinoma: a bibliometric analysis from a pharmacological perspective.,"Chemoresistance in hepatocellular carcinoma (HCC) complicates treatment and poses a substantial and growing burden to healthcare systems worldwide. Despite remarkable advances in recent years, the massive volume of publications has made it hard to identify overarching trends, critical turning points, and emerging frontiers. The present study aimed to conduct a comprehensive analysis of the global research landscape and summarize future hotspots. Articles on chemoresistance in HCC published in the Science Citation Index Expanded, Web of Science Core Collection, from 1991 to 2025 were searched. Bibliometrix (R package) was used for data analysis and visualization. CiteSpace was employed for keywords bursts detection. A total of 2571 publications by 12243 authors from 643 sources were included. An increase in the annual growth in the number of publications and citations was observed. Cancers had the most publications, and Cancer Research was the most cited. China and the USA are the dominant countries in this field. Sun Yat Sen University is the most productive affiliation. Wang Y is the most productive author. Besides topic-relevant keywords, terms like ""expression,"" ""apoptosis, "" and ""metastasis,"" etc. had high occurrence. Thematic shifts were also identified, transitioning from single-agent and single-target approaches to complex combination therapies and novel technological interventions. Conclusively, through a bibliometric analysis of publications, the present work shows key developments in the field of chemoresistance in HCC. Potential research hotspots include advanced combinatorial nano-immunotherapy, ferroptosis inducers, combined immunotherapy, and metabolic plasticity and stemness pathway regulators of cancer stem cells.",Chen L; Lin S; Huang Z; Yin Y,"Xiamen Branch, Zhongshan Hospital, Fudan University, Xiamen, 361016, China.",Naunyn-Schmiedeberg's archives of pharmacology,2026-06-17,10.1007/s00210-026-05568-3,3.0,visualization(abstract); visual(abstract); data(abstract),Tumor Microenvironment; Cancer Stem Cell; Ferroptosis; Research Hotspots; Thematic Evolution; Nano-immunotherapy
42299683,Toward real-time alignment of 3D CT and 2D X-ray with multi-stage CNNs.,"2D X-ray imaging is widely employed in image-guided interventions to provide real-time visualization of patient anatomy and interventional devices. However, lacking depth information and soft-tissue contrast, intraoperative X-rays are often complemented with high-resolution preoperative 3D computed tomography (CT) scans. Clinicians must mentally register the 3D preoperative information onto the 2D visualization, increasing cognitive workload and motivating the need for automated solutions. Traditionally, this registration task is formulated as estimating the position of the X-ray source relatively to the CT scan. State-of-the-art 3D/2D registration approaches are trained using synthetic CT-to-X-ray projections, but these methods still require manual annotations and employ a time-consuming optimization that limits their deployment for live image guidance. In this paper, we propose LXPose (live X-ray pose estimation), a fast multi-stage 3D/2D registration framework for real-time image guidance. Specifically, we introduce an efficient two-stage CNN that effectively bypasses slow optimization for fast inference. Critically, we also eliminate the need for any manual annotations by introducing an automated strategy for landmark extraction. Finally, we train LXPose using a projection loss for high accuracy, and apply extensive data augmentation in a first attempt to reduce the domain gap between the synthetic training X-rays and real testing data. We demonstrate LXPose on two datasets from different anatomical regions, where it yields results comparable to the state-of-the-art, while reducing inference time by two orders of magnitude, from several seconds to 20 ms. Overall, our results demonstrate the potential of LXPose for real-time clinical deployment. Our code is available at https://github.com/fedefacente/LXPose.",Facente F; Billot B; Gopalakrishnan V; Kattel M; Wei W; Golland P; Delingette H; Ayache N; Berthet-Rayne P,"Epione Team, Université Côte d'Azur, Inria, Nice, France.","Computer assisted surgery (Abingdon, England)",2026-06-16,10.1080/24699322.2026.2684372,3.0,visualization(abstract); visual(abstract); data(abstract),Pose Estimation; Image-guided Interventions; Multi-stage Cnns
42315696,A Framework with Transformer-Based Model for Cerebrovascular Stenosis Detection in Magnetic Resonance Angiography.,"Accurate identification of cerebrovascular stenosis is essential for early stroke prevention and effective clinical management. Magnetic resonance angiography provides non-invasive 3D visualization of cerebral vessels, but reliable automated stenosis detection remains challenging due to anatomical complexity and imaging variability. This study aims to develop an automated, robust, and clinically useful transformer-based deep learning framework for detecting stenosis in 3D brain MRA scans. We propose a framework designed for cerebrovascular stenosis detection. It first automatically localizes the centerlines of all arteries and veins within the 3D MRA volume. Each resulting vessel-centered 3D region is then analyzed and classified as normal or narrowed using our proposed transformer-based model. The model was trained and validated on a manually curated, expert-annotated dataset from Far Eastern Memorial Hospital, Taiwan, to ensure high-quality ground-truth labels. Our proposed framework demonstrated strong and stable performance across five-fold cross-validation. Specially, under the imbalanced data setting, the model achieved an average accuracy of 0.9339, F1-score of 0.7998, AUC of 0.9488, and Precision-Recall AUC of 0.8313-indicating robust discrimination capability and effective detection. The experimental results underscore the capability of the proposed framework as a dependable tool for automated cerebrovascular evaluation. Its superior performance indicates significant utility in clinical settings, supporting early detection and risk reduction for stroke.",Nguyen DK; Chan CL; Huang CW; Nguyen JT; Chien TY; Li AA,"Department of Information Management, Yuan Ze University, Taoyuan, Taiwan.",Journal of imaging informatics in medicine,2026-06-18,10.1007/s10278-026-02051-6,3.0,visualization(abstract); visual(abstract); data(abstract),Magnetic resonance angiography; Deep Learning; Cerebrovascular Stenosis Detection; Hybrid Transformer-based Model
42313040,Nursing Research on Postoperative Nausea and Vomiting: A Bibliometric Analysis.,"<h4>Purpose</h4>Postoperative nausea and vomiting (PONV) is a frequent surgical complication with considerable impact on patient recovery. Nursing care is central to PONV management, yet the evolution and landscape of nursing-specific research in the field remain unexplored. This study maps the global research trends in PONV nursing literature.<h4>Design</h4>A bibliometric analysis was conducted.<h4>Methods</h4>Data were retrieved from the Web of Science Core Collection from inception to March 24, 2025. Analysis and visualization were performed using CiteSpace software.<h4>Findings</h4>Analysis of 493 publications identified key trends. Research output was geographically concentrated, with the United States and China contributing over half of all publications. The Journal of Perianesthesia Nursing was the leading journal. Keyword cluster analysis identified three primary research domains: clinical management of PONV, oncology-related PONV, and nurse-led interventions. Burst detection analysis showed an early emphasis on symptom management (Strength=3.18, 2017-2018) and a recent, strong focus on prevalence(Strength=3.37, 2023-2025), indicating a shift in research focus over time.<h4>Conclusion</h4>This study provides a foundational map of nursing research in PONV. The findings underscore the need for greater international collaboration and stronger integration of research into clinical practice, offering a clear agenda for advancing perioperative nursing.",Li N; Hu Q; Xia Q,"Operating Room of Anesthesia Surgery Center, West China Hospital, Sichuan University/West China School of Nursing, Sichuan University, Chengdu, China.",Journal of perianesthesia nursing : official journal of the American Society of PeriAnesthesia Nurses,2026-06-18,10.1016/j.jopan.2026.05.037,3.0,visualization(abstract); visual(abstract); data(abstract),Nursing; Ponv; Postoperative Nausea And Vomiting; Bibliometric Analysis; Periopearative Care
42311212,Mapping Morphology-Dependent Stability of Gold Nanostars in Immune Cells Using Hyperspectral Imaging.,"Gold nanoparticles (AuNPs) are widely applied in nanomedicine, cellular and tissue biology, nanoscopy, photothermal therapy, and a range of diagnostic and clinical technologies. Among them, gold nanostars (AuNSs) have emerged as particularly promising due to their highly tunable optical and chemical properties. However, like other nanostructures, the stability of AuNSs remains a key challenge, especially within complex cellular microenvironments. Here, wide-field hyperspectral microscopy is evaluated for the real-time characterization of the morphology-dependent stability of AuNS formulations in immune-cell microenvironments. A computationally efficient image processing pipeline extracts statistical features from reflectance images, enabling the real-time analysis of hyperspectral data. UMAP-based visualization of spectral data revealed distinct, time- and formulation-dependent spectral shifts, with smaller seed volume formulations (larger overall diameter) for AuNSs exhibiting rapid destabilization and aggregation in THP-1 cells. In contrast, larger seed volume formulations (smaller overall diameter) for AuNS demonstrated enhanced colloidal stability and spectral uniformity. Compared to conventional ensemble measurements, hyperspectral reflectance measurements provided a rapid and resource-efficient approach that enabled macroscale imaging while retaining the spectral detail necessary to resolve AuNS transformations. Overall, the hyperspectral microscopy techniques presented here provide a label-free, high-throughput platform for evaluating AuNS stability and biocompatibility, with strong potential to guide the rational design of AuNSs for immunotherapeutic and diagnostic applications.",Singh L; Vu NN; Bullard EA; Stout EM; Mabbott S; Walsh AJ,"Department of Biomedical Engineering, Texas A&M University, College Station, Texas 77843, United States.",Analytical chemistry,2026-06-18,10.1021/acs.analchem.6c03010,3.0,visualization(abstract); visual(abstract); data(abstract),
42319965,Single-Port Robotic Transanal Minimally Invasive Surgery for Rectal Cancer: A Novel Approach With FishBowl-Early Case Series. ,"Transanal minimally invasive surgery (TAMIS) emerged as a validated technique for local excision of rectal adenomas and early-stage adenocarcinomas. In organ preservation protocols, TAMIS is increasingly used for mid- and low-rectal cancers, achieving complete or major clinical response (cCR/cMR) following neoadjuvant chemoradiotherapy, complementing Watch-and-Wait strategies with low morbidity and favorable outcomes. Robotic platforms, particularly the Da Vinci SP, have improved surgical dexterity and visualization in confined pelvic spaces. Despite CE approval and encouraging feasibility data, widespread adoption of SP-TAMIS remains limited due to docking constraints. This study reports the first European series of rectal cancer cases treated with SP-TAMIS (SPrTAMIS) using a novel small FishBowl docking system and evaluates its feasibility, safety, and short-term outcomes. Five patients with rectal adenocarcinoma, selected based on organ preservation criteria, underwent SPrTAMIS using the Da Vinci SP system. Preoperative assessment included endoscopy, MRI, CT, and bowel preparation. Procedures were performed under general anesthesia with CO2 pneumorectum (12 mm Hg) and robotic instrumentation via the FishBowl docking system. Data collected included tumor characteristics, surgical duration, estimated blood loss (EBL), morbidity, mortality, length of stay (LOS), and functional outcomes (LARS and MSKCC scores). All procedures were completed robotically without conversion. The mean lesion size was 8.8 mm, located 50 mm from the anal verge and 16 mm from the anorectal junction. Mean operative time was 85 minutes. No intraoperative complications or mortality occurred. GI function resumed by postoperative day (POD) 1; all patients were discharged by POD 2. One minor, asymptomatic suture dehiscence was observed. Histology confirmed complete excision with negative margins. The median follow-up was 68 days, and functional and quality-of-life outcomes were favorable. SPrTAMIS using Da Vinci SP and the FishBowl system is feasible and safe for rectal excision, offering ergonomic advantages and minimal anal canal trauma. Further studies are warranted to assess long-term oncologic and functional outcomes.",Mellano A; Pellegrino L; Salomone S; Zaffirio S; Borghi F,"Surgical Oncology Unit, Candiolo Cancer Institute-FPO IRCCS, Candiolo, Torino, Italy.","Surgical laparoscopy, endoscopy & percutaneous techniques",2026-06-22,10.1097/sle.0000000000001472,3.0,visualization(abstract); visual(abstract); data(abstract),
42316513,"Simultaneous T&lt;sub&gt;2&lt;/sub&gt;, T&lt;sub&gt;2&lt;/sub&gt;*, and R&lt;sub&gt;2&lt;/sub&gt;' Mapping for Multiple Sclerosis Using Nonlinear Model-Based Reconstruction of Undersampled Radial RARE-EPI MRI.","<h4>Purpose</h4>To demonstrate the synergy of undersampled radial 2in1-RARE-EPI acquisition and nonlinear model-based reconstruction for accelerated and simultaneous T<sub>2</sub>, T<sub>2</sub>*, and R<sub>2</sub>' mapping in brains of patients with multiple sclerosis (MS).<h4>Methods</h4>2in1-RARE-EPI combines a RARE module with an EPI module to capture T<sub>2</sub> and T<sub>2</sub>* information. Nonlinear model-based reconstruction was applied to estimate T<sub>2</sub>, T<sub>2</sub>* maps directly from undersampled k-space data. A retrospective undersampling experiment was conducted to compare nonlinear model-based and parallel imaging compressed sensing (PICS) reconstruction. The proposed approach was validated and compared to reference methods multiecho spin-echo (T<sub>2</sub>, MSE) and multiecho gradient-echo (T<sub>2</sub>*, MGRE) in a phantom, healthy subjects, and MS patients.<h4>Results</h4>2in1-RARE-EPI together with nonlinear model-based reconstruction enabled T<sub>2</sub>, T<sub>2</sub>*, and R<sub>2</sub>' mapping with 7.5-fold scan-time acceleration relative to the references, while addressing key limitations of reference techniques, including long acquisition times, misregistration, motion and off-resonance sensitivity, and the need for calibration scans. Phantom and in vivo validation showed that the parametric maps obtained with this approach were in agreement with the reference methods. Compared with PICS, nonlinear model-based reconstruction showed more consistent spatial detail and accuracy at higher acceleration factors. The proposed method detected small focal lesions in T<sub>2</sub>, T<sub>2</sub>*, and R<sub>2</sub>' maps of MS patients and enabled visualization of the central vein sign.<h4>Conclusion</h4>Scan time reduction facilitated by nonlinear model-based reconstruction of 2in1-RARE-EPI provides a technical foundation for enhanced patient compliance, and is a fundamental precursor for broader clinical studies on the potential of T<sub>2</sub>, T<sub>2</sub>*, and R<sub>2</sub>' as imaging biomarkers.",Velasquez Vides JR; Herrmann CJJ; Gladytz T; Hetherington HP; Mattern H; Wang X; Millward JM; Shalikar S; Tellez Ceja IF; Endemann B; Waiczies S; Kuchling J; Paul F; Rose G; Ku MC; Schmitt F; Niendorf T,"Max-Delbrück-Center for Molecular Medicine in the Helmholtz Association (MDC), Berlin Ultrahigh Field Facility (B.U.F.F.), Berlin, Germany.",Magnetic resonance in medicine,2026-06-18,10.1002/mrm.70465,3.0,visualization(abstract); visual(abstract); data(abstract),Multiple sclerosis; Central Vein Sign; R2′ Mapping; Nonlinear Model‐based Reconstruction; Quantitative Multiparametric Mri; Simultaneous T2 And T2* Mapping
42321448,"The Utility of Ultrasound in the Management of Lipedema: Preoperative, Intraoperative, and Postoperative Applications. ","Lipedema is a chronic adipose tissue disorder characterized by disproportionate fat deposition, pain, and progressive functional impairment. Although diagnosis remains primarily clinical, ultrasound has emerged as a valuable adjunctive tool for diagnosis, surgical planning, intraoperative guidance, and postoperative monitoring. The aim of this review was to provide a comprehensive overview of the current and potential applications of ultrasound throughout the entire surgical management pathway of patients with lipedema. A narrative review of the literature was conducted using PubMed/MEDLINE, Scopus, and Google Scholar databases. Articles published up to January 2026 were screened using the keywords ""lipedema,"" ""lipoedema,"" ""ultrasound,"" ""ultrasonography,"" ""lipedema diagnosis,"" ""lipedema imaging,"" ""lipedema surgery,"" and ""liposuction."" Studies addressing ultrasound-based diagnosis, differential diagnosis, surgical planning, intraoperative guidance, and postoperative monitoring in lipedema patients were included. Both original investigations and review articles published in English were considered. Ultrasound demonstrated significant utility across all phases of lipedema management. In the preoperative setting, it improved diagnostic accuracy by identifying characteristic sonographic features, quantifying tissue thickness, differentiating lipedema from obesity and lymphedema, and enabling vascular mapping for surgical safety. Advanced techniques, including three-dimensional ultrasound, provided additional information regarding fascial alterations, fibrosis, and fluid accumulation. Intraoperatively, ultrasound off ered real-time visualization of anatomical structures, facilitated identification of fibrotic tissue, and supported more precise liposuction by improving cannula guidance andassessment of tissue homogeneity. Postoperatively, ultrasound enabled early detection of complications such asseromas and hematomas, assessment of fi brosis and tissue remodeling, and long-term monitoring of disease recurrence or progression. The available evidence suggests that ultrasound represents a versatile, accessible, and reproducible imaging modality capable of enhancing both diagnostic and surgical aspects of lipedema care. By integrating ultrasound intopreoperative evaluation, intraoperative decision-making, and postoperative follow-up, clinicians may improve surgical precision, patient safety, and treatment outcomes. Nevertheless, the current literature remains limited by heterogeneity, operator dependency, and the absence of standardized imaging protocols. Larger multicenter studiesare needed to validate diagnostic criteria and establish evidence-based guidelines for ultrasound utilization in lipedema management. Ultrasound has the potential to become an integral component of modern lipedema management. Its applications extend beyond diagnosis to encompass surgical planning, intraoperative guidance, and postoperative surveillance. The increasing availability of portable, high-resolution ultrasound devices may further facilitate its routine incorporation into clinical practice, ultimately contributing to safer procedures, more personalized treatment strategies, and improved long-term outcomes for patients with lipedema. This journal requires that authors assign a level of evidence to each article. For a full description of these Evidence-Based Medicine ratings, please refer to the Table of Contents or the online Instructions to Authors   www.springer.com/00266 .",Bruno A; Barbera M; Cilluffo M; Schirosi M,"Santa Maria di Leuca Clinic, Via Tiberina 173, 00188, Rome, Italy. dott.agostinobruno@gmail.com.",Aesthetic plastic surgery,2026-06-19,10.1007/s00266-026-05988-9,3.0,visualization(abstract); visual(abstract); data(abstract),
42309936,A phenomenological representation of neurodevelopmental disorders in children and adolescents: A graphic organization.,"Psychiatric nosology serves both clinical and research needs by providing a common language and informing healthcare planning. However, a movement toward transdiagnostic approaches is growing for assessments and care management of neurodevelopment disorders. During childhood and adolescence, symptoms appear as developmental delays. They often overlap across disorders, making the diagnosis difficult. To account for the multidimensional symptomatology, we propose a visualization of neurodevelopmental disorders phenomenology that would make it easier to analyze an individual as a network of diagnostic criteria whose interactions can compensate for each other and determine a pathological, at-risk or healthy impact. Such spatial organization would allow for the diagnostic criteria to be ordered over time, prioritized, and shared more effectively beyond the categorial diagnosis. Symptoms for neurodevelopmental disorders were grouped according to a hierarchy of phenomenological and symptomatological terms found in the main reference manuals and in the didactic consensus reported in the latest international reviews. They fall into four major domains: cognition, emotion, behavior and motricity while the operational diagnostic criteria were organized into a multiscalar hierarchy with a notion of order following a circular tree structure: the 'sunburst'. A graphic, visual, dynamic and hierarchical organization was proposed to handle all the phenomenology terms used in children, adolescents and young adults (aged 5-25) more easily and to convey them to the parties involved. Far from being exhaustive, this visual representation aims to facilitate the use of psychiatric phenomenology while maintaining a critical, dynamic and evolving approach to scientific knowledge and clinical practice.",Douet Vannucci V; Crocq MA; Guigou Y; Forestier M; Pisella LI,"R&D Lab, O-Kidia, 36, boulevard Gorbella, 06100 Nice, France; UPR Risk Epidemiology Territory INformatics Education and Health (UPR RETINES), Université Côte d'Azur, Nice, France. Electronic address: vanessa.douet@univ-cotedazur.fr.",L'Encephale,2026-06-17,10.1016/j.encep.2026.03.011,2.5,visualization(abstract); visual(abstract),Psychiatry; child and adolescent; Symptoms; Psychopathology; Phenomenology; Sémiologie; Symptômes; Psychiatrie; Psychopathologie; Enfant Et Adolescent
42308005,Endoscopic Pterygoid Process Resection Without Maxillary Sinus Breach in Total Maxillectomy.,"This technical note describes two endoscopic transnasal techniques for pterygomaxillary junction detachment during total maxillectomy that preserve the integrity of the maxillary sinus. A lower cut at the level of the nasal floor and an upper cut below the vidian canal are presented through cadaveric dissection and a clinical case. These sinus-sparing approaches enable direct visualization of the posterior maxillary osteotomy, facilitate assessment of posterior margins, and maintain the tumor within an intact maxillary sinus compartment.",Conti C; Ajasllari G; Sentieri L; Presta A; Bertolini M; Bianchi B; Canevari FRM,"UOC Clinica Otorinolaringoiatrica, IRCCS Ospedale Policlinico San Martino, Genova, Italy.",The Laryngoscope,2026-06-17,10.1002/lary.70685,2.5,visualization(abstract); visual(abstract),Endoscopic Skull Base Surgery; Sinonasal Malignancies; Pterygoid Process Resection
42309946,Transhepatic Biliary Intervention for Malignant Biliary Obstruction.,"Malignant biliary obstruction commonly arises from cholangiocarcinoma, pancreatic cancer, ampullary cancer, or metastatic disease, leading to jaundice, cholangitis, and impaired liver function. Management centers on achieving adequate biliary drainage to improve symptoms, enable surgery or chemotherapy, and prevent sepsis. Endoscopic and percutaneous transhepatic approaches each offer distinct advantages depending on anatomy, disease extent, and patient factors. Percutaneous techniques allow targeted drainage, tissue diagnosis, and therapeutic interventions such as stenting and endobiliary ablation. Emerging percutaneous cholangioscopic methods enhance visualization and biopsy accuracy. Optimal management requires multidisciplinary decision-making informed by obstruction level, planned oncologic therapy, and overall clinical goals.",Mastria EM; Kim CY,"Department of Radiology, Duke University, 2301 Erwin Road, Durham, NC 27705, USA. Electronic address: eric.mastria@duke.edu.",Hematology/oncology clinics of North America,2026-06-17,10.1016/j.hoc.2026.05.003,2.5,visualization(abstract); visual(abstract),Cholangiocarcinoma; Malignant biliary obstruction; interventional radiology; Percutaneous Biliary Interventions; Percutaneous Transhepatic Biliary Drain; Perihilar Obstruction; Endobiliary Biopsy
42308062,Mixed Reality Surgical Navigation System for Liver Interventions with Comprehensive Validation using Subsurface Target Localization.,"<h4>Objective</h4>Mixed reality (MR) surgical navigation systems have achieved notable success in procedures involving rigid anatomical structures but face substantial challenges in soft tissue interventions due to intraoperative deformation. Current literature reveals a significant gap in MR-based navigation systems that provide quantitative validation through subsurface targeting experiments representative of clinical workflow.<h4>Methods</h4>This study presents a comprehensive MR surgical navigation platform for liver interventions enhanced with new features including soft-tissue deformation correction, real-time microwave (MW) probe trajectory visualization, and distance-to-target measurement capabilities. In addition to novel platform design, the first standardized experimental protocol specifically designed for validating subsurface targeting accuracy in the context of MR surgical navigation systems has been established. The validation methodology provides a quantitative targeting evaluation that can be universally adopted for comparative analysis with other MR approaches.<h4>Results</h4>Using the MW probe navigation capabilities, surgical workflow maintained clinically viable efficiency with a navigation-to-target time of 5.5 ± 1.3 minutes per targeting session that spanned 13 subsurface targets per session. With respect to the correction for soft-tissue deformations, our non-rigid registration method (NRM) demonstrated superior performance compared to rigid registration method (RRM), achieving 41.3% reduction in user-navigated targeting error (from 10.4 ± 3.9 mm to 6.1 ± 2.8 mm) and 42.3% reduction in ground-truth measured targeting error (from 13.0 ± 5.5 mm to 7.5 ± 3.3 mm). Other novelties to the platform design are an integrated real-time ablation zone prediction and visualization tool as a potential direction for clinical application.<h4>Conclusion</h4>The advancement positions the technology as a powerful surgical guidance approach for hepatic interventions.<h4>Significance</h4>This research is the first to establish a validation framework standard for MR surgical navigation system which successfully compensates for soft tissue deformation.",Xiang B; Heiselman JS; Su D; Miga MI,,IEEE transactions on bio-medical engineering,2026-06-17,10.1109/tbme.2026.3704934,2.5,visualization(abstract); visual(abstract),
42321666,Argon plasma coagulation for endoscopic treatment for congenital pyriform sinus fistula in children. ,"This study aimed to evaluate the efficacy of a novel endoscopic approach using argon plasma coagulation (APC) for the treatment of congenital pyriform sinus fistulas (CPSF) in children. A retrospective analysis was conducted on 30 pediatric patients with PSF who were treated at Fujian Children's Hospital (Fujian Branch of Shanghai Children's Medical Center) between 2021 and 2025. All patients underwent neck color Doppler ultrasound and electronic laryngoscopy, with systematically analyzed of the results. Postoperative follow-up was performed at multiple time points. All 30 procedures were successfully completed, with no cases of pharyngeal fistula, dysphagia, or infection around or beyond the fistula tract. During the follow-up period, ranging from 2 weeks to 3 years, no recurrence was observed. Endoscopy-assisted argon plasma coagulation is a promising treatment for CPSF in children, offering advantages including minimal trauma, reduced bleeding, and clear visualization. This method appears safe and effective for infants and children with CPSF and warrants wider clinical adoption.",Wang Y; Chen Y; Wu H; Ye H,"Department of Gastroenterology, Fujian Children's Hospital(Fujian Branch of Shanghai Children's Medical Center), No. 966, Hengyu Road, Fuzhou, Fujian Province, 350014, China.",BMC pediatrics,2026-06-19,10.1186/s12887-026-07157-y,2.5,visualization(abstract); visual(abstract),
42308111,Diving surgery for ACTH secreting pituitary adenomas: a retrospective single center cohort study.,"<h4>Purpose</h4>Diving technique aims to enhance visualization, bleeding control, and tumor resection in pituitary surgery. Its impact on clinical outcomes, remains underexplored. Our aim is to test the hypotheses on the technique's potential to improve outcomes in ACTH-secreting adenomas.<h4>Materials and methods</h4>This retrospective, observational study included 37 patients [diving: 21, standard: 16] with Cushing's who underwent ETTS from 2019 to 2024. Primary endpoints were remission, 3rd postoperative day cortisol levels, and LOS. Analysis included t-tests and multivariate regression models, adjusting for demographic, tumor-related, and surgical factors.<h4>Results</h4>No statistically significant differences were observed in remission rates (71.4% vs. 68.8%, p = 1.000), postoperative cortisol (p = 0.298), or LOS (p = 0.177). A trend was observed (unadjusted model) for lower cortisol (by 2.2 μg/dl) and higher remission rates, in the diving group, but there was no clear correlation with the technique. Surgical history played a role in postoperative cortisol, with no prior pituitary surgery leading to 6.7 fold decrease. The models demonstrated limited explanatory power (R<sup>2</sup> < 0.25), possibly due to small sample size.<h4>Conclusion</h4>To our knowledge, this is the first study provide an exploratory comparative statistical analysis on diving surgery and further prospective multicenter studies will investigate its clinical utility.",Gkalonakis I; Takatzoglou N; Georgountzos G; Katsikas A; Georgalas C; Pikis S; Paleologos T; Barkas K,"Department of Neurosurgery, General Hospital of Nikaia 'Agios Panteleimon', Athens, Greece.",British journal of neurosurgery,2026-06-17,10.1080/02688697.2026.2682821,2.5,visualization(abstract); visual(abstract),pituitary; Cushing’s Disease; Hydrodissection; Diving Surgery; Endoscopic Transnasal Transsphenoidal Surgery (Etts)
42317115,Added diagnostic value of postcontrast susceptibility-weighted imaging with 1.5-Tesla magnetic resonance imaging for central vein sign assessment in multiple sclerosis.,"<h4>Purpose</h4>This study aimed to assess whether post-contrast susceptibility-weighted imaging (SWI) at 1.5-T improves visualization of the central vein sign (CVS) in multiple sclerosis (MS) lesions.<h4>Methods</h4>In this prospective observational study, 30 patients with MS underwent 1.5-T brain magnetic resonance imaging (MRI), including pre-contrast SWI (SWI-C) and post-contrast SWI (SWI+C) sequences. Lesions were evaluated for location, contrast enhancement, and the presence of CVS and paramagnetic rim lesions (PRLs). Counts of CVS- and PRL-positive lesions were compared between SWI-C and SWI+C using the Wilcoxon signed-rank test, and the proportion of patients meeting the select-6 criterion was assessed with McNemar's test. Additional analyses using alternative thresholds (select-3 and > 50%) were performed to evaluate CVS positivity across different criteria. Correlations with Expanded Disability Status Scale (EDSS) scores were assessed using Spearman's rank correlation.<h4>Results</h4>The cohort included 24 women (80%) with a mean age of 39.6 ± 12.5 years. There was a significant increase in CVS counts on SWI+C compared with SWI-C (<i>P</i> < 0.01). Across patients, the mean number of CVS was 5 (range: 0-14) on SWI-C and 6 (range: 0-19) on SWI+C. SWI+C demonstrated increased CVS in 20/30 patients (66.7%), with Wilcoxon signed-rank testing confirming a significant difference between pre- and post-contrast counts (<i>P</i> < 0.01). According to the select-6 criterion, CVS positivity increased from 14/30 (46.7%) pre-contrast to 20/30 (66.7%) post-contrast (<i>P</i> = 0.031), corresponding to 6 additional patients classified as CVS-positive, indicating improved detection with contrast-enhanced imaging. Using alternative thresholds, CVS positivity remained unchanged with the select-3 criterion (76.7% in both), whereas a > 50% threshold showed an increase from 13.3% to 30.0%, although fewer patients were identified compared with the select-6 method. The mean PRL count did not significantly change following contrast administration (<i>P</i> = 0.18). No significant correlations were observed between EDSS, CVS, or PRL counts on either SWI-C or SWI+C.<h4>Conclusion</h4>SWI+C at 1.5-T significantly enhances the detection of the CVS in MS lesions without substantially affecting PRL visualization, suggesting its practical value for routine clinical assessment of CVS.<h4>Clinical significance</h4>SWI+C at 1.5-T, a widely accessible MRI field strength, enhances detection of the CVS in MS lesions, potentially improving diagnostic specificity in routine practice.",Atalay B; Yamer M; Doğan MB,"İstanbul Medeniyet University Faculty of Medicine, Department of Radiology, Göztepe Prof. Dr. Süleyman Yalçın City Hospital, İstanbul, Türkiye.","Diagnostic and interventional radiology (Ankara, Turkey)",2026-06-19,10.4274/dir.2026.264054,2.5,visualization(abstract); visual(abstract),Multiple sclerosis; Magnetic Resonance Imaging; Susceptibility-weighted Imaging; Central Vein Sign; Paramagnetic Rim Lesions
42317425,Mechanical Thrombectomy for Internal Carotid Artery Occlusion with Accessory Middle Cerebral Artery: A Case Report.,"<h4>Objective</h4>The accessory middle cerebral artery (AMCA) is a relatively rare normal variant of the middle cerebral artery (MCA). Mechanical thrombectomy (MT) for internal carotid artery (ICA) occlusion with AMCA is very rare, and the initial diagnosis can be difficult. We illustrate a case of ICA occlusion with AMCA in which delayed diagnosis led to delayed MT.<h4>Case presentation</h4>An 80-year-old man suddenly presented with only mild sensory aphasia. The National Institutes of Health Stroke Scale score was 6. Head MRI showed new punctate acute ischemic lesions. Head MRA demonstrated the left ICA occlusion and visualization of the left MCA via the anterior communicating artery. Since there were few findings that would positively suggest cardioembolic cerebral embolism, including the absence of atrial fibrillation, the patient was diagnosed with the progression of ICA stenosis to acute occlusion. Antiplatelet therapy was initiated, but 10 h later, the patient developed a progressive stroke and underwent MT, which resulted in complete recanalization, during which an AMCA was identified. The patient was transferred to a rehabilitation hospital with a modified Rankin Scale of 4.<h4>Conclusion</h4>A high-signal-intensity area in the main MCA on FLAIR MRI, suggesting flow stagnation, along with absent signal in the same region on time-of-flight MRA, suggesting occlusion, may be a clue to the diagnosis of ICA occlusion with a normal MCA variant.",Hiramatsu R; Yagi R; Tsuji Y; Nakao J; Fukumura M; Fujikawa Y; Kambara A; Kayama R; Yamada H; Kameda M; Nonoguchi N; Furuse M; Kawabata S; Takami T; Ohnishi H; Wanibuchi M,"Department of Neurosurgery and Neuroendovascular Surgery, Osaka Medical and Pharmaceutical University, Takatsuki, Osaka, Japan.",Journal of neuroendovascular therapy,2026-06-16,10.5797/jnet.cr.2025-0149,2.5,visualization(abstract); visual(abstract),Normal Variant; Acute Ischemic Stroke; Accessory Middle Cerebral Artery; Internal Carotid Artery Occlusion; Mechanical Thrombectomy
42321869,Ballistic fragment embolism to superior mesenteric artery after the shrapnel injury to the chest: a case report of casualty from Russia-Ukraine war. ,"The Russia-Ukraine war has produced widespread lethal ballistic trauma with unusual injury patterns, including rare cases of projectile migration and arterial embolism. Prompt differential management near frontlines is crucial to improve outcomes and reduce evacuation risk. The aim of the study was to present clinical features, diagnostic workup, and management of a combat patient with a penetrating chest wound, cardiac involvement, and subsequent migration of a ballistic fragment into the superior mesenteric artery (SMA), and to contextualize this case within existing literature on ballistic emboli. A 41-year-old serviceman sustained a chest injury from FPV-drone munitions. Initial delayed evacuation and staged imaging (X-ray, FAST, whole-body CT) identified a ballistic channel from chest to abdomen and a metallic intraluminal fragment in the SMA. Clinical decision-making weighed endovascular versus open approaches amid tactical constraints and patient consent dynamics. Contrast-enhanced CT suggested transcardiac migration of the fragment into the SMA. With absent critical mesenteric ischemia and delayed consent, laparotomy on day 14 revealed an intraluminal metallic fragment that was removed via arteriotomy with primary repair. The patient recovered and was discharged after 21 days. The arterial ballistic emboli must be suspected in patients with isolated chest- or thoracoabdominal injuries. The whole-body contrast-enhanced CT scan is an important diagnostic tool for patients with gunshot injuries. In the absence of evidence of bowel necrosis, surgery can be postponed in patients with SMA emboli. An important role in visualization is played by contrast-enhanced MSCT. We recommend removing projectile fragments from the major blood vessels.",Lurin I; Khoroshun E; Panasenko S; Nehoduiko V; Shypilov S; Gorobeiko M; Maliuga A; Dinets A,"National Academy of Medical Sciences of Ukraine, Kyiv, Ukraine.",Journal of cardiothoracic surgery,2026-06-19,10.1186/s13019-026-04443-9,2.5,visualization(abstract); visual(abstract),
42301267,An NAG-Activatable Bioluminescent Probe for Sensitive Diagnosis of Acute Kidney Injury In Vivo and in Urine Samples.,"Acute kidney injury (AKI) is a clinical syndrome characterized by a sudden decline in renal function, affecting over 13 million individuals worldwide annually. A hallmark pathological feature of AKI is renal tubular injury, which leads to an early increase in urinary levels of N-acetyl-β-d-glucosaminidase (NAG). However, the sensitive detection of urinary NAG via a bioluminescent assay remains unexplored. Herein, we report an NAG-activatable bioluminescent probe (<b>N-Luc</b>) for the detection of NAG in vivo and in urine specimens. <b>N-Luc</b> exhibited high sensitivity and specificity for NAG, showing a low limit of detection (LOD) of 0.75 U/L. Furthermore, using this probe, upregulated NAG expression was precisely identified in both cisplatin-induced AKI cell and mouse models, allowing real-time visualization of NAG activity in injured kidneys with a high signal-to-background ratio (609:1). Notably, <b>N-Luc</b> enables the detection of urinary NAG upregulation in cisplatin-induced AKI mice as early as 12 h postinjection. Collectively, this work establishes <b>N-Luc</b> as a promising tool for studying NAG-associated pathologies and advancing urinary diagnostic testing.",Zhou B; Yang Y; Qiu X; Chen Y; Zheng B; Wang Y; Xiong H,"Research Center for Analytical Sciences, Tianjin Key Laboratory of Biosensing and Molecular Recognition, Frontiers Science Center for New Organic Matter, College of Chemistry, Nankai University, Tianjin 300071, China.",Analytical chemistry,2026-06-16,10.1021/acs.analchem.6c01660,2.5,visualization(abstract); visual(abstract),
42313075,Endoscopic Transorbital Anterior Clinoidectomy: Surgical Anatomy and Step-wise Technique.,"<h4>Background and objectives</h4>Anterior clinoidectomy is a cornerstone technique for skull base and vascular neurosurgery. Enabling this procedure to be performed endoscopically through the orbit expands the transorbital corridor and offers a minimally invasive alternative to craniotomy. We provide a step-by-step description of endoscopic transorbital anterior clinoidectomy based on cadaveric dissection along with a critical analysis of the technique, including its potential applications, advantages, and limitations. We then demonstrate the clinical application of this approach in a 67-year-old patient undergone resection of an anterior clinoid process (ACP) and lateral wall cavernous sinus meningioma.<h4>Methods</h4>We conducted this procedure on 3 cadaveric heads, totaling 5 approaches, using 4-mm diameter and 275-mm length Karl Storz endoscopes with 0° and 30° viewing angles. A high-speed drill was used to access the middle and anterior fossae, and to remove the lesser sphenoid wing. Subsequent steps included unroofing the optic canal, hollowing the ACP, drilling the optic strut, and removing the ACP. This approach was then video recorded during resection of an anterior clinoid meningioma.<h4>Results</h4>In all 5 cadaver approaches, the ACP was removed without injury to the optic nerve or carotid artery. Although unroofing of the optic canal was executed in a confined space, optic strut drilling was performed under direct visualization, ensuring the safety of the optic nerve and carotid artery. In the clinical case, gross total tumor resection was achieved in the ACP, with some residual tumor within the cavernous sinus, resulting in no complications, postoperative improvement in vision, and patient satisfaction.<h4>Conclusion</h4>Anterior clinoidectomy is essential for skull base and vascular neurosurgery with applications including tumor resection and optic nerve decompression. Our cadaver investigations study demonstrate that anterior clinoidectomy can be safely executed by an endoscopic transorbital approach, which is further demonstrated in a clinical case.",Lovato RM; Cai F; Keles A; Maciel BG; Serikkanov Y; Sulaimanov U; Erginoglu U; Martínez Santos JL; Baskaya MK,"Division of Neurosurgery, Department of Surgery, Santa Casa de São Paulo School of Medical Sciences, São Paulo , Brazil.","Operative neurosurgery (Hagerstown, Md.)",2026-06-17,10.1227/ons.0000000000002106,2.5,visualization(abstract); visual(abstract),Anatomy; Cadaver; Skull Base Surgery; Anterior Clinoid Process; Anterior Clinoidectomy; Surgical Video; Endoscopic Transorbital Approach
42301414,The benefit of robotic gastrectomy in minimally invasive surgery for elderly patients: a propensity score-matched analysis.,"<h4>Purposes</h4>Robotic gastrectomy (RG) offers superior dexterity and visualization compared with laparoscopic gastrectomy (LG). However, its high cost requires careful patient selection. This study aimed to evaluate whether these advantages provide clinical benefits for elderly patients who are vulnerable to surgical stress.<h4>Methods</h4>This retrospective study included 656 patients with gastric or esophagogastric junction cancer who underwent R0 RG or LG. The patients were stratified into elderly (≥ 75 years, n = 300) and non-elderly (< 75 years, n = 356). Propensity score matching was performed within each group to adjust baseline differences, and the outcomes were compared.<h4>Results</h4>In elderly patients, RG caused fewer postoperative complications (grade ≥ III) (3.0% vs. 11.0%, P = 0.03) and lower postoperative C-reactive protein (P = 0.03) and drain amylase levels (P = 0.02). In non-elderly patients, RG led to lower drain amylase levels (P = 0.002). However, the complication rates did not differ significantly (3.8% vs. 7.6%, P = 0.29). No significant differences in the recurrence-free survival or overall survival were observed.<h4>Conclusions</h4>RG may reduce postoperative complications in elderly patients, thus supporting a potential benefit in this population.",Jinushi K; Saito T; Fujikawa K; Nakai S; Hagi T; Momose K; Yamashita K; Tanaka K; Makino T; Takahashi T; Takeno A; Kawabata R; Kurokawa Y; Eguchi H; Doki Y,"Department of Gastroenterological Surgery, Graduate School of Medicine, Osaka University, Suita, 565-0871, Osaka, Japan.",Surgery today,2026-06-16,10.1007/s00595-026-03292-2,2.5,visualization(abstract); visual(abstract),Gastric cancer; Laparoscopic surgery; Elderly patients; Robotic Surgery; Minimally Invasive Gastrectomy
42303896,Robust quantification of ICG fluorescence perfusion in neonatal bowel surgery via deep point tracking.,"<h4>Purpose</h4>Indocyanine green (ICG) fluorescence imaging is increasingly used for intraoperative bowel perfusion assessment in neonatal surgery. However, existing commercial solutions are limited to track few manually selected regions of interest (ROIs) and struggle with tissue motion and occlusion. We present a novel ICG quantification framework leveraging deep learning-based point tracking for robust perfusion analysis.<h4>Methods</h4>Our system employs CoTracker3, a state-of-the-art transformer-based point tracking model, to enable tracking of both user-specified ROIs and dense sampling across the entire visible tissue region. The framework computes comprehensive perfusion metrics including Fmax , Tmax , ingress gradient, T1/2max , and washout rate for each tracked region. For dense tissue analysis, dynamic perfusion heatmaps are generated through spatial interpolation with concave hull boundary reconstruction.<h4>Results</h4>Preliminary validation on neonatal bowel perfusion videos demonstrates robust tracking performance under tissue motion and partial occlusion. The system successfully extracts perfusion metrics comparable to the commercial PerfusionTech system while enabling dense spatial perfusion mapping not available in existing solutions.<h4>Conclusion</h4>The proposed CoTracker3-based framework provides a feasible approach for quantitative ICG fluorescence analysis with improved tracking robustness and comprehensive spatial perfusion visualization, warranting further clinical validation studies.",Mao Z; Composto A; Neville J; Cirelli C; Stoyanov D; Giuliani S; Bano S,"Department of Computer Science, University College London, London, UK. z.mao@ucl.ac.uk.",International journal of computer assisted radiology and surgery,2026-06-16,10.1007/s11548-026-03733-w,2.5,visualization(abstract); visual(abstract),Quantitative analysis; Surgical Guidance; Bowel Perfusion; Point Tracking; Icg Fluorescence Imaging
42298299,Analysis of Phosphorylated MEK1 Expression Pattern in Cutaneous Dilated Vessels of Capillary Malformations.,"The mechanism of capillary malformation (CM) is thought to be the abnormal dilation of capillaries as a result of activation of the RAS-RAF-MEK-ERK pathway due to GNAQ/GNA11 gene mutations. However, no prior studies have actually demonstrated phosphorylation of MEK in CM. CMs were classified into three types according to clinical and histopathological findings: Flat, hypertrophic, and nodular. Comparison of the expression pattern of phosphorylated MEK1 (p-MEK1) in these three types of CMs revealed that p-MEK1 staining was positive in dilated capillaries in the upper dermis of the flat CMs. Double staining was performed to determine which cells of CM expressed p-MEK1: CD34 and p-MEK1 showed partial co-localization, demonstrating that p-MEK1 is expressed in the vascular endothelial cells. Both p-MEK1-positive and p-MEK1-negative vessels were observed in dilated vessels of CM. In addition, p-MEK1-positive vessels may be present deeper than anticipated. JNK and ERK were also phosphorylated in the dilated vessels. Furthermore, in contrast to the flat type and hypertrophic type of CM, the nodular type showed no p-MEK1 expression in its proliferated capillaries, supporting the notion that nodular CMs arise via a distinct mechanism. Taken together, our results indicated that visualization of affected vessels of CM using p-MEK1 immunostaining is useful not only for diagnosis but also for understanding the pathogenesis of CM.",Takiwaki M; Kunimoto K; Nakatani Y; Miyazaki K; Ikoma T; Sakai K; Noda Y; Inaba Y; Yamamoto Y; Jinnin M,"Department of Dermatology, Wakayama Medical University, Wakayama, Japan.",The Journal of dermatology,2026-06-15,10.1111/1346-8138.70355,2.5,visualization(abstract); visual(abstract),Immunofluorescence; Immunohistochemical staining; Capillary Malformation; P‐mek1
42294761,Robotic right upper sleeve lobectomy with bronchoplasty for primary adenocarcinoma.,"Sleeve lobectomy with bronchoplasty is a complex yet lung-sparing procedure traditionally performed via open thoracotomy. Robotic-assisted thoracoscopic surgery, with enhanced visualization and instrument dexterity, may facilitate this technically demanding procedure in a minimally invasive setting. We report the case of an 85-year-old man with adenocarcinoma in the right upper lobe, accompanied by an isolated intrapulmonary metastasis and an enlarged lymph node #4R and #11s, with #11s invading the orifice of the right upper lobe bronchus. The clinical stage was cT3N2aM0 (stage IIIB). Because of bronchial involvement by metastatic lymph node #11s, robotic right upper sleeve lobectomy with bronchoplasty was performed. A five-port approach was used. The right upper lobe pulmonary vessels were individually dissected and divided using robotic staplers. After sleeve resection of the bronchus, bronchial reconstruction was completed with a continuous barbed suture. The anastomosis was reinforced with a free pericardial fat pad and fibrin sealant. Console time was 226 minutes, with minimal blood loss. The chest tube was removed on postoperative Day 1, and the patient was discharged on postoperative Day 5 without complications. Pathology confirmed pT3N2bM0 adenocarcinoma with negative margins. Robotic right upper sleeve lobectomy with bronchoplasty may be a feasible minimally invasive option in selected patients requiring complex airway reconstruction.",Igai H; Ida A; Nii K; Kamiyoshihara M,"Department of General Thoracic Surgery, Japanese Red Cross Maebashi Hospital, Gunma, Japan",Multimedia manual of cardiothoracic surgery : MMCTS,2026-06-15,10.1510/mmcts.2026.033,2.5,visualization(abstract); visual(abstract),Robotic Surgery; Sleeve Lobectomy; Minimally Invasive Thoracic Surgery
40789757,Endovascular treatment should be cautiously considered for acute vertebrobasilar artery occlusion patients with National Institutes of Health Stroke Scale score &lt;7.,"<h4>Background</h4>The efficacy of endovascular treatment (EVT) for acute vertebrobasilar artery occlusion (VBAO) with mild severity remains controversial. This study aimed to determine whether a threshold of stroke severity exists at which the efficacy of EVT changes in acute VBAO patients.<h4>Methods</h4>A retrospective cohort study including patients with acute VBAO from 65 stroke centers in China (December 2015 to June 2022) was conducted. The primary outcome was a 90-day modified Rankin Scale (mRS) score of 0-3. The interaction and visualization analyses were used to clarify the benefits of EVT changes with increasing National Institutes of Health Stroke Scale (NIHSS) score. Multivariable-adjusted logistic regressions were used to validate the intersection point of NIHSS score in the association between treatments and outcomes.<h4>Results</h4>Of 4000 acute VBAO patients, 2353 underwent EVT. A significant interaction effect of NIHSS score was observed in the association between treatments and outcomes (P for interaction <0.001), with an intersection point at 6.91. In patients with an NIHSS score <7, EVT combined with best medicine treatment (BMT) was associated with lower mRS 0-3 rates compared with BMT alone (adjusted OR (aOR) 0.63, P=0.031). In contrast, in the patients with an NIHSS score ≥7, the outcome was the opposite (aOR 2.24, P<0.001).<h4>Conclusions</h4>EVT should be cautiously considered in acute VBAO patients with an NIHSS score <7. Decisions require weighing baseline function, imaging features, and vascular anatomy. In the future, predictive models for EVT may enable more precise patient selection.",Zou X; Cheng D; Xu Y; Xue H; Ye P; Sun Y; Sun Y; Zheng C; Sun W; Xu G; Li Y,"Department of Neurology, Shengli Clinical Medical College of Fujian Medical University, Fuzhou, China.",Journal of neurointerventional surgery,2026-06-18,10.1136/jnis-2025-023706,2.5,visualization(abstract); visual(abstract),Stroke; Thrombectomy; intervention
42307235,Δ&lt;i&gt;lpp&lt;/i&gt; mutant &lt;i&gt;E. coli&lt;/i&gt; reduces lipid content in &lt;i&gt;Caenorhabditis elegans&lt;/i&gt; via phosphatidylglycerol-mediated inhibition of fatty acid biosynthesis.,"Although the gut microbiota is known to influence host metabolism, how specific bacterial genetic mutations modulate lipid metabolism remains unclear. In this study, we integrated <i>in vivo</i> lipid visualization, whole-transcriptome RNA sequencing, and lipidomics to investigate the effects of the Δ<i>lpp</i> mutant of <i>Escherichia coli</i> on <i>Caenorhabditis elegans</i> (<i>C. elegans</i>). Our results demonstrated that the Δ<i>lpp</i> mutant significantly reduced fat content across three <i>C. elegans</i> strains. Transcriptome analysis revealed substantial alterations in the expression of genes associated with fatty acid metabolism, particularly those involved in fatty acid biosynthesis, which were notably downregulated. Lipidomic profiling confirmed an upregulation of phosphatidylglycerol (PG) and indicated its potential involvement in regulating fatty acid biosynthesis. Importantly, PG supplementation significantly decreased lipid accumulation in <i>C. elegans</i>. Furthermore, we identified and validated four downregulated genes whose reduced expression was associated with lower lipid levels. These findings underscore the therapeutic potential of engineered probiotics in lipid-related metabolic disorders and offer novel mechanistic insights into how genetic variations in gut microbes influence host metabolic health.<h4>Importance</h4>Our findings carry several potential implications: they not only reveal a novel pathway through which a bacterial mutant affects host lipid metabolism via phosphatidylglycerol-mediated inhibition of fatty acid biosynthesis but also underscore the potential of engineered microbial strains as precision probiotics for the treatment of lipid-associated disorders.",Zhou D; Tang L; Ni M; Yang W; Wang X; Li Y; Zhu Z,"Jiangsu Engineering Center for Precision Diagnosis and Treatment Research of Polygenic Diseases, Key Laboratory of Genetic Foundation and Clinical Application, Department of Genetics, Xuzhou Medical University, Xuzhou, China.",mSystems,2026-06-17,10.1128/msystems.00155-26,2.5,visualization(abstract); visual(abstract),Lipid; Phosphatidylglycerol; Caenorhabditis elegans; Mutant E. Coli
42303120,Intraoperative reconstructed fiber tractography: feasibility and preliminary results.,"<h4>Background</h4>Awake surgery and intraoperative MRI (iMRI) optimize the extent of resection while preserving neurological function. Diffusion tensor imaging (DTI) enables reconstruction of subcortical white matter bundles, allowing assessment of compression, partial invasion, or destruction.<h4>Primary endpoint</h4>evaluate the feasibility of intraoperative fiber tractography (iFT); secondary endpoints: identify factors influencing tractography quality and assess its clinical value.<h4>Methods</h4>A two-phase study was conducted. A retrospective phase: all patients undergoing iMRI-guided surgery at the Neurosurgery Department of (REDACTED) between 2014 and 2021 were screened.<h4>Inclusion criteria</h4>age >18 years, intraparenchymal pathology requiring resection, and availability of both preoperative and intraoperative DTI. In this proof-of-concept cohort, resections were systematically performed during awake surgery allowing clinical correlation. Prospective validation phase (November 2021-September 2022): resections were guided using the established intraoperative tractography protocol. Subcortical bundles of interest were identified, and qualitative and quantitative factors affecting tract reconstruction were analyzed.<h4>Results</h4>Fifty-nine DTI sequences from 24 patients (mean age 41 years; range 22-66) were analyzed, including drug-resistant epilepsy, low- and high-grade gliomas, and metastases. Evaluated bundles were: arcuate fasciculus, inferior fronto-occipital fasciculus, corticospinal tract, and optic radiations. Awake surgery was performed in 75% of cases. Intraoperative DTI was interpretable in 83%, iFT was reconstructed in 79%. Air presence was the main limiting factor, correlating with blood artifacts, ischemic changes, and saline filling of the resection cavity. Intraoperative FT correlated with color map visualization and preoperative tract reconstruction.<h4>Conclusion</h4>Intraoperative fiber tractography is feasible and clinically valuable, although its accuracy is significantly affected by air-related artifacts.",Peciu-Florianu I; Vannod-Michel Q; Derre B; Strachowski O; Reyns N,"Neurosurgery Department, CHU-Lille, F-59000 Lille, France. Electronic address: iulia.peciuflorianu@chu-lille.fr.",World neurosurgery,2026-06-16,10.1016/j.wneu.2026.125135,2.5,visualization(abstract); visual(abstract),Air; Tractography; Artifact; Neuronavigation; Intraoperative Mri
42313751,Exploring the relationship between body appreciation and emotional regulation among Lebanese adults: The mediating role of psychological distress.,"Body appreciation is a key component of positive body image and contributes to psychological well-being. While difficulties in emotion regulation have been linked to negative body image and psychological distress, their association with body appreciation remains understudied, particularly in non-Western populations. This study examined the relationship between emotion regulation difficulties and body appreciation among Lebanese adults and investigated whether psychological distress mediates this association. A cross-sectional online survey was conducted among Lebanese adults aged 18-65 years (N = 682; 73.9% female, 87.5% with university-level education, mean age = 27.5 years). Participants completed the Body Appreciation Scale-2 (BAS-2), the Difficulties in Emotion Regulation Scale-16 (DERS-16), and the Beirut Distress Scale-10 (BDS-10). Descriptive analyses, Spearman correlations, multiple regression, and mediation analysis were performed using IBM SPSS Statistics version 27.0, with visualization support from R. Mediation was tested using PROCESS Macro Model 4 with 5,000 bootstrap samples, controlling for age, gender, body mass index (BMI), and self-reported mental health disorders. Higher difficulties in emotion regulation were significantly associated with lower body appreciation and higher psychological distress. Psychological distress was negatively associated with body appreciation. Mediation analysis revealed that psychological distress significantly mediated the relationship between emotion regulation difficulties and body appreciation. The indirect effect was significant, indicating that greater emotion regulation difficulties were linked to lower body appreciation through increased psychological distress. Emotion regulation difficulties and psychological distress are both associated with lower body appreciation among Lebanese adults. Psychological distress was found to explain the association between emotion regulation difficulties and body appreciation. This suggests that psychological distress is an important factor to consider when examining the relationship between emotion regulation and positive body image. Further longitudinal and experimental research is warranted to better understand the nature and direction of these relationships.",Alhourani M; Mhanna N; El Majzoub R; Abou-Abbas L,"Faculty of Medical Sciences, Lebanese University, Beirut, Lebanon.",PLOS global public health,2026-06-18,10.1371/journal.pgph.0006725,2.5,visualization(abstract); visual(abstract),
42314690,Significance of Contrast Enhanced Ultrasound of the Liver.,"<h4>Abstract</h4>For more than 20 years, contrast-enhanced ultrasound (CEUS) has been an important tool in the imaging of liver tumors, enabling detection and differentiation of the most relevant hepatic lesions with high sensitivity and specificity. Its applications include: immediate characterization of incidentally detected focal liver lesions, assessment of the number and extent of liver metastases in patients with known malignancy, and more detailed evaluation of the liver in chronic liver diseases such as cirrhosis. CEUS of the liver also supports invasive diagnostic and therapeutic procedures and allows immediate assessment of treatment success as well as visualization of potential complications. These diagnostic and interventional applications can be performed both percutaneously and intraoperatively. Another important indication is post-therapeutic follow-up imaging for the evaluation of complications or possible tumor recurrence. The key advantages of contrast-enhanced ultrasound (CEUS) of the liver include - when performed by experienced operators - its rapid and cost-efficient availability, its flexible use at the bedside and intraoperatively, and its favorable safety profile. CEUS can be applied in patients with impaired renal function, thyroid disorders, and in those with contraindications to iodinated or MR contrast agents, and does not involve exposure to ionizing radiation. Thus, CEUS represents a valuable adjunct to CT and MRI, but does not replace them in oncologic staging. The aim of this article is to provide a comprehensive overview of the routine clinical applications of contrast-enhanced ultrasound of the liver illustrated by examples from our institute.<h4>Key points</h4>· CEUS is a guideline-recommended standard modality for the characterization of focal liver lesions in the non-cirrhotic liver.. · When used intraoperatively, CEUS allows adjustment of resection margins.. · CEUS is highly suitable and practical for treatment response assessment and follow-up after RFA, MWA, IRE and TACE.. · CEUS is particularly valuable in patients with contraindications to iodinated or MR contrast agents and in those with impaired renal function.. · Key limitations include image quality, operator dependence and a limited field of view..<h4>Citation format</h4>· Ybinger T, Matic V, Gruenberger T et al. Significance of Contrast Enhanced Ultrasound of the Liver. Rofo 2026; DOI 10.1055/a-2869-9100.",Ybinger T; Matic V; Gruenberger T; Petschnak S; Krestan C,"Favoriten Hospital, Radiology, Austria, Vienna.",RoFo : Fortschritte auf dem Gebiete der Rontgenstrahlen und der Nuklearmedizin,2026-06-18,10.1055/a-2869-9100,2.5,visualization(abstract); visual(abstract),
42316818,Quantification of Supracrestal Tissue Attachment Using High-Frequency Ultrasound.,"<h4>Objectives</h4>To develop and validate a noninvasive ultrasound (US)-based framework for quantifying supracrestal tissue attachment (STA) and evaluating tooth-type variation in STA dimensions, to assess the accuracy of conventional periodontal probing against photographic ground truth (GT), and US images.<h4>Methods</h4>A high-frequency, miniaturized side-facing US transducer was used to simultaneously image gingival soft tissue, alveolar bone, and periodontal probes. Ex vivo swine jaws were imaged to compare US-derived probing depth and STA measurements with ground-truth photographic measurements and conventional manual probing. Measurement bias and agreement were evaluated using statistical analyses. Observed anatomical trends were further examined using full-mouth human cadaver imaging and validated in vivo in human subjects. Power analysis was performed to determine sensitivity for detecting biologically relevant differences between tooth types.<h4>Results</h4>US-derived probing depth measurements showed lower bias (0.23 ± 0.42 mm) relative to GT than manual probing (0.54 ± 0.25 mm) and enabled direct visualization of STA with a periodontal probe. Agreement analyses showed improved accuracy of US measurements compared with conventional probing. Systematic differences in STA were identified between molar (1.86 ± 0.88 mm) and premolar (2.59 ± 0.53 mm) teeth in ex vivo specimens. These trends were confirmed in full-mouth cadaver imaging and in vivo human validation. Power analysis indicated 80% statistical power to detect clinically meaningful differences in STA dimensions across tooth types.<h4>Conclusions</h4>STA is not uniform across the dentition and varies depending on the tooth type. High-frequency US provides a robust, noninvasive modality for direct anatomical measurement and may improve the quantitative assessment of periodontal structures in clinical practice.<h4>Advances in knowledge</h4>This study challenges the long-standing assumption of uniform STA and introduces a validated US-based method for direct anatomical measurement. The findings highlight clinically relevant tooth-type variation and support the integration of high-frequency US into periodontal diagnostics and treatment planning.",Khan S; Tsai PY; Weatherington B; Jokerst JV,"Aiiso Yufeng Li Family Department of Chemical and Nano Engineering, University of California, San Diego, 9500 Gilman drive, 92093, CA, USA.",Dento maxillo facial radiology,2026-06-18,10.1093/dmfr/twag045,2.5,visualization(abstract); visual(abstract),Ultrasound Imaging; Statistical Validation; Periodontal Probing; Supracrestal Tissue Attachment (Sta); Biological Width (Bw); Tooth-type Variation
42298633,"First-in-human PET study of [&lt;sup&gt;18&lt;/sup&gt;F]FSW-100 for imaging histone deacetylase 6 in the brain: safety, biodistribution, radiation dosimetry, and brain kinetic analyses.","<h4>Background</h4>Histone deacetylase 6 (HDAC6) is a lysine deacetylase that modulates protein function and turnover, and is critically implicated in the pathogenesis of neurodegenerative disorders. [<sup>18</sup>F]FSW-100 is a promising radioligand designed to enable visualization of HDAC6 in the brain. In this first-in-human PET study, we evaluated the clinical applicability of [<sup>18</sup>F]FSW-100 by comprehensively assessing its safety profile, biodistribution, radiation dosimetry, and brain kinetics.<h4>Methods</h4>In cohort A, whole-body PET was performed in three healthy men to evaluate radiation dosimetry, with serial imaging conducted from 1 min to 2 h after injection followed by additional scans at 4 h and 6 h. Absorbed doses in individual organs and the effective dose were estimated. In cohort B, five healthy men underwent 120-min dynamic brain PET with arterial blood sampling for radioactivity measurement and metabolite analysis. To determine optimal kinetic modeling, one- and two-tissue compartment models (1-TCM and 2-TCM), along with Logan graphical analysis (LGA), were applied to estimate distribution volume (V<sub>T</sub>). Safety was monitored throughout both cohorts.<h4>Results</h4>The scan protocol was well tolerated by all subjects. In cohort A, effective dose was estimated at 18.9 ± 1.7 µSv/MBq, with the highest absorbed dose observed in the gallbladder wall (379 ± 136 µGy/MBq). Accordingly, as a precaution to minimize gallbladder dose, cohort B received a lower administered radioactivity. In brain PET analysis, 2-TCM better described radioligand kinetics than 1-TCM. V<sub>T</sub> was highest in cerebellar gray matter (42.6 ± 9.7 mL/cm<sup>3</sup>) and lowest in white matter (12.2 ± 3.6 mL/cm<sup>3</sup>). V<sub>T</sub> values from 2-TCM strongly correlated with those from LGA. The mean V<sub>T</sub> coefficient of variation across regions was 26 ± 3%, decreasing to 19 ± 3% when the input function was derived from averaged unchanged fractions, and further to 9 ± 2% when V<sub>T</sub> values were normalized to white matter.<h4>Conclusions</h4>[<sup>18</sup>F]FSW-100 PET demonstrated an acceptable safety profile. V<sub>T</sub> estimation via 2-TCM appears suitable for quantitative assessment of HDAC6 in the brain.<h4>Trial registration</h4>Japan Registry of Clinical Trials (jRCT), jRCTs031240173. Registered 19 June 2024, https://jrct.mhlw.go.jp/latest-detail/jRCTs031240173.",Tago T; Sakata M; Kamitaka Y; Kameyama M; Ishii K; Toyohara J,"Research Team for Neuroimaging, Tokyo Metropolitan Institute for Geriatrics and Gerontology, 35-2 Sakae-cho, Itabashi-ku, Tokyo, 173-0015, Japan.",Journal of translational medicine,2026-06-15,10.1186/s12967-026-08449-8,2.5,visualization(abstract); visual(abstract),Brain imaging; PET; Histone Deacetylase 6; First-in-human Study
42304666,Inter- and intra-observer agreement of 2D and 3D transperineal ultrasound of pelvic floor hiatal measurements in the second stage of labor.,"<h4>Introduction</h4>Transperineal ultrasound has emerged as a reliable measure to monitor labor progress non-invasively. This sonographic method enables fetal head descent to be measured by determining the relationship of the fetal head to the maternal symphysis pubis and the fetal head in reference to the perineum. As the pelvic floor plays an important role in childbirth, measuring the levator hiatal dimensions may provide additional understanding of the mechanisms, particularly in the second stage of labor.<h4>Material and methods</h4>The objective was to assess both inter- and intra-observer agreement in measuring the levator hiatal dimensions at rest during the passive second stage of labor using two- and three-dimensional (2D, 3D) transperineal ultrasound. Women were prospectively recruited for ultrasound assessment in the second stage of labor. The study population consisted of nulliparous women at term (37 + 0-42 + 0 weeks' gestation) with a live singleton pregnancy. Study participants eligible for recruitment were approached in active labor and consented to participate in the ""SONO-BIRTH"" study. Transabdominal and transperineal ultrasound were performed following clinical assessments in labor. The 3D pelvic floor volumes were uploaded into the software to calculate the levator hiatal area (LHa), transverse hiatal diameter (TD), and the anteroposterior hiatal distance (APD). The quality of visualization from the 3D volumes of the symphysis pubis (SP), puborectalis (PR), and levator hiatus (LH) was scored between 0 and 2 (SP, PR) and 0-4 (LH) and was assessed by two independent observers.<h4>Results</h4>Of 95 participants consecutively recruited, 75 had ultrasound volumes available for assessment. The inter-observer agreement for APD in 3D was slightly better compared with APD in 2D measurements, the mean difference being -0.22 cm (intraclass correlation coefficient = 0.85; p < 0.001) and - 0.35 cm (intraclass correlation coefficient = 0.79; p < 0.001), respectively. Intra-observer agreement for APD in 2D demonstrated a mean difference of -0.03 cm (intraclass correlation coefficient = 0.91; p < 0.001). Image quality of 3D ultrasound volumes gave a Kappa score of 0.40 for SP and a Kappa score of 0.72 and 0.77, respectively, for PR and LH.<h4>Conclusions</h4>Assessment of the levator hiatal dimensions in the second stage of labor using 2D and 3D ultrasound demonstrates good inter- and intra-observer agreement. Agreement between two operators for quality of imaging of the pelvic floor structures obtained from 3D imaging was lowest for the symphysis pubis and highest for the levator hiatus.",Kovalenko M; Zamagni G; Volløyhaug I; Carreras CM; Usman S; Hanidu A; Stampalija T; Monasta L; Salvesen K; Lees C,"Department of Digestion, Metabolism and Reproduction, Imperial College London, London, UK.",Acta obstetricia et gynecologica Scandinavica,2026-06-16,10.1111/aogs.70270,2.5,visualization(abstract); visual(abstract),Imaging; Intrapartum; Levator Ani Muscle; Image Scoring
42302267,Experiences of Older Adults and Caregivers With Home Telemonitoring for Heart Failure in Canada: Qualitative Study.,"<h4>Background</h4>Home telemonitoring programs are increasingly used to support older adults living with chronic conditions such as heart failure (HF). While these interventions show promise for improving health outcomes and reducing care burden, their effectiveness depends largely on how patients and caregivers integrate digital technologies into everyday life and care relationships. However, relatively few studies have examined these experiences using conceptual frameworks that capture both functional and relational dimensions of care.<h4>Objective</h4>This study aimed to explore the experiences of older adults and their informal caregivers participating in a home telemonitoring program for HF. Drawing on the Person-Based Approach and the Person-Centered Practice frameworks, we examined how participants engaged with both the technofunctional and relational aspects of the intervention.<h4>Methods</h4>We conducted a qualitative study involving 34 patients, 28 informal caregivers, and 20 nurses across 3 primary care organizations in Quebec, Canada. The 6-month intervention included 4 connected devices used by patients (smartwatch, Bluetooth-enabled scale, voice-activated tablet, and a smart pill dispenser [xPill; Domedic]) and a mobile app for caregivers, complemented by remote nursing follow-up. Nurses reviewed patient data through a clinical dashboard at least once daily during weekday daytime shifts. Data were collected through semistructured interviews and field notes and analyzed using directed content analysis.<h4>Results</h4>Participants' experiences revealed both enabling and constraining factors across 2 key dimensions. Technofunctional engagement was shaped by digital literacy, emotional responses to the technology, alignment with daily routines, and access to technical or caregiver support. Relational aspects of care were influenced by perceived professional presence, opportunities for communication and shared decision-making, and the degree of emotional reassurance provided by remote monitoring. While many participants reported increased confidence and a sense of being supported, others experienced frustration, fatigue, or disengagement when the system disrupted routines or when feedback from clinicians was perceived as limited.<h4>Conclusions</h4>Engagement with home telemonitoring technologies among older adults depends not only on usability but also on the relational context in which these technologies are embedded. Combining technofunctional and relational perspectives provides a more comprehensive understanding of how telemonitoring interventions are experienced and highlights the importance of personalized support, reliable technology, and sustained clinical engagement to promote meaningful adoption.",Paré G; Moreault MP; Voyer P; Castonguay A; Hardy MS; Ringeval M,"Department of Information Technologies, HEC Montréal, Montreal, QC, Canada.",JMIR aging,2026-06-16,10.2196/79797,2.0,dashboard(abstract); data(abstract),Heart Failure; Qualitative Research; Older Adults; Patient Experience; Person-centered Care; Informal Caregivers; Home Telemonitoring; Digital Health
