pmid,title,abstract,authors,first_author_affiliation,journal,pub_date,doi,score,matched_keywords,api_keywords
41979979,The AudioGene Translational Dashboard for Diagnosing Autosomal Dominant Nonsyndromic Hearing Loss: Phenotypic Data Visualization and Analysis Study.,"<h4>Background</h4>Autosomal dominant nonsyndromic hearing loss (ADNSHL) is highly heterogeneous, with more than 64 genes implicated in its etiology. This complexity limits the diagnostic power of clinical examinations and audiometry alone, while existing computational approaches have achieved only moderate accuracy and often lack interpretability. As precision medicine increasingly emphasizes genotype-phenotype correlations, there is a recognized need for diagnostic tools that provide clinicians with transparent, interpretable outputs.<h4>Objective</h4>This study aimed to develop and evaluate the AudioGene Translational Dashboard, an interpretable clinical informatics tool that integrates machine learning models and interactive visualizations to enhance genotype-phenotype correlations and support diagnostic decision-making in ADNSHL.<h4>Methods</h4>We developed the AudioGene Translational Dashboard, integrating 2 machine learning models (AudioGene version 4 and AudioGene version 9.1) with 6 interactive visualization tools. AudioGene version 4 uses a multi-instance support vector machine classifier for patients with multiple audiograms, while AudioGene version 9.1 combines adaptive boosting, k-nearest neighbors, random forest models, and logistic regression for patients with a single audiogram. Visualizations include audiometric profile plots, audioprofile surfaces, clustering analyses, and data distribution charts designed to facilitate clinical interpretation.<h4>Results</h4>The AudioGene Translational Dashboard was developed to address the ""70/30"" phenomenon, indicating a 74% likelihood that the causative gene is among the top 3 predicted genes, thereby providing clinicians with a clear confidence indicator (""green flag"") or a caution alert (""red flag"") during diagnosis. While this level of performance is well suited for hypothesis generation, the remaining uncertainty underscores the need for interpretive context in clinical decision-making. Visualization tools enhanced clinicians' ability to interpret and correlate phenotypic data with predicted genetic outcomes, improving diagnostic confidence and interpretability.<h4>Conclusions</h4>The AudioGene Translational Dashboard advances clinical informatics in genetic diagnosis of ADNSHL by integrating explainable artificial intelligence with interactive visualizations, enhancing clinical interpretability and diagnostic accuracy. This approach facilitates informed clinical decision-making, highlights the translational potential of genotype-phenotype computational models, and supports precision medicine in hearing loss diagnostics. Future enhancements will target improving class balance and incorporating additional user-customizable features to further optimize clinical applicability.",DeSollar B; Schaefer N; Walls D; Odell AM; Booth KTA; Azaiez H; Schnieders M; Smith RJH; Braun T; Casavant T,"Department of Electrical and Computer Engineering, University of Iowa, 103 South Capitol Street, Room 5316, Iowa City, IA, United States, 1 319-335-5953.",JMIR bioinformatics and biotechnology,2026-04-14,10.2196/85212,20.7,"visualization(title,abstract); dashboard(title,abstract); visual(title,abstract); artificial intelligence(kw,abstract); machine learning(kw,abstract); clinical decision support(kw); data(title,abstract); informatics(abstract)",Audiometry; Genetic Testing; Clinical Decision Support Systems; Machine Learning; Genotype-phenotype Correlation; Autosomal Dominant Nonsyndromic Hearing Loss; Explainable Artificial Intelligence
41982439,Building an interactive dashboard to visualize institutional open access publishing trends.,"As part of an effort to seek sustainable support models for Open Access (OA) publishing, the University of Maryland, Baltimore (UMB), Health Sciences and Human Services Library's (HSHSL's) Scholarly Communications Committee developed an interactive dashboard to visualize university-wide OA publishing trends. Using publication data exported from Scopus and visualized in Microsoft Power BI, the dashboard displays five years of publishing trends by OA model, publisher, journal, school, and citation count. The dashboard is fully interactive, allowing users to filter results based on school, OA model, and year. The design of the dashboard was iterative, with planning discussions taking place in Summer 2024, data model development and initial data collection in Fall 2024, refining of the visualization and data model in early Spring 2025, and the publication of the final dashboard to our website in April 2025. The dashboard continues to be refined and improved based on feedback from stakeholders, and the project team plans to incorporate data on publishing costs in Spring 2026. The project was designed for sustainability and adaptability, with a documented workflow that will be easy for future committees to implement. This innovative, replicable approach supports informed decision-making around OA publishing and provides a model that can be adopted by other academic health sciences libraries.",Gorman EF; Shelawala N; Yarnell A,"efgorman@hshsl.umaryland.edu, Research and Education Librarian, Health Sciences and Human Services Library, University of Maryland, Baltimore, MD.",Journal of the Medical Library Association : JMLA,2026-04-13,10.5195/jmla.2026.2340,17.5,"visualization(kw,abstract); dashboard(kw,title,abstract); visual(kw,title,abstract); data(kw,abstract)",Data Visualization; Open Access Publishing; Scholarly Communications; Interactive Dashboards
41973035,Unsupervised phenotyping of the periodontal architecture through high-dimensional clustering of electronic health records: A multicenter study.,"<h4>Background</h4>To identify novel periodontal phenotypes using unsupervised machine learning on a large-scale, multicenter cohort, specifically characterizing disease patterns based on the ""periodontal architecture"" of localized structural failures (tooth mobility and molar furcation defects) rather than global severity averages alone.<h4>Methods</h4>This cross-sectional study analyzed electronic health records from 15,723 adult patients with periodontitis. A high-dimensional feature vector (D = 72) was constructed for each patient, integrating tooth-specific ordinal grades for mobility and furcation, mean probing depths (PPD), clinical attachment loss (CAL), and systemic health variables. Unsupervised phenotyping was performed using principal component analysis (PCA), t-SNE visualization, and K-means clustering. Cluster validity was assessed via Silhouette Analysis, and phenotypes were compared using ANOVA and Chi-square (X<sup>2</sup>) tests.<h4>Results</h4>Four distinct architectural phenotypes were identified: (1) Maintenance/Healthy, representing stability; (2) Anterior-Mobility dominant, defined by high-grade anterior mobility (52.4% prevalence), and the highest diabetes prevalence (12.2%); (3) Molar-Furcation Dominant, a male-dominated group (61%) characterized by advanced posterior furcation defects (93.8% prevalence) despite lower anterior mobility; and (4) Generalized severe, exhibiting global architectural collapse. The phenotypes demonstrated statistically significant separation across all clinical metrics (p < 0.001).<h4>Conclusion</h4>Periodontitis manifests as distinct architectural archetypes-specifically ""Anterior-Mobility"" and ""Molar-Furcation"" phenotypes-that are often aggregated into a single severity category by traditional staging. These data-driven clusters have unique systemic risk profiles, suggesting that diagnosis and treatment planning should incorporate the specific localization of structural failure.<h4>Plain language summary</h4>Severe gum disease (periodontitis) is traditionally classified by overall severity, often grouping different types of tooth damage into the same broad category. To uncover hidden patterns, we used an artificial intelligence technique to analyze the detailed dental and medical records of more than 15,000 patients. Instead of simply grouping patients by how advanced their disease was, the computer identified four distinct patient profiles based on specific patterns of tooth damage and overall health. Interestingly, two of the most severe profiles were fundamentally different. One featured loose front teeth and was strongly linked to diabetes and systemic health issues. The other featured damage between the roots of back teeth (molars) and was primarily driven by local anatomical problems rather than general health. These findings demonstrate that severe gum disease is not a single condition, but rather develops through completely distinct biological pathways. Recognizing these unique patterns allows dental professionals to move beyond a ""one-size-fits-all"" approach, paving the way for personalized treatments-such as medical screening for patients with loose front teeth and targeted surgical repairs for molar damage.",Chatzopoulos GS; Wolff LF,"Division of Periodontology, School of Dentistry, University of Minnesota, Minneapolis, Minnesota, USA.",Journal of periodontology,2026-04-13,10.1002/jper.70123,13.9,"visualization(abstract); visual(abstract); artificial intelligence(abstract); machine learning(kw,abstract); data(abstract); electronic health record(kw,title,abstract)",Cluster analysis; Periodontitis; Tooth Mobility; Machine Learning; Electronic Health Records; Precision Medicine; Furcation Defects
41973878,Embracing Co-Design and Interprofessional Teamwork to Build an Innovative Dashboard for a National Social Needs Screening and Referral Clinical Intervention in the Veterans Health Administration: Design and Development Study.,"<h4>Background</h4>Assessing Circumstances and Offering Resources for Needs (ACORN) is a US Department of Veterans Affairs (VA) clinical intervention designed to identify and address social needs to improve health and well-being among all veterans. We co-designed the ACORN Dashboard to facilitate access to real-time social needs and intervention data for VA clinical care teams and leadership.<h4>Objective</h4>This study aimed to (1) describe the iterative development of the ACORN Dashboard, (2) assess end user feedback and Dashboard usage, and (3) discuss the role of social needs dashboards in facilitating continuous quality improvement in health care settings.<h4>Methods</h4>An interprofessional team of subject-matter experts and end user feedback contributed to the design. Phase 1 included more than 7 months of weekly working meetings. We initially constructed a wireframe in Microsoft PowerPoint, then translated it into a prototype in Power BI, a data visualization software. Using Microsoft Power BI, we built data visualizations to communicate population-level sociodemographic and ACORN screening data. Through feedback sessions, staff from 8 VA medical centers (VAMCs) reviewed the prototype and recommended improvements regarding the Dashboard's purpose, content, and usability. Phase 2 involved 6 weeks of weekly working meetings, where we developed and iteratively refined 5 written drafts of clinically relevant variables for potential inclusion in the Patient-Level Data Page. This list informed a Power BI prototype. We also developed the ACORN Implementation Map page in Power BI to display implementation locations and settings. We again used feedback sessions with 8 VAMCs to review and refine the newly added pages and discuss improvements. To assess usage, we obtained metadata from a VA-specific Power BI report and user experience data from an ACORN VAMC survey.<h4>Results</h4>The ACORN Dashboard displays national data that are updated daily, reflecting 83,546 screens administered across 82 VAMCs facilities between July 1, 2021, and April 30, 2025. The Dashboard was viewed 18,192 times by 2251 unique users, and, on average, 263 (SD 91.2) unique users viewed the Dashboard every month between October 1, 2023, and April 30, 2025. Dashboard variables include the number of screens completed, sociodemographic characteristics of veterans screened, prevalence of social needs, and interventions provided to address needs. Phase 1 semistructured feedback sessions included recommendations for a page with patient-level data to supplement the population-level pages, incorporation of additional filters to select specific data, and development of a user guide. In phase 2, key insights included enhancement of end users' ability to search by veteran or staff name, guidance about screening frequency, changing the display order of variables, and the inclusion of variable definitions.<h4>Conclusions</h4>Using co-design to develop, maintain, and continually refine data dashboards enhances implementation of social screening and interventions in health care settings. In addition to supporting individual-level patient care, population-level dashboard data inform continuous quality improvement, promote health equity, and identify gaps in services to address identified needs.",Russell LE; Leder SM; Boris J; Cohen AJ; Halladay CW; Mitchell KM; Ruggles SC; Berkheimer A; Sonnier C; Wilcox MC; Moy E; Kennedy MA,"Office of Health Equity, Veterans Health Administration, United States Department of Veterans Affairs, 810 Vermont Ave NW, Washington, DC, 20420, United States, 1 2028094182.",Journal of medical Internet research,2026-04-13,10.2196/81846,10.9,"visualization(abstract); dashboard(kw,title,abstract); visual(abstract); data(kw,abstract)",Veterans; Social Determinants; Social Determinants Of Health; Social Needs; Data Dashboard
41985490,Use of Ultrasound in Face &amp; Neck Rejuvenation.,"Aims and Backgrounds: To review the current state of ultrasound energy-based devices and their role in facial and neck rejuvenation Historical Aspects: High-frequency ultrasound (HIFU) paved the way for the microfocused and parallel beam ultrasound technology in aesthetics.<h4>Anatomy</h4>Facial and cervical aging reflects multilayered structural changes, as well as reduced collagen production and increased collagen breakdown at the histologic level resulting in rhytids and skin laxity.<h4>Technology</h4>Microfocused ultrasound with visualization (MFU-V) is adapted from HIFU, using significantly less ultrasound energy and visualization to precisely target the deep dermis and superficial musculoaponeurotic system (SMAS) at depths ranging from 1.5 to 4.5 mm; Synchronous Ultrasound Parallel Beam (SUPERB) technology uses parallel transducers to deliver energy at a precise depth of 1.5 mm to target the mid-dermis.<h4>Patient selection</h4>Ultrasonic facial rejuvenation is ideal for those with mild to moderate skin laxity who desire incremental tightening and textural improvement without surgery.<h4>Techniques</h4>MFU-V can be performed at different tissue depths based on transducer tip with various combination protocols described; SUPERB technology delivers energy at a fixed depth Postoperative Care: Self-limited erythema and edema, sun protection Current and Future Development: The intersection of ultrasonic devices and regenerative medicine is promising.<h4>Conclusions and clinical relevance</h4>MFU-V and SUPERB are ideal noninvasive options for patients with mild to moderate skin laxity.",Liao D; Prasad A; Bloom JD,"Otorhinolaryngology - Head & Neck Surgery; Division of Facial Plastic & Reconstructive Surgery, University of Pennsylvania Health System, Philadelphia, United States.",Facial plastic surgery : FPS,2026-04-15,10.1055/a-2854-6601,7.5,"visualization(kw,abstract); visual(kw,abstract)",Microfocused Ultrasound With Visualization; Noninvasive Skin Tightening; High-intensity Parallel Beam Ultrasound; Facial Rejuvenation Ultrasound.
41994082,Polarized hyperspectral and polarized light microscopic imaging for enhanced visualization of white blood cells.,"<h4>Significance</h4>White blood cells (WBC) are hematopoietic cells of the immune system that protect the body by recognizing and eliminating infectious agents. Abnormalities in WBC production, maturation, or function can lead to disease and associated morphologic changes that, when systematically characterized, support diagnostic classification and clinical decision-making.<h4>Aim</h4>We aim to investigate polarized hyperspectral imaging (PHSI) and polarized light imaging (PLI) microscopy for the visualization of WBCs.<h4>Approach</h4>We developed a dual-modality microscopic imaging system that performs both polarized hyperspectral imaging and polarized light imaging. In the dual imaging setup, we used a snapscan hyperspectral camera and an RGB camera to acquire images separately and further calculate four Stokes parameters (S0, S1, S2, and S3) as well as three Stokes vector-derived parameters, namely, the degree of polarization, degree of linear polarization, and degree of circular polarization. Synthetic RGB images of Stokes vectors and Stokes vector-derived parameters were generated for the visualization of cellular components with PHSI images. The spectral signatures of representative WBCs, e.g., granulocytes and lymphocytes, were extracted for qualitative comparison.<h4>Results</h4>The preliminary results demonstrate that Stokes vector parameters can enhance the visualization of granules in granulocytes, the visualization of surface structures of lymphocytes, and the morphologic visualization of the monocyte nucleus. Furthermore, the results also reveal that the measured spectra of Stokes vector parameters could enhance the differentiation of WBCs in the spectral dimension, represented by the qualitative comparison between granulocytes and lymphocytes.<h4>Conclusions</h4>Utilizing the spatial and spectral information from the Stokes vector data, our customized polarized hyperspectral microscopic imaging system enhances the visualization of WBCs and may provide a tool for the diagnosis of disorders related to white blood cells.",Zhou X; Mubarak HK; Ma L; Medina EA; Brimhall BB; Whitted M; Palsgrove D; Shrestha M; Fei B,"University of Texas at Dallas, Center for Imaging and Surgical Innovation, Richardson, Texas, United States.",Journal of biomedical optics,2026-04-15,10.1117/1.jbo.31.4.046501,7.0,"visualization(title,abstract); visual(title,abstract); data(abstract)",white blood cell; Stokes Vector; Polarized Hyperspectral Imaging (Phsi); Polarized Light Imaging (Pli)
41998435,Ultrasound-guided real-time spinal motion visualization for spinal instability assessment. ,"Spinal instability is a widespread condition that causes pain, fatigue, and restricted mobility, profoundly affecting patients' quality of life. In clinical practice, the gold standard for diagnosis is dynamic X-ray imaging. However, X-ray provides only 2D motion information, while 3D modalities such as computed tomography (CT) or cone beam computed tomography (CBCT) cannot efficiently capture motion. Therefore, there is a need for a system capable of visualizing real-time 3D spinal motion while minimizing radiation exposure. We propose ultrasound as an auxiliary modality for 3D spine visualization. Due to acoustic limitations, ultrasound captures only the superficial spinal surface. Therefore, the partially compounded ultrasound volume is registered to preoperative 3D imaging. In this study, CBCT provides the neutral spine configuration, while robotic ultrasound acquisition is performed at maximal spinal bending. A kinematic model is applied to the CBCT-derived spine model for coarse registration, followed by ICP for fine registration, with kinematic parameters optimized based on the registration results. Real-time ultrasound motion tracking is then used to estimate continuous 3D spinal motion by interpolating between the neutral and maximally bent states. The pipeline was evaluated on a bendable 3D-printed lumbar spine phantom. The registration error was 1.941±0.199 mm, and the interpolated spinal motion error was 2.01±0.309 mm (median). The proposed robotic ultrasound framework enables radiation-reduced, real-time 3D visualization of spinal motion, offering a promising 3D alternative to conventional dynamic X-ray imaging for assessing spinal instability.",Li F; Bi Y; Song T; Jiang Z; Navab N,"Chair for Computer Aided Medical Procedures and Augmented Reality, Technical University of Munich, Munich, Germany. feng.li@tum.de.",International journal of computer assisted radiology and surgery,2026-04-17,10.1007/s11548-026-03627-x,6.5,"visualization(title,abstract); visual(title,abstract)",
41989979,"Interactive, Personalized Patient Decision Aid for COVID-19 Vaccination in Canada: User-Centered Design Approach.","<h4>Background</h4>The COVID-19 pandemic highlighted the need for practical digital health tools to support informed decision-making amid rapidly evolving evidence and widespread misinformation.<h4>Objective</h4>We iteratively developed and refined VaxDA-C19, a bilingual (English and French) web-based patient decision aid designed to support informed decision-making in Canada about COVID-19 vaccination. VaxDA-C19 integrates interactive and personalized features aimed to enhance vaccine confidence, reduce cognitive overload, and respond to diverse informational needs.<h4>Methods</h4>VaxDA-C19 was developed using an iterative, user-centered design approach. Throughout the development process, we involved a citizen panel, health care professionals, user experience designers, and scientific experts to guide refinements. We also conducted usability testing sessions with adults in Canada, using semistructured interviews, comparative testing, and think-aloud protocols with thematic analysis. We ultimately conducted 4 design cycles in total with adults in Canada (users) and expert reviewers (experts). Cycle 1 involved 9 people (9 users), cycle 2 involved 22 people (22 users), cycle 3 involved 9 people (3 users and 6 experts), and cycle 4 involved 9 people (9 experts).<h4>Results</h4>In cycle 1, user feedback guided design decisions about how to present quantitative information and technical vaccine descriptions more simply. In cycle 2, while most users (9/11, 82%) favored in-depth explanations of vaccine development, a few raised concerns about content that could be perceived as politically charged. Cycle 3 identified usability improvements, including more explicit navigation controls, simplified medical terminology, and optimized interactive components (avatars and sliders). Expert reviews in cycle 4 refined linguistic consistency, mobile responsiveness, content transparency, and scientific accuracy, emphasizing explicit instructional guidance and bilingual accessibility.<h4>Conclusions</h4>Our iterative process produced a personalized, bilingual digital decision aid to support evidence-informed, values-congruent decisions about COVID-19 vaccination. A randomized controlled trial will further evaluate VaxDA-C19's impact on vaccination intentions, knowledge retention, emotional responses, decisional conflict, and decisional regret. If it proves effective, the patient decision aid may also be used as a platform to support other vaccine decisions, namely, influenza, measles, shingles, pertussis, and potentially other emerging infectious diseases.",Etienne D; Archambault PM; Bogoch II; Chambers CT; Chittle AD; Demers J; Driedger SM; Dubé È; Gagnon MP; Gavaruzzi T; Giguère A; Grandvaux N; Grindrod K; Hakim H; Jeimy S; Kindrachuk J; LeBlanc A; MacDonald SE; Ndjaboue R; Noubi M; Orji R; Paquette JS; Parent E; Renaud JS; Sander B; Taljaard M; Tannenbaum Greenberg D; Tremblay MC; Vohra-Miller S; Welch VA; Witteman HO,"Department of Family and Emergency Medicine, Faculty of Medicine, Laval University, Québec City, QC, Canada.",JMIR human factors,2026-04-16,10.2196/86283,6,visualization(kw); visual(kw); data(kw),Health Literacy; Data Visualization; Public Health Communication; User Engagement; Digital Health; Patient Decision Aid; Web-based Tool; Covid-19 Vaccination; Personalized Avatar; Iterative Human-centered Design
41989813,Machine Learning-Based Synthetic Computed Tomography Derived From Temporal Bone Magnetic Resonance Imaging.,"<h4>Importance</h4>For diagnostics and presurgical planning in otology, both magnetic resonance imaging (MRI) and computed tomography (CT) are frequently required to visualize soft tissues and bone structures. Ideally, visualization of both soft and bony tissues would be obtained using a single, radiation-free imaging modality.<h4>Objective</h4>To train and evaluate a machine learning algorithm designed for generating synthetic CT images from MRI of the head.<h4>Design, setting, and participants</h4>This diagnostic study assessing the feasibility of generating synthetic CT images from MRI of the head was conducted in a tertiary referral center in the Netherlands from September 2022 to September 2023. Paired MRI and CT scans were obtained from patients for whom CT of the head was requested as part of routine clinical care. Sixty-seven paired scans were used to train a machine learning algorithm to generate synthetic CT images from MRI data by a third party. Generated synthetic CT images of 15 patients were used for clinical evaluation by clinicians not associated with the third party.<h4>Main outcomes and measures</h4>The primary outcomes were geometric and radiodensity accuracy, conspicuity of clinically relevant landmarks, and suitability of scans. Conspicuity on synthetic CT and true CT were independently rated by 2 ear, nose, and throat surgeons and 2 radiologists on a 4-point Likert scale ranging from poor (score of 1) to excellent (score of 4). Qualitative assessment of suitability of the scans for various clinical purposes was done by the 4 raters.<h4>Results</h4>Paired MRI and CT scans were obtained from 73 patients (median age, 54 years [range, 18-81 years]; 38 [52%] male). Geometry and radiodensity on synthetic CT were sufficiently accurate (mean [SD] surface distance error, 0.38 [0.37] mm; mean [SD] radiodensity error, 4 [44] Hounsfield units) compared with true CT (gold standard). Conspicuity of the landmarks was generally deemed to be comparable. The thickness of the tegmen bone was sometimes overestimated by the algorithm, while the ossicles were often not depicted. Among 15 synthetic CT scans, each reviewed twice, most were considered suitable for localization (29 [97%]), navigation (25 [83%]), and surgical planning prior to cochlear implantation (21 [70%]) but not for diagnostic purposes.<h4>Conclusions and relevance</h4>In this study, CT-like images of the temporal bone could be generated from MRI of the head using a machine learning algorithm, which allowed for visualization of bony structures next to soft tissues using a single, radiation-free modality. The findings suggest that synthetic CT images are suitable for localization of anatomic structures in otologic procedures and reliable in estimating the extent of mastoid pneumatization for preoperative planning.",van der Veen MD; Jasperse B; de Graaf P; Kuijer JPA; Goderie T; Merkus P,"Department of Otolaryngology-Head and Neck Surgery, Ear & Hearing, Amsterdam UMC, Vrije Universiteit Amsterdam, Amsterdam, the Netherlands.",JAMA otolaryngology-- head & neck surgery,2026-04-16,10.1001/jamaoto.2026.0432,5.6,"visualization(abstract); visual(abstract); machine learning(title,abstract); data(abstract)",
41992190,Interpretable multimodal PET/CT-EHR fusion via mixture-of-experts for prognostic stratification in mantle cell lymphoma: a multicenter study.,"<h4>Background</h4>Mantle cell lymphoma (MCL) is a rare, biologically heterogeneous B-cell malignancy with highly variable outcomes. Existing prognostic tools are suboptimal. We developed an interpretable deep learning framework integrating baseline [<sup>18</sup>F]FDG PET/CT and electronic health record (EHR) data for individualized risk stratification.<h4>Methods</h4>In this multicenter study, 187 treatment-naïve MCL patients were analyzed. A mixture-of-experts (MoE) fusion network integrated multimodal representations from PET/CT and EHR data. Expert modules comprising vision encoders, radiomics extractors, and a medical language model were integrated through an attention-based gating mechanism to construct multimodal radiomic signatures (R-signatures) predictive of progression-free survival (PFS) and overall survival (OS). R-signatures were validated and incorporated with clinical and metabolic factors into multiparametric models. Deep learning model interpretability was evaluated using attention visualization, expert-level contributions and pathologic correlation.<h4>Results</h4>R-signatures robustly discriminated relapse (AUC = 0.893 training, 0.755 validation) and death (AUC = 0.804 and 0.844), and independently predicted adverse outcomes (PFS: HR = 27.70, P < 0.001; OS: HR = 6.86, P = 0.001). Multiparametric models integrating R-signatures with total lesion glycolysis, β2-microglobulin, WBC, and Ki-67 outperformed conventional indices (C-indices: PFS 0.892 training, 0.781 validation; OS 0.877 training, 0.862 validation). Time-dependent ROC analyses consistently showed AUCs approaching or exceeding 0.800. Calibration and decision curve analyses confirmed excellent agreement and superior clinical net benefit. Attention maps localized high-weighted regions to hypermetabolic tumor areas, with higher R-signature values in blastoid and pleomorphic variants versus classical histology (P = 0.028 and P = 0.010).<h4>Conclusions</h4>This interpretable PET/CT-EHR fusion framework substantially improves prognostic precision in MCL, providing a noninvasive, clinically translatable tool for risk-adapted management.",Jiang C; Zhang Z; Jiang Z; Ding C; Teng Y; Gao L; Jiang M; Qu L; Tian R,"Department of Nuclear Medicine and Clinical Nuclear Medicine Research Lab, West China Hospital, Sichuan University, Chengdu, 610041, Sichuan, China.",BMC medicine,2026-04-16,10.1186/s12916-026-04865-1,4.5,visualization(abstract); visual(abstract); data(abstract); electronic health record(abstract),Pet/ct; Mantle Cell Lymphoma; Multimodal Fusion; Deep Learning; Prognostic Stratification; Radiomics
41998695,Explainable transfer learning ensemble AI model for lung ultrasound pneumothorax detection with expert benchmark. ,"Lung ultrasound is essential for rapid, radiation-free bedside pneumothorax diagnosis but limited by variability in human interpretation. Key gaps include insufficiently large and diverse human datasets, inconsistent image acquisition, lack of rigorous expert benchmarking, and inadequate clinical interpretability of existing artificial intelligence models. We aimed to develop and validate a robust, explainable artificial intelligence (AI) ensemble model addressing these critical gaps. With our multidisciplinary team, we developed an explainable soft-voting ensemble model trained on 1,856 diverse ultrasound clips from critically ill patients, healthy volunteers, and tailored cadaver models. Model interpretability was ensured using visualization, with heatmaps validated by expert clinicians. The model's diagnostic performance was rigorously benchmarked against 11 experienced clinicians using an independent, balanced test set. Statistical analyses included sensitivity, specificity and inter-rater reliability. The ensemble model achieved 100% sensitivity (95% CI: 85·8%-100·0%) and 100% specificity (95% CI: 85·8%-100·0%), surpassing expert sensitivity and specificity. Diagnostic performance of experts significantly differed by ultrasound mode, with notably lower specificity in M-mode imaging (p < 0·001). The AI consistently maintained perfect sensitivity and significantly reduced false positives compared to clinicians across all conditions, including challenging diagnostic scenarios (e.g., subtle pleural motions), and showed excellent generalizability to both cadaveric and clinical cases. Our explainable AI ensemble robustly matches the consensus-level performance of an expert ""committee,"" significantly reducing diagnostic variability and false-positive diagnoses. This AI tool can serve as a critical second reader, standardize clinical decisions at the bedside, and substantially improve patient safety.",Orosz G; Szabó RZ; Szabó M; Gyombolai P; Tóth JT; Ruttkay T; Ferenci T; Ungi T; Fichtinger G; Haidegger T,"Department of Military, Disaster and Law Enforcement Medicine, Semmelweis University, P.O.B. 2, Budapest, 1428, Hungary. orosz.gabor@semmelweis.hu.","Scandinavian journal of trauma, resuscitation and emergency medicine",2026-04-17,10.1186/s13049-026-01614-4,4.0,visualization(abstract); visual(abstract); artificial intelligence(abstract); data(abstract),
41980977,A Multiple Sclerosis MRI Dataset with Tri-Mask Annotations for Lesion Segmentation.,"Multiple sclerosis (MS) lesion segmentation from MRI is essential for diagnosis, monitoring, and treatment evaluation, yet existing datasets exhibit limited geographic diversity, scanner vendor bias, and inability to distinguish normal from pathological white matter hyperintensities. We present MS3SEG, a publicly available dataset comprising 100 MS patients from an Iranian cohort acquired on a 1.5 T Toshiba scanner, featuring multi-sequence MRI (T1-weighted, T2-weighted, T2-FLAIR in axial and sagittal planes) with novel tri-mask annotations. Expert annotators systematically delineated three classes on axial T2-FLAIR images: ventricles, normal white matter hyperintensities (age-related or CSF-contaminated regions), and abnormal white matter hyperintensities (MS lesions), incorporating automated quality control to minimize annotation errors. This tri-mask framework addresses a critical clinical challenge where benign periventricular hyperintensities are frequently misclassified as pathological lesions. Data are provided in multiple formats: raw DICOM, preprocessed NIfTI with co-registration and brain extraction, ground-truth masks, and visualization overlays. Baseline validation using U-Net, U-Net++, UNETR, and Swin UNETR across 5-fold cross-validation demonstrated dataset quality, with U-Net achieving Dice coefficients of 0.7469 for binary lesion segmentation and 0.6686 for multi-class abnormal hyperintensity segmentation. MS3SEG enables research on anatomically-aware segmentation, algorithm robustness to real-world clinical acquisition variations, and clinically relevant normal-versus-abnormal hyperintensity distinction, complementing existing 3D volumetric MS datasets.",Bawil MB; Shamsi M; Ghalehasadi A; Jafargholkhanloo AF; Bavil AS,"Biomedical Engineering Faculty, Sahand University of Technology, Tabriz, Iran.",Scientific data,2026-04-14,10.1038/s41597-026-07184-5,3.8,"visualization(abstract); visual(abstract); data(title,abstract)",
41994605,Global Burden of Alcoholic Cardiomyopathy in Adults Aged 60 and Older From 1990 to 2021: A Secondary Analysis of Global Burden of Disease 2021 Data.,"<h4>Background</h4>Alcoholic cardiomyopathy (ACM) poses a significant global health challenge, yet its impact on elderly populations across regions remains underexplored.<h4>Methods</h4>Using Global Burden of Disease (GBD) 2021 data sourced from the official visualization platform, we analyzed ACM burden among individuals aged ≥ 60 years across 204 countries (1990-2021). Age-standardized rates (ASR) for prevalence, mortality, and disability-adjusted life years (DALYs) were calculated. Trends were assessed via estimated annual percentage change and Joinpoint regression. Future burden (2022-2050) was projected using Bayesian age-period-cohort models. Inequalities were measured using Slope and Concentration Indices, while frontier analysis identified optimization potential.<h4>Results</h4>In 2021, global age-standardized prevalence, mortality, and DALY rates were 19.33, 2.64, and 58.55 per 100,000, respectively, declining since 1990. Eastern Europe exhibited the highest burden (ASDR: 645.87), notably in Hungary, Russia, and Latvia. Males experienced 3-5 times higher rates than females. While Southern Latin America saw substantial declines, the Caribbean observed increases. A positive correlation existed between the Socio-demographic Index (SDI) and ASRs. Decomposition analysis indicated population growth drove prevalence increases, whereas epidemiological improvements reduced mortality. Projections suggest a slight prevalence rise by 2050. Alcohol consumption remained the primary risk factor, especially in high-SDI regions.<h4>Conclusion</h4>Although age-standardized ACM burden decreased among the elderly from 1990 to 2021, absolute numbers rose due to population aging and growth. Targeted interventions are needed, particularly in high-burden regions and among males.",Xu S; Ying X; Hong Q; Miao T; Cai W; Chen Y; Chen X; Hu L,"Heart Center, Department of Electrocardiographic & Cardiac Examination, Zhejiang Provincial People's Hospital, Affiliated People's Hospital Hangzhou Medical College Hangzhou Zhejiang China.",Health science reports,2026-04-14,10.1002/hsr2.72358,3.8,"visualization(abstract); visual(abstract); data(title,abstract)",The elderly; Global Burden Of Disease; Alcoholic Cardiomyopathy; Disease Burden Trends
41986433,System-level clustering of testosterone-related biomarkers identifies high-risk aging profiles linked to inflammation and renal function.,"<h4>Background</h4>Serum total testosterone (TT) interacts with multiple physiological systems and is implicated in heterogeneous aging processes in men. However, aging-related phenotypes associated with TT are unlikely to be captured by single biomarkers or conventional clinical categories. This study aims to identify data-driven aging phenotypes based on TT and related clinical biomarkers using an unsupervised analytical framework.<h4>Methods</h4>Clinical laboratory data from 5,877 Japanese male patients undergoing routine health evaluations are analyzed. After restricting the cohort to individuals with complete age and body mass index data, missing values in other variables are imputed using column-wise mean imputation. Unsupervised clustering is performed using K-means on standardized biomarkers related to endocrine, metabolic, inflammatory, and renal function. Principal component analysis and correlation network analysis are used for visualization. External validation uses cancer prevalence data from the NHANES dataset.<h4>Results</h4>Four physiological clusters are identified. One cluster shows low TT levels, elevated inflammatory markers, impaired renal function, and higher cancer prevalence in external validation, indicating a high-risk aging profile. Other clusters show preserved hormonal and metabolic profiles. Network analysis reveals cluster-specific differences in the centrality of TT within physiological networks. Principal component analysis shows overlapping cluster distributions, reflecting continuous aging-related variation.<h4>Conclusions</h4>Unsupervised clustering of TT-related biomarkers reveals aging phenotypes beyond conventional clinical classifications. TT functions as part of an integrated physiological network rather than as an isolated marker. These findings support a systems-level perspective on male aging and demonstrate utility of data-driven phenotyping, while acknowledging the descriptive and cross-sectional nature of the analysis.",Okui N; Horie S,"Innovative Longevity, Juntendo University, Bunkyo, Tokyo, Japan. okuinobuo@gmail.com.",Communications medicine,2026-04-15,10.1038/s43856-026-01556-z,3.0,visualization(abstract); visual(abstract); data(abstract),
41996629,Frameworks for Health Care Quality and Disparities in Health Care Quality: A Scoping Review. ,"Quality-of-care frameworks are essential for assessing health care system performance, addressing disparities, and guiding quality improvement. The aim of the project was to identify and appraise such frameworks for health care delivery settings. A scoping review (protocol: osf.io/cegq3) searched seven research databases for quality-of-care frameworks published through October 2024. We also reviewed websites of health services research organizations and agencies charged with monitoring quality of care and/or health care disparities. Eligible publications addressed quality-of-care measures, indicators, criteria, or benchmarks; included a visualization or structured description differentiating quality domains; and were applicable to health care. We identified 154 frameworks proposed by national and international entities. Critical appraisal showed 49% of frameworks were constructed with input from interest holders, 29% described an evidence-based process, and 36% reported validity testing. Frameworks varied in complexity and scope, and inclusion of disparities as a framework component increased over time. The most frequent framework domains were access, structural capabilities, equity, and effectiveness; however, definitions and conceptualizations varied. Our findings show that there remains much work to be done to refine and operationalize health care quality frameworks to ensure they can be applied effectively across health care settings to drive real-world improvements in quality and equity of care.",Zhang D; Ye F; Martino S; Longo E; Ong C; Ninh K; Paz C; Tyler-Mills S; Madera D; Yiggins B; Baxi S; Bhatt N; Yagyu S; Motala A; Tolentino D; Hempel S,,Journal for healthcare quality : official publication of the National Association for Healthcare Quality,2026-04-13,10.1097/jhq.0000000000000513,3.0,visualization(abstract); visual(abstract); data(abstract),
41780060,Lassa virus live tracking and lineage assignment: how nextstrain can enhance surveillance and public health in Africa and beyond.,"Lassa virus (LASV), a zoonotic, bi-segmented arenavirus endemic to West Africa, causes seasonal epidemics with substantial morbidity and mortality. Increasing frequency of exported cases emphasizes the need for near real-time genomic surveillance to support outbreak response and clinical decision-making. We developed a suite of open-access resources on the Nextstrain and Nextclade platforms tailored to LASV. These include live phylogenetic and phylogeographic visualization, as well as Nextclade builds for rapid mutation detection and lineage assignment based on the L and S segments and the glycoprotein complex (GPC). A dedicated GPC phylogeny enables tracking of clinically relevant mutations, including immunologically relevant variants such as alanine at position 76 (A76), which is prevalent in lineage II and is implicated in reduced binding of monoclonal antibody 25.10C. The Nextclade tools distinguish LASV from other mammarenaviruses and assign lineages with Matthews correlation coefficients exceeding 85%. These tools are available at https://nextstrain.org/lassa for immediate use in surveillance, data annotation, outbreak response, and potentially support clinical decision-making in both endemic regions and exported-case scenarios. A key limitation is dependence on genomic data quality and recency. Although sampling-to-submission delays have decreased over the past 40 years, the average delay in the past five years remains ∼2 years. In many endemic LASV regions, challenges, such as limited resources, infrastructure, and previous experiences of stigmatization and political repercussions linked to outbreak reporting, restrict data sharing. The resulting disparities and delays may hinder comprehensive surveillance and timely response, with implications for global public health.",Daodu RO; Chang J; Prescott JB; Reinert K; Kühnert D,"Center for Artificial Intelligence in Public Health Research, Robert Koch Institute, Berlin, Germany.",Emerging microbes & infections,2026-04-15,10.1080/22221751.2026.2640699,3.0,visualization(abstract); visual(abstract); data(abstract),epidemiology; phylogenetics; Lassa Virus; Genomic Surveillance; Nextstrain; Nextclade; Clasv
41986989,Time-Continuous Prognostic Mapping of Bell's Palsy Using Yanagihara Scores and Electroneurography.,"<h4>Objective</h4>Bell's palsy impairs social functioning. Conventional prognostic assessment relies on clinical grading and electroneurography (ENoG), but predictive accuracy remains limited. This study introduces a time-continuous probabilistic approach that integrates longitudinal Yanagihara scores and ENoG to enable dynamic, individualized prognostic estimation.<h4>Methods</h4>We conducted a retrospective longitudinal study of patients with Bell's palsy treated between April 2013 and March 2024. Eligible patients were aged ≥ 15 years, hospitalized within 1 week of onset, and received high-dose corticosteroids. Exclusion criteria included other etiologies, prior facial palsy, facial nerve decompression, treatment discontinuation, or incomplete data. Recovery was defined as a Yanagihara score ≥ 36, and nonrecovery as failure to achieve this within ≥ 6 months. ENoG values obtained within 4 weeks of onset were stratified into five groups. Multivariable logistic regression was performed using ENoG, sex, age, diabetes, hypertension, dyslipidemia, body mass index, and HbA1C as covariates. Logistic curves were fitted to longitudinal scores, and Monte Carlo/Bayesian procedures were applied to generate recovery probability maps.<h4>Results</h4>Among 128 eligible patients, ENoG emerged as the only significant predictor of recovery. The probability maps provided a novel visualization of individualized prognosis at any time point. This method estimated recovery likelihood even in patients with follow-up intervals, addressing irregular limitations of prior fixed-timepoint models. Conditional mutual information plateaued around 50 days, indicating stabilization of predictive discrimination beyond that period.<h4>Conclusion</h4>Incorporating longitudinal Yanagihara scores obtained during outpatient follow-up enhances recovery prediction accuracy. This practical, dynamic approach facilitates intuitive risk visualization and supports improved prognostic counseling in clinical practice.<h4>Level of evidence: 3</h4>",Watanabe SN; Hisamoto S; Yasuhara K; Kondo K; Nishijima H,"Department of Otorhinolaryngology, Takeda General Hospital, Aizuwakamatsu, Japan.",The Laryngoscope,2026-04-15,10.1002/lary.70562,3.0,visualization(abstract); visual(abstract); data(abstract),Bell's Palsy; Prognostic Model; Conditional Mutual Information; Electroneurography; Yanagihara Score
41992739,"Molecular Imaging in Pituitary Neuroendocrine Tumors: A Narrative Review of Advances, Challenges, and Future Perspectives.","Molecular imaging has emerged as a promising adjunct for the evaluation of pituitary neuroendocrine tumors (PitNETs), as magnetic resonance imaging (MRI), despite being the primary imaging modality, remains inconclusive in a substantial proportion of patients. Molecular imaging techniques, including single photon emission computed tomography (SPECT) and positron emission tomography (PET), can complement anatomical MR imaging by enabling in vivo visualization of tumor metabolism, receptor expression, and amino acid transport. This narrative review summarizes current evidence on the clinical utility of molecular imaging across corticotroph, somatotroph, lactotroph, and non-functioning PitNETs, with a focus on diagnostic performance and impact on patient management. Among available tracers, amino acid PET shows the most consistent added diagnostic value in patients with inconclusive MRI findings, particularly when integrated into hybrid or co-registered PET-MRI protocols. Emerging data indicate that this approach improves tumor localization and supports clinical decision-making, including surgical planning and management of persistent or recurrent disease. Defining the precise role of molecular imaging within endocrine diagnostic pathways will require larger-scale prospective clinical trials using standardized acquisition and interpretation protocols. Broader clinical implementation is further supported by emerging European interdisciplinary collaborations between experts in endocrinology, nuclear medicine, radiology, neurosurgery, and radiotherapy, with a shared focus on advancing individualized PitNET care.",van der Groef R; Pruis I; Audhoe A; Refardt J; Veldhuijzen van Zanten S; Neggers S,"Department of Internal Medicine, Section Endocrinology, Erasmus Medical Center, Rotterdam 3015 GD, The Netherlands.",European journal of endocrinology,2026-04-17,10.1093/ejendo/lvag071,3.0,visualization(abstract); visual(abstract); data(abstract),PET; Scintigraphy; SPECT; Molecular Imaging; Pituitary Neuroendocrine Tumors
41997443,Cognitive Strategy Use for Functional Compensation in Multiple Sclerosis: A Systematic Review. ,"To examine the evidence supporting the use of specific compensatory cognitive strategies in people with multiple sclerosis (PwMS). PubMed, MEDLINE, PsycINFO, and CINAHL were queried using an optimized string with Medical Subject Headings search terms to identify English language articles published through 12/31/2024. Clinical trials and observations studies (e.g., cohort and case-control studies) were eligible if they included adults with PwMS who underwent an intervention with one or more defined cognitive strategies. Included studies had at least one subjective or objective quantifiable cognitive outcome. Screening and eligibility checks were independently done by the first author and then reviewed by the senior author. Study demographics, cognitive strategy information, and cognitive outcome data were extracted by one author and then verified by a second author. Studies were summarized using established evidence grading criteria and effect size estimates were calculated for each cognitive domain where a strategy was assessed. The most frequently used cognitive strategy in the 64 identified studies (n = 3,759) was visualization/imagery-based mnemonics (34.9%), followed by planning/organization strategies (28.6%), analog memory aids (19.0%), mental rehearsal strategies (15.9%), and mindfulness (15.9%). Small-to-medium improvements in objective and subjective learning and memory were observed with several attentional, internal memory, and external memory strategies that were used alone and in combination. Attentional and relaxation-based strategies were also associated with significant small effects on processing speed. Several cognitive strategies have been examined in PwMS, with visualization/imagery-based mnemonics having the highest usage and subsequent supporting evidence. These findings can support clinicians when determining which approaches to include in a cognitive rehabilitation program for PwMS.",Nicholson R; Turner AP; Gromisch ES,"Department of Physical Medicine and Rehabilitation, University of Rochester Medical Center, 601 Elmwood Avenue, Rochester, NY 14642.",Archives of physical medicine and rehabilitation,2026-04-15,10.1016/j.apmr.2026.04.007,3.0,visualization(abstract); visual(abstract); data(abstract),
41995675,"Oncolytic virus therapy for hepatocellular carcinoma: A bibliometric analysis of research landscapes, hotspots, and clinical transformation trends from 2000 to mid-2025. ","This study aimed to systematically analyze the research status, hotspots, and trends of oncolytic virotherapy (OV) for hepatocellular carcinoma (HCC) from 2000 to mid-2025, scientifically predict future directions, facilitate clinical translation, and provide a reference for subsequent studies in this field. Based on the Web of Science Core Collection and Scopus databases, bibliometric methods were adopted combined with visualization analyses using R software (version 4.5.1), VOSviewer (version 1.6.19), and CiteSpace (version 6.4.R1). A total of 341 publications were retrieved from the WoSCC database and 624 from the Scopus database. Based on the combined analysis of both databases, the field exhibited a continuous upward trend in publication output. The top four countries in both databases were China, the USA, Germany, and Korea. China ranked first globally with 152 publications in WoSCC and 212 in Scopus, but its international co-authorship rates (13.2% and 17.5%, respectively) were markedly lower than those of the USA (34.4% and 34.9%) and Korea (40.0% and 33.3%). Molecular Therapy is the most influential core journal in this field. Research hotspots focus on four main areas: the mechanisms of oncolytic virus therapy for HCC, the evolution of genetically engineered armed vectors, combination therapies involving oncolytic viruses, and the challenges and breakthroughs in clinical translation. Future advances in this field will likely focus on three key directions: (1) optimizing transgene expression to balance antiviral and antitumor immunity; (2) developing personalized therapeutic strategies based on biomarkers such as immune cell subsets; (3) advancing clinical validation and regulatory approval of combination regimens through multicenter clinical studies. OV for HCC has entered a new integrated stage featuring mechanistic innovation, vector optimization, and precise combination therapy. The clear future directions can provide a well-defined roadmap for clinical translation, which is expected to yield more effective novel therapeutic strategies for HCC.",Yu F; Yin S; Zhu J; Sun K,"The First Clinical College of Chinese Medicine, Hunan University of Chinese Medicine, Changsha, Hunan, China.",Human vaccines & immunotherapeutics,2026-04-17,10.1080/21645515.2026.2657074,3.0,visualization(abstract); visual(abstract); data(abstract),
41972989,Advancing the diagnosis of peri-implant diseases: From histological foundations to next-generation ultrasonographic diagnostic markers.,"<h4>Background</h4>This critical review provides a comprehensive analysis of the histological foundations, current clinical diagnostic standards, and emerging ultrasonographic methods for diagnosing peri-implant diseases.<h4>Methods</h4>An electronic search in Medline (PubMed) database was conducted to identify original and review articles focused on the histological foundation and diagnostic approaches of peri-implant diseases. This review provides an integrated perspective on the evolution of peri-implant diseases diagnostics, focusing on the clinical and radiographic criteria established by the latest consensus guidelines. It outlines the histological features of peri-implant diseases and discusses recent advancements in ultrasonographic imaging approaches for their characterization and diagnosis. This review further explores elements such as peri-implant anatomical landmarks, echo intensity, tissue perfusion, and strain elastography.<h4>Results</h4>Histological studies have defined the peri-implant mucosal architecture and inflammatory patterns characteristic of disease progression. While conventional diagnostics have relied on clinical examination and radiographic imaging, high-frequency ultrasound (HFUS) has recently emerged as a promising noninvasive imaging tool enabling detailed assessment of peri-implant tissue dimensions, echo intensity, vascular perfusion, and the extent of inflammatory involvement. Echo intensity mapping aids in the visualization and quantification of peri-implant lesions and the identification of associated bone defects. These imaging advancements not only complement current diagnostic methods but also deepen our understanding of peri-implant disease dynamics. Observed correlations between histological findings and ultrasonographic features can support the development of a new diagnostic framework incorporating HFUS-derived markers for detecting peri-implant lesions and evaluating the severity of inflammation.<h4>Conclusions</h4>Integrating HFUS and power Doppler imaging into peri-implant diagnostics allows real-time, noninvasive visualization of key structures such as the supracrestal adherent connective tissue, buccal bone levels, and tissue perfusion. These modalities can complement existing standards and enhance diagnostic precision by identifying the extent of peri-implant lesions and quantifying the severity of inflammation.<h4>Plain language summary</h4>Peri-implant diseases can affect the tissues around dental implants and can lead to inflammation and bone loss. Understanding how these diseases develop and how best to diagnose them is essential for improving patient care. The present narrative review looked at scientific studies that examined the tissues around implants and the methods used to diagnose peri-implant diseases. It explains what researchers have learned from tissue (histological) studies and summarizes the current clinical and X-ray based diagnostic standards. It also highlights new advances in high-frequency ultrasound (HFUS), a technology that can provide detailed, real-time images of the soft tissues and bone around implants without radiation. Recent studies show that HFUS can measure tissue thickness, detect inflammation, visualize blood flow, and help identify early bone defects. These ultrasound features match what is known from histology, suggesting that HFUS could become an important tool for detecting peri-implant disease earlier and more accurately. Overall, adding HFUS and power Doppler imaging to current diagnostic methods can improve the evaluation of peri-implant tissues. These noninvasive techniques can help clinicians see key structures more clearly, assess inflammation, and better understand the severity of the disease.",Galarraga-Vinueza ME; Cha JK; Tavelli L; Feres M,"Department of Oral Medicine, Infection, and Immunity, Division of Periodontology, Harvard School of Dental Medicine, Boston, Massachusetts, USA.",Journal of periodontology,2026-04-13,10.1002/jper.70113,3.0,visualization(abstract); visual(abstract); data(abstract),Histology; Diagnosis; Ultrasonography; High frequency ultrasonography; Mucositis; Dental Implants; Peri‐implantitis
41916337,Weakly and semi-supervised segmentation of uterus using coarse annotations in MRI.,"Endometrial cancer (EC) seriously threatens women's lives via invasion and metastasis, potentially causing multi-system organ failure. Accurate segmentation of the uterus on MR images has important implications for determining the depth of myometrial infiltration in EC, and for benign uterine diseases such as uterine fibroids, it enables efficient quantification of uterine volume and clear visualization of anatomical contours, thereby providing essential support for clinical disease assessment and preoperative planning. However, current deep learning-based uterine segmentation relies on manual pixel-level labeling, which is time-consuming and subjective. This study proposes a new uterus segmentation framework based on a combination of weakly supervised and semi-supervised learning aimed at learning from a small amount of scribble-labeled data and a large amount of unlabeled data. Specifically, the framework includes a two-branch network with residual blocks and two different perturbations. On the other hand, there may be some incorrectly predicted pixels in the pseudo labels. In this paper, a confidence-guided strategy is used to filter out the incorrect pixels in the pseudo labels to improve the network segmentation performance. The proposed method is validated on MR images of 220 patients with uterine diseases. The results show that the proposed method outperforms existing weakly supervised and semi-supervised segmentation methods, especially when the labeled ratio is small. In addition, the proposed method achieves comparable performance to fully supervised methods for any labeling rate.",Lou P; Huang W; Ying J; Yang H; Fu L,"School of Optical-Electrical and Computer Engineering, University of Shanghai for Science and Technology, Shanghai, People's Republic of China.",Medical engineering & physics,2026-04-14,10.1088/1873-4030/ae5964,3.0,visualization(abstract); visual(abstract); data(abstract),Semi-supervised Learning; Weakly Supervised Learning; Two-Branch Network; Uterus Segmentation; Confidence-guided
41969178,Clinical Relevance and Symptom Patterns for Malpositioned Intrauterine Devices: A Retrospective Ultrasound-Based Study.,"<h4>Objectives</h4>To evaluate the relationship between intrauterine device (IUD) malposition and patient-reported symptoms, identify risk factors associated with malposition, and assess the reliability of string checks compared with ultrasound findings.<h4>Methods</h4>A retrospective chart review was conducted at West Virginia University between January 2021 and December 2023. Patients with malpositioned IUDs identified by pelvic ultrasound were included. Data collected included demographics, body mass index (BMI), IUD type, provider type, anatomical abnormalities, symptom profiles, and string check findings. Descriptive statistics were used to summarize the data, and associations with types of IUD malposition were assessed in the statistical analysis.<h4>Results</h4>A total of 175 patients with malpositioned IUDs were identified. Approximately half of the patients were symptomatic (53.1%), most commonly reporting pelvic pain or abnormal uterine bleeding, while 46.9% were asymptomatic. Low intrauterine placement was the most frequent malposition pattern. String visualization was common but did not reliably exclude malposition. No demographic, device, or provider characteristics were significantly associated with specific malposition types.<h4>Conclusions</h4>Nearly half of patients with malpositioned IUDs were asymptomatic, and visible strings were frequently present, highlighting the limitations of symptom assessment and string checks. Ultrasound plays a central role in evaluating IUD position when clinical concern exists.",Dueñas-García OF; McGrath J; Walters M; Zheng M; Wen S; Shon R,"Department of Obstetrics and Gynecology, West Virginia University School of Medicine, Morgantown, West Virginia, USA.",Journal of ultrasound in medicine : official journal of the American Institute of Ultrasound in Medicine,2026-04-13,10.1002/jum.70262,3.0,visualization(abstract); visual(abstract); data(abstract),Contraception; ultrasound; Intrauterine Device; Abnormal Uterine Bleeding; Malposition
41610454,Statistical modeling of blood and tissue signatures using ultrasonic color flow imaging.,"Conventional color flow processing is primarily optimized for qualitative visualization of flow dynamics, limiting its diagnostic use in regions where vascular structures are small relative to the ultrasound beamwidth. Leveraging the statistical properties of color flow data may provide a pathway toward quantitative discrimination between blood and tissue signals. This could enhance detection of vascular abnormalities, improve diagnostic accuracy, and support monitoring in diseases with small hemodynamic changes. Experimental data were obtained using a clinical GE LOGIQ 9 ultrasound system with a 10L linear array probe (3.75 MHz) positioned on an in-house made half-space flow phantom with the focus located at 3 cm depth. The simulation data obtained from Field II used a setup analogous to the experimental settings. Theoretical probability density function of ultrasound color flow power was derived using a gamma distribution. Shape parameters for blood and tissue were estimated using maximum likelihood estimation (MLE) in both simulation and experimental data. Color flow power was found to follow the gamma distribution in both simulation and experimental data. The estimated shape parameters aligned with theoretical predictions and distinguished between blood and tissue. Estimated shape parameters are less than or equal to 1 for tissue samples and greater than 1 for blood samples. This study presents a statistical modeling approach to enhance blood-tissue differentiation in color flow ultrasound, enabling blood characterization and perfusion quantification for improved detection and monitoring of vascular abnormalities.",Abdolmanafi A; Rubin JM; Pinter SZ; Fowlkes JB; Kripfgans OD,"Department of Radiology, Michigan Medicine, University of Michigan, Ann Arbor, MI 48109-2026, United States of America.",Biomedical physics & engineering express,2026-04-14,10.1088/2057-1976/ae3f36,3.0,visualization(abstract); visual(abstract); data(abstract),Gamma Distribution; Statistical Modeling; Color Flow Ultrasound; Color Flow Power
41978961,Targeting of VISTA with Cyclic Peptide-Based PET Tracers for Immune Checkpoint Imaging.,"Given the distinct roles of VISTA in immune regulation, a better visualization of VISTA expression could clarify the tumor immune status and predict the responses to immunotherapy. However, only a few targeted probes are in development and insufficient to fulfill clinical demands. In this study, based on cyclic peptide antagonist AP1049, three novel radiotracers, [<sup>68</sup>Ga]Ga-AP1049, [<sup>68</sup>Ga]Ga-AHX-AP1049, and [<sup>68</sup>Ga]Ga-Pip-AP1049, were designed and developed for targeting and imaging VISTA in cancers. Molecular dynamics simulation revealed the better binding of NOTA-Pip-AP1049 for VISTA protein than that of NOTA-AP1049 and NOTA-AHX-AP1049. Protein binding assays demonstrated their high specificity and affinity with IC<sub>50</sub> values of 58.10, 23.34, and 17.56 nM, respectively. The B16-F10 tumor uptake of three tracers was significant and decreased over time within 120 min, with tumor uptake values of 1.02 ± 0.21, 1.56 ± 0.21, and 1.89 ± 0.29 %ID/cc and tumor/muscle ratios of 2.36 ± 0.36, 3.10 ± 0.51, and 4.06 ± 0.71 at 30 min post-injection, respectively. Their <i>in vivo</i> specificity were verified by blocking studies. Furthermore, [<sup>68</sup>Ga]Ga-Pip-AP1049 PET could detect varying VISTA expression in B16-F10, 4T1, MC38, and CT26 xenograft models with tumor uptake values of 2.71 ± 0.43, 2.32 ± 0.44, 1.17 ± 0.30, and 0.85 ± 0.17 %ID/cc, which were in consistent with percentages of VISTA<sup>+</sup> cells (<i>r</i> = 0.8712, <i>P</i> < 0.0001). Biodistribution data suggested their renal excretion and favorable pharmacokinetics. In conclusion, [<sup>68</sup>Ga]Ga-Pip-AP1049 is a promising tracer for PET imaging of VISTA expression in tumor microenvironment, indicating its potential as a companion diagnostic of immunotherapy.",Feng H; Tian X; Li X; Duan L; Li B; Wu X; Gao Y; Wang X,"Department of Pharmacy, Henan Provincial People's Hospital and People's Hospital of Zhengzhou University, Zhengzhou 450003, China.",Molecular pharmaceutics,2026-04-14,10.1021/acs.molpharmaceut.6c00318,3.0,visualization(abstract); visual(abstract); data(abstract),Immunotherapy; Cyclic peptide; Positron emission tomography; Radiotracers; Vista Expression
41996688,Preliminary Usability Assessment of a Rule-Based Digital Self-Monitoring Platform for Patients With Brain Tumors Toward Digital Early Warning Systems: Pilot Feasibility Study. ,"Postoperative follow-up after brain tumor surgery is typically limited to intermittent clinic visits, leaving subtle neurological or general deterioration between visits underrecognized. Digital self-monitoring platforms may help fill this gap, but evidence in neuro-oncology is scarce, particularly regarding how patient-reported symptom trajectories can feed into future data-driven early warning systems. This study aimed to evaluate the feasibility, use patterns, and preliminary usability of a smartphone or web-based self-monitoring system for patients after brain tumor surgery and to explore simple rule-based digital alerts as a first step toward an advanced digital early warning framework. We conducted a single-center prospective pilot study including adults discharged after brain tumor surgery who had access to a smartphone and could use a web app. Participants completed brief symptom surveys consisting of 51 binary items across 7 symptom domains, with an automatically calculated daily total score and score history visualization. Feasibility was assessed by enrollment, retention, submission counts, and submission rates. A total of 4 interpretable alert rules based on current score, short-term worsening, new-onset symptom combinations, and persistence across domains were evaluated using each patient's last 3 submissions as the analytic unit. Clinical deterioration was defined a priori as objective decline in performance status, new neurological deficit, radiologic progression, or clinically significant laboratory changes. Rule performance metrics and bootstrap CIs were computed. Usability and acceptability were evaluated using the System Usability Scale and additional adherence-related items. Of 64 enrolled patients, 30 (47%) with ≥3 submissions formed the analysis cohort (median age 57, IQR 47.2-64.5 years; n=12.9, 43% malignant tumors); 6 (20%) experienced clinical deterioration during follow-up. Patients contributed a median of 8.5 submissions (mean 19.03, SD 30.12) at 1.7 surveys per week on average, indicating sustained but heterogeneous engagement. The best-performing rule, based on net short-term score increase, achieved an area under the receiver operating characteristic of 0.88, with sensitivity 0.83, specificity 0.92, and accuracy 0.90 on the last-window dataset, outperforming rules based solely on current score or multidomain persistence. Among 23 app users who completed the System Usability Scale, the mean score was 84.0, reflecting high perceived usability; higher-frequency users reported stronger perceived usefulness and habit-driven use. This pilot study demonstrates that a smartphone or web-based self-monitoring platform for patients with brain tumor is feasible and well accepted and that simple, transparent rules applied to longitudinal symptom scores show potential to capture early signals of clinical deterioration. However, given the small sample size, these predictive metrics are preliminary and require rigorous validation in larger, independent cohorts. These findings support further development of integrated digital early warning systems that combine patient-reported trajectories with clinical and physiological data to enhance postoperative neurosurgical care.",Lee Y; Son H; Byun J,"Biomedical Research Center, Korea University Guro Hospital, Seoul, Guro-gu, Republic of Korea.",JMIR formative research,2026-04-17,10.2196/87928,3.0,visualization(abstract); visual(abstract); data(abstract),
41987295,Clinical outcomes and complications of the indirect modified arthroscopic posterior transseptal approach at a minimum 2-year follow-up.,"<h4>Background</h4>The arthroscopic posterior transseptal approach (TSA) allows improved visualization of the posterior compartment of the knee joint. However, it can be associated with increased risks particularly regarding potential injury to the neurovascular bundle or postoperative scarring, which may contribute to extension deficits of the knee joint. We hypothesized that the modified TSA does not increase the risk of postoperative extension deficit or neurovascular complications while providing safe access to the posterior compartment.<h4>Methods</h4>This retrospective cohort study analyzed prospectively collected data from patients who underwent arthroscopic knee surgery via TSA between 01/2018 and 02/2024. The primary outcome measure was the occurrence of perioperative complications. The secondary outcome measures were postoperative complications, postoperative range of motion compared with the contralateral (control) knee, and functional outcomes measured by the subjective International Knee Documentation Committee (IKDC) score and Tegner score.<h4>Results</h4>A total of 82 patients were eligible for the study. No perioperative complications were observed. 48 patients (10 females, 38 males; mean age, 37.8 ± 13.5 years) completed follow-up and were available for secondary outcome analysis at a mean follow-up of 45.9 ± 20.7 months. Indications for the TSA included posterior and/or posterolateral knee instability (n = 36), chronic knee dislocation (n = 8), posterior compartment synovectomy for tenosynovial giant cell tumors (n = 2), posterior meniscal pathology (n = 3), and posterior cruciate ligament cysts (n = 2). Patient-reported outcomes were good (IKDC 77.9 ± 17.4; Tegner 4.5 ± 1.7). There were no relevant side-to-side (SSD) differences in knee extension (mean SSD = 0.39, p = 0.098).<h4>Conclusions</h4>The indirect posterior transseptal approach is a safe arthroscopic technique that can be associated with moderate clinical outcomes depending on the underlying pathology. The modified TSA appears to be safe when performed by experienced surgeons and was not associated with neurovascular complications in this cohort.",Arras C; Gaentzsch G; Frosch KH; Berninger MT; Loose S; Korthaus A; Krause M; Frings J,"Department of Trauma and Orthopedic Surgery, University Medical Center Hamburg- Eppendorf, Hamburg, Germany.",Journal of orthopaedic surgery and research,2026-04-16,10.1186/s13018-026-06861-w,3.0,visualization(abstract); visual(abstract); data(abstract),Knee; Complications; Arthroscopy; Posterior Transseptal Approach
41973313,Role of cone-beam computed tomography in predicting root canal treatment success: A systematic review and meta-analysis.,"Root canal treatment (RCT) is an essential dental procedure aimed at preserving natural teeth by eliminating infected pulp and preventing reinfection. Predicting RCT success remains a clinical challenge due to anatomical complexities and diagnostic limitations of traditional 2D imaging. Cone-beam computed tomography (CBCT) offers three-dimensional visualization, potentially enhancing diagnostic accuracy and prognostic evaluation. This systematic review and meta-analysis aimed to evaluate the role of CBCT in predicting the success of RCT by identifying anatomical and pathological factors that influence treatment outcomes. This review is the first to separately synthesize diagnostic accuracy and prognostic evidence for CBCT in predicting non-surgical RCT outcomes using subgroup analyses of voxel size and follow-up duration. Following PRISMA guidelines, electronic databases including PubMed, Scopus, Web of Science, and Embase were searched for relevant studies published between 2013 and 2024. Studies were categorized as (1) diagnostic accuracy studies or (2) prognostic studies assessing whether CBCT-identified variables predicted RCT success/failure. Data extraction and quality assessment were performed using appropriate critical appraisal tools. Meta-analysis was conducted to determine pooled effect sizes for periapical lesion detection, root fracture identification, and canal configuration assessment. Twelve studies (6 diagnostic accuracy; 6 prognostic outcome) involving various designs and sample sizes were included. Meta-analysis of diagnostic accuracy studies showed pooled sensitivity/specificity of 0.88/0.84 for periapical lesions (I<sup>2</sup> = 47%), 0.81/0.86 for vertical root fractures (I<sup>2</sup> = 52%), and 0.91/0.88 for canal morphology (I<sup>2</sup> = 28%). Prognostic meta-analysis demonstrated significant associations between CBCT-detected pathology and risk of post-treatment failure: periapical lesions (OR = 2.63; 95% CI 1.78-3.58; p < 0.001; I<sup>2</sup> = 39%), root fractures (OR = 3.48; 95% CI 2.05-5.12; p < 0.001; I<sup>2</sup> = 44%), and complex canal anatomy (OR = 1.94; 95% CI 1.20-2.82; p = 0.004; I<sup>2</sup> = 28%). Subgroup analyses showed stronger prediction with voxel size < 0.2 mm and follow-ups ≥ 12 months. While CBCT demonstrates improved diagnostic capability and offers valuable prognostic insight in complex cases, its findings cannot establish causation and do not guarantee treatment success. CBCT should therefore be used selectively, considering its cost, radiation exposure, and the need for operator expertise.",Alqahtani S,"Endodontic Division - Department of Restorative Dentistry College of Dentistry, Jouf University, Sakaka, KSA, Saudi Arabia. ssalqahtani@ju.edu.sa.",The Saudi dental journal,2026-04-13,10.1007/s44445-026-00133-3,3.0,visualization(abstract); visual(abstract); data(abstract),Treatment outcome; Endodontics; Dental Radiography; Cone-beam Computed Tomography
41995623,Comparison of photon-counting CT with energy-integrating CT in temporal bone imaging: an anthropomorphic phantom study. ,"BackgroundPhoton-counting computed tomography (PCCT) is an emerging technique under evaluation for temporal bone imaging. Its capacity for radiation dose reduction while maintaining diagnostic image quality (IQ) requires further study.PurposeTo evaluate how PCCT compares to energy-integrating CT (EICT) in temporal bone imaging in terms of IQ and visualization of anatomical landmarks, at a clinically relevant, reduced radiation dose.Material and MethodsAn anthropomorphic phantom with exchangeable fresh frozen human temporal bone specimens was scanned. Nine specimens were scanned on a PCCT system with clinical protocol settings, followed by stepwise dose reductions for one specimen. Ten specimens were scanned on a EICT system with clinical protocol settings. Three readers assessed overall IQ and visualization of 10 important anatomical landmarks on a 4-point scale.ResultsPCCT was preferred by readers for most landmarks and ranked higher in overall IQ compared with EICT. At clinical protocol, PCCT provided statistically significant better results for all landmarks and overall IQ compared to EICT with dose reduction of almost 70%. With stepwise dose reduction PCCT maintained good to excellent IQ for most landmarks, suboptimal for the ossicular chain landmarks at lower doses, and overall poor image quality at the lowest dose level. PCCT at clinical and several reduced dose levels demonstrated statistically significant difference in overall image quality and visualization of landmarks, compared to EICT (P <0.05).ConclusionPCCT provides improved diagnostic image quality compared to EICT at clinical protocols, with lowered radiation dose, indicating its suitability for temporal bone imaging.",Pellby D; Vestin-Fredriksson M; Rönnblom A; Nilsson M; Siemund R; Kull L; Aurumskjöld ML,"Department of Medical Imaging and Function, Skåne University Hospital, Lund/Malmö, Sweden.","Acta radiologica (Stockholm, Sweden : 1987)",2026-04-17,10.1177/02841851261431600,2.5,visualization(abstract); visual(abstract),
41985545,Initiating robotic vNOTES: a Beginner's guide.,"<h4>Objective</h4>Vaginal natural orifice transluminal endoscopic surgery (vNOTES) is associated with reduced postoperative pain and faster recovery compared with conventional laparoscopy. However, its adoption is limited by challenging triangulation, caudal-to-cephalic visualization requiring a learning curve, and restricted instrument length when managing complex pathology. Robotic assistance provides three-dimensional visualization, wristed instrumentation with enhanced dexterity, and surgeon-controlled camera movement, which may help overcome these limitations and expand the role of minimally invasive vaginal surgery. This video aims to demonstrate essential procedural steps and practical tips for surgeons beginning robotic vNOTES hysterectomy.<h4>Methods</h4>The first part of the video demonstrates key procedural steps using a simulation model. Following anterior and posterior colpotomy and bilateral detachment of the uterosacral ligaments, an Alexis ring is inserted, as in conventional vNOTES. GelPoint (COMPANY, CITY, STATE, COUNTRY) trocars are arranged in a diamond configuration on the GelSeal cap (COMPANY, CITY, STATE, COUNTRY) and secured to the ring to establish pneumoperitoneum. The patient is placed in Trendelenburg position, the robot is docked, and the camera trocar is inserted first, followed by two additional trocars with appropriate spacing to avoid arm collision. The second part of the video demonstrates application of the technique in a 43-year-old woman who presented with heavy uterine bleeding secondary to multiple fibroids.<h4>Results</h4>The patient successfully underwent robotic vNOTES hysterectomy, bilateral salpingectomy, and right ovarian cystectomy, demonstrating translation of simulation-based principles into clinical practice.<h4>Conclusion</h4>Robotic vNOTES is a feasible approach that combines robotic advantages with vaginal access, enabling minimally invasive management of complex gynecologic pathology under direct visualization.",Mohr-Sasson A; Bhalwal A; Montealegre A,"Minimally Invasive Gynecologic Surgery (MIGS), Department of Obstetrics, Gynecology & Reproductive Science affiliated to The University of Texas Health Science Center at Houston, Houston, TX, USA.",Obstetrics & gynecology science,2026-04-15,10.5468/ogs.25407,2.5,visualization(abstract); visual(abstract),Simulation model; hysterectomy; Robotic Surgery; Vnotes; Vaginal Natural Orifice Transluminal Endoscopic Surgery
41985779,A Case-Based Guide: Demonstrating the ReCOG Consensus for Dosimetric Assessment and Reporting in Reirradiation.,"<h4>Purpose</h4>To provide a case-based, practical example outlining step-by-step calculations and documentation for reirradiation (reRT) evaluation. This representative example demonstrates the application of the Reirradiation Collaborative Group (ReCOG) consensus for dosimetric assessment and reporting in reRT and illustrates how these standards can be implemented in clinical practice.<h4>Methods and materials</h4>Two spine reRT cases were selected. Cumulative organ-at-risk (OAR) doses were assessed using three approaches: direct point dose summation, point dose summation within overlap regions, and image registration-based 3D dose summation. Step-by-step calculations were performed for each approach, and new dose objectives for subsequent planning iterations were derived and compared.<h4>Results</h4>The example reRT cases detail the special medical physics consult (reRT-SMPC) process, highlighting different cumulative dose estimation strategies depending on the availability of voxel-based equieffective dose calculation and visualization tools. Selection of an assessment strategy should balance clinical resources with patient-specific considerations. Calculation and visualization of equieffective dose distributions facilitate cumulative dose assessment and strengthen image registration-based methods. If 3D equieffective dose calculation is not available, anatomically corresponding volumes and doses in each plan contributing to the cumulative dose in the areas of overlap can be determined manually to improve the accuracy of point dose-based summation.<h4>Conclusions</h4>The case examples demonstrate how to apply the ReCOG consensus for dosimetric assessment and reporting in reRT and illustrate multiple strategies for cumulative dose evaluation. This work supports patient care and contributes to enhancing the field's knowledge and delivery of safer reRT.",Zhang C; Mayo CS; Matrosic CK; Chang DT; Chng N; Dess RT; Evans JR; Gabryś D; Heron DE; Hoffmann L; Jackson WC; Matuszak MM; Prisciandaro JI; Rosen BS; Salerno KE; Simone CB 2nd; Xiao Y; Paradis KC,"Department of Radiation Oncology, The University of Michigan, Ann Arbor, MI, USA. Electronic address: zhclaire@med.umich.edu.",Practical radiation oncology,2026-04-13,10.1016/j.prro.2026.03.010,2.5,visualization(abstract); visual(abstract),
41991931,"Cryo-EM reveals structural variability of apolipoprotein A-I amyloid fibrils across organs, mutations, and clinical presentations.","Hereditary apolipoprotein A-I (AApoA‑I) amyloidosis is a rare systemic disease caused by the deposition of amyloid fibrils formed by apolipoprotein A‑I in multiple organs, leading to severe clinical outcomes. With no available therapies or diagnostic tools, defining the structure of AApoA‑I fibrils is crucial to understanding disease mechanisms and guiding intervention. Here we use cryo-electron microscopy to analyze AApoA‑I fibrils from the heart, kidney, liver, and spleen of patients carrying G26R, L90P, and R173P mutations. G26R fibrils, regardless of organ, exhibits untwisted morphologies and cannot be resolved structurally. Conversely, L90P and R173P fibrils display a compact diabolo-shaped conformation in all organs analyzed. Their high-resolution maps enable visualization of cis-Proline 66, which may represent a potential conformational switch during fibril formation. Our findings suggest that mutation-driven polymorphism may influence organ tropism and clinical presentation. This work advances our understanding of AApoA‑I fibril assembly and provides insights toward developing targeted clinical tools.",Nguyen BA; Fernandez-Ramirez MDC; Bassett P; Singh V; Singh P; Pękała M; Villalon L; Ahmed Y; Lemoff A; Evers B; Lopez C; Kluve-Beckerman B; Saelices L,"Center for Alzheimer's and Neurodegenerative Diseases, Department of Biophysics, Peter O'Donnell Jr Brain Institute, University of Texas Southwestern Medical Center (UTSW), Dallas, TX, USA. anbinh.nguyen@utsouthwestern.edu.",Nature communications,2026-04-17,10.1038/s41467-026-72150-z,2.5,visualization(abstract); visual(abstract),
41996002,A clinically and technologically practicable navigation system for robotic sacrocolpopexy. ,"Pelvic organ prolapse is characterized by the descent of one or more pelvic organs toward the vaginal canal. Surgical correction through sacrocolpopexy requires precise mesh anchoring to the sacral promontory, where vessels hidden by adipose tissue, but rigidly fixed to the bone, pose a major risk. This study introduces an augmented reality (AR) navigation system for vessel visualization at the anchoring site, integrated into the Da Vinci robotic console and avoiding intraoperative imaging. Anatomical landmarks visible in both preoperative CT scans and intraoperative endoscopic views were identified as the insertions of the round ligaments into the inguinal canal. Their 3D positions were determined by stereo endoscopic triangulation. As two landmarks are insufficient for full rigid registration, a dedicated rod connecting the endoscope to the pubic symphysis was designed to provide the missing degree of freedom. Our algorithm aligns the anatomical model with the endoscopic coordinate system by iteratively minimizing the distance between the virtual symphysis and the rod while preventing interpenetration. In a phantom-based feasibility study, the method enables geometric alignment of preoperative CT-based vascular models with intraoperative endoscopic views with an average error on the order of 10 mm. This accuracy falls within the clinically safe vascular window at the promontory, ensuring consistent overlay during mesh placement, with the rod serving as a stable and robot-compatible reference. The presented system enables AR visualization of vascular anatomy during robotic sacrocolpopexy, providing anatomical guidance through a fully minimally invasive workflow. This represents the first attempt to apply AR-based navigation in gynecological surgery. While this study demonstrates the technical feasibility of the approach, future work will focus on validation across multiple anatomical models and in vivo clinical settings.",Vanni G; Furiesi A; Giannini A; Cappelli C; Simoncini T; Ferrari V,"Department of Information Engineering, University of Pisa, Pisa, Italy. gabriele.vanni@ing.unipi.it.",International journal of computer assisted radiology and surgery,2026-04-17,10.1007/s11548-026-03612-4,2.5,visualization(abstract); visual(abstract),
41974507,Low-field strength MRI (0.55T) for stereotactic and functional neurosurgery using deep learning-based reconstruction algorithm: Preliminary experiences.,"<h4>Background</h4>There has been a trend toward exclusive use of high MRI field strength (1.5 T or above) for stereotactic neurosurgery imaging. However, low field strength (0.55 T) MRI may have advantages related to availability, cost, image distortion, and artifact. Low field strength MRI recently has been shown to be effective for diagnosis of brain tumor and stroke, but the benefits and limitations of 0.55 T MRI in stereotactic neurosurgery remain unclear.<h4>Methods</h4>Three consecutive scans using 0.55 T, 1.5 T, and 3.0 T field strength were performed in a healthy adult participant and a deep learning reconstruction algorithm (Deep Resolve Boost) was used to optimize imaging parameters for four MRI sequence protocols (T1-weighted 3D Flash, T1-weighted 3D MPRAGE, T2-weighted 2D TSE, and White matter nulling IR 2D TSE). Subsequently, ten additional healthy adult subjects underwent imaging using these optimized parameters at 0.55 T. Images were independently assessed by four blinded investigators (8-items questionnaire; two-way random-effects model with absolute agreement; ICC) to assess resolution, contrast, and visualization of anatomic structures relevant to stereotactic neurosurgery (commissural lines, basal ganglia, internal capsule, thalamus, and striatum).<h4>Results</h4>Higher field strength was associated with higher resolution and shorter scan times due to lower acquisition time, echo time and increased inversion time (TI). Particularly for T1-weighted 3D Flash, T1-weighted 3D MPRAGE, and White matter nulling IR 2D TSE. Image quality was rated similarly across all field strengths with an ICC was 0.947(SD±0.531), indicating excellent agreement among the four raters along with a low inter-individual variability. The 0.55 T MRI protocol using a deep learning-based reconstruction algorithms was found to allow sufficient visualization of all relevant structures in all 3 planes (transversal, coronal, sagittal), including location of AC-PC and functional targets, in all participants.<h4>Conclusions</h4>Our preliminary findings suggest that 0.55 T MRI is feasible in visualization of relevant stereotactic anatomical landmarks in healthy subjects, however warrants further evaluation in real-world clinical settings.",Kinfe T; Ratliff M; Stadlbauer A; Miller J; Rahimpour S; Fautz HP; Viebahn T; Schönberg S; Uder M; Brenner S,"From the Mannheim Center for Neuromodulation and Neuroprosthetics (MCNN), Department of Neurosurgery (T.K., M.R., S.B.), Mannheim Center for Translational Neuroscience (MCTN)(T.K.), Mannheim Comprehensive Medical Systems Technology Campus (MCSC)(T.K., S.S.), Department of Radiology (S.S.), Medical Faculty Mannheim, Heidelberg University, Germany; Institute of Medical Radiology (A.S.), University Clinic St. Pölten, Karl Landsteiner University of Health Sciences, St. Pölten, Austria; Department of Neurosurgery (J.M.), SUNY Upstate Medical University, Syracuse, New York; Department of Neurosurgery (S.R.), Clinical Neurosciences Center, University of Utah, Salt Lake City, Utah, USA; Siemens Healthineers (H.-P.F., T.V.), Erlangen, Germany and Department of Radiology (M.U.), University Hospital Erlangen, Erlangen, Germany. thomas.kinfe@medma.uni-heidelberg.de.",AJNR. American journal of neuroradiology,2026-04-13,10.3174/ajnr.a9345,2.5,visualization(abstract); visual(abstract),
41980001,Extending the diagnostic frontier: slim EBUS in navigation bronchoscopy: a case series.,"<h4>Background</h4>Conventional convex endobronchial ultrasound (EBUS) is limited to the central airways, whereas radial EBUS lacks real-time guidance. As navigation bronchoscopy expands into the peripheral lung, a gap persists in the (sub)segmental ""mid-zone,"" where visualization, tool alignment, and vascular anatomy challenge diagnostic sampling.<h4>Objective</h4>To characterize the use of slim EBUS (s-EBUS) as a real-time ultrasound modality for mid-zone intrapulmonary lesions and lymph nodes during navigation bronchoscopy.<h4>Methods</h4>Seven patients with suspected lung cancer in the mid-zone underwent s-EBUS with or without CBCT-guided navigation bronchoscopy. Anatomical access, sampling strategy, diagnostic contribution, and safety were evaluated.<h4>Results</h4>s-EBUS allowed precise real-time visualization and needle placement in mid-zone targets, including stations 12L and peribronchial lung nodules beyond (sub)segmental bronchi. In two cases, a pulmonary artery branch separated airway and lesion; under ultrasound control, transvascular needle access was feasible without adverse events. In a single case, s-EBUS-guided cryobiopsy was successfully performed using a 1.1-mm probe and yielded diagnostic tissue for histology and molecular analysis. s-EBUS provided clinically relevant diagnosis or staging information in all cases.<h4>Conclusion</h4>s-EBUS extends ultrasound-guided bronchoscopy beyond the central airways and may close an important anatomical diagnostic gap in navigation bronchoscopy. Advantages include mid-zone access, vascular mapping, selective transvascular sampling, and targeted cryobiopsy. Further studies should assess performance, safety, and clinical impact.",Daniels JMA; Heuvelmans MA; Bonta PI; Annema JT,,Respiration; international review of thoracic diseases,2026-04-14,10.1159/000551967,2.5,visualization(abstract); visual(abstract),
41981209,Real-time characterisation of microbe-induced inflammation using a novel zebrafish larval corneal injury and infection model.,"Microbial keratitis (MK) is a major global cause of blindness. Yet, treatment is heavily dependent on antimicrobials with limited options for immunomodulators - despite the critical role of dysregulated immune responses in disease pathogenesis. This gap reflects a critical unmet clinical need and is compounded by the lack of model systems capable of real-time high-resolution immune dynamics analysis. To address this, we developed a zebrafish larvae MK model utilising transgenic zebrafish lines with fluorescently labelled neutrophils, macrophages and basal epithelial cells. Corneal injury triggered rapid immune cell recruitment which was amplified by exposure to pro-inflammatory mediators such as N-formylmethionine-leucyl-phenylalanine (fMLF) and leukotriene B<sub>4</sub> (LTB<sub>4</sub>). Infection with live bacteria induced robust, sustained neutrophil and macrophage recruitment, marked by increased neutrophil speed and migratory distance. This model enables dynamic in vivo visualization of immune cell dynamics, offering a powerful and scalable platform to accelerate the discovery and screening of novel immunomodulators for MK.",Cheng KKW; Tucker CS; Cholewa-Waclaw J; Mitchell S; Laidlaw F; Mills B; Rossi AG,"Centre for Inflammation Research, Institute for Regeneration and Repair, University of Edinburgh, Edinburgh, UK. kcheng@ed.ac.uk.",Communications biology,2026-04-14,10.1038/s42003-026-09985-1,2.5,visualization(abstract); visual(abstract),
41773342,Rational design of fluorescent imaging agents for hepatic diseases: from molecular mechanisms to diagnostic precision.,"Hepatic diseases represent a significant global health threat, with their complex pathological processes originating from molecular dysregulation and microenvironmental imbalance. A profound understanding of the mechanisms of hepatic diseases and the development of precise detection technologies are mutually reinforcing and indispensable. Fluorescence imaging technology, characterized by high sensitivity and strong specificity, enables <i>in situ</i> and dynamic monitoring of key biomarkers for hepatic diseases. It thereby reveals pathological processes at the molecular and cellular levels, providing a powerful visualization tool for research on disease mechanisms and early precision diagnosis. In recent years, significant progress has been made in this field. This review systematically summarizes the latest advances in the development and application of fluorescent probes for various hepatic diseases since 2020. We outline the design principles and strategies targeting different biomarkers and expound on the core mechanisms regulating the optical signals of the probes. This review provides a detailed discussion on biological imaging using fluorescent probes in diseases including fatty liver disease, acute liver injury, and hepatocellular carcinoma, analysing their activation mechanisms and biological discoveries. Furthermore, the challenges and future directions in this field are discussed. This review aims to promote the development of more efficient and multifunctional fluorescent probes, which will expand the application of fluorescence imaging technology for the precision diagnosis and treatment of hepatic diseases.",Mao Y; Zhang W; Wang X; Li P; Tang B,"College of Chemistry, Chemical Engineering, and Materials Science, Key Laboratory of Molecular and Nano Probes, Ministry of Education, Collaborative Innovation Center of Functionalized Probes for Chemical Imaging in Universities of Shandong, Institutes of Biomedical Sciences, Shandong Normal University, Jinan 250014, China. xinwang@sdnu.edu.cn.",Chemical Society reviews,2026-04-17,10.1039/d5cs00947b,2.5,visualization(abstract); visual(abstract),
41982094,Reveal the Effect of Mechanical Stretch on Virus-Cell Membrane Fusion Based on a Microfluidic Chip.,"Lung-on-a-chip models are important for studying the onset and progression of respiratory diseases. However, existing lung chips often lack the ability to precisely regulate alveolar stretch deformation and rarely apply the 3D physiological microenvironment of alveoli to respiratory virus research. Here, we present a biomimetic 3D microfluidic chip microphysiological system for alveolar cells stretch visualization and investigate the effect of mechanical stretch on viral infection. We utilize a SARS-CoV-2 pseudovirus to infect alveolar epithelial cells cultured on the lung alveolus chip. Subsequently, we subjected the cells to varying degrees of mechanical stretch through membrane pressure deformation to examine the impact of these forces on viral invasion. Our study demonstrates that mechanical stretch can attenuate the fluorescence intensity of cytoskeletal proteins and regulate cytoskeletal protein rearrangements, which reduces cell membrane tension and thus virus-membrane fusion on the microfluidic chip for type II alveolar cells. The above features and results show that this chip has an extremely wide range of applications in cellular biomechanical testing, exploration of lung disease mechanisms, and clinical disease treatment.",Hong C; He W; Wang Y; Niu M; Kuang G; Zhang Q; Ye F; Zu Y,"Wenzhou Institute, University of Chinese Academy of Sciences, Wenzhou Medical University, Wenzhou, China.",Advanced healthcare materials,2026-04-15,10.1002/adhm.202505664,2.5,visualization(abstract); visual(abstract),Viral infection; Mechanical stretch; microfluidic chip; Microphysiological System
41978567,Clinical use and radiological yield of magnetic resonance fingerprinting in epilepsy.,"<h4>Objective</h4>Magnetic resonance fingerprinting (MRF) is a novel paradigm for magnetic resonance imaging (MRI) that efficiently generates multiparametric quantitative tissue property maps with a single acquisition. Its quantitative nature offers many advantages over conventional MRI. Although interest in MRF for epilepsy research has grown in recent years, systematic evaluation of its radiological and clinical value as a supplementary imaging modality is limited.<h4>Methods</h4>We reviewed the diagnostic utility of MRF imaging for 100 epilepsy patients undergoing presurgical evaluation. MRF quantitative maps (T1, T2, gray matter fraction, and white matter fraction) were generated and reviewed alongside conventional MRI. MRF findings were classified as (1) consistent-MRF findings the same as conventional MRI; (2) additional-MRF revealed findings beyond those seen on conventional MRI; or (3) discrepant-findings on conventional MRI not reproduced on MRF. We further stratified results by radiological diagnosis or pathology if available. Observations were further classified based on whether T1 or T2 MRF maps provided greater diagnostic utility.<h4>Results</h4>MRF revealed additional findings in a total of 46 patients (46/100, 46%). In one patient, findings on conventional MRI were not recapitulated on MRF (1/100, 1%). In the remaining 53 patients, MRF findings were consistent with conventional MRI (53/100, 53%). Additional benefits of MRF included the following: improved lesion conspicuity (n = 16), improved visualization of lesion extent (n = 11) or asymmetry between bilateral mesial temporal regions (n = 9), differentiation between multiple lesions (n = 5), new lesion identified (n = 2), and visualization of connection between lesion and other areas (n = 1). Added value from MRF was particularly common in patients with focal cortical dysplasia (FCD) type IIa (p = .009 vs. FCD IIb) and periventricular nodular heterotopia.<h4>Significance</h4>Our findings demonstrate the additional yield from MRF in the identification and definition of the extent of epileptogenic lesions, underscoring its potential as a valuable adjunct in presurgical epilepsy evaluation.",Parfyonov M; Su TY; Choi JY; Blümcke I; Sakaie K; Morris S; Murakami H; Alexopoulos A; Najm I; Ma D; Jones SE; Wang ZI,"Epilepsy Center, Neurological Institute, Cleveland Clinic, Cleveland, Ohio, USA.",Epilepsia,2026-04-14,10.1002/epi.70203,2.5,visualization(abstract); visual(abstract),Epilepsy Surgery; Quantitative Mri; Periventricular Nodular Heterotopia; Focal Cortical Dysplasia; Pvnh; Mr Fingerprinting
41984499,A Novel RNA-Light Probe for Structured-Illumination Microscopy Super-Resolution Imaging of Nucleolar Ultrastructure and Analysis of Nucleolar Dynamics.,"Real-time visualization of nucleolar dynamics is essential for elucidating its physiological functions and understanding the mechanisms underlying nucleolus-related stress and diseases. However, this task is technically challenging: super-resolution imaging is required to resolve the organelle's intricate architecture and rapidly changing morphology. Two major bottlenecks remain─the scarcity of probes compatible with such nanoscopy and the exclusive focus on proteins, which leaves the complete nucleolar morphology invisible. Here, we report a novel quinoline derivative probe (<b>QVT</b>) that can rapidly ""light up"" cellular RNA and exhibits superior performance compared to the commercial dye SYTO RNA Select, including red emission, greater RNA selectivity and binding affinity, and enhanced photostability. These optical advantages facilitate super-resolution mapping of nucleolar ultrastructure using structured-illumination microscopy (SIM), particularly in clearly delineating RNA-rich subcompartments such as the dense fibrillar component and fibrillar centers. More importantly, <b>QVT</b> enables SIM to monitor nucleolar RNA dynamics in living cells during ferroptosis in real time and to investigate the previously elusive dynamics of nucleolus and nucleolar RNA in fatty liver disease. This study not only establishes a versatile chemical scaffold for next-generation RNA-targeted probes but also opens new avenues for mechanistic exploration of nucleolar biology in both health and disease.",Wang D; Zhao R; Li W; Huang W; Su L; Shao Z; Wei X; Feng Z; Han G; Tian X; Zhang Z,"School of Chemistry and Chemical Engineering, Anhui Provincial Key Laboratory of Advanced Catalysis and Energy Materials and Anhui Key Laboratory of Optoelectronic Magnetic Functional Complex and Nano Complex, Anqing Normal University, Anqing, Anhui 246003, China.",Analytical chemistry,2026-04-15,10.1021/acs.analchem.5c05434,2.5,visualization(abstract); visual(abstract),
41669777,From material design to smart sensing: recent advances in colorimetric sensors for gas monitoring.,"With the continuous advancement of intelligent manufacturing and the growing demands in health monitoring, the need for gas sensors with enhanced portability, wearable integration, and signal visualization has become increasingly prominent. To address the challenges posed by diverse application scenarios, breakthroughs in sensor sensitivity, response speed, cost-effectiveness, and integration are urgently required. In this context, colorimetric gas sensing technology has emerged as a research hotspot in the field due to its unique advantages. The core of this technology lies in the specific interactions between gas molecules and functional sensitive materials, such as coordination, hydrogen bonding, and charge transfer mechanisms, which induce systematic changes in the optical properties of the materials, thereby converting chemical signals of gases into visually discernible responses. This direct and intuitive sensing mechanism enables on-site rapid detection without the need for complex instruments, offering a promising pathway for developing practical gas sensing systems. This review systematically summarizes recent key advancements in colorimetric gas sensors, focusing on the construction of core material systems, including design strategies for various colorimetric indicators and the synergistic mechanisms of performance-enhancing materials. It details the technical characteristics of major substrate materials and, in addition, provides a comprehensive analysis of sensor array design and the integration of intelligent recognition algorithms. Typical applications include industrial leak monitoring, environmental pollution detection, biomarker analysis, and food freshness assessment. This work analyzes the key current challenges of colorimetric gas sensors to support their advancement into high-performance, practical devices by establishing a theoretical foundation and offering technical guidance.",Zhang H; Li J; Zhang C; Duan X; Shi W; Zhou L; Yang C; Wu Y; Zhang D,"State Key Laboratory of Chemical Safety, College of Control Science and Engineering, China University of Petroleum (East China), Qingdao 266580, China. dzzhang@upc.edu.cn.",Materials horizons,2026-04-14,10.1039/d5mh02085a,2.5,visualization(abstract); visual(abstract),
41982269,Teaching Novices Ultrasound-Assisted Neuraxial Procedures Using Simulation-Based Courses: A Proof of Concept.,"<h4>Background</h4>Ultrasonography (US) provides valuable information for neuraxial procedures in patients with elevated body mass index (BMI). However, it is challenging to systematically teach US-assisted techniques to novices in clinical settings due to time constraints and patient factors. Simulator-based training may improve the learning experience while minimizing patient discomfort.<h4>Methods</h4>With institutional review board approval, 24 learners were randomized into 2 courses, conventional (C) and experimental (E). Course C used human models for the US-assisted technique and simulators to practice intrathecal access with a spinal needle, an approach commonly used in procedural workshops. Course E used simulators that featured a 3D visualization function and incorporated the principles of deliberate practice without using human models.<h4>Results</h4>Course C learners correctly identified an average of 74% of the sonoanatomy on a written test and marked an average of 5.8 out of 8 test targets during a lumbar sonography assessment, whereas course E learners scored 73% and marked 6.8. Ten learners in course C (83%) and 11 in course E (92%) successfully achieved dural punctures within 10 minutes on a high-BMI lumbar simulator. Additionally, 75% of course E learners followed the assessment steps before needle insertion compared with only 16.7% in course C.<h4>Conclusions</h4>The fundamental US-assisted technique for neuraxial procedures can be effectively taught using simulator-based courses without human models. Course E, which incorporated 3D visualization and the principles of deliberate practice, was more effective in shaping stepwise approaches for the procedure.",Schutte SS; Ihnatsenka BV; Samouce CC; Chembrovich SV; Ruiz FJ; Zasimovich Y; Luria IT; Walker KK; Lizdas DE; Ahn JR; Lampotang S,"The authors are at the University of Florida College of Medicine in Gainesville, FL. The following authors are in the Department of Anesthesiology: is an Assistant Clinical Professor of Anesthesiology and Program Director of the Regional Anesthesia and Acute Pain Medicine Fellowship; is an Associate Clinical Professor of Anesthesiology; is an Assistant Clinical Professor of Anesthesiology; is an Assistant Clinical Professor of Anesthesiology; is an Associate Clinical Professor of Anesthesiology and Chief of the Acute Pain Medicine Division; is an Assistant Clinical Professor of Anesthesiology; is Associate Clinical Professor of Anesthesiology. The following authors are in the Department of Anesthesiology and the Center for Safety, Simulation & Advanced Learning Technologies: is an Assistant Scientist; is an Engineer. is a Research Scientist at Cognia. is the Joachim S. Gravenstein Professor of Anesthesiology and Director of the Center for Safety, Simulation and Advanced Learning Technologies in the Department of Anesthesiology; the Center for Safety, Simulation & Advanced Learning Technologies.",The journal of education in perioperative medicine : JEPM,2026-04-13,10.46374/volxxviii_issue1_shutte,2.5,visualization(abstract); visual(abstract),Ultrasonography; Graduate Medical Education; Spinal Anesthesia; Simulation Training; Mixed-reality Simulation
41989355,A dual lock-and-key activated theranostic tool for highly specific near-infrared imaging and photodynamic/chemodynamic synergistic therapy of hepatocellular carcinoma.,"Early and precise diagnosis of hepatocellular carcinoma (HCC) is crucial for improving patient prognosis and survival. However, the complexity of HCC often limits the specificity of probes that rely on a single biomarker. To address this, we developed HTQ-Fc, a novel dual-responsive fluorescent probe designed for HCC diagnosis and therapy. This probe was uniquely activated by the synergistic action of two distinct biomarkers: carboxylesterase (CE) and viscosity, both of which were elevated in HCC. HTQ-Fc was engineered by linking a CE-cleavable unit to a viscosity-sensitive near-infrared (NIR) photosensitizer. This design allowed for a dual-lock activation, leading to a strong NIR fluorescent signal and the production of therapeutic reactive oxygen species. In cell studies, activated HTQ-Fc precisely differentiated hepatoma cells from other cell types and distinguished HCC from liver injury, showing superior specificity compared to single-parameter probes. Furthermore, activated HTQ-Fc efficiently generated <sup>1</sup>O<sub>2</sub> and ˙OH, which effectively induced apoptosis and ferroptosis in cancer cells. <i>In vivo</i> studies confirmed that HTQ-Fc could provide real-time HCC-specific visualization and significant tumor suppression through NIR fluorescence-guided photodynamic/chemodynamic synergistic therapy. This study showcases HTQ-Fc's potential as a powerful theranostic tool with promising clinical applications.",Zheng F; Yao H; Fan D; Li Z; Huang S; Fang Y; Cheng X; Qian K; Cheng Z; Zeng W,"Xiangya School of Pharmaceutical Sciences, Central South University, Changsha, 410013, P. R. China. wbzeng@hotmail.com.",Materials horizons,2026-04-16,10.1039/d6mh00053c,2.5,visualization(abstract); visual(abstract),
41983112,Evaluation after delayed and repeated intervention in the VIPVIZA-extended randomized controlled trial: beneficial results 6 years after baseline.,"<h4>Aims</h4>The Västerbotten Intervention Programme VIsualiZation of subclinical Atherosclerosis (VIPVIZA) pragmatic randomized controlled trial (RCT) previously reported reduced cardiovascular disease (CVD) risk 3 years after colour-coded information about subclinical atherosclerosis based on carotid ultrasonography and facilitated by nurse-led motivational dialogue. This report evaluated the development of CVD risk and clinical risk factors following the 3-year follow-up, at which point the control group received their first delayed intervention and the intervention group received a repeated VIPVIZA intervention.<h4>Methods and results</h4>Participants (<i>n</i> = 3532) were recruited during 2013-2016 and randomized into two groups. Routine primary care managed preventive treatments. At the 6-year follow-up, group differences in CVD risk factors, the European Systematic Coronary Risk Evaluation 2 (SCORE2), and Framingham Risk Score (FRS) were statistically tested. Trajectories of the outcomes in both groups were graphically assessed. The participation rate after 6 years was 75.4%. No significant differences were found between groups in levels of SCORE2, FRS, clinical risk factors, anthropometrics, smoking, or diabetes-except for systolic blood pressure, which was lower in the original intervention group. Risk scores and systolic blood pressure increased in both groups in parallel, while LDL levels decreased and converged. The higher the baseline risk was, the stronger the decrease of LDL cholesterol.<h4>Conclusion</h4>When the delayed VIPVIZA intervention was provided to the control group after 3 years, the beneficial effect appeared similar as previously reported for the intervention group. After 6 years, any differences between groups in CVD risk were no longer seen. Cholesterol levels were greatly reduced in both groups.<h4>Registration</h4>The VIPVIZA trial is registered with www.clinicaltrials.gov (NCT01849575).",Norberg M; Wennberg P; Wester P; Själander A; Liv P,"Department of Public Health and Clinical Medicine, Umeå University, 901 87 Umeå, Sweden.",European heart journal open,2026-04-13,10.1093/ehjopen/oeag047,2.5,visualization(abstract); visual(abstract),Atherosclerosis; Cardiovascular risk factors; Randomized controlled trial; Primary Prevention; Cardiovascular Risk; Ultrasound Imaging
41990764,Thumb Metacarpophalangeal Joint - Part II: Pathologies and Imaging Findings.,"Pathologies of the thumb metacarpophalangeal joint (MCPJ) frequently affect both the general population and high-level athletes. Early and accurate diagnosis of injuries involving the stabilizing structures of the thumb MCPJ is essential for effective treatment. Delayed or missed diagnosis, as well as inadequate management, can lead to joint instability, osteoarthritis, and functional impairment. Initial evaluation includes standard static and dynamic radiographs under fluoroscopy. Computed tomography (CT) and cone-beam CT (CBCT) provide detailed analysis of osseous structures. High-resolution dynamic ultrasound (US) is the preferred technique for soft tissue assessment, while high-resolution magnetic resonance imaging (MRI) offers comprehensive visualization of all anatomical elements with excellent spatial resolution. This educational review describes the pathology of the thumb MCPJ through various imaging modalities, details injury mechanisms, and highlights the role of imaging in diverse conditions such as ulnar collateral ligament (UCL) and radial collateral ligament (RCL) injuries and instabilities, trigger thumb, pulley system lesions, dislocations, osteoarthritis, fractures of the proximal phalanx (P1) head or base, sesamoid disorders, volar plate lesions, rheumatic diseases, and osseous or soft-tissue tumors. Practical recommendations are provided to emphasize the clinical relevance of imaging findings and offer clear guidance for their application in patient care. Early and precise diagnosis is crucial for appropriate management, thereby preventing long-term complications such as instability, osteoarthritis, and functional decline. · Injuries of the thumb collateral ligaments require early evaluation to ensure stability.. · Trigger thumb can be promptly diagnosed using ultrasound.. · Injuries of the thumb MCPJ pulley system are primarily diagnosed using ultrasound.. · Thumb MCPJ dislocations require precise and comprehensive imaging.. · Volar plate lesions are best visualized with ultrasound, with MRI if needed.. · Bouredoucen H, Taihi L. Thumb Metacarpophalangeal Joint - Part II: Pathologies and Imaging Findings. Rofo 2026; DOI 10.1055/a-2830-5647.",Bouredoucen H; Taihi L,"Imaging and Medical Informatics, Hôpitaux Universitaires Genève, Geneva, Switzerland.",RoFo : Fortschritte auf dem Gebiete der Rontgenstrahlen und der Nuklearmedizin,2026-04-16,10.1055/a-2830-5647,2.5,visualization(abstract); visual(abstract),
41996645,Does Mirrored Versus Non-Mirrored Presentation of Mock-Up Influence the Perception of it: A Comparative Analysis. ,"To evaluate whether mirrored versus non-mirrored presentation of an AI-generated, scan-free virtual mock-up influences esthetic self-perception, and to compare perception patterns between laypeople and dental professionals using the Orofacial Esthetic Scale (OES). The null hypothesis was that mirrored and non-mirrored presentations would result in no differences in esthetic perception. Fifty participants (25 laypeople, 25 dental professionals) viewed a standardized video of themselves integrated with a scan-free AI-generated virtual mock-up of the anterior dentition. Participants were randomized to first view either a mirrored or non-mirrored version, followed by the opposite format after a minimum 14-day interval. At each assessment, participants completed the eight-item OES. Wilcoxon signed-rank tests were used for within-subject comparisons (mirrored vs non-mirrored), and Wilcoxon rank-sum tests were applied for subgroup comparisons (laypeople vs professionals). All p-values were adjusted using the Holm method. Across all eight OES items, no statistically significant differences were found between mirrored and non-mirrored mock-up presentations (p > 0.05). Laypeople consistently provided higher esthetic ratings than dental professionals. For the non-mirrored condition, significant between-group differences were observed for tooth form (p = 0.036), tooth alignment/position (p = 0.039), and overall orofacial esthetics (p = 0.039). For the mirrored condition, only tooth form demonstrated a significant difference after adjustment (p = 0.00085). Within each subgroup, mirrored versus non-mirrored comparisons revealed no significant differences (p > 0.05). Mirrored and non-mirrored presentations of scan-free AI-generated virtual mock-ups showed comparable esthetic self-evaluations. Although laypeople rated esthetics more favorably than dental professionals, these differences were independent of the orientation of the visualization. This study was not registered as a clinical trial, as it did not involve any therapeutic intervention and was limited to the assessment of esthetic perception using a patient-reported outcome measure.",Ioannidis A; Pachiou A; Joda T; Jung RE; Pirc M,,The International journal of prosthodontics,2026-04-17,10.11607/ijp.9806,2.5,visualization(abstract); visual(abstract),
41986323,Functional drug screening of tumor organoids on an active-matrix digital microfluidic chip for cancer precision medicine.,"Cancer is a leading global cause of morbidity and mortality, with inter- and intra-tumor heterogeneity contributing to suboptimal therapeutic outcomes. While genomic profiling has advanced precision oncology, many tumors lack targetable mutations, underscoring the need for functional assays. Here, we present a drug sensitivity testing platform for patient-derived organoids (PDOs) based on active-matrix digital microfluidics (AM-DMF). The system comprises a microfluidic timing-control board (<50 ms switching precision), a temperature-regulation module (37 ± 0.3 °C) and an integrated imaging module for multiscale visualization. Droplet generation, transport, mixing, and dilution on the AM-DMF platform are programmably controlled via electrowetting-on-dielectric (EWOD) actuation, with volume stability from 1 to 100 nL per droplet (CV < 3%). A multilayer design of the AM-DMF chips suppressed crosstalk and leakage current, enabling stable operation over 10 h. PDO-loaded droplets were efficiently generated through symmetric ""one-to-two"" splitting, achieving >71% success within 4-5 tearing cycles. Evaluation of cisplatin cytotoxicity across multiple PDOs on AM-DMF chips revealed time- and dose-dependent responses, including early morphological contraction (12 h) and subsequent structural disintegration (72 h) at high concentrations. Live/dead staining confirmed membrane damage under high-dose treatment, reflected by increased red fluorescence. Quantitative analysis demonstrated consistent dose-dependent inhibition of viability across all PDOs. Notably, on-chip measurements showed response trends consistent with conventional 96-well plate assays, yet with moderately higher inhibition rates, indicating enhanced assay sensitivity. Overall, we have developed an automated, high-throughput drug-testing system for PDOs, wherein the entire workflow, including organoid culture, precise drug concentration gradient generation, multi-dose drug screening, staining, and imaging, was seamlessly integrated and performed on a single active-matrix digital microfluidics chip. Collectively, this integrated AM-DMF platform offers a systematic, scalable strategy for functional precision medicine, especially suited to scarce clinical specimens and complex multidrug regimens.",Sun R; Feng Z; Wu T; Ding F; Wu Y; Jin K; Li L; Jia Z; Gao R; Cong Y; Ho TY; Ma H; Hu S; Zhang L; Dong W,"School of Biomedical Engineering (Suzhou), Division of Life Sciences and Medicine, University of Science and Technology of China, Hefei, 230026, China.",Microsystems & nanoengineering,2026-04-15,10.1038/s41378-026-01215-2,2.5,visualization(abstract); visual(abstract),
41238400,Impact of Spatial Resolution on CT Imaging of Middle Ear Prostheses: Comparison of Photon-Counting and Energy-Integrating Detectors.,"<h4>Background and purpose</h4>CT imaging of submillimeter middle ear prostheses-vital for postsurgery treatment-requires high spatial resolution. This study evaluated the impact of spatial resolution for the visualization of prostheses using photon-counting detector (PCD) CT, energy-integrating detector (EID) CT, and EID-CT with attenuating comb filters.<h4>Materials and methods</h4>Twenty-one middle ear prostheses of different makes were placed within a head phantom and scanned on a PCD-CT (NAEOTOM Alpha), 2 dual-source CTs with comb filters (Force and Flash), and a dual-layer CT without comb filter (7500). Scanning and reconstruction followed clinical temporal bone protocols for each scanner, with a matched 120 kV and 80 mm FOV; sharp kernels/algorithms of Qr89, Ur77, Ur77, and YD; and minimal allowable slice thickness of 0.2, 0.4, 0.5, and 0.67 mm, respectively. Qualitative assessments were performed, including visual inspection, volume rendering, a blind reader study, and quantitative assessments using line profiles, and full width at half maximum (FWHM). One prosthesis was implanted in human cadaver head and scanned on a PCD-CT (NAEOTOM Alpha), a third-generation dual-source (Force), and a dual-layer CT (7500) following the same phantom study protocols. Image quality was compared among the scanners.<h4>Results</h4>PCD-CT provided images with the highest spatial resolution, allowing clinically relevant assessment of prosthesis position. EID-CT scanners with comb filters provided good results, with noticeable loss of detail, while EID-CT without a comb filter showed substantial resolution loss. These findings were consistent across readers (Kendall W = 0.89; <i>P</i> < .001) and validated by the line profiles and FWHM measurements. PCD-CT showed a 49.5% improvement over EID-CT without comb filter. Among scanners with ultra-high-resolution capabilities, PCD-CT had lower radiation dose (CTDI<sub>vol</sub>: 31.5 versus 46.7 and 51.4 mGy) and lower noise (81.3 versus 93.0 and 274.8 Hounsfield Units (HU) compared with 2 EID-CTs with comb filters. In the cadaver study, PCD-CT provided higher resolution and lower noise than both EID-CT scanners with and without comb filters (67.6 versus 118.6 and 50.1 HU).<h4>Conclusions</h4>PCD-CT provided dose-efficient, accurate evaluation of ossicular prostheses, without the degradation of submillimeter structures, while maintaining lower dose and noise.",Sadeghian M; Benson JC; Farnsworth PJ; Lane JI; Treb KJ; Khandalavala KR; Babajanian EE; Bruesewitz MR; Swicklik JR; McCollough CH; Carlson ML; Leng S,"From the Department of Radiology (M.S., J.C.B., P.J.F., J.I.L., K.J.T., M.R.B., J.R.S., C.H.M., S.L.), Mayo Clinic, Rochester, Minnesota.",AJNR. American journal of neuroradiology,2026-04-16,10.3174/ajnr.a9103,2.5,visualization(abstract); visual(abstract),
41997701,Report cards and outcome measurements to improve the safety of surgical care (North America): an updated systematic review from Making Healthcare Safer IV. ,"In the USA, an estimated 40-50 million operations are performed annually, with high rates of adverse events. Since the 1980s, report cards have been used for outcome measures and to improve safety of surgical care. As part of Making Healthcare Safer IV-an initiative aimed at publishing evidence-based reviews as they are completed to help healthcare leaders, researchers and policymakers act more quickly on evidence-supported practices-we performed an updated review on the certainty of evidence on patient safety practices related to the use of surgical report cards and outcome measurements. Systematic review using the Grade of Recommendations Assessment, Development and Evaluation (GRADE) approach. PubMed, Web of Science, Scopus and the Cochrane Library were searched from November 2011 to May 2023. We included primary research studies (randomised control trials or observational studies with a comparison group, including pre-post studies) or observational studies that investigated a surgical report card in adult or paediatric surgical patients at the hospital or surgeon level in inpatient or outpatient settings. Excluded studies included: narrative reviews, scoping reviews, editorials, commentaries, abstracts, studies that measured only patient knowledge or levels of engagement or studies using local surgical dashboard data. Screening and eligibility were done in duplicate, while data extraction was done by one reviewer and checked by a second reviewer. Specific items in the Risk Of Bias In Non-randomised Studies - of Interventions tool and a modification of the National Institutes of Health Tool were used to assess for bias in studies. Two reviewers assessed each study for risk of bias. A modified version of the GRADE framework was used to assess the certainty of evidence. We identified 19 studies that met the inclusion criteria: 13 primary research studies and 6 descriptive studies of surgical collaboratives. Of the primary studies, nine used a pre-post or longitudinal study design and four used a regression discontinuity or concurrent controlled design. Seven of the studies were about the American College of Surgeons National Surgical Quality Improvement Project. Five studies were from single institutions and the remainder included nine to greater than 700 hospitals. Pre-post studies of report cards that prompted quality improvement (QI) programmes all reported improvements in outcomes, longitudinal studies reported benefits in some but not all outcomes and one in four controlled before-and-after studies reported a statistically significant mortality benefit. All studies, except for one, were at moderate or high risk of bias. Six collaboratives were identified with preliminary data. Based on the above evidence, the theoretical rationale and parallel evidence in other settings, we judged that it was moderate certainty that report cards and outcomes measurements can improve surgical outcomes. However, given the evidence from studies where report cards were actively linked to institutional QI initiatives, we recommend that outcome data must be paired with actionable QI efforts to meaningfully improve patient outcomes.",Huy T; Blegen MB; Tupper H; Premji A; Motala A; Lawson E; Shekelle PG; Girgis M; Maggard-Gibbons M,"UCLA Medical School, Los Angeles, California, USA thuy@mednet.ucla.edu.",BMJ open,2026-04-17,10.1136/bmjopen-2025-101718,2.0,dashboard(abstract); data(abstract),
41990711,Prevalence of Veteran-reported treatment barriers from the breast and gynecologic oncology system of excellence.,"<h4>Background</h4>There are many barriers to cancer care for patients with breast and gynecologic cancers. While much is known about barriers to breast and gynecologic cancer in the civilian population, less is known about barriers reported by Veterans. We address this knowledge gap by using data from the Breast and Gynecologic Oncology System of Excellence (BGSoE) to identify key treatment barriers reported by Veterans diagnosed with gynecologic and breast cancers.<h4>Methods</h4>We employ cross-sectional data from the BGSoE dashboard to identify Veterans who were diagnosed with breast or gynecologic cancers from January 1, 2021 to March 15, 2024 and receive VA health care. We computed descriptive statistics for the barriers to treatment after breast and gynecologic cancer diagnosis.<h4>Findings</h4>Over half (56%) of Veterans reported one or more barriers to cancer treatment. There were no significant racial, sex, or age differences between Veterans who indicated any treatment barriers and those who did not. The most indicated barriers were related to care coordination (37%), logistical factors (29%), and psychosocial and behavioral factors (16%).<h4>Conclusions</h4>Our findings among Veterans with breast and gynecologic cancers broadly echo the trends observed in studies of civilians. However, while Veterans do not report barriers related to medication costs and lacking insurance coverage, they do report barriers related to ""eligibility problems"" and ""confusing financial paperwork."" These findings speak to the nuances of treatment barriers among Veterans that need to be addressed to improve VA breast and gynecologic cancer treatment outcomes.",Smith IZ; Zullig LL; Berkowitz TS; Cummin G; Weidenbacher HJ; Moss H; Colonna S; Kelley MJ; Patil V; Halwani AS; Shepherd-Banigan M,"Center of Innovation to Accelerate Discovery and Practice Transformation, Durham VA Health Care System, Durham, NC, USA. Electronic address: imari.smith@va.gov.",Cancer epidemiology,2026-04-15,10.1016/j.canep.2026.103066,2.0,dashboard(abstract); data(abstract),Breast cancer; Oncology; Veterans; Gynecologic Cancer; Barriers To Care
41991373,Joint probability framework for the development and validation of a prognostic model for the conditional outcome of quality of life: a retrospective study in historical European cohorts of survivors of head and neck cancer.,"<h4>Background</h4>Conditional outcomes are outcomes defined only under specific circumstances. For example, future quality of life (QoL) can only be ascertained when patients are alive. In prognostic models involving conditional outcomes, a choice must be made on the precise target of prediction: one could target future QoL, given that the individual is still alive (conditional) or target future QoL jointly with the event of being alive (unconditional). We aimed to (1) introduce a probabilistic framework for prognostic models for conditional outcomes, and (2) apply this framework to develop a prognostic model for QoL 3 years after diagnosis in patients with head and neck cancer.<h4>Methods</h4>A joint probability framework was proposed for prognostic model development for a conditional outcome dependent on a post-baseline variable. The framework involved two submodels: one for QoL and one for survival. Joint probability was estimated with conformal estimators using MAPIE with least absolute shrinkage and selection operator (LASSO) regression and XGBoost models. We included patients with head and neck cancer who were alive with no evidence of disease 12 months after diagnosis from the UK-based Head and Neck 5000 cohort (N=3572) and made QoL predictions 3 years after diagnosis. Predictors included clinical and demographic characteristics and longitudinal measurements of QoL. External validation was performed in longitudinal studies led by the University of Mainz (Mainz, Germany) and the Istituto Nazionale dei Tumori (Milan, Italy). A total of 497 patients were used in external validation of the QoL submodel and 281 were used in external validation of the survival submodel. Model performance was evaluated with C-statistics for discrimination, calibration plots, and R<sup>2</sup> or mean absolute error (MAE), or both, for overall performance as appropriate.<h4>Findings</h4>Of 3572 patients, 400 (11·2%) were dead by the time of prediction (3 years after diagnosis), whereas 73 (26·0%) of 281 patients were dead in the validation set for the survival submodel. Model performance was assessed for prediction of QoL, both conditionally and jointly with survival. C-statistics ranged from 0·66 to 0·74 in internal validation and 0·60 to 0·80 in external validation. In internal validation, R<sup>2</sup> and MAEs ranged from 0·37 to 0·5 and 12·2 to 13·5, respectively, whereas R<sup>2</sup> and MAEs ranged from 0.35 to 0.41 and 13.0 to 12.3, respectively, in external validation. The calibration plots showed reasonable calibration in external validation. External performance was weaker for the survival submodel than for the QoL submodel. An application programming interface and dashboard were developed.<h4>Interpretation</h4>Our probabilistic framework for conditional outcomes provides both joint and conditional predictions and thus the flexibility needed to answer different clinical questions. Our model had reasonable performance in external validation and has potential as a tool in long-term follow-up of QoL in patients with head and neck cancer.<h4>Funding</h4>EU's Horizon 2020 research and innovation programme.",Moreira-Soares M; Fossen EIF; Bilbao-Jayo A; Almeida A; Lopez-Perez L; Alonso I; Fernanda Cabrera-Umpierrez M; Fico G; Singer S; Taylor KJ; Thomas S; Pring M; Licitra L; Cavalieri S; Frigessi A; LeBlanc M,"Oslo Centre for Biostatistics and Epidemiology, University of Oslo, Oslo, Norway.",The Lancet. Digital health,2026-04-15,10.1016/j.landig.2025.100976,1.5,dashboard(abstract),
