pmid,title,abstract,authors,first_author_affiliation,journal,pub_date,doi,score,matched_keywords,api_keywords
42171727,Bibliometric analysis and data visualization on drug delivery systems for infectious keratitis.,"<h4>Purpose</h4>This study aimed to conduct a bibliometric analysis of the research literature on drug delivery systems (DDS) for infectious keratitis from 2006 to 2025, presenting research trends, current hotspots, and collaboration patterns through visual maps.<h4>Methods</h4>A systematic retrieval strategy was established to search and extract data from the Web of Science Core Collection database for studies on therapeutic DDS for keratitis between January 1, 2006, and December 31, 2025. GraphPad Prism, CiteSpace, AND VOSviewer were used to perform visualization analysis and evaluate the trends.<h4>Results</h4>(1) Over the 20-year period from 2006 to 2025, the number of publications and citations on DDS for infectious keratitis has continued to increase, rising from an initial annual output of less than 10 to over 50 papers in recent years. (2) A total of 60 countries and regions worldwide participated in these publications, with China ranking first with a total of 137 papers. Cairo University emerged as the most productive institution, with 29 papers. Soumyajit Majumdar contributed the most, with 11 papers in total. In terms of academic impact, China had the highest total citation count( 3,169), whereas the USA showed the highest betweenness centrality. (3) The""International Journal of Pharmaceutics"" was the leading journal in this field, with the highest number of co-citations (360). (4) Co-occurrence and clustering analysis of high-frequency keywords revealed several major themes centered on drug delivery, nanoparticles, fungal keratitis, drug formulation, and sustained release. High-frequency keyword and clustering analyses highlighted sustained interest in nanoparticles, hydrogels, liposomes, in situ gels and 3D printing related delivery strategies.<h4>Conclusion</h4>This bibliometric study covers two decades of research on the development and application of advanced DDS in the treatment of infectious keratitis. The field has attracted increasing global research attention, with China leading in publication output and the USA exerting greater academic influence. The current focus has shifted from traditional formulations to smart nanocarrier strategies. To achieve success, interdisciplinary collaboration is required to overcome the challenges of safety, production scalability, and clinical translation.",Ouyang S; Yang G; Yang Y; Yang Y; Liu H; Deng Z,"Department of Ophthalmology, Third Xiangya Hospital, Central South University, Changsha, Hunan, 410013, China.",Graefe's archive for clinical and experimental ophthalmology = Albrecht von Graefes Archiv fur klinische und experimentelle Ophthalmologie,2026-05-22,10.1007/s00417-026-07280-7,13.8,"visualization(kw,title,abstract); visual(kw,title,abstract); data(kw,title,abstract)",Keratitis; bibliometrics; drug delivery systems; Data Visualization; Infectious Keratitis
42152004,A critical realist exploration of hospital staff experiences of using nutrition dashboard technology.,"<h4>Background</h4>The Nutrition Dashboard is a validated nutrition informatics tool to display hospitalised patient food intake data. Despite demonstrated potential for malnutrition identification, research regarding the conditions required for successful implementation of the Nutrition Dashboard is lacking. This study explores dietitians' and food service staff's experiences with the Nutrition Dashboard to understand contextual factors and mechanisms shaping its use.<h4>Methods</h4>Using critical realism methodology, semi-structured interviews and focus groups were conducted with 17 dietitians and seven food service staff across nine hospitals in New South Wales, Australia. Data were thematically analysed before retroductive reasoning to generate Context-Mechanism-Outcome (CMO) statements that explore Nutrition Dashboard use.<h4>Results</h4>Five themes and CMO statements were evident: 1) Visibility and recognition: when food service staff see their data influence patient care, their increased engagement and data accuracy contributes to professional efficacy. 2) Partners in nutrition care: valued partnerships between food service staff and dietitians are enabled through communication and recognition, strengthening collaboration and nutrition care. 3) Education makes data meaningful: training on dashboard functionality and clinical value improves data accuracy and use. 4) Optimising data and systems: Nutrition Dashboard data has potential to enable efficient, technology-supported nutrition care through improved workflows and automation. 5) Proactive nutrition care: nutrition risk surveillance through Nutrition Dashboard data offers potential for objective, proactive and targeted care and improved nutrition outcomes.<h4>Conclusion</h4>The Nutrition Dashboard's value and acceptability depend on more than technical functionality and accuracy. Relational mechanisms, meaningful training and workplace structures and supports are essential to effective implementation, especially when the technology spans professional boundaries. Genuine partnership between food service staff and dietitians, including mutual respect and communication are identified key factors contributing to acceptability of the Nutrition Dashboard. These findings offer actionable recommendations for health services implementing nutrition informatics technology, such as the Nutrition Dashboard.",Fisher E; Brown L; Duncanson K,"Armidale Rural Referral Hospital. Hunter New England Local Health District, Locked Bag 4, Armidale, NSW, 2350, Australia. erin.fisher@health.nsw.gov.au.",BMC health services research,2026-05-19,10.1186/s12913-026-14738-1,10.4,"dashboard(title,abstract); visual(kw); data(kw,abstract); informatics(kw,abstract)","Nutrition assessment; Malnutrition; Interprofessional Relations; Hospital Information Systems; Medical Informatics; Data Visualisation; Personnel, Hospital"
42176193,A Standardized Framework for Evaluating State Opioid Surveillance Dashboards: A Health Informatics Assessment. ,"State public health agencies across the U.S. depend on opioid surveillance dashboards to monitor overdose trends and guide interventions. Despite their central role in decision-making, no standardized framework exists to evaluate how well these dashboards actually function. We developed a health informatics framework to systematically assess state opioid surveillance dashboards and applied it across all 50 U.S. states. Our framework evaluates dashboards across nine domains (including temporal analysis, geographic granularity, data disaggregation, visualization features, narrative support, simplification techniques, and interactive functionality) using 28 specific sub-variables. Sub-variables were selected based on public health informatics literature on effective dashboard design, including features identified in COVID-19 dashboard evaluations and usability frameworks. We scored each feature as either present or absent, creating composite scores with a theoretical maximum of 28 points. All 50 U.S. state-level dashboards were reviewed twice by the study team, with an external consistency check on a subset of 10 dashboards. We calculated the correlation coefficient between dashboard scores and state population estimates. Dashboard scores varied widely, ranging from 12 to 22 points (mean:19.18, standard deviation:2.20). Three states (Delaware, Indiana, and New York) achieved the highest score of 22 by offering comprehensive geographic detail, extensive data breakdowns, and full interactive capabilities. Interactive filtering was present in 92% of dashboards, but only 80% enabled switching between visualization modes. While nearly all dashboards showed time trends, only 6% provided zip code-level detail, and over a third lacked race and ethnicity data. Single external reviewer demonstrated strong correlation (r = 0.84, p = 0.002). Dashboard scores were not correlated with state population size (r = 0.187, p = 0.193). State opioid surveillance dashboards varied substantially in observable capabilities. This framework provides a standardized method to compare dashboard features and identify gaps that may inform future refinement.",Aguiar C; Bolus M; Mudumbai SC,"California Northstate University College of Medicine, Elk Grove, CA, USA.",Journal of medical systems,2026-05-23,10.1007/s10916-026-02399-w,9.5,"visualization(abstract); dashboard(title,abstract); visual(abstract); data(abstract); informatics(title,abstract)",
42165984,Cinematic rendering in CT angiography: a pictorial review of clinical applications.,"With the rapid advancement of multi-detector computed tomography (MDCT) and image post-processing technologies, CT angiography (CTA) has become a cornerstone in the diagnosis of vascular diseases. Despite its widespread use, conventional volume rendering (VR) is limited in depth perception, visualization of fine tissue textures, and differentiation of complex, overlapping anatomical structures. Cinematic rendering (CR), a next-generation visualization technique, utilizes a global illumination model to achieve photorealistic 3D reconstructions. This pictorial review is structured around representative CTA cases to illustrate the principles, clinical applications, and potential future directions of cinematic rendering in vascular imaging. CRITICAL RELEVANCE STATEMENT: By reviewing the clinical applications of cinematic rendering in CT angiography, we summarize its advantages in visualizing complex vascular anatomy and explore its integration with emerging technologies, highlighting its role in optimizing preoperative planning and advancing precision medicine. KEY POINTS: Cinematic rendering employs global illumination and high dynamic range to surpass traditional volume rendering, enhancing anatomical realism for effective vascular diagnosis and lesion detection. Cinematic rendering transforms complex data into intuitive three-dimensional visualizations, reducing cognitive load for clinicians and facilitating both medical education and patient communication. Integration with artificial intelligence and mixed reality holds the potential to advance cinematic rendering from morphological displays to intelligent, interactive tools for preoperative planning.",Yang CZ; Cai HS; Ding L; Chen XF; Chen MJ; Chen LN; Yang YX; Peng ZP; Feng ST,"Department of Radiology, The First Affiliated Hospital, Sun Yat-Sen University, Guangzhou, China.",Insights into imaging,2026-05-21,10.1186/s13244-026-02310-8,9.0,"visualization(kw,abstract); visual(kw,abstract); artificial intelligence(abstract); data(abstract)",Vascular diseases; Three-dimensional Visualization; Computed Tomography Angiography; Radiographic Image Interpretation; Cinematic Rendering
42171018,Developing a Dashboard to Stimulate Independent Functioning in Older Persons in District Nursing Care.,"The desire of older adults to remain in their homes despite health challenges, as well as the aging population and rising health care costs, has prompted a shift from institutional care to home-based care. This change places district nurses at the forefront of supporting older adults' independent functioning. However, limited evidence exists on effective interventions by district nurses and using routine patient care data to enhance independence. To address this, a user-centered design approach was applied to develop and validate a dashboard providing district nurses with actionable insights to improve care quality and promote independence. The process followed a 4-phase iterative framework: user and domain analysis through focus groups and interviews, data preparation with anonymized patient data sets, dashboard prototyping, and evaluation through feedback from nurses and IT specialists. Iterative end-user involvement with district nurses, nursing assistants, researchers, and managers ensured relevance and usability. The final prototype includes functionalities for monitoring changes over time and linking problems to practical aids and intervention targets. The dashboard, tailored for district nurses, provides a tool to monitor and improve the independent functioning of older adults. Future research will evaluate the dashboard's impact on nursing interventions and its effectiveness in enhancing independent functioning.",van den Braak KPM; Veldhuizen JD; Wulfse-Huisman S; Bakker J; Ruth E PL; Buurman BM; Zondervan-Zwijnenburg M; Bleijenberg N,"Research Group Proactive Care for Older People Living at Home, Research Centre for Healthy and Sustainable Living, University of Applied Sciences Utrecht, Utrecht, The Netherlands.","Computers, informatics, nursing : CIN",2026-05-18,10.1097/cin.0000000000001508,8.4,"dashboard(kw,title,abstract); data(kw,abstract)",User-centered Design; District Nursing; Independent Functioning; Dashboard Systems; Data-driven Nursing
42160781,"Explainable AI in Cancer Imaging: Scoping Review of Methods, Modalities, and Clinical Integration.","<h4>Background</h4>Explainable artificial intelligence (xAI) is increasingly used in medical imaging to enhance transparency, clinical interpretability, and trust in artificial intelligence (AI)-assisted diagnostics, particularly in oncology. Evidence on how explainability is implemented, validated, and reported in cancer imaging remains fragmented.<h4>Objective</h4>This scoping review aimed to systematically map research applying xAI methods to radiologic cancer imaging, summarize methodological and clinical trends, and identify persistent gaps in validation and integration.<h4>Methods</h4>We conducted a structured search of PubMed and Scopus (final search executed on October 20, 2025), covering studies published from 2017 to December 2024. Eligible peer-reviewed articles using machine learning or deep learning were analyzed with a focus on xAI components. Data from 371 studies were extracted into predefined categories covering cancer type, imaging modality, AI model, xAI method, terminology, validation, code availability, and decision support system integration.<h4>Results</h4>Studies focused primarily on breast (112/371, 30.2%), lung (87/371, 23.5%), and brain (56/371, 15.1%) cancers, with prostate, thyroid, and liver cancers also represented. The primary imaging modalities were computed tomography (139/371, 37.5%) and magnetic resonance imaging (104/371, 28%). Deep learning was used in 70.1% (260/371) of studies, classical machine learning in 18.1% (67/371), hybrid pipeline methods for 10% (37/371), and emerging concept-, prototype-, or causal-based approaches accounted for 1.9% (7/371) of studies. Post hoc xAI methods were dominant (305/371, 82.2%), with visualization (163/371, 53.4%), and feature relevance (111/371, 36.4%) as the most common subcategories. Hybrid post hoc or inherent approaches comprised 12.1% (45/371) and intrinsically interpretable methods 5.7% (21/371). Data sources were mostly public (149/371, 40.2%) or mixed (100/371, 26.9%); 22.9% (85/371) used private institutional datasets, and 7.8% (29/371) did not report data sources. Among validated studies, expert or user-based validation was most common (104/193, 53.9%), followed by mixed methods (74/193, 38.3%), while quantitative metrics (10/193, 5.2%) and clinical knowledge-based (8/193, 4.1%) validation remained rare. Only 17.5% (65/371) of studies provided code and 12.1% (45/371) reported decision support system integration, with few achieving actual clinical deployment.<h4>Conclusions</h4>This scoping review maps xAI implementation across multiple cancer imaging modalities, revealing methodological inconsistency and insufficient validation. Most research emphasizes visualization over quantitative interpretability, and few models are reproducible or clinically implemented. These findings provide an evidence base for researchers, clinicians, and regulators to prioritize standardization of xAI reporting, quantitative validation, and user-centered frameworks to advance trustworthy AI in oncology imaging.",Fotopoulos D; Ladakis I; Filos D; Moreno-Sánchez PA; van Gils M; Chouvarda I,"Laboratory of Computing, Medical Informatics and Biomedical - Imaging Technologies, School of Medicine, Aristotle University of Thessaloniki, AUTh Campus, Thessaloniki, 54124, Greece, 30 2310999272.",Journal of medical Internet research,2026-05-20,10.2196/80645,7.0,"visualization(abstract); visual(abstract); artificial intelligence(abstract); machine learning(kw,abstract); data(abstract)",Medical imaging; Machine Learning; Trustworthiness; Cancer Imaging; Explainable Ai
42175984,Photon-Counting Computed Tomography for In-Stent Occlusion: Lumen Visualization and Myocardial Viability. ,"Conventional computed tomography evaluation of coronary stents is frequently limited by metal blooming artifacts. Ultra-high-resolution photon-counting detector computed tomography (PCCT) improves visualization of the internal vessel lumen and allows myocardial tissue characterization within a single noninvasive acquisition. A 58-year-old man with prior right coronary artery stenting presented with crescendo chest pain despite optimal therapy. Ultra-high-resolution PCCT demonstrated chronic total in-stent occlusion and robust left anterior descending artery-to-right coronary artery collaterals. Spectral iodine mapping identified a nonviable transmural scar, supporting conservative management and avoiding unnecessary high-risk revascularization. Recent studies report high concordance between PCCT and magnetic resonance imaging for late enhancement. This case interests readers by demonstrating PCCT's ""one-stop-shop"" capability to surpass traditional imaging barriers, providing the detailed evidence necessary to optimize high-stakes clinical decisions. PCCT may improve diagnostic workflows and enhance precision for the management of complex coronary artery disease.",Nguyen KV; Nguyen VT; Nguyen NT; Hoang Thi VH; Phung BN; Le Thi TL; Tran TQ; Tran TL; Nguyen TH; Vu DL,"Institute of Diagnostic and Interventional Radiology, Bach Mai Hospital, Hanoi, Vietnam.",JACC. Case reports,2026-05-23,10.1016/j.jaccas.2026.108566,6.5,"visualization(title,abstract); visual(title,abstract)",
42169540,Evolutionary landscape and collaborative networks of global theranostic research in nuclear medicine: a visual bibliometric analysis.,"<h4>Background</h4>Theranostics, integrating diagnostic imaging with targeted radionuclide therapy, has become central to nuclear medicine, but its global research landscape and collaboration patterns remain incompletely mapped.<h4>Objective</h4>To characterize publication dynamics, cooperative networks, and emerging topics in theranostic research from 2006 to 2024.<h4>Methods</h4>Articles and reviews indexed in the Web of Science Core Collection were retrieved for bibliometric analysis. Excel, CiteSpace, VOSviewer, Scimago Graphica, ArcGIS, and the R package bibliometrix were used for quantitative analysis and visualization.<h4>Results</h4>A total of 1801 articles and reviews were included, with a compound annual growth rate of 18.7%. The USA, Germany, and China were the leading producer countries, and the USA-Germany collaboration showed the strongest bilateral link strength. The Helmholtz Association, Memorial Sloan Kettering Cancer Center, and the University of California System were the most productive institutions, while Herrmann K., Wester H.J., and Werner R.A. led individual output. Keyword co-occurrence analysis identified five major themes: prostate-specific membrane antigen (PSMA)-targeted imaging and therapy, somatostatin receptor-based peptide therapy, neuroendocrine tumors, alpha-particle therapy, and fibroblast activation protein-targeted probes. Burst detection showed that fibroblast activation protein, actinium-225, and 177Lu-PSMA-617 have emerged as recent research hotspots.<h4>Conclusion</h4>Theranostic research in nuclear medicine has expanded rapidly over the past two decades, with a trans-Atlantic and Asia-Pacific collaborative pattern. Current frontiers are shifting from beta-emitters toward alpha-emitters and tumor-microenvironment-targeted probes. Greater intercontinental cooperation and continued focus on novel radionuclides and under-explored targets may support future innovation and clinical translation.",Jia YN; Wu Q; Liu PH,"Department of Nuclear Medicine, Xuzhou Central Hospital, Xuzhou, Jiangsu.",Nuclear medicine communications,2026-05-22,10.1097/mnm.0000000000002183,6.1,"visualization(abstract); visual(kw,title,abstract)",bibliometrics; Nuclear Medicine; Theranostics; Visual Analysis; Targeted Radionuclide Therapy
42161700,"Navigating the promise and pitfalls of dashboards in health policy decision making: experiences from Ghana, India, and South Africa.","Dashboards and other interactive web-based data visualisation tools are increasingly being developed to inform health policy at global, national, and subnational levels. Dashboards aim to make policy-relevant data accessible to support decision making, priority setting, policy development, implementation, and monitoring and evaluation for those responsible for these functions. However, evidence on how well dashboards fulfil these functions is scarce. In this Viewpoint, we explore the development of dashboards on topics related to children's health and experiences of actors using dashboards in Ghana, India, and South Africa. Although some dashboards are useful for strategic and operational planning, public information, and accountability, many are not well suited for their designated purpose or not integrated into existing processes. Data unavailability, infrequent updates, and poor interoperability within data ecosystems often constrain the potential of dashboards. Governance frameworks limit incentives to improve data quality by restricting data to monitoring roles or failing to promote the active use of data. Although dashboard creation can uncover data-related problems and facilitate collaboration among actors to solve these problems, the development process is more time and resource intensive than many actors anticipate. We highlight the aspects of design, functionality, and context that influence the usefulness of dashboards, discuss practical challenges and opportunities, and offer recommendations to guide the development and implementation of data-driven tools for health policy initiatives.",Sukumaran L; Sakyi KS; Khandelwal V; Kinney M; Agbavitoh J; Akofio Sowah L; Bhan G; Doherty T; George A; Ravindranath D; Tomlinson M; Verghese N; Costello A; Ahmed T; Diaz T; Dalglish SL,"Institute for Global Health, University College London, London, UK.",The Lancet. Digital health,2026-05-20,10.1016/j.landig.2026.100984,5.4,"dashboard(title,abstract); visual(abstract); data(abstract)",
42168029,"Development and Clinical Implementation of Voice-, Probe-, Neck Movement-Synchronized Functional Laryngeal Ultrasonography.","<h4>Objective</h4>To introduce a novel system called voice-, probe-, neck movement-synchronized functional laryngeal ultrasonography (VPN-FLUS) that integrates ultrasound images with patient and examiner voice recordings, real-time probe manipulation videos, and visual inspection of the neck, thus overcoming the limitations of conventional laryngeal ultrasonography that suffers from low reproducibility.<h4>Methods</h4>Examinations were performed using the Canon Aplio i700 ultrasound system with linear probes (4.5-13 MHz or 2.8-9 MHz). Audio was recorded using a nondirectional electret condenser microphone (100-10,000 Hz). The microphone signal and ultrasound images were simultaneously captured on a laptop via Open Broadcaster Software Studio, with an additional recording that documented the session with the patient on a mobile phone. All video and audio data were synchronized post-examination using Shotcut. Between March 2025 and February 2026, 53VPN-FLUS examinations were performed, including 12 healthy volunteers and 38 outpatients with voice disorders.<h4>Results</h4>VPN-FLUS enabled continuous and dynamic visualization of the larynx, facilitating precise identification of the intrinsic laryngeal muscles and their spatial interrelationships. Visualization of each intrinsic laryngeal muscle's attachment sites to the arytenoid cartilage (AC) made it possible to depict the rotating, rocking, gliding/sliding, and reverse rocking movements of the ACs as well as assess various natural phonatory conditions, including pitch variations, and differentiation between respiratory and phonatory states. Aside from cervical dynamics, the system also enabled observation of overall laryngeal movement.<h4>Conclusion</h4>VPN-FLUS technology overcomes several limitations of conventional laryngeal ultrasonography and provides comprehensive and reproducible imaging of the larynx. This technique enables more detailed anatomical understanding, allows multidimensional assessment of the larynx in its physiological state, and provides reproducible imaging of the larynx. Further clinical validation with more cases is required to establish its clinical utility.",Kunieda C; Mori T; Kato H; Morimoto T; Noro Y; Nin F,"Department of Otolaryngology, Hashima City Hospital, Hashima, Gifu, Japan. Electronic address: t_kunieda2813@hashima-hp.net.",Journal of voice : official journal of the Voice Foundation,2026-05-22,10.1016/j.jvoice.2026.04.020,5.0,"visualization(abstract); visual(kw,abstract); data(abstract)",Ultrasonography; Arytenoid Cartilage; Reverse Rocking; Vpn-flus; Visual Inspection Of Theneck
42151669,Studies on Zinc Metabolism Related to Ischemia-reperfusion Injury: A Bibliometric and Visualized Analysis.,"Zinc homeostasis is associated with the severity of ischemia-reperfusion injury (IRI). This study provides a bibliometric analysis of global research trends in this field. A total of 1,439 publications from 2000 to 2025 were retrieved from the Web of Science Core Collection and Scopus databases. Data visualization and knowledge mapping were conducted using VOSviewer, CiteSpace, and the R package bibliometrix to analyze collaborative networks, citation bursts, and keyword clusters. Annual publication output increased over the 25-year period, reaching a peak of 83 articles in 2022. The growth follows the exponential model y = 32.378e<sup>0.0361x</sup>. China leads in publication volume with 527 articles, while the United States has the highest total citation count of 31,368. Germany recorded the highest average citation rate of 195.90 per publication. Keyword analysis indicates a shift in research focus from foundational mechanisms, such as oxidative stress and superoxide dismutase, to current frontiers including Nrf2 signaling, ferroptosis, and the regulation of zinc transporters. Zinc serves as an intracellular signaling mediator in the context of IRI. Despite robust preclinical evidence, a translational gap persists due to pharmacokinetic differences, therapeutic timing, and the lack of clinical trials in ClinicalTrials.gov. Future research priorities include the development of targeted nanomedicines and metallomics-based patient stratification to improve outcomes in myocardial infarction, stroke, and organ transplantation.",Yang Z; Ma X; Li C; Zheng J; Zhan P; Shen Z,"School of Medicine, Nankai University, No.38 Tongyan Road, Haihe Education Park, Jinnan District, Tianjin, China.",Biological trace element research,2026-05-19,10.1007/s12011-026-05123-4,4.6,"visualization(abstract); visual(title,abstract); data(abstract)",Zinc; Ischemia-reperfusion injury; Vosviewer; Bibliometric Analysis; Citespace
42160132,Transmission Dominance Under Random-Contact Intensification in Epidemic Networks: Multilayer Contact Network Simulation Study.,"<h4>Background</h4>In the context of COVID-19, infection spread through human contact networks remains a major public health challenge. Beyond cumulative infections and deaths, it is necessary to understand which contacts matter most, and which population segments contribute most to transmission under different social conditions. In multilayer urban networks with community structure, routine contacts coexist with incidental encounters, and it remains unclear whether incidental encounters can alter epidemic burden and the main contributors to transmission when per-layer contact caps and routine-contact minima are unchanged (for the nonrandom layers).<h4>Objective</h4>Under explicit daily-contact constraints, we examined (1) how changing overall contact opportunities affects epidemic speed and burden when incidental encounters are held fixed, and (2) whether increasing incidental encounters alone, per-layer contact caps, and routine-contact minima fixed (for the nonrandom layers), shifts the main contributors to transmission from a high-contact group to a medium-contact group, and the underlying network mechanism.<h4>Methods</h4>We constructed a multilayer potential contact network for a synthetic urban population of 10,038 individuals, representing household, school, workplace, distance-driven activities, and incidental encounters as separate layers. Daily contact networks were sampled from the potential network each day, and transmission was simulated for 120 days using a Susceptible-Exposed-Infectious-Removed model with vaccination. Individuals were classified into high-contact and medium-contact groups based on baseline contact intensity, and group contribution combined each group's share of infectious individuals and its per-infectious effective transmission yield. Contact-constraint parameters were calibrated using an online survey in Tokyo and Kanagawa (n=1089), and scenario comparisons and parameter sweeps were used to locate the transition point.<h4>Results</h4>With incidental encounters held fixed, higher overall contact opportunities produced earlier and higher epidemic peaks and larger cumulative infections and deaths, whereas reduced opportunities slowed and prolonged spread. Holding overall contact opportunities and routine contacts fixed, increasing incidental encounters shifted the main contributors to transmission: higher-contact individuals accounted for more effective transmissions at low incidental contact, whereas medium-contact individuals accounted for more beyond a clear transition point. Network visualization and schematics suggest a bridge-allocation mechanism, where stronger incidental contact adds cross-community bridges that more often terminate at medium-contact individuals and carry infection into less-affected communities. Across R=30 replicate runs under fixed settings, the dominance flip was consistently observed, and the estimated threshold W∗ showed a narrow but nonzero distribution (reported as median and IQR).<h4>Conclusions</h4>In multilayer urban contact networks with community structure, our results indicate that intensifying incidental encounters can change the main contributors to transmission even when overall contact opportunities and routine contacts are unchanged. We present an analysis framework under explicit daily-contact constraints to identify this contributor shift and its transition point, supporting comparisons of intervention priorities across social contact conditions.",Zhang M; Maekawa T; Sekiguchi K; Murata T; Ohsawa Y,"Department of Systems Innovation, Graduate School of Engineering, The University of Tokyo, 7-3-1 Hongo, Bunkyo-ku, Tokyo 113-0033, Japan, Bunkyo-ku, Tokyo, 113-0033, Japan, 81 3-5841-6533.",JMIR formative research,2026-05-20,10.2196/90393,4.5,visualization(abstract); visual(abstract); informatics(kw),Public Health Informatics; Agent-based Simulation; Epidemic Modeling; Seir; Digital Epidemiology; Transmission Heterogeneity; Contact Networks; Multilayer Networks; Covid-19; Susceptible-exposed-infectious-removed; Random Contacts
42157227,Applications of bioimpedance measurement in clinical and allied fields: a comprehensive review.,"<h4>Background</h4>Accurate and timely disease detection is essential in modern healthcare. Conventional imaging methods such as computed tomography (CT), magnetic resonance imaging (MRI), and dual-energy X-ray absorptiometry (DXA) offer valuable diagnostic information, but face significant limitations, including high cost, radiation exposure, and lengthy scan times. Electrical impedance tomography (EIT) and bioelectrical impedance analysis (BIA) have emerged as promising non-invasive, radiation-free, and cost-effective alternatives for assessing tissue properties by measuring bioimpedance-the electrical response of biological tissues influenced by cellular and molecular characteristics.<h4>Main body</h4>Bioimpedance-based technologies measure electrical properties modulated by tissue composition, hydration, and disease-related changes. BIA, in particular, is widely used for body composition analysis, hydration status monitoring, and disease management in contexts such as oncology, diabetes, nephrology, cardiopulmonary function, fitness, and wound healing. Further, EIT can be used to generate tomographic images through surface electrode arrays, facilitating internal tissue visualization. Technological advances such as multi-frequency bioimpedance spectroscopy, wearable and portable devices, and integration with machine learning algorithms can further improve diagnostic accuracy and functional utility. Applications have broadened beyond clinical settings to include non-medical fields like agriculture, robotics, and material science. However, challenges persist, including methodological limitations, biological and environmental variability, electrode design, and limited penetration depth. Standardizing protocols, population-specific calibration equations, and cross-validation with gold-standard imaging techniques like MRI and CT are vital to enhancing measurement reliability and clinical acceptance. Furthermore, advances in sensor technology, data analytics, and multimodal diagnostic approaches incorporating bioimpedance promise to refine disease monitoring and personalized healthcare.<h4>Conclusion</h4>Bioimpedance technology is a versatile and promising diagnostic and monitoring tool, combining safety, portability, and affordability. Its ability to provide real-time, non-invasive insights across a broad spectrum of medical and non-medical applications positions it at the forefront of biomedical innovation. Continued technological advancements and rigorous validation will be essential to realize its full potential in personalized healthcare and beyond. This comprehensive review highlights the versatility of bioimpedance technology, its growing role in personalized medicine and therapy, and its potential to enhance diagnostics and patient management across various healthcare domains.",Bora DJ; Manikonda SKG,"Department of Electronics and Instrumentation Engineering, National Institute of Technology Silchar, Silchar, Assam, India.",Biomedical engineering online,2026-05-19,10.1186/s12938-026-01581-y,4.0,visualization(abstract); visual(abstract); machine learning(abstract); data(abstract),Review; Clinical application; Body composition; Biological tissues; Bioimpedance; Diagnostic; Bioimpedance spectroscopy; Personalized; Bioimpedance Analysis
42175973,LUCID: An AI-Powered System for Real-Time Laparoscopic Lens Cleanliness Classification. ,"BackgroundIn minimally invasive surgery (MIS), maintaining consistent optical clarity is essential for surgical safety and efficiency. However, lens contamination events (LCEs) such as fogging and debris accumulation continue to disrupt visualization, requiring frequent camera removal and cleaning that prolongs operative time and is linked to surgical injuries.ObjectiveDetermine performance of an artificial intelligence (AI) model, LUCID, for the detection of laparoscopic lens contamination.MethodsSurgical video footage was collected from the central Texas region and annotated to classify the lens state as ""clean"" or ""dirty."" An AI model was trained on this dataset to detect lens contamination. 9 additional laparoscopic procedures were analyzed by the model and validated by human reviewers to determine true model performance.ResultsAcross the 9 cases analyzed by LUCID and validated by reviewers, the model achieved an overall accuracy of 90.42%, with a precision of 94.45%, sensitivity of 91.19%, and specificity of 88.80%, demonstrating potential for the use of LUCID to assess optical clarity in MIS.ConclusionAI-enhanced visualization assessment presents a promising approach to enable objective detection of visual clarity in MIS. With compromised vision being a known problem with serious safety concerns, and future applications for AI-enhanced surgery requiring clear visualization for high performance, the importance of clear visualization is paramount more than ever before. Future work may look to standardize visual clarity across operative settings to mitigate variability in clinical outcomes.",Sayani E; Quadri F; Yokananth R; Dommaraju S; Du L; Zhu T; Srinivasan M; Schmidt K; Uecker J; Idelson C,"Texas A&M Naresh K. Vashisht College of Medicine, Bryan, TX, USA.",Surgical innovation,2026-05-23,10.1177/15533506261451747,4.0,visualization(abstract); visual(abstract); artificial intelligence(abstract); data(abstract),
42174284,An Automated Framework and Medical Intelligent System for MRI-Based Alzheimer's Diagnosis Classification. ,"In the era of artificial intelligence (AI), Alzheimer's disease (AD) can be diagnosed through magnetic resonance imaging (MRI) at accurate times and with precision to make effective clinical interventions. Nevertheless, classification is still problematic because of low-contrast anatomical structures, inter-class variations, imbalances of the classes, and the possibility of data leakage in slice-based methods. To overcome these limitations, this paper will introduce a contrast-sensitive hybrid Swin Transformer V2 that employs a 3D Convolutional Neural Network that is trained with Harris Hawks Optimization (CA-Swin3DNet-HHO) to classify AD using MRI. The framework presented includes gamma-logarithmic contrast enhancement, skull stripping, and intensity normalization to enhance the visibility of disease-relevant features. A 3D-CNN module is used to encode volumetric structural features, and Swin Transformer V2 is trained to learn global contextual dependencies based on efficient window-based self-attention. Automatic hyperparameter tuning is done using Harris Hawks Optimization (HHO), which enhances convergence and generalization. A feature fusion approach combines both local and global features to improve the classification performance in cognitively normal (CN), mild cognitive impairment (MCI), and AD classes. Strict subject-level partitioning is used to evaluate the model on the ADNI-2 and OASIS-2 datasets to avoid data leakage. The experimental results show better performance with 99.3% accuracy, 99.1% F1-score, and 0.996 AUC on ADNI-2 and 98.7% accuracy, 98.3% F1-score, and 0.991 AUC on OASIS-2. Also, Grad-CAM-based visualization can emphasize clinically relevant parts of the brain, enhancing the interpretability and reliability of the model. In general, the suggested framework offers a precise, solid, and readable solution to automated diagnosis of Alzheimer's disease and has a high potential for clinical use in the real world.",Abugabah A,"College of Technological Innovation, Zayed University, Abu Dhabi, United Arab Emirates. ahed.abugabah@zu.ac.ae.",Journal of imaging informatics in medicine,2026-05-22,10.1007/s10278-026-02005-y,4.0,visualization(abstract); visual(abstract); artificial intelligence(abstract); data(abstract),
42160996,"Spatiotemporal predictive modeling for coastal phytoplankton based on the Tapnet model: A case study in Zhejiang, China.","Algal blooms have become a global environmental issue, yet research on predicting the spatiotemporal distribution of high-density phytoplankton along the Zhejiang coast remains limited, and existing methods lack highly accurate models applicable to small-sample conditions. Based on historical phytoplankton monitoring data from Zhejiang's coastal waters between 1999 and 2019, this study systematically evaluated and determined the optimal modeling strategy for the Tapnet model. Results: (1) Phytoplankton density exhibits significant interannual fluctuations, with high-density zones primarily distributed in nearshore areas; (2) Results from three feature filtering methods indicate that oceanic environmental features show the strongest correlation with phytoplankton density; (3) Among all approaches, time-series models performed best for predicting high-density phytoplankton distribution along the Zhejiang coast. The optimal Tapnet model achieved an F1-score of 73.58% on high-density samples from 2018 to 2019, outperforming the tree models commonly used in phytoplankton prediction by at least 3.18%. In monthly evaluations, F1-scores exceeded 73.5% for all months except July (0%); (4) Feature filtering strategies struggle to simultaneously enhance prediction performance and computational efficiency; (5) Dimension reduction visualization reveals substantial overlap between high-density and low-density phytoplankton samples in the feature space under the full features dataset. This study identifies an optimal modeling approach for predicting high-density phytoplankton distribution along the Zhejiang coast. It provides a scientific basis for more efficient and accurate monitoring, enabling broader coverage at the same cost and helping mitigate the risks of algal blooms to coastal ecosystems and human health.",Wei Y; Han H; Mu Q; Zhu H; Qiao Y; Yang S; Yu C; Wei N; Luo H; Zhao L; Zhuo X; Yuan Y; Qu F; Wang G,"State Key Laboratory of Ocean Sensing, Ocean College & ZJU-Hangzhou Global Scientific and Technological Innovation Center, Zhejiang University, Hangzhou, 310000, China; Zhejiang Key Laboratory of R&D and Application of Cutting-edge Scientific Instruments, Zhejiang University, Hangzhou 310058, China.",Marine pollution bulletin,2026-05-20,10.1016/j.marpolbul.2026.119872,4.0,"visualization(abstract); visual(abstract); data(kw,abstract)",Multivariate time series; Dimension Reduction Techniques; Feature Filtering; Attentional Prototype Network; Phytoplankton Monitoring Data
42166394,ENDOMETRIOSIS AND ENDOMETRIAL POLYPS CO-OCCURRENCE IN INDIVIDUALS NOT SEEKING PREGNANCY: A CASE-CONTROL STUDY.,"<h4>Objectives</h4>Endometriosis and endometrial polyps are both estrogen-dependent conditions, and an association between these two pathologies has been observed in infertile women. Our research question was: ""Is there an association between endometriosis and endometrial polyps also in a study population not selected for infertility?"" Therefore, we aimed to assess whether the prevalence of endometrial polyps is higher in patients with endometriosis not seeking pregnancy compared with a general gynecologic outpatient population.<h4>Design</h4>Case-control study including 438 women with endometriosis and 438 controls without endometriosis attending routine gynecologic visits, consecutively identified from the electronic health records of the Gynecology Unit, Fondazione IRCCS Ca' Granda Ospedale Maggiore Policlinico, Milan, Italy.<h4>Participants/materials, setting, methods</h4>Between November 2021 and July 2025, all participants underwent transvaginal ultrasound, with standardized pelvic/uterine assessment according to the IETA, IDEA, and MUSA criteria. Patients using hormonal therapy at the time of the examination or in the previous two months were excluded. The primary endpoint was the prevalence of endometrial polyps in the two study groups. Point estimates of proportions in each group and odds ratios were calculated with corresponding 95% confidence intervals. Multivariate logistic regression was used to calculate adjusted odds ratio.<h4>Results</h4>The mean age was 32 [28-36] years in the 438 cases and 32 [26-36] years in the 438 controls (P=0.13). Most participants were Caucasian, with a comparable distribution of ethnicities between the two study groups (89.3% and 87.2%; P=0.23). Prior use of hormonal treatment was reported significantly more often by women with endometriosis (72% vs 48%; P<0.001). Endometrial polyps were detected in 7/438 women with endometriosis (1.6%) and in 11/438 without endometriosis (2.5%; OR 0.63, 95% CI 0.24-1.64, P=0.35). When both current and past diagnoses of endometrial polyps were considered, prevalence rates were 3.4% in cases and 5% in controls (OR 0.67, 95% CI 0.34-1.31, P=0.24). Similar findings were observed after adjusting for statistical and clinically relevant variables.<h4>Limitations</h4>Considering the unexpectedly small number of endometrial polyps detected, a type II error cannot be excluded. Moreover, a two-month hormonal therapy washout period among previous users might have been too short to fully rule out a potentially persistent protective effect of medications on the development of endometrial polyps. A possible misclassification bias cannot be excluded, as polyps were diagnosed by ultrasound without direct visualization by hysteroscopy and histologic confirmation. No centralized image review was performed, introducing potential inter-operator variability. Finally, as no individual matching between cases and controls was performed, residual confounding cannot be completely excluded despite statistical adjustment.<h4>Conclusions</h4>In women not seeking pregnancy, endometriosis was not associated with a higher prevalence of endometrial polyps compared with a general gynecologic population undergoing routine gynecologic visits. These findings suggest that the co-occurrence of endometriosis and endometrial polyps observed in infertile populations may reflect independent correlations of the two pathologies with a common determinant condition (infertility) rather than a true biological relationship between them.",Bandini V; Salmeri N; Preda A; Bracci B; Cosentino E; Vignali M; Vercellini P,,Gynecologic and obstetric investigation,2026-05-21,10.1159/000552113,4.0,visualization(abstract); visual(abstract); electronic health record(abstract),
42156411,Interpretable multitask model for clinical pathology image prediction and interpretation.,"Deep learning (DL)-based pathological image modelling and analysis approaches offer transformative potential for early cancer diagnostics, yet limited sample sizes and a lack of interpretability often hinder efficient clinical translation. Here, we present the interpretable Multi-Task Digital Pathology Model (iMDPath), an end-to-end, highly explainable multi-task deep learning framework that simultaneously addresses these challenges by integrating data augmentation, diagnostic prediction, and visualization of pathological image features. The iMDPath comprises three modules: Augmentation (iMDPath-Aug), Prediction (iMDPath-Pred), and Visualization (iMDPath-Vis). iMDPath-Aug incorporates a vector-quantized variational autoencoder (VQ-VAE) for enhanced data augmentation, capturing essential pathological features from limited datasets. A Swin Transformer-Based (Swin-B) predictor in the iMDPath-Pred module leverages the augmented data to achieve better performance than patch-level and foundation-model-based encoders such as InceptionV3 and Phikon across six diverse cancer pathology datasets, including gastric, breast, lung, and colorectal cancer. Finally, iMDPath-Vis, a novel visualization module combining the full gradient (FullGrad) and occlusion sensitivity analysis, provides pathologists with actionable insights by highlighting the specific tissue regions driving model predictions. Overall, iMDPath not only surpasses existing methods in diagnostic accuracy, sensitivity, and generalization across these datasets, but also offers a transparent and interpretable AI solution for precision oncology, paving the way for more reliable and efficient clinical decision-making.",Chen Q; Wang Z; Lin X; Shi Y; Xu B; Chai J; Zhang T; Wang C,"Department of Biostatistics, School of Public Health, Cheeloo College of Medicine, Shandong University, Jinan, China.",NPJ systems biology and applications,2026-05-19,10.1038/s41540-026-00744-w,3.0,visualization(abstract); visual(abstract); data(abstract),
42157168,Application of cervical combined with bilateral uterine cornual injection of tracer in sentinel lymph node mapping of early endometrial cancer.,"<h4>Objective</h4>Currently, sentinel lymph node (SLN) mapping in early-stage endometrial cancer typically involves a single-site cervical injection. While this method reliably identifies SLNs along the cervical drainage pathway, it has limited sensitivity for detecting SLNs that follow the uterine body pathway, particularly paraaortic lymph nodes. In this study, the combined injection of tracer into the cervix and bilateral uterine cornua allows for the identification of sentinel lymph nodes in both the uterine body and cervical drainage pathways.<h4>Methods</h4>Forty patients with early-stage endometrial cancer participated in a study for SLN mapping of the cervix and uterine body. Initially, 1 mL CNPs was injected into each uterine cornu at a depth of 0.3-1.0 cm to identify and remove paraaortic SLNs. Next, 1 mL CNPs was injected at the 3 and 9 o'clock positions on the cervix to locate pelvic SLNs. Concurrently, we retrospectively collected data on 40 patients treated at our hospital from June 2023 to June 2024 who received a single-site CNP injection in the cervix, serving as a control group. This study has been registered at the Chinese Clinical Trial Registry (Registration Number: ChiCTR2600120340, Registration Date: March 12,2026).<h4>Results</h4>The cervical combined with bilateral uterine cornua SLN localization strategy demonstrates a remarkably high detection rate, with an overall sentinel lymph node detection rate of 97.5% (39/40) and a bilateral pelvic SLN visualization rate of 80% (32/40). The paraaortic SLN detection rate was 87.5% (35/40), while isolated paraaortic SLN detection was 5% (2/40). In the control group, the pelvic SLN detection rate was 95% (38/40), and the bilateral pelvic SLN visualization rate was 90% (36/40). The paraaortic SLN detection rate in the control group was 5% (2/40). Notably, the experimental group showed a significant increase in the successful detection rate of paraaortic sentinel lymph nodes, rising from 5% (2/40) in the control group to 87.5% (35/40), with this difference being statistically significant (P < 0.001).<h4>Conclusion</h4>The SLN positioning strategy, which combines the cervix with bilateral uterine cornuas, effectively identifies lymph nodes of the fundus and cervical drainage. This strategy offers a higher visualization rate of paraaortic lymph nodes and can detect isolated paraaortic lymph node metastases compared to the cervical injection method. It is also feasible for evaluating sentinel lymph nodes in endometrial cancer.<h4>Trial registration</h4>This study has been registered at the Chinese Clinical Trial Registry (Registration Number: ChiCTR2600120340, Registration Date: March 12,2026).",Han C; Piao J,"Department of Gynecological Oncology III, Jilin Cancer Hospital, Changchun, Jilin, China.",BMC cancer,2026-05-19,10.1186/s12885-026-16186-w,3.0,visualization(abstract); visual(abstract); data(abstract),Endometrial Cancer; Sentinel Lymph Nodes; Carbon Nanoparticles; Cervical Combined With Bilateral Uterine Horn Injection
42165949,"County-Level New HIV Diagnoses, Social Determinants of Health, and Residential Segregation by U.S. Region 2013 to 2023: A Longitudinal Analysis.","Health disparities persist along the HIV care continuum. As new HIV diagnoses are a key indicator of the HIV epidemic, we aimed to assess associations of the social determinants of health (SDOH; non-medical factors that are related to health outcomes) and residential segregation, as a proxy for systemic racism, with new HIV diagnosis rates across the major regions of the United States. Publicly available county-level data (i.e., 2013-2023) from an interactive visualization and mapping tool of the HIV epidemic (AIDSVu) and the American Community Survey (ACS) were merged using Federal Information Processing System (FIPS) codes and categorized into four U.S. regions. A Generalized Estimation Equation (GEE) model was run, within each region, to explore the associations between the SDOH, residential segregation, and new HIV diagnoses, over time. Overall, 3,051 counties (97.04%, n = 3,051/3,144) across the four major regions of the U.S. were included in the analysis (i.e., South = 1,398, North = 207, West = 408, Midwest = 1,038). By region, counties with a higher proportion of males aged 18-34 (South: IRR = 1.02, p < 0.001), males aged 35-54 (South: 1.06, West: 1.07, Midwest: 1.13, p < 0.001), Black populations (South: 1.38, North: 1.16, West: 2.78, p < 0.001; Midwest: 1.61, p < 0.01), and individuals experiencing poverty (West: 1.24, p < 0.01; Midwest: 1.78, p < 0.05), or without health insurance (South: 1.02, p < 0.001) were associated with higher rates of new HIV diagnoses. Dimensions of residential segregation (i.e., Gini Index, Delta Index, Spatial Proximity Index) were found to be, primarily, positively associated with new HIV diagnoses in all regions. Two interaction terms were found, Black x Delta (South: 0.91, p < 0.001; West: 0.89, North: 0.81, p < 0.05) and Poverty x Gini (Midwest: 0.62, p < 0.001). Overall, these findings demonstrate ongoing disparities in vulnerabilized populations and an increased likelihood of new HIV diagnoses within counties with higher residential segregation, leading to a call for structural interventions and policy that address systemic racism and subsequent, negative health outcomes.",Garrett C; Li Z; Xia H; Li X; Qiao S,"Department of Health Promotion, Education, and Behavior, Arnold School of Public Health, University of South Carolina, Columbia, SC, USA.",AIDS and behavior,2026-05-21,10.1007/s10461-026-05166-7,3.0,visualization(abstract); visual(abstract); data(abstract),Longitudinal; Social Determinants Of Health; Residential Segregation; Systemic Racism; New Hiv Diagnoses
42160250,Explainable Deep Learning Framework for Multimodal Brain Tumor Classification via Neuroimaging Attribute Extraction.,"Accurate grading of brain tumors from multiparametric MRI is a critical step in treatment planning, yet deep learning models trained for this task remain opaque in their reasoning, limiting their acceptance in clinical settings that require transparent accountability. To address this, we propose MADEX, a multimodal attribute-based decision-explanation framework that extracts interpretable neuroimaging attributes using convolutional encoders and organizes them into hierarchical decision trees aligned with the WHO glioma classification structure. An adaptive modality exchange mechanism automatically compensates for artifact-corrupted sequences by drawing on complementary information from higher-quality modalities, and layer-wise Dempster-Shafer evidential fusion then combines modality-specific evidence with uncertainty quantification at each hierarchical level. Prototype constraints further enforce clinical consistency by aligning learned attributes with established diagnostic criteria. Evaluation on the BT-large-2c and BRaTS 2021 datasets shows that MADEX achieves classification accuracies of 89.7% and 87.3%, respectively, while offering superior interpretability through sparse attribute representations, in which just 10 features capture over 90% of the full model's performance. Visualization studies, insertion-deletion tests, and cross-dataset validation confirm that the learned explanations reflect genuine diagnostic features rather than spurious correlations. These properties, together with honest communication of uncertainty and close alignment with clinical reasoning workflows, position MADEX as a viable foundation for responsible AI deployment in neuro-oncological decision support.",Bao L; Khan S; Wang Y; Lv Y; Li X,,IEEE journal of biomedical and health informatics,2026-05-20,10.1109/jbhi.2026.3695364,3.0,visualization(abstract); visual(abstract); data(abstract),
42173021,The CSF sign - A potential biomarker in ophthalmic neuralgia? ,"Specific magnetic resonance imaging sequences are utilized in the visualization of the detailed morphology of neurovascular compression (NVC) in classic trigeminal neuralgia (TN). This study focuses on essential morphological parameters especially in the clinical involvement of the ophthalmic branch (V1) of the trigeminal nerve with examination of the cerebrospinal fluid ""CSF"" sign, which is a separation of trigeminal fascicles by a vessel. A total of 102 patients (mean age 65.5 ± 11.3 years; f/m: 72/30, 52 left-sided/ 50 right-sided symptoms) with TN were included into this analysis. Complete clinical and radiological data were available for all patients. The patient population was divided into two groups: patients with and without clinical V1 involvement. The occurrence of the CSF sign was analyzed in the high resolution T2 weighted imaging data. A chi²-test was applied for statistical evaluation of the correlation between the existence of a CSF sign and V1-involvement. There was a statistical significant correlation between the involvement of the V1-branch in TN and the existence of a CSF sign (p = 0.00043; chi²-test). There was a statistical significance for the occurence of TN in females (p = 0.0001; chi²-test). There was no statistical significance in the lateralization of neuralgic symptoms (p = 0.78; chi²-test). A 4.4 fold higher probability of a positive CSF sign was found in patients with V1-symptoms (odds ratio 4.36 for V1 and positive CSF sign). The Cramer V-test showed a medium effect size for the association of V1 positive symptoms and existent CSF sign with a value of 0,349 (∼0.1 weak, ∼0.3 medium, ∼0.5 strong). Our study demonstrates that there is a statistical significant correlation between the existence of a CSF sign and clinical involvement of ophthalmic branch of the trigeminal nerve in TN. We could herein show, that the CSF sign may act as a potential biomarker in V1 affection in TN.",Tanrikulu L; Bagias N; Dömer P; Woitzik J,"Department of Neurological Surgery, Carl von Ossietzky University Oldenburg, Universitätsmedizin Oldenburg, Oldenburg, Germany. Electronic address: Levent.tanrikulu@uni-oldenburg.de.",Clinical neurology and neurosurgery,2026-05-20,10.1016/j.clineuro.2026.109496,3.0,visualization(abstract); visual(abstract); data(abstract),
42152517,"DeepCYP: an integrated deep learning web server for the holistic ""pathway-site product"" prediction of CYP450 metabolism.","CYP450 (cytochrome P450)-mediated drug metabolism is a critical determinant of pharmacokinetics and clinical safety, making comprehensive metabolic profiling essential for rational drug discovery. Here, we present DeepCYP (https://deepcyp.scbdd.com), a freely accessible deep-learning web server for end-to-end CYP450 metabolic profiling. Trained on an expanded dataset and a mechanism-based reaction rule library, DeepCYP uses a multi-task graph neural network (GNN) combined with multi-scale descriptors. Operating directly on 2D molecular graphs, this architecture bridges the entire ""pathway-site-product"" continuum across nine major CYP isoforms (CYP1A2, CYP2A6, CYP2B6, CYP2C8, CYP2C9, CYP2C19, CYP2D6, CYP2E1, and CYP3A4) within a unified pipeline. Benchmarking demonstrates that DeepCYP outperforms established tools, including FAME3, SMARTCyp, and BioTransformer 3.0, improving Top-1 and Top-2 ranking metrics by over 10%. Furthermore, the server supports high-throughput batch processing, capable of evaluating ~280 molecules per minute. DeepCYP also enhances interpretability through an interactive visualization interface, featuring susceptibility radar charts and dynamic transformation tables. By translating abstract predictions into biological insights, DeepCYP provides a practical tool to accelerate lead optimization and mitigate toxicity risks.",Zhou Y; Yang S; Wang X; He Y; Tian Y; Yi J; Wang Y; Deng Y; Jiang D; Cao D,"Xiangya School of Pharmaceutical Sciences, Central South University, Changsha, Hunan 410013, China.",Nucleic acids research,2026-05-19,10.1093/nar/gkag478,3.0,visualization(abstract); visual(abstract); data(abstract),
42166724,Horizon Scanning for Medical Technologies: Methodological Framework Development Study of the Medical Innovation Scanning Techniques (MIST) Framework.,"<h4>Background</h4>Strategic foresight relies on horizon scanning to detect weak signals of innovation and anticipate disruption in fast-moving MedTech. While tools such as the Rumsfeld matrix and the Three Horizons model structure thinking about uncertainty and time, their application in MedTech is limited and insufficient for addressing the regulatory, technical, and evidential complexity of emerging or disruptive technologies. Regulatory frameworks provide stability through defined safety and performance pathways, but shifts and regional variability requirements complicate anticipatory assessment. These challenges expose methodological gaps in current practice: broad foresight frameworks lack the technical granularity, regulatory alignment, and systematic processes required for MedTech, where rapid innovation intensifies uncertainty. This paper presents a structured methodological framework to support systematic, reproducible, and decision-focused horizon scanning in MedTech.<h4>Objective</h4>The framework aims to (1) standardize methods for planning, execution, and reporting; (2) reduce uncertainty through systematic identification and interpretation of weak signals; and (3) improve transparency, quality, and comparability across policy, regulatory, clinical, and strategic contexts.<h4>Methods</h4>The framework was developed following the 3-step process by McMeekin et al. First, data were identified through a mapping review of MedTech futures and foresight methods, mapping UK health care decision-makers, and participating in national and international horizon scanning initiatives (2021-2025). Second, the framework was constructed by integrating the sources, methods, and insights with the principles of regulatory and technology readiness, supported by ongoing consultation with UK regulatory and health system bodies. Third, the framework is being applied and tested in MedTech horizon scanning projects. Formal validation and iterative revision are planned.<h4>Results</h4>The MedTech Innovation Scanning Techniques (MIST) framework integrates foresight theory, horizon scanning methods, and the MedTech innovation pathway, enabling systematic weak signal detection across 3 time horizons. In the imminent horizon (technology readiness level [TRL] 8-9), uncertainty is lowest, and weak signals are more visible, supported by rapid evidence synthesis and expert engagement. In the transitional horizon (TRL 4-7), uncertainty increases due to trial outcomes, funding, and market dynamics, requiring broader evidence sources and complementary techniques such as scenario analysis and bibliometrics. In the emerging horizon (TRL 1-3), weak signals are abundant but least predictable; early-stage data (patents, preclinical research, and conference outputs) are analyzed using methods such as term-similarity visualization to reveal nascent innovations. Across all horizons, MIST supports systematic signal identification, contextualization, and prioritization to inform anticipatory decision-making.<h4>Conclusions</h4>MedTech horizon scanning is challenging. MIST addresses these challenges by integrating the Three Horizons model, Rumsfeld matrix, technology pathways, regulatory considerations, and sources to guide weak signal detection. MIST provides a structured, transparent, and reproducible approach tailored to MedTech. While formal validation and integration of equity and ethical dimensions are ongoing, the framework fills a critical methodological gap in horizon scanning for MedTech.",Garcia Gonzalez-Moral S; Mkwashi A; Beyer FR; Craig D,"NIHR Innovation Observatory at Population Health Sciences Institute, Newcastle University, The Catalyst Room 3.12, 3 Science Square Newcastle Helix, Newcastle upon Tyne, England, NE4 5TG, United Kingdom, 44 0191-2082262.",Journal of medical Internet research,2026-05-21,10.2196/93166,3.0,visualization(abstract); visual(abstract); data(abstract),Information Retrieval; Evidence Synthesis; Horizon Scanning; Medical Innovation Scanning Techniques; Methods Framework
42176733,Combining Retropharyngeal and Endonasal Routes to Maximize Anterior Skull Base Exposure: A Feasibility and Quantitative Anatomical Study. ,"The anterior craniocervical junction (CCJ) and lower clivus (LC) are challenging regions in skull base surgery because of their depth and proximity to critical neurovascular structures. The simplified retropharyngeal submandibular approach (SRSMA) provides a direct route but has only been described up to C2. This study assessed whether the SRSMA can be safely extended cranially and evaluated the anatomical feasibility and quantitative advantages of combining it with an extended endoscopic endonasal approach (EEA). Ten embalmed, latex-injected cadaveric specimens underwent 30 dissections, including bilateral SRSMA and EEA. Surgical exposure, corridor depth, and horizontal angles of attack were measured with intraoperative neuronavigation. A customized 3D-printed tubular retractor was used to create a standardized operative corridor for the SRSMA. Morphometric data were statistically analyzed to compare exposure and surgical freedom among approaches. The SRSMA provided significantly wider exposure of the extracranial LC than the EEA (mean surgical area 35-46 cm2 vs 23 cm2, p < 0.001). The EEA offered better visualization of the foramen magnum. When combined, the 2 approaches provided complementary access to the ventral skull base without requiring drilling of the anterior arch of C1. A new retropharyngeal landmark, the Longus Capitis Tubercle, was consistently identified. The customized 3D-printed tubular retractor proved effective and reproducible for standardizing the operative corridor. The combined SRSMA-EEA strategy broadens ventral skull base exposure while preserving stability and minimizing invasiveness. This approach may be useful for selected lesions spanning regions beyond the reach of either route alone. Clinical validation is needed.",Angelini C; Obersnel M; De Bonis P; Rubio RR,"Neurosurgery Unit, Translational Medicine Department, University of Ferrara, Italy; Skull Base and Cerebrovascular Laboratory, University of California, San Francisco, California, USA.",World neurosurgery,2026-05-22,10.1016/j.wneu.2026.125068,3.0,visualization(abstract); visual(abstract); data(abstract),
42173140,"Enhancing Data Quality and Remote Accessibility in Clinical Trials: A SeroSelectTB Case Study in Ethiopia, Tanzania, and South Africa. ","Ensuring data quality and maintaining remote accessibility remain key challenges in clinical trials conducted in low-resource settings. Although several software platforms and digital tools attempt to address these challenges, no single, comprehensive solution adequately meets the complex demands of decentralized and intermittently connected trial environments. Consequently, context-specific tools must be developed and adapted to ensure reliable performance under such constraints. The aim of this study was to enhance data quality and enable uninterrupted participant randomization in settings with limited internet and electricity through the implementation of an automated Quality Control (QC) reporting system and an online and offline participant randomization application. A centralized automated QC reporting system was developed using a Python-based script, which was integrated with the Research Electronic Data Capture system to extract and process data, and generate a web-based monitoring dashboard, which displayed data summaries, recruitment charts, and flags on missing or inconsistent records. Thereafter, a mobile randomization application built with React Native was developed for online and offline participant randomization, employing block randomization to ensure balanced allocation between study arms and enrollment continuity. The automated QC system reduced data verification time from months to 1 hour, enabling real-time oversight and early error correction. The randomization application maintained balanced study arms and allowed uninterrupted participant enrollment during internet outages. These digital tools improved data completeness, reduced bias and human error, and increased trial efficiency across all study sites. Automation and offline functionality can significantly enhance data quality, efficiency, and integrity in clinical trials conducted in resource-constrained environments. The experience from this study demonstrates the value of combining automated QC and offline randomization tools to ensure robust and continuous study operations.",Najdov S; Arsov J; Davchev J; Assefa T; Bikombo J; Kajeguka D; Okunola A; Nwamba W; Josifoski A; Holm-Hansen C,"Aether Dynamics GmbH, Vienna, Austria.",Applied clinical informatics,2026-05-22,10.1055/a-2873-5092,2.8,"dashboard(abstract); data(title,abstract)",
42160467,Carbon Fiber Implants in Spine Surgery.,"» Traditional metallic implants used in spinal surgery, such as stainless steel, cobalt chrome, and titanium (Ti), can generate artifacts during magnetic resonance imaging and computed tomography, impeding visualization of the adjacent anatomy and impacting clinical decision-making. » Carbon fiber-reinforced polyether ether ketone (CFR-PEEK) spinal instrumentation is now commercially available. The reported benefits include minimal artifact with radiographic imaging while providing similar biomechanical properties when compared with traditional metallic implants. » CFR-PEEK may be beneficial, following spinal separation surgery, by allowing more precise delivery of high-dose therapeutic radiation (stereotactic body radiation therapy) to the remaining tumor margins and avoid overdosing of the spinal cord. » Long-term follow-up is needed to better understand the clinical durability of these newly available implants.",Abu-Alkebash MN; Crawford CH 3rd; Dimar JR 2nd; Glassman SD; Windhorst A; Carreon LY,"Norton Letherman Spine Center, Louisville, Kentucky.",JBJS reviews,2026-05-20,10.2106/jbjs.rvw.26.00026,2.5,visualization(abstract); visual(abstract),
42174369,Real-Time Detection of Colorectal Cancer Using Topical Application of a pH-Activatable Fluorophore. ,"Standard treatment for locally advanced rectal cancer involves neoadjuvant chemoradiation therapy (nCRT) followed by total mesorectal excision, but this approach carries significant morbidity and often results in incomplete resections owing to poor intraoperative tumor visualization. For patients with complete response to nCRT, a watch-and-wait (W&W) strategy can spare surgery, but current imaging techniques inadequately identify complete responders, leading to regrowth in ~ 30% of cases. To improve nCRT response assessment and guide resections, we developed PH10, a topically applied, pH-activatable near-infrared (NIR) fluorescent probe for rapid, tumor-specific imaging. PH10, a small-molecule cyanine analog, was tested in murine models and on human tumor specimens (n = 11). Fluorescence activation, tumor specificity, and tumor-to-background ratio (TBR) were evaluated in vivo and ex vivo within clinically relevant timeframes. PH10 enabled rapid and specific tumor visualization, achieving a median TBR of 3.2 within 1 min in vivo in murine models and 2.2 within 10 min ex vivo on human samples. The probe demonstrated high specificity for tumor tissue within the acidic tumor microenvironment without requiring systemic administration or prolonged incubation. PH10 is a promising, fast-acting topical NIR agent for real-time tumor detection during colorectal cancer endoscopy and surgery. Its simplicity and rapid kinetics support potential clinical translation. Moreover, its pH-activatable mechanism may extend its utility to other solid cancers with acidic microenvironments.",Linders DGJ; Ser J; Shamim M; Baibussunova A; Loggers JCJ; Noordam G; van den Burg D; van Acker GJD; Guicherit OR; Westerterp M; Kuppen PJK; Marinelli AWKS; Hilling DE; Peters EEM; Kashiwagi S; Henary M; Choi HS; Vahrmeijer AL,"Department of Surgery, Leiden University Medical Center, 2333 ZA, Leiden, The Netherlands.",Molecular diagnosis & therapy,2026-05-23,10.1007/s40291-026-00853-6,2.5,visualization(abstract); visual(abstract),
42159674,Cinematic rendering in pancreatic imaging: CT features and malignancy indicators of mucinous cystic neoplasms.,"Pancreatic mucinous cystic neoplasms (MCNs) are benign lesions with potential for malignant transformation. Accurate differentiation from other pancreatic cystic lesions remains challenging through conventional imaging modalities. Cinematic rendering (CR) is an advanced 3D computed tomography (CT) post-processing technique that generates photorealistic images with enhanced texture mapping and improved anatomical detail. It has not been previously discussed as a diagnostic tool for MCNs. Through added depth perception and tissue differentiation, CR complements conventional CT by enhancing visualization of morphology, internal components such as septations, calcification patterns, vascular involvement, and features suspicious of malignancy. It also helps with assessment of resectability and surgical planning by clearly highlighting vascular involvement. It is of note that further research is needed to quantify its added diagnostic value and optimize its role in clinical decisions in the evaluation of MCNs.",Rahmatullah ZF; Krueger S; Smith CW; Soyer P; Chu LC; Fishman EK,"Russell H. Morgan Department of Radiology and Radiological Science, Johns Hopkins University, Baltimore, USA. zrahmat3@jh.edu.",Abdominal radiology (New York),2026-05-20,10.1007/s00261-026-05568-0,2.5,visualization(abstract); visual(abstract),Pancreatic neoplasm; CT; Pancreatic Cyst; 3D Imaging; Pancreatic Mucinous Cystic Neoplasm; Mcn; Cinematic Rendering
42154842,The diagnostic value of fine-needle aspiration cytology in the early diagnosis of pulmonary cryptococcosis.,"Pulmonary cryptococcosis, an invasive fungal infection caused by Cryptococcus spp., is often misdiagnosed as tuberculosis or lung cancer due to overlapping clinical and radiological features, leading to treatment delays. In this descriptive study, we aim to characterize the diagnostic findings and clinical utility of fine-needle aspiration cytology (FNAC) in a series of patients with pulmonary cryptococcosis, within the context of other available diagnostic modalities. We retrospectively analyzed 10 patients with pulmonary cryptococcosis who underwent imaging-guided percutaneous lung aspiration. Wright-Giemsa-stained cytology smears were examined under oil immersion, enabling clear visualization of the characteristic morphological features of Cryptococcus. In this case series, FNAC provided a rapid cytological diagnosis within two hours in all 10 cases, consistent with the results obtained by metagenomic next-generation sequencing (mNGS) and serological testing. In contrast, conventional smear microscopy showed lower detection rates, and histopathology required longer processing times. The use of FNAC facilitated early diagnosis, enabling timely initiation of antifungal therapy and helping to avoid unnecessary surgical interventions. Our findings suggest that cytomorphological evaluation by FNAC is a rapid and valuable diagnostic tool in the early clinical management of pulmonary cryptococcosis, effectively complementing existing diagnostic methods.",Wang D; Wang N; Liu J; Zhao C; Xing X,"The Second Affiliated Hospital of Dalian Medical University, Department of Clinical Laboratory, Dalian, Liaoning, China.",Revista do Instituto de Medicina Tropical de Sao Paulo,2026-05-18,10.1590/s1678-9946202668033,2.5,visualization(abstract); visual(abstract),
42156732,Three in one fluorescent sensing and imaging of chemical warfare agents.,"Chemical warfare agents (CWAs) pose severe global threats due to their historical role in mass casualties and ongoing misuse, particularly blister, nerve, and blood agents. To address the urgent need for field-deployable detection tools, we develop TrioAlert, which, to the best of our knowledge, is the first fluorescent sensor capable of simultaneously detecting the blister agent sulfur mustard, the G-type nerve agent sarin, and the blood agent cyanide. The sensor employs an imidazole moiety for the recognition of sulfur mustard and sarin, while cyanide is detected through a reaction at the 4-position of the coumarin fluorophore. TrioAlert demonstrates a rapid response (within 90 s), high sensitivity (limits of detection: 58.5 nM for sulfur mustard, 46.2 nM for sarin, and 53.4 nM for cyanide), and distinct fluorescence and color changes. The detection performance of TrioAlert for the three chemical warfare agents remains stable in natural environmental matrices and across various temperatures. Furthermore, TrioAlert-loaded test strips enable smartphone-based qualitative and quantitative on-site analysis, with visual detection limits of 0.05 ppm for sulfur mustard, 0.01 ppm for sarin, and 5 ppm for cyanide. The sensor also enables the visualization of all three CWAs in live cells and mouse models. Notably, in vivo fluorescence changes precede pathological damage, with distinct fluorescence triggered at sub-pathological doses. This provides an early visual indication for trace CWA exposure. Furthermore, these fluorescence changes correlate with subsequent alterations in pathological biomarkers (P < 0.01), confirming the sensor's potential for clinical diagnosis. Our study demonstrates the on-site rapid quantitative detection of high-risk chemical warfare agents, thereby advancing the capability to prevent chemical threats and safeguard public health and security.",Liu J; Gong Y; Tan L; Cen J; Li M; Wang C; Zhao X; Sun M; Tan Q; Meng WQ,"Faculty of Naval Medicine, Naval Medical University, Shanghai, China.",Nature communications,2026-05-19,10.1038/s41467-026-73175-0,2.5,visualization(abstract); visual(abstract),
42162354,Prediction of mRECIST tumor response at firstfollow-up after DEB-TACE using a combined radiomics-clinical model and explainability methods.,"To investigate the value of preoperative enhanced computed tomography (CT) radiomics combined with clinical features in predicting the tumor response according to mRECIST of initial drug-eluting bead transarterial chemoembolization (DEB-TACE) in hepatocellular carcinoma (HCC) patients by utilizing the Shapley additive explanations (SHAP) algorithm for model interpretation. A retrospective analysis was conducted on 110 patients. Treatment response was evaluated using the modified Response Evaluation Criteria in Solid Tumors. Radiomic features were extracted from arterial phase computed tomography images and reduced using the least absolute shrinkage and selection operator. These features were combined with clinical indicators to construct predictive models, including logistic regression, naive Bayes, support vector machine, random forest, and XGBoost. The model performance was evaluated using the area under the curve, calibration curve, and decision curve. The combined model showed optimal predictive performance, with area under the curve values of 0.838 and 0.802 for the training and test sets, respectively, statistically outperforming the single models (DeLong test, P < 0.05).Furthermore, SHAP analysis revealed key predictors and their directional effects. Preoperative enhanced computed tomography radiomics combined with clinical indicators can effectively predict the initial tumor response to DEB-TACE. SHAP visualization analysis enhances interpretability and identifies key predictors, offering support for precise treatment and individualized decision-making.",Yang J; Hu Y; He X; Zhao Q; Wang J; Wang F; Shi Z; Liu H; Lü W; Cui L,"Department of Interventional Radiology, The Second Affiliated Hospital of Harbin Medical University, Harbin, China.",Clinical and experimental medicine,2026-05-21,10.1007/s10238-026-02177-5,2.5,visualization(abstract); visual(abstract),Hepatocellular carcinoma; Predictive model; Drug-eluting Bead Transarterial Chemoembolization; Radiomics
42159839,Real-Time Prediction of Lumbar Spine Stress and Displacement Using a Proof-of-Concept Digital Twin Biomechanical Model.,"<h4>Purpose</h4>To develop a proof-of-concept digital twin framework for real-time prediction and visualization of lumbar spine biomechanics in both native and surgically treated models and to numerically verify its fidelity against coupled MBD-FEA simulations.<h4>Methods</h4>A hybrid framework combining multibody dynamics (MBD) and finite element (FE) simulations with two sequential Kriging surrogate models was developed. Surrogate Model 1 predicted spinal loads from three-dimensional lumbar rotations; Surrogate Model 2 estimated von Mises stress and displacement from these loads for native and postoperative (TLIF + pedicle screw) spine models. Evaluation consisted of numerical verification against full-order MBD-FEA simulations and a plausibility check by benchmarking against literature-reported L4-L5 intradiscal pressure (IDP) ranges.<h4>Results</h4>For predefined compound 3-DOF (flexion/extension, lateral bending, and axial rotation) lumbar rotational motions, the mean absolute errors (MAEs) of nodal stress and displacement predicted by the digital twin relative to the coupled high-fidelity MBD-FEA outputs were ≤ 0.5% for the native spine and ≤ 0.2% for the postoperative spine. The L4-L5 IDP ranged from 108 to 513 kPa across all motions, indicating physiological levels overlapping with previously reported ranges (30-1530 kPa). However, the predicted values were lower than some reported maxima in flexion (approximately 1500 kPa).<h4>Conclusion</h4>This framework demonstrated strong predictive performance in terms of numerical agreement, indicating how faithfully the surrogate model reproduces the high-fidelity coupled MBD-FEA reference solutions, and presented a proof-of-concept pipeline capable of real-time execution and visualization. However, experimental and clinical validation of the accuracy of IMU-derived segment kinematics and in vivo biomechanical outputs should be performed in future work.",Hwang C; Kim J; Bae J; Lim D; Jang GW,"Department of Mechanical Engineering, Sejong University, 209, Neungdong-ro, Gwangjin-gu, Seoul, 05006, Republic of Korea.",Annals of biomedical engineering,2026-05-20,10.1007/s10439-026-04185-8,2.5,visualization(abstract); visual(abstract),Finite Element Analysis; Multibody Dynamics; Lumbar Spine Biomechanics; Digital Twin; Patient-specific Diagnosis
42172334,Bandgap-enabled ultrasound tissue marking by a biodegradable metastructured hydrogel implant. ,"Implantation of tissue markers within lesions is standard practice in breast cancer diagnosis and treatment, which provides critical guidance for regular follow-up and precise surgical localization. However, the identification of existing markers is limited by nonspecificity and low resolution of conventional ultrasound imaging. The use of rigid materials to compensate for this constraint has resulted in inadequate biodegradability and biocompatibility. Here, we propose a biodegradable metastructured hydrogel tissue marker with acoustic bandgaps enabling specific ultrasonic reflection spectra. Through frequency-to-color mapping on B-mode images, visualization is achieved, with scalable designs allowing multiple marker distinction. Deliverable via an 18-gauge puncture needle and featuring tissue-mimicking softness, the metagel marker mitigates displacement risks, tissue damage, and inflammation. Live pig experiments demonstrate clear identification and dynamic stability. Six-week rat studies confirm long-term marking ability and biocompatibility. These results support the metagel marker's clinical potential for breast cancer management and precise therapy.",Pan Z; Qin L; Gao B; Li N; Huang Y; Zhou Y; Zhou M; Huang Y; Chen J; Wang W; Lian Y; Cai Z; Tang H; Zang J,"School of Integrated Circuits and Wuhan National Laboratory for Optoelectronics, Huazhong University of Science and Technology, Wuhan, China.",Science advances,2026-05-22,10.1126/sciadv.aee4419,2.5,visualization(abstract); visual(abstract),
42149431,Evaluation of a bolus-tracking method based on a pitch-correction formula for lower-extremity CT angiography.,"To assess the clinical utility of a novel scan-timing protocol Pitch Optimized Bolus Tracking (POBT) for lower-extremity CT angiography (CTA). The POBT method individualizes the helical pitch on the basis of patient-specific cardiac output, thereby maximizing arterial enhancement and limiting venous contamination. In this retrospective study, 75 patients who underwent lower-extremity CTA were divided into two groups. The POBT group (n = 39) employed a patient-specific pitch factor derived from echocardiographic stroke volume and heart rate, whereas the conventional bolus-tracking (BT) group (n = 36) used a fixed pitch. Quantitative and qualitative evaluations of arterial and venous contrast enhancement were performed at predefined anatomical levels. Relative to the conventional BT group, the POBT group exhibited significantly greater distal arterial enhancement (median, 302 HU vs. 265 HU; p < 0.05) and substantially lower venous contamination (5.1% vs. 31%; p < 0.05). Arterial image quality was rated ""excellent"" more frequently in the POBT group, with pronounced suppression of venous overlap. Contrast-medium volume did not differ between groups. The POBT method improves diagnostic performance in lower-extremity CTA by adapting the helical pitch to individual hemodynamics, thereby enhancing distal arterial visualization and mitigating venous contamination without increasing patient dose or contrast load.",Abe R; Masuda T; Kurokawa H; Takechi Y,"Department of Radiology, Ehime Prefectural Niihama Hospital, 3-1-1 Hongo, Niihama, Ehime, 792-0042, Japan. tsmryota51@gmail.com.",Radiological physics and technology,2026-05-18,10.1007/s12194-026-01064-8,2.5,visualization(abstract); visual(abstract),Contrast Enhancement; Computed Tomography Angiography; Bolus Tracking; Scan Timing; Lower-extremity Arteries; Pitch Optimization
42154186,Automated GMP production and long-term experience in radiosynthesis of the SV2A tracer [&lt;sup&gt;11&lt;/sup&gt;C]UCB-J.,"<h4>Background</h4>Positron emission tomography (PET) is a non-invasive imaging technique that enables the quantification of specific biological and pharmacological processes in vivo. PET can be used to investigate synaptic density by targeting synaptic vesicle glycoprotein 2A (SV2A), and can measure brain levels of SV2A in patients with epilepsy and other neurologic, neurodegenerative, or psychiatric conditions that involve SV2A. The well-known radiotracer [<sup>11</sup>C]UCB-J ((R)-1-((3-[<sup>11</sup>C]methylpyridin-4-yl)methyl)-4-(3,4,5-trifluorophenyl)pyrrolidin-2-one) targets SV2A and thereby enables visualization of synaptic density in vivo.<h4>Results</h4>[<sup>11</sup>C]UCB-J synthesis was performed using [<sup>11</sup>C]methyl iodide ([<sup>11</sup>C]CH<sub>3</sub>I) produced with a commercial device. Here, we present an in-house-built device for [<sup>11</sup>C]UCB-J production from [<sup>11</sup>C]CH<sub>3</sub>I and a suitably treated boronated precursor. The whole radiosynthetic procedure was automated, and has now been in clinical production according to GMP for more than four years. We also address several issues encountered during the production process development and tracer utilisation.<h4>Conclusions</h4>The developed method enables robust [<sup>11</sup>C]UCB-J production, with a yield of 2.8 ± 0.6 GBq and molar activity of 150 ± 51 GBq/µmol (n = 56) at end of synthesis. The product fulfils all specifications set for a clinical tracer. GMP regulations and guidelines in all aspects of radiopharmaceutical preparation were followed. Although [<sup>11</sup>C]UCB-J production is challenging, good and reliable radiochemical yields can be obtained by using a carefully designed production protocol.",Wahlroos S; Krzyczmonik A; Helin S; Rajander J; Solin O; Kirjavainen AK,"Radiopharmaceutical Chemistry Laboratory, Turku PET Centre, University of Turku, Turku, Finland. saara.wahlroos@utu.fi.",EJNMMI radiopharmacy and chemistry,2026-05-19,10.1186/s41181-025-00377-0,2.5,visualization(abstract); visual(abstract),GMP; SPE; automation; Sv2a; Radiopharmaceutical; Carbon-11; Suzuki–miyaura Cross-coupling; Pet Radiochemistry; [11C]ucb-j; Radiohplc
42151466,"Microsurgery in mucosal advancement flap repair: a microscope-assisted, tissue-sparing approach for managing complex perianal fistulas within the IDEAL Stage 1 framework.","<h4>Background</h4>The management of complex perianal fistula remains challenging, requiring a balance between effective tract eradication and preservation of anal sphincter function. Despite multiple surgical options, recurrence rates and functional outcomes remain suboptimal. Microsurgical techniques, widely adopted in other surgical fields, may offer enhanced precision and tissue preservation. This study aims to describe the implementation of a microsurgical approach for complex perianal fistula within an IDEAL Stage 1 framework.<h4>Methods</h4>A prospective single-center case series was conducted including 10 highly selected patients with complex perianal fistula undergoing a microsurgical modification of the mucosal advancement flap technique. Inclusion criteria comprised patients with a single primary tract and prior seton drainage. The primary outcome was a composite of technical feasibility and safety within 30 days. Feasibility was defined as completion of the procedure using the microsurgical approach without conversion. Safety was assessed using the Clavien-Dindo classification and the Comprehensive Complication Index (CCI).<h4>Results</h4>All procedures (10/10) were successfully completed using the microsurgical approach without conversion to conventional surgery. The mean operative time ranged from 70 to 120 min, and the mean docking time was 4.6 min. Eight patients were managed as day-case procedures. One intraoperative adverse event occurred: a vasovagal episode during neuraxial anesthesia induction requiring conversion to general anesthesia (Clavien-Dindo grade II; CCI 20.9), which resolved without sequelae. No procedure-related or postoperative complications were recorded within 30 days. All prespecified success thresholds were met.<h4>Conclusions</h4>The application of a microsurgical approach to complex perianal fistula is technically feasible and appears safe in this initial IDEAL Stage 1 experience. The enhanced visualization and precision offered by microsurgery may support more controlled dissection and anatomical reconstruction; however, clinical benefits such as improved healing, reduced recurrence, or better functional outcomes were not assessed in this study. Further investigation in IDEAL Stage 2 studies is required to evaluate reproducibility, clinical effectiveness, and long-term outcomes.<h4>Clinical registry</h4>ClinicalTrials.gov identifier: NCT06484660.",Fernandez-Hurtado I; Pages-Valle N; Castro-Suarez M; Sarubbo MF; Baena-Bradaschia S; Cifuentes-Rodenas JA; Serra-Aracil X,"Coloproctology Unit, General and Digestive Surgery Department, Son Llatzer University Hospital, Carretera de Manacor, Km 4, 07198, Palma, Mallorca, Illes Balears, Spain. ifernandez@hsll.es.",Surgical endoscopy,2026-05-18,10.1007/s00464-026-12876-5,2.5,visualization(abstract); visual(abstract),Microsurgery; Surgical Innovation; Case series; Ideal framework; Mucosal advancement flap; Perianal fistula; Sphincter-preserving surgery
42171761,Dosimetric robustness of urethra sparing in ultrahypofractionated prostate SBRT using catheter-based motion tracking.,"<h4>Purpose</h4>In ultrahypofractionated prostate stereotactic body radiation therapy (SBRT), genitourinary toxicity is the primary concern. Urethra sparing is a strategy to mitigate potential negative effects of higher single doses to the urethra and bladder neck. We report on the dosimetric robustness of urethra sparing using a catheter-based real-time monitoring device to track both interfractional variability and intrafractional motion.<h4>Methods</h4>In 12 patients undergoing prostate ultrahypofractionated radiotherapy (UHFX), intrafractional prostate motion was monitored using a HypoCath catheter (Micropos Medical™, Gothenburg, Sweden), enabling urethra contouring on the planning CT and cone-beam (CB)CT images used for image-guided radiation therapy (IGRT). Dose coverage of both the urethra and the prostate clinical target volume (CTV) was calculated and compared between the planning CT and matched CBCTs. In addition, prostate motion was simulated and the cumulative dose coverage of prostate and urethra was calculated as a function of time.<h4>Results</h4>The deviation between the planned and delivered urethral dose strongly correlated with elapsed time. Variations in the urethral curvature between planning CT and CBCT had only a minimal effect on the dose distribution. The combined effects of deviations in the urethral shape and prostate movement resulted in a mean dose deviation of 76 cGy for the urethral D1 of all fractions and patients. The patient who experienced the greatest prostate motion showed an increase in urethral D1 of 1.94 Gy (+5.2%).<h4>Conclusion</h4>Urethra sparing is feasible and only marginally impaired by variations in urethral shape but is sensitive to longer treatment durations due to intrafractional movement. Direct visualization of the urethra is not essential for IGRT, but intrafractional motion control is recommended.",Berchtold J; Schichl M; Annon-Eberharter N; Messner IM; Gaisberger C; Röder F; Wolf F,"Dpt. of Radiation Oncology, Paracelsus Medical University of Salzburg, Müllner Hauptstraße 48, 5020, Salzburg, Austria.",Strahlentherapie und Onkologie : Organ der Deutschen Rontgengesellschaft ... [et al],2026-05-22,10.1007/s00066-026-02547-8,2.5,visualization(abstract); visual(abstract),Radiotherapy; Motion Management; Intrafraction Igrt; Raypilot Hypocath; Uhfx
42154166,Preliminary results of a prospective study on FAPi-PET for staging of locally advanced gastric cancer.,"Fibroblasts associated to carcinomas express fibroblast activation protein (FAP). FAP-targeted imaging with Positron Emission Tomography (PET) with <sup>68</sup>Ga-FAP inhibitors (FAPi-PET), is a pan-tumoral imaging that enables in-vivo visualization of the tumor stroma and detection of neoplastic foci in various cancers. The primary aim was to evaluate the diagnostic performance of FAPi-PET in detecting locally advanced gastric cancers (LAGC), including the evaluation of peritoneal disease (PD). Thirty consecutive patients with LAGC were included in this prospective study between Nov-2023 and Nov-2024 at the European Institute of Oncology in Milano. All patients had an indication to staging laparoscopy and underwent FAPi-PET within 1 week prior to surgery. Significant gastric expression of FAP (mean SUVmax 13,12 ± 5,9 SD) was detected in 29 FAPi-PET scans. The only GC without detectable gastric uptake was an early GC. The sensitivity of FAPi-PET for the identification of primary tumor was 96,7%. PD was suspected based on FAPi-PET imaging in 2 patients (mean SUVmax of 7.55 ±2.19 SD). At staging laparoscopy PD was observed in only 1 patient. Conversely, in 2 cases with a negative preoperative FAPi-PET, PD was observed during laparoscopy,. The accuracy of FAPi-PET for PD was 90% (sensitivity 33,3%, specificity 96,3%). FAPi-PET showed a high detection rate for LAGC, even in cases with diffuse histology. This technique appears to provide high specificity for PD. These promising preliminary findings, support further validation of FAPi-PET in upper-GI malignancies to evaluate its impact on clinical practice for staging and treating LAGC.",Romario UF; de Pascale S; Sileo A; Cella CA; Farulla LSMA; Bertani E; Fazio N; Gervaso L; Mattana F; Ceci F,"Digestive Surgery, European Institute of Oncology, IRCCS, Via Ripamonti 435, 20141, Milano, Italy.",Updates in surgery,2026-05-19,10.1007/s13304-026-02667-x,2.5,visualization(abstract); visual(abstract),Stomach neoplasms; Peritoneal Disease; Locally Advanced Gastric Cancer; Fapi-pet
42159796,Quality and educational value of youtube videos on inguinal hernia surgery: a cross-sectional study.,"<h4>Background and aim</h4>With the increasing use of digital platforms in surgical education, YouTube has become a widely accessible resource for trainees. However, the absence of peer review raises concerns regarding the reliability and educational value of its content. This study aimed to evaluate the educational quality, reliability, and instructional value of inguinal hernia repair videos on YouTube using multiple validated scoring systems.<h4>Materials and methods</h4>A systematic search was conducted on YouTube, and 50 videos meeting predefined inclusion criteria were analyzed. Videos were independently assessed by two blinded reviewers using the Global Quality Scale (GQS), Journal of the American Medical Association (JAMA) criteria, Video Power Index (VPI), Laparoscopic Video Educational Guidelines and Scoring (LAP-VEGaS), DISCERN, and Health on the Net (HONcode) criteria. Videos were also categorized according to their source.<h4>Results</h4>Of the 50 videos, 42% were uploaded by individual users and 36% by academic or institutional sources. Most videos demonstrated laparoscopic or robotic procedures. Median scores indicated moderate educational quality (GQS 3, JAMA 3, LAP-VEGaS 11). Videos categorized as originating from academic or institutional sources tended to achieve higher scores; however, these findings should be interpreted with caution. No significant correlation was found between video popularity (VPI) and educational quality.<h4>Conclusion</h4>YouTube provides a widely accessible but variable educational resource for inguinal hernia surgery, with overall moderate quality even among selected videos. Video popularity alone does not reliably indicate educational value. Instead, viewers may benefit from prioritizing videos with structured step-by-step narration, clear visualization of key anatomical landmarks, transparent source identification, and inclusion of complication management. While YouTube may support learning as a supplementary tool, it may not adequately replace structured surgical training.",Sayur V; Uc C; Baki B; Guler E; Sezer TO,"General Surgery Department, Ege University School of Medicine Hospital, Izmir, Turkey.",Hernia : the journal of hernias and abdominal wall surgery,2026-05-20,10.1007/s10029-026-03721-8,2.5,visualization(abstract); visual(abstract),Inguinal hernia; Quality assessment; Youtube; Surgical Education; Lap-vegas
42167479,Evaluation of Dentinal Microcrack Formation During Endodontic Microsurgery: A Micro-CT Evaluation of Piezoelectric Root Resection and Root-End Preparations with Ultrasonic Tips.,"<h4>Objectives</h4>Dentinal microcracks are frequently observed during endodontic microsurgery and are often considered unavoidable. Despite advances in surgical instrumentation, the influence of these technologies on microcrack formation remains unclear. Therefore, this study aimed to evaluate the prevalence and potential propagation of dentinal microcracks associated with piezoelectric root resection and zirconium nitride-coated ultrasonic root-end preparation.<h4>Methods</h4>Sixty extracted human maxillary incisors were randomly allocated into four groups (n = 15). Root resection was performed using either a Lindemann bur or a piezoelectric instrument, followed by root-end preparation with either a diamond-coated or zirconium nitride-coated ultrasonic tip. Micro-computed tomography scans were obtained preoperatively, after root resection, and following root-end preparation. Two calibrated examiners independently assessed microcrack number and type and recorded procedural time. Statistical analysis included Bonferroni-adjusted pairwise comparisons and chi-square testing.<h4>Results</h4>No statistically significant differences were found among groups in microcrack frequency (p = 0.783) or microcrack type (p = 0.407), and all detected microcracks were present preoperatively. Mean resection time was 10.8 seconds with the Lindemann bur and 67.09 seconds with the piezoelectric insert. Mean preparation time was 68.27 seconds using the diamond-coated tip and 15.83 seconds using the zirconium nitride-coated tip.<h4>Conclusions</h4>Piezoelectric instruments and zirconium nitride-coated ultrasonic tips did not significantly influence dentinal microcrack formation or propagation compared with conventional techniques, although notable differences in procedural efficiency were observed.<h4>Clinical significance</h4>This study highlights how contemporary endodontic microsurgical techniques influence both dentinal integrity and procedural efficiency. While some approaches may require additional operative time, they may also offer advantages in surgical control and visualization.",Lynn M; Ravenel T; Emecen-Huja P; Eppes K,"Private Practice, 150 Professional Park Dr #100, Mooresville, NC 28117, USA.",Journal of dentistry,2026-05-20,10.1016/j.jdent.2026.106780,2.5,visualization(abstract); visual(abstract),Apicoectomy; Micro-ct; Piezoelectric Surgery; Endodontic Microsurgery; Dentinal Microcracks; Zirconium Nitride; Root-end Resection
42158044,Lacrimal Intubation in the Management of Congenital Nasolacrimal Duct Obstruction: A Prospective Comparative Study.,"<h4>Background</h4>Congenital nasolacrimal duct obstruction (CNLDO) is a common cause of epiphora in children. Lacrimal intubation is often performed when probing fails, but the optimal approach remains debated. This study compared the outcomes of nasal endoscopy-guided and blind closed lacrimal intubation in pediatric patients with CNLDO.<h4>Methods</h4>This prospective comparative study (single-center retrospectively registered) was conducted on 63 eyes of 39 children under 16 years. Participants were randomly assigned to blind closed intubation (<i>n</i> = 31) or nasal endoscopy-guided intubation (<i>n</i> = 32). Outcomes included operative time, epiphora score, fluorescein dye disappearance test (FDDT), complications, and patient satisfaction.<h4>Results</h4>Operation time was significantly lower in the nasal endoscopy-guided group than that in the closed group (<i>p</i> < 0.001). Epiphora score, FDDT, postoperative complications, and satisfaction were comparable. Cut tube occurred in 3.23% of the blind group versus 3.45% of the nasal endoscopy-guided group, while cheese-wiring and persistent tube were observed in 3.23% and 6.9% of the blind cases compared with 6.9% and 6.9% of the nasal endoscopy-guided cases, respectively. Prominent tube and postoperative lacrimation were noted only in the nasal endoscopy-guided group (13.79% and 6.9%), whereas dacryocystitis and recurrence were confined to the blind group (6.45% and 12.9%). Regarding satisfaction, high satisfaction was reported in 70.97% of the blind group versus 59.38% of the nasal endoscopy-guided group, moderate satisfaction in 12.9% versus 31.25%, and no satisfaction in 16.13% versus 9.38%, respectively.<h4>Conclusions</h4>Both blind and endoscopic lacrimal intubation achieved high success rates in children with CNLDO. The nasal endoscopy-guided technique shortened operative time and offered better visualization, but overall outcomes and satisfaction were comparable. <b>Trial Registration:</b> Pan African Clinical Trials Registry (PACTR): PACTR202510699342440.",Rashdan HT; Korishy MSH; Mahmoud H; Sinjab AAA; Awny I,"Ophthalmology Department, Sohag University, Sohag, Egypt, sohag-univ.edu.eg.",Journal of ophthalmology,2026-05-18,10.1155/joph/4709302,2.5,visualization(abstract); visual(abstract),Endoscopic; Congenital Nasolacrimal Duct Obstruction; Epiphora; Lacrimal Intubation
42163365,Clinical study of three internal fixation systems via transoral approach for motor function preservation in atlas fractures.,"<h4>Background</h4>This study aimed to compare the clinical outcomes of three distinct fixation systems- Jefferson Fracture Reduction Plate (JeRP), laminoplasty plates, and mini-reconstruction titanium plates-for treating atlas fractures via the transoral anterior approach.<h4>Methods</h4>A total of 76 patients who underwent single-segment transoral anterior fixation between January 2008 and June 2023 were retrospectively analyzed. Patients were stratified into three groups based on the fixation system used. Baseline characteristics, including fracture patterns, transverse ligament integrity, American Spinal Injury Association (ASIA) scores, and preoperative comorbidities, demonstrated no significant intergroup differences (P > 0.05), ensuring comparability. Outcomes evaluated included operative time, intraoperative blood loss, hospitalization duration, Visual Analog Scale (VAS) scores, Neck Disability Index (NDI), lateral mass displacement (LMD), and complications.<h4>Results</h4>All procedures were successfully completed. No wound dehiscence or surgical site infection was observed. At 1-year follow-up, all patients achieved bony union, near-complete pain resolution, and preserved cervical mobility. The JeRP plate group exhibited significantly longer operative duration and higher blood loss compared to the laminoplasty and mini-reconstruction titanium plate groups. Hospitalization durations were comparable across groups. Postoperative LMD, VAS and NDI reductions were significant in all groups (P < 0.05), with no intergroup differences. Complications included screw loosening and accidental screw placement into the occipitoatlantal joint (JeRP group, n = 2) and transient pharyngeal discomfort (mini-reconstruction titanium plate group, n = 1). Four patients with Dickman Type Ⅰ transverse ligament injuries exhibited asymptomatic atlantoaxial instability but required no intervention (JeRP group, n = 2; mini-reconstruction titanium plate group, n = 1; the laminoplasty plate group, n = 1) .<h4>Conclusion</h4>Transoral anterior single-segment fixation effectively stabilizes atlas fractures while preserving occipital-atlas and atlantoaxial mobility. While all three systems achieved comparable clinical outcomes, laminoplasty and mini-reconstruction titanium plates demonstrated superior operative efficiency. Surgeons should prioritize low-profile implants to optimize visualization and simplify placement. Strict patient selection-particularly excluding Dickman Type I ligament injuries-is critical to ensuring long-term stability.",He Y; Chen H; Gu H; Liu Y; Liang Z; Ma X; Wang J; Zhang K; Tu Q,"First School of Clinical Medicine, Southern Medical University, Guangzhou, Guangdong, China.",Journal of orthopaedic surgery and research,2026-05-20,10.1186/s13018-026-06960-8,2.5,visualization(abstract); visual(abstract),Transoral Approach; Atlas Fracture; Anterior Fixation; Unstable Fractures; C1-ring Osteosynthesis; Lateral Mass Displacement
42156162,Research Trends and Hotspots of Collateral Circulation in Acute Ischemic Stroke: A Bibliometric Analysis.,"IntroductionCollateral circulation is a critical determinant of outcomes in acute ischemic stroke (AIS). This bibliometric analysis evaluates research trends and future directions on this topic.MethodsA systematic search was conducted in the Web of Science Core Collection to identify publications on AIS and collateral circulation between 1981 and 2025. Bibliometric analysis and visualization were performed using VOSviewer, CiteSpace, and the R package ""bibliometric.""ResultsThe analysis included 482 publications. China was the most productive countries, leading in publication volume (642). The University of California System emerged as top contributing institutions. <i>Stroke</i> was the most influential journals in terms of H-index (33), TP (53), and TC (3796). David S. Liebeskind and Gregory W. Albers were identified as leading authors. Keyword co-occurrence and cluster analysis revealed four main thematic areas: imaging and diagnostic assessment, treatment strategies, prognosis and outcome prediction, and pathophysiological mechanisms and hemodynamics. In addition, burst keyword analysis showed that terms like ""large vessel occlusion"", ""score"", ""management"", and ""endovascular thrombectomy"" remained active through 2025.ConclusionResearch on collateral circulation in AIS has evolved from exploring basic mechanisms to focusing on clinical applications. The current landscape integrates imaging-based collateral assessment with treatment decisions and prognosis to guide precise endovascular therapy. Future research will likely concentrate on collateral-guided precision treatment, imaging scores, and strategies for extending the therapeutic window. This study provides a comprehensive overview and valuable insights for researchers.",Wang P; Chen Y,"Department of Neurology, The Second Affiliated Hospital of Chongqing Medical University, Chongqing, China.",Clinical and applied thrombosis/hemostasis : official journal of the International Academy of Clinical and Applied Thrombosis/Hemostasis,2026-05-19,10.1177/10760296251414425,2.5,visualization(abstract); visual(abstract),Collateral circulation; Acute Ischemic Stroke; Vosviewer; Bibliometric Analysis; Citespace
