pmid,title,abstract,authors,first_author_affiliation,journal,pub_date,doi,score,matched_keywords,api_keywords
42286586,Development and evaluation of a clinical dashboard for nephrology inpatients: a pilot study.,"<h4>Introduction</h4>Kidney disease imposes a significant burden on healthcare systems due to high complications, mortality, and costs. Effective management requires regular monitoring, which electronic information systems can support. Clinical dashboards visualize critical data and key performance indicators (KPIs) in real-time to aid decision-making. This study aimed to design, develop, and evaluate a clinical dashboard for inpatient nephrology care in Iran.<h4>Methods</h4>This multi-phase developmental study (2022-2023) was conducted in the Nephrology and Kidney Transplantation Department at Imam Khomeini Hospital, Urmia. A two-stage Delphi process with 25 nephrologists identified KPIs. Conceptual and logical models were designed, followed by dashboard development using Laravel, MySQL, and Android Studio (with barcode integration). Usability was evaluated by 10 experts using a Nielsen-based questionnaire, and system success was assessed by 40 clinical staff after a three-month pilot using the DeLone & McLean model.<h4>Results</h4>The Delphi yielded 58 KPIs categorized into demographic, medical history, clinical/laboratory, and discharge groups. The highest consensus was on electrolytes (4.88 ± 0.33) and vital signs/blood pressure. Usability evaluation showed acceptable scores in most Nielsen principles (e.g., high in visibility and aesthetic design), though orientation was lower and subsequently improved. End-user evaluation indicated high system quality, information quality, user satisfaction, and perceived net benefits.<h4>Conclusion</h4>The dashboard demonstrated acceptable usability and success in a pilot setting, with clear visualizations, barcode-enabled bedside access, and categorized KPIs, providing a platform with the potential to support real-time monitoring and clinical decision-making in nephrology.",Rouhani N; Makhdoomi K; Nourani A; Jebraeily M; Rahimi B,"Student Research Committee, Urmia University of Medical Sciences, Urmia, Iran.",BMC medical informatics and decision making,2026-06-12,10.1186/s12911-026-03629-4,9.9,"visualization(abstract); dashboard(kw,title,abstract); visual(abstract); data(abstract)",information technology; Kidney Disease; Nephrology; Clinical Management; Dashboard
42276543,"An Informatics Approach to Enhance Care for Childhood, Adolescent and Young Adult Cancer Survivors Through Population Health Management.","IntroductionAdolescent and young adult (AYA) cancer survivors are at significant risk for late treatment-related effects yet face challenges when transitioning to survivorship-focused care and longitudinal follow-up. Population-level tools in the electronic health record (EHR) offer a pragmatic approach to track patients and optimize care.MethodsThe Seattle Children's Hospital Cancer Survivor Program created a population health management system, using tools embedded within the EHR, based on a validated registry of AYA survivors. We developed a dynamic dashboard to make care gaps visible survivorship care, provide exposure-based pulmonary and cardiac toxicity surveillance, and support transition to adult care. We also built reports to facilitate real-world data analysis of the transition to survivorship care and longitudinal follow-up in a retrospective cohort of AYA survivors. We analyzed data from the cohort to explore subgroup differences in survivorship care.ResultsAmong survivors who finished treatment between January 1, 2021, and April 30, 2022 (n=220), 47% completed a long-term follow-up visit. There were no differences in the likelihood of follow-up based on age categories (p=0.36). For survivors with established long-term follow-up (n=743), 76% received longitudinal care. Compared with children, adolescent survivors (OR 0.51, 95% CI 0.29-0.9), emerging young adults (OR 0.39, 95% CI 0.24-0.63), and young adults (OR 0.10, 95% CI 0.05-0.18) were less likely to have a survivorship visit in the preceding 30 months. This difference was attenuated when analysis was restricted to survivors <22 years old and adjustment for years off therapy, with OR of 0.67 (95%CI 0.37-1.21) and 0.82 (0.45-1.50) among AYAs compared to children as the referent group.ConclusionAn EHR embedded population health platform represents a feasible approach to measure longitudinal follow-up care and transitions among AYA survivors. Clinical informatics tools have the potential to drive innovation and enhance evidence-based, guideline-concordant care to mitigate late effects in this population.",Noyd DH; Coons L; Bank JD; Larimer E; Garson G; Aliferakis V; Giovannetti T; Villavicencio C; Lin YH; Leu MG; Chow EJ; Heike CL,"Ben Towne Center for Childhood Cancer and Blood Disorders Research and the Department of Pediatrics, Seattle Children's Hospital, University of Washington, Seattle, WA, USA.",Cancer control : journal of the Moffitt Cancer Center,2026-06-11,10.1177/10732748261460117,8.1,"dashboard(abstract); data(abstract); informatics(kw,title,abstract); electronic health record(abstract)","Childhood; Population Health; survivorship; Late Effects; Adolescent, And Young Adult Cancer; Clinical Cancer Informatics"
42283434,An Interactive Digital Dashboard for Patient Monitoring and Management in a Continuity of Care Centre: Development and Preliminary Usability Evaluation Study.,"<h4>Background</h4>Clinical dashboards are becoming important tools for managing and monitoring hospitalized patients across different wards. Moreover, careful attention to design, usability, and user interaction is essential for developing effective support tools for clinicians.<h4>Objective</h4>This study aimed to describe the development, implementation, and preliminary evaluation of an interactive dashboard for patient monitoring and management in the Continuity of Care Centre (CCC).<h4>Methods</h4>We developed a dashboard according to clinicians' requests and the daily workflow of case managers. First, a CCC Data Mart was created to collect all patients' information automatically extracted from the hospital's data warehouse. However, case managers had the possibility to enter additional patient information in the dashboard using a dedicated form. Moreover, CCC physicians, nurses, and administrative staff were surveyed using 2 validated questionnaires, the System Usability Scale and the Questionnaire for User Interaction Satisfaction. The Situation Awareness Index was proposed to evaluate user awareness and task efficiency.<h4>Results</h4>The first version of the CCC dashboard presented 4 panels with different types of information, both on the individual patient and on metrics related to the overall patient population. The first panel focused on patients' data, such as demographic factors, admission, transfer, discharge wards (and their dates), etc. The importance of this panel was the possibility of viewing information collected from different sources within a single interface. The other 3 panels displayed different key performance indicators for the overall patient population and presented data both in the form of tables in the second panel and graphs in the third and fourth panels. After 3 months of daily use, a total of 15 participants, 10 nurses, 2 administrative staff members, and 3 physicians, were recruited for the dashboard evaluation. The average System Usability Scale score of the dashboard was 61.5 (SD 15.7) points, which indicates ""OK to good"" usability, and the median score obtained with the Questionnaire for User Interaction Satisfaction was 5.77 (IQR 4-7), with the highest results in usability (mean 6.33, SD 0) and learning (mean 6.01, SD 0.39). The overall Situation Awareness Index score was 4 points, with the highest score in ""familiarity of dashboard"" (mean 4.73, SD 1.66 points) and ""arousal support"" (mean 4.6, SD 1.8 points).<h4>Conclusions</h4>We developed an interactive dashboard for patient monitoring and management, with positive evaluations from users across different questionnaires.",Dachena C; Gatta R; Franceschini L; Del Vicario MA; Serra ML; Acampora N; Marchetti A; Arcuri G; Patarnello S; Masciocchi C; Onder G; Landi F; Barillaro C,"UOS Data Science - Gemelli Generator RWD, Fondazione Policlinico Universitario Agostino Gemelli IRCCS, Rome, Italy.",JMIR formative research,2026-06-12,10.2196/81480,7.4,"dashboard(kw,title,abstract); data(abstract)",Health Information Technology; Sai; Sus; System Usability Scale; Clinical Dashboard; Quis; Questionnaire For User Interaction Satisfaction; Situation Awareness Index; Continuity Of Care Center
42272141,PEPRVision: a visualization framework for Pharmacoepidemiology research.,"Medical chart review is commonly used in epidemiologic research to evaluate health outcomes, refine measurement algorithms, and identify potential study biases. In pharmacoepidemiologic research, administrative claims and other structured healthcare databases provide longitudinal detail suitable for similar purposes but are typically presented in tabular formats that are cumbersome to interpret. This study introduces PEPRVision, a visualization framework that transforms structured longitudinal healthcare data into intuitive graphics to support patient profile review in pharmacoepidemiology research. PEPRVision was developed based on principles of preattentive visual processing, leveraging visual attributes such as color, spatial position, shape, and length to facilitate rapid pattern recognition. We demonstrated PEPRVision using US administrative claims data through four case studies: (1) evaluating a claims-based algorithm for measurement of congenital hearing loss, (2) enhancing study design decisions by identifying reverse causation in a drug safety study, (3) assessing the face validity of signals of potential teratogenicity detected through data mining for triage for advancement to causal inference studies, and (4) identifying mechanisms of inappropriate prenatal exposure to teratogenic medications to inform improvement of risk mitigation strategies. As a complement to population-based causal inference studies, PEPRVision facilitates review of patient-level variation, enhancing the validity and clinical relevance of pharmacoepidemiologic research.",Wang Y; Chen HK; Wen W; Cole DV; Maro JC; Rosales AN; Rasmussen SA; Winterstein AG,"Department of Pharmaceutical Outcomes and Policy, University of Florida, Gainesville, FL 32611, United States.",American journal of epidemiology,2026-06-11,10.1093/aje/kwag121,7.0,"visualization(title,abstract); visual(title,abstract); data(abstract)",Phenotyping; Observational Studies; Pharmacoepidemiology; Chart Review; Algorithm Validation; Patient Episode Profile Retrieval (Pepr)
42259699,"High-dose metoclopramide versus placebo for gastroduodenal visualization during endoscopy in patients with acute upper gastrointestinal bleeding. A triple-blind, randomized clinical trial.","<h4>Introduction and aims</h4>The usefulness of metoclopramide for improving endoscopic visualization in upper gastrointestinal bleeding (UGIB) is controversial. Our primary aim was to evaluate the utility of metoclopramide 20 mg/IV for endoscopic visualization in UGIB of ≤ 24 h. The need for a repeat endoscopy and length of hospital stay were also analyzed.<h4>Materials and methods</h4>Patients were randomized 1:1 to receive placebo (group A) or metoclopramide 20 mg/IV (group B) and undergo endoscopy 30-120 min later. Demographics, etiology, and hospital stay were evaluated. The percentage of gastroduodenal visualization was assessed through the modified Avgerinos score. A blinded, experienced endoscopist reviewed the endoscopic recordings.<h4>Results</h4>Fifty patients, 27 men and 23 women, were included. Mean patient age was 60 years, and each group was made up of 25 patients. The time from admission to endoscopy in group A was 14:21 h (SD ± 5.35) and 14:54 h (SD ± 5.83) in group B (p = 0.83). The modified Avgerinos score was 7.00 (5.00-8.00) in group A and 7.00 (6.50-8.00) in group B (p = 0.282). The difference in the modified Avgerinos score was not statistically significant in the patients with variceal and ulcerous etiologies (p = 0.705 and p = 0.721, respectively). A repeat endoscopy was required in 3 group A patients and 4 group B patients (p = 0.684). Hospital stay for group A was 7.0 days (SD ± 3.08) and 7.32 days (SD ± 4.31) for group B (p = 0.764).<h4>Conclusions</h4>Metoclopramide 20 mg/IV before endoscopy did not improve endoscopic visualization, the need for a repeat endoscopy, or length of hospital stay in patients with UGIB.",Herrera-Elizondo JL; Jiménez-Castillo RA; García-Compeán D; Jaquez-Quintana JO; Cortez-Hernández CA; González-Martínez CE; Maldonado-Garza HJ; Garza-Galindo A; Campos-Galván J; González-González JA,"Departamento de Medicina Interna y Servicio de Gastroenterología, Facultad de Medicina y Hospital Universitario ""Dr. José Eleuterio González"", Universidad Autónoma de Nuevo León, Monterrey, Mexico.",Revista de gastroenterologia de Mexico (English),2026-06-08,10.1016/j.rgmxen.2026.05.005,6.5,"visualization(title,abstract); visual(title,abstract)",Endoscopy; peptic ulcer; Esophageal Varices; Gastrointestinal Bleeding; Metoclopramide; Endoscopia; Úlcera Péptica; Hemorragia Gastrointestinal; Metoclopramida; Várices Esofágicas
42260021,Prediction of avatrombopag-induced thrombocytosis in pediatric immune thrombocytopenia: an AI-based real-world study.,"Avatrombopag (AVA), an oral thrombopoietin receptor agonist (TPO-RA), has demonstrated favorable efficacy in the treatment of pediatric immune thrombocytopenia (ITP). However, treatment-related thrombocytosis represents a clinically relevant adverse event that may compromise treatment safety and continuity. Currently, no validated tools are available to predict the risk of AVA-induced thrombocytosis before treatment initiation. In this real-world study, we aimed to develop and validate a predictive model for AVA-associated thrombocytosis in children with ITP. A total of 74 pediatric patients treated with AVA at the Hematology-Oncology Center of Beijing Children's Hospital between July 2021 and January 2024 were included. We compared the proposed model with established classical machine learning baselines, including Logistic Regression (LR), Support Vector Machine (SVM), Multilayer Perceptron (MLP), Random Forest (RF), and XGBoost, as well as state-of-the-art deep learning models for tabular data, including TabPFN, FT-Transformer, and HyperTab. Among the evaluated models, the FT-Transformer achieved the best performance, with an accuracy of 0.785 ± 0.023 and an area under the receiver operating characteristic curve (AUC) of 0.851 ± 0.021. Model interpretability was enhanced using Shapley Additive Explanations (SHAP), enabling visualization of individual feature contributions to thrombocytosis risk. This AI-driven prediction model, grounded in real-world clinical data, demonstrates robust predictive performance and offers clinically interpretable insights. It provides a reliable reference for individualized risk assessment and supports safer, more precise use of AVA in pediatric ITP management.",Lin X; Wang Y; Zhu Y; Wang N; Liu J; Wang Z; Hu Y; Dong S; Chen H; Meng J; Ma J; Chen Z; Zhang W; Tang Y; Wu R; Cheng X,"Hematology Department, Beijing Children's Hospital, Capital Medical University, National Center for Children's Health, Beijing, 100045, China.",Annals of hematology,2026-06-09,10.1007/s00277-026-07086-x,6.0,"visualization(abstract); visual(abstract); machine learning(kw,abstract); data(abstract)",Idiopathic; Thrombocytosis; Machine Learning; purpura; Thrombocytopenic; Avatrombopag
42285862,New Frontiers of Skin Ultrasound in Precision Medicine.,"Ultrasound has emerged as a versatile, non-invasive imaging technique in dermatology, offering real-time, high-resolution visualization of cutaneous structures. By employing high- and ultra-high-frequency probes, skin ultrasound enables detailed assessment of the epidermis, dermis, and subcutaneous tissue, while Doppler modalities provide complementary information on vascularity. This review synthesizes current evidence on the role of ultrasound across the spectrum of dermatologic conditions, including malignant and benign tumors, inflammatory skin disorders, connective tissue diseases, and cosmetic interventions. In skin cancer, high-frequency ultrasound supports preoperative planning by estimating lesion depth, margins, and risk stratification, with particular value in basal cell carcinoma, squamous cell carcinoma, and melanoma. In benign tumors such as epidermal cysts and lipomas, sonographic features help avoid unnecessary invasive procedures. Ultrasound also refines disease staging and monitoring in chronic inflammatory dermatoses, notably hidradenitis suppurativa, psoriasis and psoriatic arthritis, while enabling quantification of fibrotic involvement in systemic sclerosis and morphea, besides assessing the degree of inflammatory activity. Beyond clinical dermatology, ultrasound provides critical guidance in aesthetic medicine, enhancing the safety and precision of filler injections and facilitating early detection and management of complications. Recent advances include integration with dermoscopy, and artificial intelligence for automated disease classification, which promise to reduce operator dependency and improve reproducibility. Taken together, these findings highlight the pivotal role of skin ultrasound as a diagnostic and therapeutic tool with a growing range of applications in dermatological and cosmetic practice.",Tiu D; Wortsman X; Scurtu LG; Simionescu O,"Faculty of Medicine, ""Carol Davila"" University of Medicine and Pharmacy, Bucharest, Romania.; Department of Dermatology I, Colentina Clinical Hospital, Bucharest, Romania.",Ultrasound in medicine & biology,2026-06-12,10.1016/j.ultrasmedbio.2026.05.015,5.5,"visualization(abstract); visual(abstract); artificial intelligence(kw,abstract)",Melanoma; Artificial intelligence; High-frequency ultrasound; Basal Cell Carcinoma; Systemic Sclerosis; Skin Cancer; Filler; Hidradenitis Suppurativa; Morphea
42275679,Bibliometric and visual analysis: A comprehensive tracking of global research trends on ablation and tumor immune microenvironment from 2016 to 2025.,"<h4>Objective</h4>This study aims to gain an understanding the relationship between ablation and the tumor immune microenvironment. A bibliometric and visual analysis was conducted on relevant researches in this field over the past decade.<h4>Materials and methods</h4>As of February 21, 2026, the research team conducted a literature search using the Web of Science Core Collection (WoSCC) database. Two researchers independently carried out the search. After screening, a total of 5328 papers were selected for analysis. Citespace 6.4.R1, VOSviewer 1.6.18, and Bibliomatrix R software were used for bibliometric analysis and visualization.<h4>Results</h4>An analysis of research on ablation and the tumor immune microenvironment from 2016 to 2025 shows that China leads the world in the number of published articles and has extensive international cooperation. Chinese research authors, highly cited articles, and research institutions have all performed outstandingly. The study also reviewed the literature on the synergistic effects of ablation and immunotherapy, indicating the dynamic changes in research hotspots in this field.<h4>Conclusion</h4>The combination of immunotherapy and ablation is expected to become an effective treatment method for tumors. Ablation has evolved from local destruction to a core tumor treatment strategy that reshapes the immune microenvironment, and its combination with immunotherapy further demonstrates tremendous translational potential and clear clinical value.",Meng S; Li J; Cao F; Niu H,"Qilu Hospital (Qingdao), Cheeloo College of Medicine, Shandong University, 758 Hefei Road, Qingdao, Shandong 266035, PR China.",Translational oncology,2026-06-10,10.1016/j.tranon.2026.102855,4.6,"visualization(abstract); visual(title,abstract); data(abstract)",Immunotherapy; Ablation; bibliometrics; Web Of Science; Tumor Immune Microenvironment
42286529,Comparison of 5.0T and 3.0T time-of-flight MR angiography for visualizing the anterior choroidal artery.,"<h4>Background</h4>This study aimed to compare the image quality of 5.0T and 3.0T time-of-flight (TOF) magnetic resonance angiography (MRA) for visualization of the anterior choroidal artery (AChA).<h4>Methods</h4>This retrospective study included patients who underwent both 3.0T and 5.0T TOF-MRA within a 48-hour interval. Objective image quality was assessed using signal-to-noise ratio (SNR) and contrast-to-noise ratio (CNR). Subjective image quality was independently evaluated by two radiologists using segment-based AChA visibility scores, and quantitative measurements of vessel length and diameter were obtained.<h4>Results</h4>A total of 42 patients who underwent both 3.0T and 5.0T TOF-MRA were included in the paired analysis. Compared with 3.0T imaging, 5.0T TOF-MRA demonstrated significantly higher objective image quality, with increased signal-to-noise ratio (93 ± 5 vs. 65 ± 3) and contrast-to-noise ratio (75 ± 6 vs. 52 ± 4) (both P < 0.001). Subjective analysis showed significantly higher visibility scores for distal anterior choroidal artery segments on 5.0T imaging, particularly for the A2 (P = 0.007) and A3 (P < 0.001) segments. Paired morphological measurements further demonstrated greater apparent AChA length (left: 24.4 ± 7.3 mm vs. 18.7 ± 9.2 mm; P < 0.001) and diameter (left: 1.1 mm (1.0-1.2) vs. 0.9 mm (0.7-1.1); P < 0.001) on 5.0T TOF-MRA compared with 3.0T imaging.<h4>Conclusions</h4>5.0T TOF-MRA improved visualization of the AChA, particularly its distal segments, compared with 3.0T imaging; further studies are needed to clarify its clinical implications.<h4>Clinical trial number</h4>Not applicable.",Li Z; Shang M; Fu M; Wang Z; Yin L; Yu D; Gan J,"Department of Radiology, Shandong Provincial Third Hospital, Shandong University, Jinan, China.",BMC neurology,2026-06-12,10.1186/s12883-026-05019-9,4.1,"visualization(abstract); visual(title,abstract)",Cerebral arteries; Magnetic resonance angiography; Image Quality; Anterior Choroidal Artery
42268765,Robust Semi-Supervised CT Radiomics for Lung Cancer Prognosis: Cost-Effective Learning with Limited Labels and SHAP Interpretation.,"<h4>Objective</h4>Computed tomography (CT) imaging is essential for lung cancer (LCa) management, while offering detailed visualization and valuable information for Artificial Intelligence-guided prognosis. Meanwhile, supervised learning (SL) models require extensive labeled data, limiting their real-world utility where annotations are scarce.<h4>Methods</h4>We analyzed CT scans from 977 patients across 12 public/private datasets, extracting 1,218 radiomics features using Laplacian of Gaussian and wavelet filters via standardized PyRadiomics. Dimensionality was reduced using 56 feature selection and attribute extraction algorithms, and 27 classifiers were benchmarked. Semi-supervised learning (SSL) framework with pseudo-labeling utilized 478 unlabeled and 499 labeled cases. Model sensitivity was assessed in three scenarios: varying labeled data in SL, increasing unlabeled data in SSL, and jointly scaling both from 10% to 100%. SHapley Additive exPlanations analysis (SHAP)analysis explained and interpreted the top model predictions. Five-fold cross-validation and external testing (in two cohorts) were performed.<h4>Results</h4>SSL outperformed SL across all metrics, improving overall survival prediction by up to 17%. The top SSL model (Feature Importance by Random Forest+XGBoost) achieved 0.90±0.01 accuracy in cross-validation and 0.88±0.01 externally. SHAP revealed enhanced feature discriminability in SSL and SL, particularly for class 1 (survival>4 years), and helped explain model decisions. SSL maintained strong performance even with only 10% labeled data. Both SSL-based scenarios demonstrated more stable performance compared to SL, with lower variance across external testing, emphasizing SSL's robustness and cost-efficiency.<h4>Conclusion</h4>We propose an interpretable, cost-effective SSL framework for CT-based LCa survival prediction.<h4>Significance</h4>It improves performance, generalizability, and clinical readiness via SHAP explainability and unlabeled data utilization.",Salmanpour MR; Pouria AH; Falahati S; Taeb S; Mehrnia SS; Maghsudi M; Jouzdani AF; Oveisi M; Hacihaliloglu I; Rahmim A,,IEEE transactions on bio-medical engineering,2026-06-10,10.1109/tbme.2026.3701855,4.0,visualization(abstract); visual(abstract); artificial intelligence(abstract); data(abstract),
42273270,Generation of an Etiology Index Based on Confirmed Tissue Diagnosis Data to Assess Endemic Swine Etiology Activity in the United States of America.,"Global pork production has increased substantially over the past few decades, making swine a critical source of animal protein. However, endemic diseases in pigs continue to pose significant challenges to animal health, productivity, and food security. Several etiologies affect farm-level performance and have broader implications for zoonotic risks and public health. Many diagnostic cases are submitted to veterinary diagnostic laboratories, and their aggregation can yield insights into etiological activity. Therefore, this study aimed to develop a composite etiology index using confirmed tissue diagnosis data from the Iowa State University Veterinary Diagnostic Laboratory (ISU-VDL) to assess endemic etiology activity across the United States. A total of 59,950 porcine tissue cases from 2020 to 2024 were analyzed, focusing on 81 etiologies of bacterial, viral, parasitic, and metabolic/intoxication origin. Four normalized variables: disease occurrence, codiagnosis, state occurrence, and Early Aberration Reporting System (EARS) alarms were integrated using the CompidexR package to generate a weighted index ranging from 0.01 to 1. Temporal consistency was evaluated using the Manhattan distance, Spearman's correlation, and the Wilcoxon signed-rank test. Also, a bootstrap resampling method was developed to detect anomalies in the distribution of etiologies. The index demonstrated strong year-over-year stability, with porcine reproductive and respiratory syndrome virus (PRRSV) and <i>Streptococcus suis</i> consistently receiving yearly highest scores. Reemerging viruses like porcine sapovirus (PSaV) and astrovirus (AsV) showed notable increases in index values, reflecting rising diagnostic activity and geographic spread. Bootstrap analysis showed that over 55% of etiologies fell within expected confidence intervals (CIs) and had low root mean square errors (RMSEs), detecting anomalies such as PCV2 occurrences in 2024. The index summaries were visualized through an interactive Power BI dashboard, enabling dynamic exploration of etiology trends. This framework offers a scalable, reproducible tool for monitoring endemic swine diseases using routine diagnostic data. The ability to generate information on endemic etiology rankings can support decision-makers with evidence-based disease management and control. The developed model has flexibility and can be adapted to other species and disease systems. The index provided a robust foundation for enhancing surveillance of endemic pathogens in swine populations.",Cezar GA; Zhang D; Main RG; Burrough ER; Nicolino RR; da Costa MR; Silva G; Linhares DCL; Trevisan G,"Department of Veterinary Diagnostic and Production Animal Medicine, Iowa State University, Ames, Iowa, USA, iastate.edu.",Transboundary and emerging diseases,2026-06-09,10.1155/tbed/9910689,3.8,"dashboard(abstract); visual(abstract); data(title,abstract)",Pathology; Monitoring; Disease; Matrix; Score; Bootstrap; Ears
42259933,Comparative Analysis of Report-back of Research Results Strategies for Personal Chemical Exposure Data.,"<h4>Background</h4>Report-back of research results (RBRR) is ethically supported and highly requested by participants, yet lacks broadly transferable guidelines for RBRR. Effective RBRR must be responsive to target audience needs and may not be addressed by a 'one-size-fits-all' approach.<h4>Objective</h4>Within a subset of our 19 studies on RBRR, we had the unique opportunity to carry out a comparative analysis of RBRR strategies across cohorts with similar development and evaluation methods, yet distinct in life stage, geography, number and type of chemicals assessed, and community contexts.<h4>Methods</h4>We highlight key outcomes from three environmental health studies: an ongoing New York, NY cohort (Fair Start; n = 486) and a Detroit, MI cohort (CLEAR; n = 34) assessing exposure to ambient urban pollution during pregnancy, and a longitudinal cohort in Houston, TX (Houston-3H; n = 312) following Hurricane Harvey. Focus group and survey data were analyzed to identify lessons learned and explore how RBRR supports understanding of environmental health.<h4>Results</h4>Commonalities emerged in RBRR development, design, organization, and data visualization, as well as in how RBRR can contribute to an understanding of health-environment connections. Differences included preferences for individual versus community level findings, as well as distinguishable contextual considerations. For pregnancy cohorts, messaging was framed with cultural sensitivity, and to avoid unintended consequences of parental guilt due to prenatal exposures. In the post-disaster Houston-3H study, participants requested additional transparency regarding sampling design and study rationale.<h4>Significance</h4>All RBRR case studies reported chemicals without known regulatory or health guidelines, so results were contextualized within the study population. Participants across cohorts requested multi-study comparisons to better understand their results beyond their communities. While foundational RBRR elements (e.g. plain language, graphic organizers) may supersede cohort-specific differences, RBRR should be personalized to encompass perceptions of health across different life-stage, cultural, and environmental contexts.<h4>Impact</h4>We had the unique opportunity to compare different studies, accounting for different exposure experiences, life stages, chemicals assessed, and RBRR evaluation methods. To our knowledge, this is the first multi-state study reporting back wristband data, used to assess transferable strategies across populations, and how RBRR supports participant understanding of environmental influences on health. Due to the differences between disaster-impacted and peripartum individuals in this subset of case studies, comparisons can inform transferable characteristics of developing RBRR as well as study specific attributes that are responsive to unique contexts.",Vogel T; Riley KW; Samon S; Anderson KA; Armstrong G; Barton M; Bondy M; Bramer L; Calero L; Cassidy-Bushrow AE; Dixon HM; Herbstman J; Leach C; Oluyomi A; Straughen JK; Waters K; Rohlman D,"Pacific Northwest Center for Translational Environmental Health Research, Oregon State University, Corvallis, OR, USA.",Journal of exposure science & environmental epidemiology,2026-06-09,10.1038/s41370-026-00932-0,3.8,"visualization(abstract); visual(abstract); data(title,abstract)",Report Back Of Research Results; Understanding Environmental Influences On Health; Silicone Wristband Passive Sampler
42276132,"[Optical Coherence Tomography - State of the Art, Case Examples and Future Perspectives].","<h4>Abstract</h4>Optical coherence tomography (OCT) is an essential imaging modality in modern ophthalmology, enabling high-resolution visualization of retinal microstructures. Technological advances such as spectral-domain and swept-source OCT have significantly improved image quality and acquisition speed, establishing OCT as the current state of the art in retinal imaging.A structured approach to OCT interpretation is key and includes assessment of the vitreoretinal interface, intraretinal layers, outer retinal structures such as the ellipsoid zone, and the retinal pigment epithelium. Particular attention should be paid to fluid accumulation and structural alterations.OCT-based biomarkers play an important role in clinical decision-making. Exudative biomarkers, including intraretinal and subretinal fluid, may indicate disease activity, whereas degenerative features such as outer retinal tubulations or atrophic changes (iRORA/cRORA) reflect chronic structural damage.Emerging technologies, including OCT angiography and artificial intelligence-based analysis, further expand the diagnostic and prognostic potential of OCT.",Winter C; Lommatzsch AP,,Klinische Monatsblatter fur Augenheilkunde,2026-06-11,10.1055/a-2831-9663,3.5,visualization(abstract); visual(abstract); artificial intelligence(abstract),
42258629,The emerging role of coronary computed tomography for prevention of cardiovascular disease in asymptomatic individuals.,"The persistent global rise in atherosclerotic cardiovascular disease (ASCVD) challenges the effectiveness of current risk factor-based algorithms in primary prevention. Most myocardial infarctions occur in individuals without prior symptoms or recognized standard modifiable risk factors, underscoring the need to improve risk stratification. Coronary CT imaging, including coronary artery calcium scoring (CACS) and coronary computed tomography angiography (CCTA), enables direct non-invasive visualization of coronary atherosclerosis, supporting a shift from population-based prevention toward personalized, disease-based risk assessment and targeted preventive treatment. CCTA provides comprehensive evaluation of plaque burden, composition, stenosis severity, and high-risk plaque features, thereby refining risk stratification and guiding personalized treatment decisions. The presence and total burden of coronary atherosclerotic plaque are considered the primary CCTA-derived markers for guiding preventive therapy, while noncalcified plaque burden and high-risk plaque features may support treatment intensification. Advances in CT technology, including photon-counting CT, and the application of artificial intelligence-based tools may further refine risk assessment by enabling accurate and reproducible plaque quantification and characterization. Although no randomized trials have yet demonstrated that CCTA-based screening improves clinical outcomes in asymptomatic individuals compared with standard care, the same is true of traditional cardiovascular risk scores. Three large ongoing randomized trials are currently evaluating whether CCTA-guided, personalized prevention strategies can reduce ASCVD events. The results are eagerly awaited and may redefine the role of CCTA in asymptomatic individuals.",Verpalen VA; Aboyans V; Dweck MR; Planken RN; Henriques JPS; Bhatt DL; Nurmohamed NS,"Department of Radiology and Nuclear Medicine, Amsterdam UMC, University of Amsterdam, Amsterdam Cardiovascular Sciences, Amsterdam, the Netherlands.",European journal of preventive cardiology,2026-06-08,10.1093/eurjpc/zwag314,3.5,visualization(abstract); visual(abstract); artificial intelligence(abstract),Prevention; Risk stratification; Coronary Artery Calcium Score; Coronary Computed Tomography Angiography; Atherosclerotic Cardiovascular Disease
42285440,When Seeing Is Not Believing: Understanding UMAP and t-SNE in Methylation-Based Tumor Classification.,"DNA methylation profiling has become an important tool for tumor classification across multiple subspecialties of pathology. To visualize relationships among samples, many studies employ dimensionality reduction techniques such as Uniform Manifold Approximation and Projection (UMAP) and t-Distributed Stochastic Neighbor Embedding (t-SNE). Although these techniques create visually compelling plots that summarize complex molecular data, they are visualization tools, not clustering or classification algorithms, and their appearance depends heavily on sample selection, data preprocessing, and parameter choices. This technical review outlines key considerations for the interpretation and reporting of visualization and classification methods in methylation-based tumor studies. We recommend a set of reporting standards covering full transparency of preprocessing and algorithmic parameters, pairing visualizations with quantitative clustering or classification analyses, and validating observed groupings with independent clinical, histologic, and molecular data. An accompanying online notebook allows readers to explore different settings on public tumor methylation datasets to visualize their effects on UMAP and t-SNE. We focus on how to interpret methylation-based visualizations and classifier output in diagnostic settings, rather than providing a comprehensive comparison of profiling methods, classification tools, or clustering algorithms. Understanding these principles will help ensure the reproducibility and scientific rigor of pathology research incorporating methylation-based tumor classification.",Emert B,"Department of Pathology and Laboratory Medicine, University of California Los Angeles, Los Angeles, CA, Department of Pathology & Laboratory Medicine, UCLA - David Geffen School of Medicine, 10833 Le Conte Ave., CHS A3-251, Los Angeles, CA 90095. Electronic address: bemert@mednet.ucla.edu.","Modern pathology : an official journal of the United States and Canadian Academy of Pathology, Inc",2026-06-12,10.1016/j.modpat.2026.101023,3.0,visualization(abstract); visual(abstract); data(abstract),Methylation; Molecular Pathology; Dimensionality Reduction; Umap
42267919,Development and evaluation of deep learning models for automatic coronary stenosis segmentation in X-ray angiography.,"Accurate segmentation of stenosis in X-ray angiography (XRA) images is crucial for the objective assessment of stenosis severity and subsequent treatment planning in coronary artery disease. Current clinical practice primarily relies on subjective visual evaluation, which suffers from significant inter-observer variability. In this work, we propose a deep learning model enhanced with a novel Hybrid Context-Aware Attention (HCA) module. HCA employs a parallel dual-pathway design that integrates global inter-channel attention and grouped multi-scale spatial aggregation. This integration enhances feature discriminability and spatial-context modeling, leading to more accurate and anatomically consistent stenosis segmentation in XRA. Evaluated on three independent datasets, our method achieves competitive performance against existing approaches across multiple metrics, demonstrating consistent leading performance. Ablation and attention visualization studies further confirm the contribution of the designed module to reducing segmentation errors and enhancing focus on stenotic regions. These findings demonstrate that the proposed model is an effective and generalizable approach for stenosis segmentation in XRA, with the potential to support standardized assessment in clinical practice.",Zhang M; Li F; Guo H; He J; Yang M; Miao Y; Yang F; Lei P,"School of Biology & Engineering (School of Modern Industry for Health and Medicine), Guizhou Medical University, Guiyang, Guizhou Province, China.",Journal of X-ray science and technology,2026-06-10,10.1177/08953996261457505,3.0,visualization(abstract); visual(abstract); data(abstract),Coronary artery; Deep Learning; Xra; Hybrid Context-aware Attention; Stenosis Segmentation
42259741,Radiopharmaceutical Transit Timing in Pediatric and Young Adult Nuclear Medicine CSF Shunt Imaging: A 5-Year Retrospective Review.,"<h4>Rationale and objectives</h4>To retrospectively characterize the movement of radiopharmaceutical through cerebrospinal fluid (CSF) shunt catheters on nuclear medicine (NM) examinations with an aim of optimizing duration of image acquisition for children and young adults.<h4>Materials and methods</h4>An institutional reivew board approved retrospective review was conducted of all NM CSF shunt imaging examinations performed at our hospital between June 2020 and June 2025. Variables collected included: shunt type (ventriculoperitoneal (VP), ventriculoatrial (VA), ventriculopleural (VPL), lumboperitoneal (LP)); radiopharmaceutical dose; and time of first visualization of radiopharmaceutical activity in the shunt catheter and drainage compartment. Visualization of activity in the drainage compartment was considered indicative of patency of the distal shunt limb. Continuous data were summarized using medians and ranges. Categorial variables were summarized using counts and percentages.<h4>Results</h4>Among 197 CSF shunts, VP shunts were the most common (n = 174; 88.3%), followed by VPL shunts (n = 15; 7.6%), VA shunts (n = 7; 3.6%) and LP shunt (n = 1; 0.5%). Forty-six (23%) shunts never showed drainage compartment activity. Among the 151 shunts that demonstrated drainage compartment activity, VP shunts displayed peritoneal activity at a median of 17 min (range:1- 81) with peritoneal activity visible only after 60 min for 6 shunts. VPL shunts displayed pleural activity at a median of 5 min (range: 1- 33) and VA shunts displayed systemic activity at a median of 7.5 min (range: 5- 33). The single LP shunt showed radiopharmaceutical activity in the peritoneum at 30 min.<h4>Conclusion</h4>In this sample of children and young adults with CSF shunts, drainage compartment activity was demonstrated within 60 min in the majority of NM CSF shunt exams. Imaging beyond this interval, infrequently provides additional information for clinical-decision making.",Hoo Kim MG; Morin CE; Sharp SE; Trout AT,"Cincinnati Children's Hospital Medical Center Department of Radiology, United States (M.G.H.K., C.E.M., S.E.S., A.T.T.).",Academic radiology,2026-06-08,10.1016/j.acra.2026.05.003,3.0,visualization(abstract); visual(abstract); data(abstract),Radiopharmaceutical; Pediatric Nuclear Medicine; Csf Shunt Imaging; Csf Shunt Patency
42272542,PolyGenie: a reproducible Nextflow pipeline for phenome-wide association studies using polygenic risk scores.,"Phenome-wide association studies (PheWAS) using polygenic risk scores (PRS) offer a powerful framework for exploring the shared genetic architecture of complex traits across diverse phenotypic domains. However, no standardized, portable pipeline exists to facilitate their systematic execution and visualization in arbitrary population cohorts. We present PolyGenie, an open-source Nextflow pipeline that takes precomputed PRS and cohort phenotype data as input and performs scalable PheWAS analysis across binary and continuous outcomes. The pipeline produces regression results and percentile-based prevalence estimates, which are stored in a SQLite database and visualized through an interactive Dash web application. To demonstrate its utility and reproducibility, we provide a fully worked example using the GCAT cohort, applying 135 PRS to a broad range of clinical, molecular, and lifestyle phenotypes. PolyGenie is designed to be deployed on any cohort with minimal configuration, enabling standardized cross-trait analyses and interactive exploration of genetic risk.",Farré X; Gasco M; Blay N; de Cid R,"Genomes for Life-GCAT Lab, CORE Program, Germans Trias i Pujol Research Institute (IGTP), Badalona, 08916, Spain.",NAR genomics and bioinformatics,2026-06-09,10.1093/nargab/lqag056,3.0,visualization(abstract); visual(abstract); data(abstract),
42264984,A Validation of Spatially Compounded Volumetric Ultrasound Localization Microscopy for Glomerular Imaging With Light Sheet Microscopy.,"<h4>Objective</h4>Glomerular structure and microvascular function are central to kidney health, yet current clinical assessments rely largely on indirect serum markers or invasive biopsy. Imaging approaches capable of resolving glomeruli in vivo across the entire kidney remain limited by spatial and temporal resolution. In this study, we perform whole-kidney ultrasound localization microscopy (ULM) with quantification of glomerular microvascular structure and function, and evaluate its performance against light-sheet microscopy (LSM), an established optical gold standard.<h4>Methods</h4>A 5-wk-old rat underwent kidney exposure and stabilization for high-frame-rate ULM imaging. Microbubble contrast agents were continuously infused, and volumetric ultrasound data were acquired at 500 volumes/s using a custom 1024-channel Verasonics system with a 32 × 32 matrix array transducer. ULM processing included beamforming, singular value decomposition filtering, microbubble localization, and tracking to reconstruct renal vasculature. Three spatially registered volumes were combined to form a whole-kidney dataset. Following ultrasound imaging, the kidney was fixed, optically cleared using the iDISCO+ protocol, and imaged with LSM. Non-rigid registration enabled comparison of glomerular density across 100 randomly selected, spatially matched 1 mm³ subvolumes.<h4>Results</h4>ULM provided whole-organ imaging with sub-diffraction resolution, enabling visualization of cortical vasculature and individual glomeruli. Glomerular densities measured 21.3 ± 8.0 glomeruli/mm³ with ULM and 28.6 ± 7.5 glomeruli/mm³ with LSM across 100 independent samples, consistent with reported histological values (24.8 ± 0.78 glomeruli/mm³). ULM additionally visualized microvascular flow velocities throughout the kidney.<h4>Conclusion</h4>This work validates ULM as a proof-of-concept approach for quantitative in vivo assessment of glomeruli, using LSM as the gold standard. These results highlight ULM as a promising approach for whole-kidney, glomerulus-level assessment of renal microstructure and hemodynamics, with potential for future translational applications.",Gildemeister TJ; Belgharbi H; Walmer RW; McCall JR; Johnson KA; Pinton GF; Dayton PA,"Lampe Joint Department of Biomedical Engineering, The University of North Carolina at Chapel Hill and North Carolina State University, Chapel Hill, NC, USA. Electronic address: gildtyl@unc.edu.",Ultrasound in medicine & biology,2026-06-09,10.1016/j.ultrasmedbio.2026.05.013,3.0,visualization(abstract); visual(abstract); data(abstract),Contrast Enhanced Ultrasound; Glomeruli; Light Sheet Microscopy; Super Resolution; Renal Imaging; Ultrasound Localization Microscopy; Volumetric Ultrasound
42261573,Revolutionizing Sectioned Images of the Visible Korean: Achieving From 0.05 mm to 0.03 mm Sized Pixel.,"<h4>Background</h4>The Visible Korean (VK) project aimed to overcome the limitations of traditional cadaver dissection by producing high-resolution sectioned images. This study compared a newly acquired 2024 dataset with a 2023 dataset to evaluate the feasibility of using sectioned images for clinical anatomical research.<h4>Methods</h4>Two female cadavers were frozen and serially milled at constant intervals. The sectioned surfaces were photographed using a digital single-lens reflex (DSLR) camera of 35 mm charge-coupled device (CCD) sensor for 2023 dataset and a DSLR of 44 mm medium-format CCD sensor for 2024 dataset.<h4>Results</h4>The 2024 dataset had 2.78 times higher pixel density (pixel size, 0.03 mm × 0.03 mm) than the 2023 dataset (pixel size, 0.05 mm × 0.05 mm), enabling clearer visualization of fine structures such as brain nuclei, fasciculi, vessel walls, meninges, and facial retaining ligaments. Pathological findings including cardiomegaly, vascular rupture, atherosclerosis, and endometrial neoplasm were clearly identified. The consistent intervals allowed accurate tracing of structures across multiple planes. The accumulated datasets from twelve cadavers now allow statistically reliable anatomical interpretation.<h4>Conclusion</h4>Sectioned images produced with modern DSLR technology can reproduce anatomical structures at a level comparable to cadaveric dissection. Their high resolution, color fidelity, and digital format allow repeated analysis without damage. These datasets are now suitable not only for education but also for clinical anatomy research, potentially contributing to a paradigm shift from traditional to digital dissection.",Park JS; Kim SK,"Department of Anatomy, Ajou University School of Medicine, Suwon, Korea. park93@ajou.ac.kr.",Journal of Korean medical science,2026-06-08,10.3346/jkms.2026.41.e156,3.0,visualization(abstract); visual(abstract); data(abstract),Three-dimensional image; clinical anatomy; Visible Human Projects; Cross Sectional Anatomy
42267944,First evaluation of augmented and mixed reality in open liver surgery.,"<h4>Background</h4>This study aimed to evaluate the clinical feasibility, usability, and cognitive workload of a certified mixed reality (MXR) platform for preoperative planning and intraoperative navigation in liver surgery. Curative treatment of liver tumors requires precise comprehension of spatial relationships between tumors and vascular structures to achieve complete resection or ablation. Traditional two-dimensional imaging demands cognitive reconstruction of anatomy, posing challenges even for experienced surgeons. MXR technologies, such as Microsoft HoloLens 2 combined with HoloCare Studio<sup>™</sup>, enable immersive and interactive visualization that may improve spatial orientation, reduce cognitive load and support intraoperative decision-making.<h4>Methods</h4>Routine quality assurance data from five male patients (mean age 61 years; range 44-80), collected during the clinical introduction of a CE-certified MXR device, undergoing open liver resection for hepatic malignancies were retrospectively evaluated. Patient-specific imaging, including three-phase computed tomography (CT) and, in one case, magnetic resonance imaging (MRI), was processed using HoloCare Studio<sup>™</sup> (HoloCare Oslo) to create interactive 3D holograms of liver parenchyma, tumors, and vascular structures. These holograms were employed for both preoperative planning and intraoperative navigation through the HoloLens 2 headset. Cognitive workload was assessed using the NASA Task Load Index (NASA-TLX) and usability was measured using the System Usability Scale (SUS).<h4>Results</h4>The HoloCare<sup>™</sup> MXR system was seamlessly integrated into all five cases and improved tumor localization and understanding of vascular anatomy. Average NASA-TLX scores were 13.8 preoperatively and 14.7 intraoperatively, indicating low cognitive workload. Mean SUS scores were 96.0 preoperatively and 95.5 postoperatively, reflecting excellent usability.<h4>Conclusion</h4>MXR integration into open hepatic surgery is feasible, fast, imposes minimal cognitive workload, and is well accepted. These findings support further evaluation of MXR as a valuable adjunct in hepatobiliary surgery.",Lamadé W; Munk PCB; Ritter M; Apitzsch J; Meyding-Lamadé U,"Ruprecht-Karls Universität Heidelberg, Heidelberg, Germany.",Minimally invasive therapy & allied technologies : MITAT : official journal of the Society for Minimally Invasive Therapy,2026-06-10,10.1080/13645706.2026.2672446,3.0,visualization(abstract); visual(abstract); data(abstract),Liver Surgery; Augmented Reality; Surgical Navigation; Mixed Reality; Oncological Resection; Hololens 2
42276246,Inter-Rater Reliability of Partially Automated Segmentation of Spinal Radiographs in Adult Spinal Deformity Patients.,"<h4>Background</h4>Spinopelvic radiographic measurements are fundamental in the evaluation and treatment of adult spinal deformity (ASD). Measuring spinopelvic parameters has become quicker and more reliable with the development of automated softwares, such as the Knowledge Environment for Orthopedic Personalized Surgery (KEOPS), but reliability in clinical practice may be limited by variable image quality. The aim of this study is to determine the inter-rater reliability of partially automated measurement of spinopelvic parameters for ASD patients using the KEOPS software.<h4>Methods</h4>Representative preoperative and postoperative full-length spinal radiographs of five patients who underwent surgical correction of ASD were selected from an imaging database. Five fellowship-trained spine surgeons, one spine fellow, and one orthopedic surgery resident performed manual segmentation on each image, followed by automated measurement of spinopelvic parameters by the KEOPS software. Inter-rater reliabilty was evaluated using intraclass correlation coefficients (ICCs) and 95% condifence intervals (CIs). The proportion of images for which segmentation was successfully completed by the KEOPS software was analyzed.<h4>Results</h4>The ICCs indicated excellent inter-rater reliability for all spinopelvic parameters. The highest ICC was observed for pelvic tilt (0.994, 95% CI: 0.985-0.998), and the lowest for C2-C7 lordosis (0.954, 95% CI: 0.851-0.995). Segmentation completion rates decreased in the cervical spine, ranging from 88-97% in the sagittal plane and 51-61% in the coronal plane due to poor visualization.<h4>Conclusions</h4>The partially automated system using KEOPS demonstrates excellent inter-rater reliability for calculating spinopelvic parameters in ASD patients. Segmentation involving the cervical spine remains less consistent on both sagittal and coronal radiographs.",Federico AA; Birk M; Pelletier-Roy R; Smith V; Evaniew NM; Lewkonia PD; Swamy G; Thomas KC; Nicholls F,"Cumming School of Medicine, University of Calgary, Calgary, Canada; Division of Orthopaedic Surgery, Department of Surgery, University of Calgary, Calgary, Canada. Electronic address: alyssa.federico@ucalgary.ca.",World neurosurgery,2026-06-11,10.1016/j.wneu.2026.125126,3.0,visualization(abstract); visual(abstract); data(abstract),Segmentation; Scoliosis; Spine Surgery; automation; Inter-rater Reliability; Adult Spinal Deformity
42273974,Quantitative lung ultrasound spectroscopy: First comparison with gold standard computed tomography scan and standard lung ultrasound for diagnosis of pneumonia versus cardiogenic pulmonary edema.,"<h4>Background</h4>Pneumonia (PNE) and cardiogenic pulmonary edema (CPE) are characterized by reduced air-spaces dimension and edema. Their distinction through gold standard computed tomography (CT) is challenging due to their pattern similarity. Lung Ultrasound (LUS) is a tool for monitoring the progression of lung pathologies. LUS is portable, real-time, and non-ionized; however, standard LUS (S-LUS) relies on the subjective visualization of imaging patterns, leading to poor reproducibility and lack of diagnostic specificity. To enhance LUS diagnostic utility, quantitative LUS (Q-LUS) was developed. Q-LUS quantifies imaging patterns and explores their correlation to different pathophysiological conditions. In literature, vertical artifacts (VA) quantification proved capable of differentiating PNE and CPE, however, this approach was never compared with gold standard.<h4>Methods</h4>We statistically investigate and compare the clinical significance of CT, S-LUS, and Q-LUS, in differentiating PNE and CPE. From a cohort of 55 patients, CT, S-LUS, and Q-LUS data are acquired. CT and S-LUS data of each patient are evaluated to assign a semi-quantitative CT-score and S-LUS-score. Q-LUS radiofrequency data are acquired in multifrequency with convex (2, 3, and 4 MHz) and linear (3, 4, 5, and 6 MHz) probes. VA are manually segmented, quantified into three spectral quantities, and statistically analyzed to extract 15 features for each patient. The diagnostic significance of the scores is tested through Generalized Estimating Equation models.<h4>Results & conclusions</h4>Results show areas under the curve of 74%, 72%, 65%, and 53% for Q-LUS linear, Q-LUS convex, CT-score, and S-LUS-score, respectively, highlighting Q-LUS as the most significant tool.",Perpenti M; Balzani E; Mento F; Marinaro C; Bellani G; Perrone T; Demi L,"Department of Information and Communication Engineering, University of Trento.",The ultrasound journal,2026-06-10,10.5826/tuj.2026.18605,3.0,visualization(abstract); visual(abstract); data(abstract),
42260620,Characterizing Simultaneously Recorded Auditory Brainstem and Middle Latency Responses Using the Parallel Auditory Brainstem Response Paradigm.,"<h4>Objectives</h4>The auditory brainstem response (ABR) and middle latency response (MLR) are used to characterize hearing but typically require separate recordings due to differing optimal parameters and setups in clinical systems. The parallel ABR (pABR) paradigm was developed to simultaneously acquire frequency-specific ABRs, but its use of randomized timing sequences also allows for extended analysis windows that can capture both the ABR and MLR in these multi-frequency responses, enabling more comprehensive assessments. We evaluated this simultaneous recording approach by characterizing responses at near- and suprathreshold levels using parameters optimized for pABR. We also provided normative data for the MLRs.<h4>Design</h4>This study used an open dataset on Dryad of pABR recordings from 20 normal hearing adults to tone-pip stimuli at five frequencies, six presentation rates, and two levels. ABR waves (I, III, and V) and MLR waves (P0, Na, Pa, Nb, Pb) were analyzed for presence, latency, and amplitude using linear mixed-effect modeling.<h4>Results</h4>At both levels, ABR wave V and MLR waves Na and Pa were the most consistently identifiable and largest peaks across frequencies, rates, and participants. Frequency and rate changes affected ABR wave V amplitude more than the MLR peaks, whose amplitudes and latencies remained comparatively stable across the moderate and low levels used in this study.<h4>Conclusions</h4>ABR wave V and MLR waves Na and Pa are robust and consistently identifiable with pABR-optimized parameters. A simultaneous recording approach that leverages visualization of all three components could both assess auditory function across more areas of the auditory system using a moderate suprathreshold level, and support detection/interpretation of smaller wave Vs for threshold estimation, particularly for broader low-frequency responses.",Herb IN; Polonenko MJ,"Department of Speech-Language-Hearing Science, University of Minnesota, Minneapolis, Minnesota, USA.",Ear and hearing,2026-06-09,10.1097/aud.0000000000001844,3.0,visualization(abstract); visual(abstract); data(abstract),Electroencephalography; Auditory brainstem response; Auditory Evoked Potential; Middle Latency Response; Parallel Auditory Brainstem Response; Suprathreshold Auditory Responses
42286761,Pooled prevalence of symptomatic dry eye and its associated factors among adults in Africa: (2016-2025) systematic review and meta-analysis study.,"<h4>Background</h4>Dry eye disease poses a significant global public health concern, with notable implications for populations in Africa. Individuals affected by this condition experience symptoms such as ocular discomfort, dryness, burning, irritation, reflex tearing, and visual disturbances. Despite numerous studies investigating the prevalence and risk factors of symptomatic dry eye across African populations, findings remain inconsistent and fragmented, lacking a comprehensive synthesis of its overall burden and determinants within the region. To address this gap, the present systematic review and meta-analysis aims to estimate the pooled prevalence of symptomatic dry eye and to elucidate its principal associated factors across Africa.<h4>Method</h4>We conducted a comprehensive literature search across multiple databases, including PubMed, Google Scholar, EMBASE, Scopus, and the Cochrane Library, as well as by reviewing references from relevant articles following the Preferred Reporting Items for Systematic Reviews and Meta-Analyses guidelines. The methodological quality was evaluated using the Joanna Briggs Institute critical appraisal checklist. Publication bias was assessed using both Funnel Plot visualization and Egger's regression test. Heterogeneity was quantified using Higgins' I² statistics. Subgroup and sensitivity analyses were performed, and a random-effects model was applied to estimate the pooled prevalence of symptomatic dry eye. All statistical analyses were performed with STATA version 17.<h4>Results</h4>A systematic review of 5,044 studies published from 2016 to 2025 identified 12 eligible for meta-analysis. The pooled prevalence of symptomatic dry eye among African adults was 61.29% (95% CI: 51.41-71.17). Subgroup analyses revealed the highest prevalence in South Africa (92%; 95% CI: 87.66-96.34), in community settings (76.08%; 95% CI: 62.66-89.51), and among studies conducted from 2016 to 2021 (67.99%; 95% CI: 54.23-81.75). The lowest prevalence was reported in Ethiopia (43.64%; 95% CI: 36.94-50.34). Significant associated factors included visual display use for more than 5 h (OR: 3.95; 95% CI: 2.20-7.10), diabetes duration of 11 years or more (OR: 2.85; 95% CI: 2.04-3.97), poor glycemic control (OR: 2.57; 95% CI: 1.91-3.47), allergic conjunctivitis (OR: 2.79; 95% CI: 1.66-4.70), and ophthalmic drop use (OR: 3.05; 95% CI: 1.53-6.11).<h4>Trial registration</h4>PROSPERO CRD420251043328.",Bekele MM; Shumye AF; Birhan GS; Lorato MM; Bayabil AZ; Worku EM; Alimaw YA; Mengistu HG; Desalegn GK; Bogale ZM; Tegegne MM; Tegegn MT; Nakie G; Eticha BL,"Department of Optometry, College of Medicine and Health Sciences, Comprehensive Specialized Hospital, University of Gondar, Gondar, Ethiopia. matthiasm2013@gmail.com.",Archives of public health = Archives belges de sante publique,2026-06-12,10.1186/s13690-026-01973-5,3.0,visualization(abstract); visual(abstract); data(abstract),Prevalence; Meta-analysis; Africa; Adults; Symptomatic Dry Eye
42260153,"Controlled versus gravity-based irrigation in endoscopic spine surgery: pressure stability, thresholds, and safety implications.","<h4>Background</h4>Endoscopic spine surgery relies on continuous irrigation to maintain visualization and hemostasis. Gravity-based and improvised high-flow systems may generate unstable or excessive pressures, potentially increasing the risk of neurologic complications. Pump-controlled irrigation offers regulated pressure delivery, but its comparative safety and pressure behavior remain incompletely defined.<h4>Objective</h4>To systematically review the literature comparing controlled pump versus gravity-based or high-flow irrigation systems in endoscopic spine surgery, with a focus on pressure dynamics and pressure-related complications.<h4>Methods</h4>This systematic review was conducted in accordance with PRISMA 2020 guidelines. PubMed, Embase, Web of Science, and Google Scholar were searched from database inception through January 2026 using predefined search terms related to endoscopic spine surgery, irrigation, and pressure dynamics. Eligible studies included experimental, animal, and clinical investigations reporting irrigation-related pressure measurements (epidural, intradural, intracranial) or pressure-associated complications. Two reviewers independently screened studies, extracted data using a standardized framework, and assessed risk of bias using the Newcastle-Ottawa Scale and MINORS criteria. Due to heterogeneity in study design and outcomes, a qualitative synthesis was performed.<h4>Results</h4>Eleven studies (a retrospective series, cadaveric, and living animal models) met inclusion criteria. Baseline epidural, intradural, and intracranial pressures were low and remained near physiologic ranges during routine operative conditions (approximately 12-18 mmHg). One study found pump-controlled irrigation produced significantly lower working-space pressures compared with gravity-based systems (12.10 ± 3.51 vs 23.86 ± 6.97 mmHg, p = 0.001). Outflow obstruction and dural disruption were consistently identified as primary drivers of pressure escalation. Intracranial pressure remained below 20 mmHg with patent drainage but increased to 86-90 mmHg when outflow occlusion and dural compromise coexisted. One study found symptom onset was associated with pressures exceeding 37 mmHg, with mean symptomatic pressures of 52.9 ± 9.2 mmHg. Neurologic complications, including seizures, were reported in 0.52% of cases and were most frequently associated with impaired drainage and dural violation.<h4>Limitations</h4>Findings are limited by heterogeneity in study design, pressure measurement techniques, and reliance on observational and experimental data. Direct comparative clinical studies are limited, and publication bias cannot be excluded.<h4>Conclusions</h4>Irrigation during endoscopic spine surgery generally maintains pressures within physiologic ranges under conditions of intact dura and adequate outflow. However, impaired drainage and dural disruption can result in rapid and clinically significant pressure elevations. Pump-controlled irrigation appears to provide more stable pressure profiles than gravity-based systems, though safety is ultimately dependent on maintaining effective outflow. These findings highlight the importance of intraoperative vigilance regarding drainage patency and dural integrity to mitigate neurologic risk.",Singh R; Cha T; Vaccaro A; Hilibrand A; Schroeder G; Kepler G; Razi A; Ng M,"SUNY Downstate Medical Center, Brooklyn, USA. rajendra.singh@downstate.edu.","European spine journal : official publication of the European Spine Society, the European Spinal Deformity Society, and the European Section of the Cervical Spine Research Society",2026-06-09,10.1007/s00586-026-10054-8,3.0,visualization(abstract); visual(abstract); data(abstract),Pressure; Irrigation; Endoscopic Surgery; minimally invasive surgery
42276839,Fluorescence-Guided Surgery of Rhabdomyosarcoma Using a B7-H3 Targeted Antibody-Fluorophore Conjugate.,"Resection of sarcomas is often limited by infiltrative tumor growth and microscopic residual disease, underscoring the need for targeted intraoperative imaging strategies that enhance visualization of primary lesions and metastatic deposits. Here, a clinical-grade anti-B7-H3 antibody (MGA271) was conjugated to IRDye 800CW to generate MGA271-IRDye800, with an isotype control IgG-IRDye800 and unconjugated IRDye800 included as comparators. The resulting antibody-dye conjugates, MGA271-IRDye800 and IgG-IRDye800, exhibited an average dye-to-protein ratio of approximately 1. <i>In vitro</i> studies confirmed specific binding and strong fluorescence of MGA271-IRDye800 in six B7-H3-expressing sarcoma cell lines, with only minimal nonspecific uptake observed for control probes and in a B7-H3-negative control cell line. Based on these <i>in vitro</i> results, RH30 cells were selected to establish an orthotopic rhabdomyosarcoma xenograft model, in which <i>in vivo</i> near-infrared fluorescent imaging (NIRF) demonstrated substantially improved tumor visualization with MGA271-IRDye800 compared with IgG-IRDye800 and free IRDye800. Quantitative analysis confirmed significantly higher tumor-to-background ratios (TBRs) for MGA271-IRDye800 at 144 h (5.6 ± 2.2) compared with IgG-IRDye800 (2.7 ± 1.1) and unconjugated IRDye800 (1.0 ± 0.1), [<i>p</i> < 0.0001] supporting B7-H3-mediated tumor enrichment and superior contrast suitable for surgical navigation. During fluorescence-guided surgery, MGA271-IRDye800 enabled clear delineation of tumor margins, distinction of tumor from surrounding normal tissue and relevant background organs, and detection of otherwise occult micrometastatic lesions. Collectively, these findings demonstrate that B7-H3-targeted NIRF imaging with MGA271-IRDye800 offers sensitive and specific intraoperative visualization of sarcoma. This probe demonstrates strong potential for clinical translation as a molecular imaging agent to guide surgical resection, reduce residual disease, and ultimately improve outcomes for patients with B7-H3-expressing sarcomas.",Gupta R; Ehrhorn EG; Pant A; Streeter SS; Samkoe KS; Henderson ER; Mohs AM,"Department of Pharmaceutical Sciences, University of Nebraska Medical Center, 986120 Nebraska Medical Center, Omaha, Nebraska 68198-6858, United States of America.",Molecular pharmaceutics,2026-06-11,10.1021/acs.molpharmaceut.6c00259,2.5,visualization(abstract); visual(abstract),Sarcoma; Intraoperative; Fluorescence Guided Surgery; Near-infrared Probe; Near-infrared Fluorescent (Nirf) Imaging; Mga271-irdye800; Rhabdomyosarcoma B7-h3
42283998,Editorial Commentary: Shifting More Than Just the Anterior Capsulolabral Tissue-Changing the Outlook on the Surgical Outcomes of the Anterior Labroligamentous Periosteal Sleeve Avulsions Lesion.,"Anterior labroligamentous periosteal sleeve avulsions, or ""ALPSA"" lesions, have been shown to have inferior clinical outcomes in prior literature, often attributed to their increased difficulty in restoration of anatomy at the time of surgery. A challenge to this notion may lie in adherence to specific surgical techniques that allow for restoration of native anatomy, leading to similar imaging and clinical outcomes in the treatment of anterior labroligamentous periosteal sleeve avulsions lesions as compared with standard Bankart tears. The keys to success include adequate visualization, liberation, mobilization, and restoration of the tissue as this is paramount for successful surgical repair and ultimately may lead to improved outcomes.",Lee C; Loughran G; LeClere LE,"Vanderbilt University Medical Center, Nashville, Tennessee, U.S.A.",Arthroscopy : the journal of arthroscopic & related surgery : official publication of the Arthroscopy Association of North America and the International Arthroscopy Association,2026-06-12,10.1002/arj.70356,2.5,visualization(abstract); visual(abstract),
42283922,Revelations of pancreatic cancer treated by high-intensity focused ultrasound.,"<h4>Background</h4>Pancreatic cancer remains among the most treatment-refractory solid malignancies worldwide. High-intensity focused ultrasound (HIFU) surgery is a treatment option with the advantage of providing cancer pain relief. However, there has been limited research addressing the trends in pancreatic cancer treatment utilizing HIFU surgery.<h4>Methods</h4>Publications on pancreatic adenocarcinoma treatment utilizing HIFU surgery in the Web of Science Core Collection (WoSCC) were identified and analyzed by visualization software VOSviewer and CiteSpace. This approach provides comprehensive insights into the knowledge structure of the field.<h4>Results</h4>A total of 1172 articles published from 1999 to 2024 were identified in the WoSCC, showing a consistent rise in the publication volume and average annual citation frequency related to pancreatic adenocarcinoma treatment utilizing HIFU surgery. The United States and China contributed the most publications. There were six clusters summarized including descriptions of clinical trials of pancreatic cancer, basic research, mechanisms of HIFU surgery, combined therapy effect of pancreatic cancer, attenuated symptom of pancreatic cancer, and metastatic pancreatic cancer.<h4>Conclusions</h4>Based on this bibliometric analysis of the publications over the last twenty years, it is the first scholarly visualization in the domain of pancreatic cancer treated with HIFU surgery. The clinical research regarding the efficacy of this technology should be developed in the future. It provides clinicians and researchers with a reliable synopsis, changes, and evolution regarding the field, offering a reference point for existing research and suggesting new avenues for future investigations.",Zhou W; Lei C; Xue X; Yu H; Li J; Li W; Li S; Xu W; Li M; Li J; Zheng Q; Huang M; Nie Y; Bai J; Feng G; Gan X; Shi Q,"State Key Laboratory of Ultrasound in Medicine and Engineering, College of Biomedical Engineering, Chongqing Medical University, Chongqing, China.",Discover oncology,2026-06-12,10.1007/s12672-026-05049-2,2.5,visualization(abstract); visual(abstract),Treatment; Research progress; Pancreatic cancer; bibliometrics; High-intensity Focused Ultrasound
42266154,Endoscopic-Assisted Posterior Atlantoaxial Fusion: Technical Innovation and Clinical Experience.,"<h4>Background</h4>Atlantoaxial instability or dislocation requires reliable posterior stabilization and fusion to prevent neurological deterioration. Although conventional Goel-Harms posterior fixation provides effective biomechanical stability, it usually requires extensive posterior cervical muscle dissection and may be associated with substantial blood loss, postoperative axial pain, and soft-tissue morbidity. Despite the advantages of minimally invasive endoscopic techniques in spinal surgery, clinical evidence regarding their application in the management of AAI/D remains limited. In this study, we report a clinical series of endoscopic-assisted atlantoaxial lateral mass fusion, provide a detailed description of the key surgical steps, and evaluate its technical feasibility, safety, and early clinical outcomes.<h4>Methods</h4>Sixteen patients diagnosed with AAI/D underwent endoscopic-assisted posterior atlantoaxial fusion. The procedure utilized a uniportal endoscopic system through a 2.5-3.0 cm incision, enabling direct visualization of the C1-C2 lateral mass joint, precise screw placement, and intra-articular bone grafting under continuous irrigation. Radiographic parameters, neurological function (JOA), pain (VAS), and neck disability (NDI) scores were assessed pre- and postoperatively.<h4>Results</h4>All surgeries were successfully completed without intraoperative neurovascular injury or hardware malposition. The mean operative time was 103.06 ± 9.55 min, and the mean blood loss was 40.06 ± 9.28 mL. The atlantodental interval (ADI) decreased from 5.14 ± 1.51 mm preoperatively to 3.37 ± 0.52 mm postoperatively (p < 0.001), and C1-C2 joint height increased from 2.98 ± 0.27 mm to 4.37 ± 0.49 mm (p < 0.001). At 3 months, bone fusion was achieved in 93.8% of patients. Clinical outcomes improved compared with preoperative values, including JOA score (8.44 ± 0.89 to 13.31 ± 1.20), VAS score (8.00 ± 0.73 to 2.25 ± 0.45), and NDI score (31.88 ± 1.93 to 12.88 ± 1.26).<h4>Conclusion</h4>This study introduces a novel minimally invasive technique for managing atlantoaxial instability using uniportal endoscopic-assisted posterior fusion. The combination of direct endoscopic visualization, accurate screw-rod fixation, and controlled intra-articular bone grafting offers reliable joint stabilization with reduced tissue disruption. Clinical outcomes suggest this approach may facilitate rapid recovery and improved perioperative safety, offering a valuable addition to current surgical strategies for AAI/D.",Zhu J; Huang C; Xue J; Chen J; Xu Y; Liu D; Zhan X; Liu C,"The First Affiliated Hospital of Guangxi Medical University, Nanning, China.",Orthopaedic surgery,2026-06-10,10.1111/os.70358,2.5,visualization(abstract); visual(abstract),Atlantoaxial Instability; Minimally Invasive Spine Surgery; C1–c2 Fixation; Technical Innovation; Endoscopic‐assisted Fusion
42277945,Exploring 3D anatomy: A free online course supporting novice learner inquiry and spatial conceptualization.,"Application of three-dimensional anatomical knowledge is essential for patient examination, diagnosis, and treatment and is crucial in the training of medical and healthcare students. Moreover, critical observation and spatial awareness are vital for learner understanding of three-dimensional anatomical structures and relationships. However, there are logistical barriers to curricular integration of teaching that explicitly targets these skills. Exploring 3D Anatomy is an open online course, collaboratively produced at two universities in the United Kingdom and South Africa, and available free of charge to institutional and non-institutional users via Canvas (Instructure Europe, London, UK). The course is designed to develop three-dimensional spatial awareness remotely, using accessible household objects and art-based learning. Exploring 3D Anatomy is underpinned by pedagogical principles including multimodal, experiential, and social learning; critical observation and visualization; and evidence-informed art-based learning approaches including Haptico-visual observation and drawing and Observe-reflect-draw-edit-repeat. A phenomenological study was implemented to investigate learner perceptions of the pedagogical, social, and practical elements of Exploring 3D Anatomy. Undergraduate medical students (n = 8) at a United Kingdom medical school participated in two focus groups. Combined themes were constructed using double-coding and interpretative phenomenological analysis. A nested set of four themes was produced, each comprising a dichotomy or spectrum of views between opposing sub-themes: Inquiry (Strategic-Exploratory); Dialogue (Knowledge-Understanding); Cognition (Compartmental-Conceptual); Experience (Novice-Advanced). This work provides insights and implications for educators seeking to provide training in important but neglected skills beyond the boundaries of formal curricula, through implementation of flexible, accessible, and remote learning and training strategies in anatomical education.",Zhang J; Sachdeva M; McCaig C; Gordon E; Shapiro L; Keenan ID,"School of Medicine, Faculty of Medical Sciences, Newcastle University, Newcastle upon Tyne, UK.",Anatomical sciences education,2026-06-11,10.1002/ase.70288,2.5,visualization(abstract); visual(abstract),Gross anatomy; Digital anatomy; Anatomy Teaching; Anatomy Education; Anatomical Illustration; Topographic Anatomy
42264000,Multimodal Imaging Evaluation of the Entheses in Spondyloarthritis.,"Multimodal imaging has become an important component in the evaluation of entheses in rheumatology. Clinical examination provides information on local tenderness and symptoms; however, these findings show variable correlation with structural or inflammatory alterations at the enthesis and should thus be complemented by imaging. Within the last decades, the availability, quality and diversity of imaging modalities have increased notably. Ultrasound (US) enables assessment of soft-tissue inflammation, structural abnormalities, and vascularization. Magnetic resonance imaging (MRI) allows visualization of bone marrow and peri-entheseal soft tissues. High-resolution peripheral quantitative computed tomography (HR-pQCT) provides detailed characterization of bone microstructure, while positron emission tomography combined with computed tomography (PET/CT) allows detection of metabolic activity associated with inflammatory processes. Through integration of serological and molecular biomarkers, the multimodal diagnostic approach may ultimately improve diagnostic accuracy.",Mitter G; Friedrich K; Kleyer A; Sewerin P; Mandl P,"Division of Rheumatology, Medical University of Vienna, Vienna, Austria.",Joint bone spine,2026-06-09,10.1016/j.jbspin.2026.106086,2.5,visualization(abstract); visual(abstract),Positron emission tomography; Multimodal imaging; ultrasound; computed tomography; Enthesitis; Enthesis
42257387,EXPRESS: Enhancing clinical core competencies in postgraduate medical education: a comparative study of augmented reality-assisted and traditional teaching approaches.,"This study aimed to compare the effectiveness of augmented reality (AR)-assisted teaching versus traditional methods in enhancing clinical core competencies among postgraduate medical students. Fifty postgraduate medical students were randomly assigned to either an experimental group (AR-assisted teaching, n = 25) or a control group (traditional teaching, n = 25). Following an identical instructional curriculum, participants underwent objective theoretical and case analysis assessments, completed self-evaluation surveys, and responded to standardized teaching satisfaction questionnaires. Competency evaluations were based on the six ACGME core competencies: patient care, medical knowledge, system-based practice, practice-based learning and improvement, professionalism, and interpersonal and communication skills. Students in the experimental group outperformed the control group in theoretical knowledge and case analysis (P < 0.05). They also reported significantly greater improvements in self-directed learning ability, learning efficiency, clinical reasoning, and concentration. The experimental group showed higher satisfaction across teaching dimensions, including spatial visualization, interactivity, curriculum design, and perceived learning outcomes. Additionally, scores across all six ACGME core competencies were significantly higher in the experimental group compared to the control group (P < 0.05). A -assisted teaching offers significant advantages over traditional methods in medical education, leading to enhanced knowledge acquisition, clinical reasoning, learner engagement, and competency development, thereby providing a promising approach for advancing postgraduate clinical training.",Chen W; Wang J; Lei S; Xie R; Zhong M,"Department of Thyriod Surgery, Second Affiliated Hospital of Nanchang University , Nanchang 330006, Jiangxi Province, China.",Journal of investigative medicine : the official publication of the American Federation for Clinical Research,2026-06-08,10.1177/10815589261460889,2.5,visualization(abstract); visual(abstract),Autoimmunity
42276594,Novel ultrasound-guided rotator cuff interval injection using the biceps long-axis approach: a cadaveric study.,"<h4>Background</h4>Ultrasound-guided intra-articular injection of the shoulder via the rotator cuff interval (RCI) is increasingly used for adhesive capsulitis, but conventional techniques may be technically demanding and potentially risk iatrogenic rotator cuff tendon injury.<h4>Objective</h4>To describe and validate, in cadaveric specimens, a novel long-axis RCI injection technique aligned with the intra-articular portion of the long head of the biceps tendon.<h4>Methods</h4>Six shoulders from three cryopreserved cadavers were evaluated. Under ultrasound guidance, a 22-gauge needle was advanced in-plane along the long axis of the biceps tendon, targeting the interval between the coracohumeral ligament and intra-articular biceps tendon. Injectate spread was confirmed by dissection.<h4>Results</h4>All six shoulders demonstrated accurate intra-articular injectate spread without intratendinous injection or unintended bursal accumulation.<h4>Conclusion</h4>The long-axis RCI approach provides reliable intra-articular delivery with improved visualization and fewer traversed structures. Clinical studies are needed to establish its safety, reproducibility, and therapeutic outcomes.",Ribeiro-da-Silva T; Cuñat T; Ferreira-Silva N; Caroço T; Mittal N; Ferreira Dos Santos G; Sala-Blanch X,"Physical Medicine and Rehabilitation, Hospital de Santa Maria, Lisbon, Portugal tomasribeirodasilva13@gmail.com.",Regional anesthesia and pain medicine,2026-06-11,10.1136/rapm-2026-107952,2.5,visualization(abstract); visual(abstract),Ultrasonography; Chronic pain; Pain Management; Corticosteroid Injection
42235932,Optical and video stylets for airway management: an expert review.,"<h4>Introduction</h4>Optical and video stylets are increasingly important airway management devices that combine real-time visualization with a slim rigid or semi-rigid design. They facilitate tracheal intubation in anatomically constrained airways while minimizing cervical spine movement and mouth-opening requirements.<h4>Areas covered</h4>This narrative review examines the evolution, technical principles, classification, clinical applications, safety profile, and future developments of optical and video stylets. A structured literature search of PubMed/MEDLINE, Embase, and the Cochrane Library was conducted for publications published between January 1990 and January 2026. Randomized controlled trials, observational studies, systematic reviews, meta-analyses, and relevant international guidelines were prioritized.<h4>Expert opinion</h4>Video stylets have progressively replaced optical systems because of superior image quality, ergonomics, and training utility. Their greatest value lies in anatomically constrained airways and as complementary tools within multimodal airway management strategies. Persistent limitations, particularly lack of suction capability and sensitivity to contamination, support their role as adjuncts rather than universal airway devices.",Gómez-Ríos MÁ; Tsan SEH; Gaszyński T; Michalek P; Gutierrez-Couto U; Van Zundert AAJ,"Anesthesiology and Perioperative Medicine, University Hospital Complex of a Coruña, A Coruña, Spain.",Expert review of medical devices,2026-06-10,10.1080/17434440.2026.2684992,2.5,visualization(abstract); visual(abstract),Tracheal intubation; Endotracheal Intubation; Airway Management; Difficult Airway; Fibreoptic Intubation; Videolaryngoscopy; Optical Stylet; Video Stylet
42275108,Laser Light Scattering-Enhanced Deep Computer Vision Method for the Detection of Trace Mineral Oil in Vegetable Oils.,"Mineral oil contamination in vegetable oils poses a serious threat to food safety and consumer health. In this study, we reported an on-site compatible analytical strategy based on laser light scattering-enhanced deep computer vision for detecting mineral oil contamination in vegetable oils. The strategy integrates saponification-induced phase and turbidity contrast with laser-enhanced scattering visualization to transform trace mineral oil into visually discriminative signals. To accurately analyze these signals, we proposed a novel, lightweight, and efficient deep learning model (Oil-MobileNet). After optimizing chemical reaction conditions, the effects of three illumination sources (green laser, red laser, and laser-free) on image acquisition were systematically examined. Subsequently, Oil-MobileNet was evaluated on binary and multiclass classification. Comparative analyses with four baseline models demonstrated that the combination of green laser illumination and Oil-MobileNet achieved the best classification performance, enabling reliable discrimination of mineral oil contamination down to 0.05% (<i>v</i>/<i>v</i>) under the defined operational criteria. This practical detection capability outperformed human visual inspection with green laser (0.1%) and commercially available saponification-based kits (0.9-3%). The contaminated level prediction models were also established using these architectures. In addition, interpretability studies were conducted to elucidate the model's decision-making mechanism. Finally, the well-trained models were deployed in a user-friendly graphical user interface for the accurate determination of mineral oil contamination.",Wang XZ; Yin XY; Yang XH; Chen Y; Wang T; Wu HL; Yu RQ,"State Key Laboratory of Chemo and Biosensing, College of Chemistry and Chemical Engineering, Hunan University, Changsha 410082, China.",Analytical chemistry,2026-06-11,10.1021/acs.analchem.6c00302,2.5,visualization(abstract); visual(abstract),
42285409,"A One-Finger-Width ""Baklava Dough"" Dural Thinning Technique in Dura-Preserving Posterior Fossa Decompression for Chiari Type I Malformation.","<h4>Background</h4>The optimal surgical extent of posterior fossa decompression in Chiari type I malformation remains controversial. This study aimed to evaluate the clinical and radiological outcomes of a modified dura-splitting technique based on controlled thinning of the meningeal layer.<h4>Methods</h4>This modification, referred to as the ""One-Finger-Width 'Baklava Dough' Dural Thinning Technique,"" involves performing a minimal skin incision of one-finger width (about 2 cm), followed by splitting the dura into thin layers and microscopically thinning the meningeal layer to a thickness comparable to baklava dough, allowing visualization of CSF pulsation through the thinned dura. A total of 32 consecutive adult patients with Chiari type I malformation who underwent posterior fossa decompression using this technique between 2018 and 2024 were retrospectively analyzed. Clinical outcomes were evaluated using neurological examination, VAS scores, and CCOS-PROM, while radiological outcomes included measurements of tonsillar herniation and syringomyelia parameters.<h4>Results</h4>Syringomyelia was present in 13 patients (41%), and radiological regression was observed in 12 of these patients (92%). The mean syrinx diameter decreased from 8 ± 3 mm to 4 ± 3 mm (p = 0.0017). Significant reductions were observed in VAS scores for headache, neck pain, back pain, and arm pain (p < 0.05). No postoperative CSF fistula, pseudomeningocele, wound infection, or reoperation occurred.<h4>Conclusion</h4>The ""One-Finger-Width 'Baklava Dough' Dural Thinning Technique"" appears to be a safe and feasible surgical approach that preserves dural integrity and is aimed at improving posterior compliance and restoring physiological CSF circulation at the craniospinal junction.",Biçeroğlu H; Erol A; Akhbari M; Bölük MS; Yurtseven T,"Department of Neurosurgery, Ege University Faculty of Medicine, Izmir, Turkey.",World neurosurgery,2026-06-12,10.1016/j.wneu.2026.125123,2.5,visualization(abstract); visual(abstract),Syringomyelia; Posterior Fossa Decompression; Chiari Malformation Type I; Cerebrospinal Fluid Dynamics; Dura-splitting Technique
42275260,State-of-the-Art Imaging and Localization Assessment in Post-Operative Deep Brain Stimulation for Parkinson's Disease: A Review.,"Deep brain stimulation (DBS) is an established therapy for Parkinson's disease (PD), dependent on precise electrode placement relative to intended anatomical and functional targets. Post-operative imaging, primarily magnetic resonance imaging (MRI) and computed tomography (CT), is essential for verifying lead position, assessing surgical accuracy, and guiding stimulation programming. Most centers perform imaging within the first week after surgery, typically using CT or MRI-CT fusion to confirm electrode location and detect complications. CT offers submillimeter resolution (slice thickness 0.5-1.25 mm; voxel ~0.5 mm) for clear electrode visualization, while MRI (particularly T1-MPRAGE, T2-FLAIR, and GRE sequences) provides superior anatomical contrast and artifact characterization. Registration between pre- and post-operative scans remains the predominant localization technique, though automated pipelines such as Lead-DBS, Brainlab Elements™, SureTune4™ now achieve consistent precision within ±0.5-1.5 mm across platforms. This review summarizes current post-operative imaging strategies and quantitative localization techniques in DBS for PD. It discusses the advantages and limitations of each modality and outlines future directions in automation, multimodal integration, and personalized imaging pipelines for improving the accuracy, reproducibility, and clinical utility of post-operative DBS assessment.",Susanto KT; Premchand B; Wan KR; Yu WY; Oh HP; Chan VEY; Misbaah F; So RQ,,Stereotactic and functional neurosurgery,2026-06-11,10.1159/000553009,2.5,visualization(abstract); visual(abstract),
42286705,Heterogeneous evolution of pancreatic cancer microvasculature revealed by longitudinal intravital imaging.,"Pancreatic ductal adenocarcinoma (PDAC) is a highly lethal malignancy with a 5-year survival rate below 10%. Despite strong pro-angiogenic signaling often activated in PDAC, clinical trials with anti-angiogenic therapies have consistently failed, underscoring the need to understand PDAC vasculature better. In this study, we established an intravital, longitudinal imaging platform using a pancreas window in an orthotopic Panc02-GFP murine PDAC model. After surgical inoculation of tumor cells and the window implantation, PDAC vasculature was labeled by intravenous injection of fluorophore-conjugated anti-CD31 antibody, and perfusion was tracked with fluorescent red blood cells (RBCs). Longitudinal imaging of same regions was performed with real-time intravital confocal microscopy. It revealed dynamic vascular remodeling during PDAC progression, including angiogenesis, vessel pruning, dilation, and regression. Real-time tracking of fluorescent RBCs further demonstrated heterogeneous perfusion: some vessels abruptly lost flow and collapsed, while neighboring vessels showed fluctuating or partially recovering perfusion. This approach enables repeated, long-term, cellular-level visualization of both vascular remodeling and perfusion dynamics in vivo. By uncovering the spatiotemporal dynamics of PDAC vasculature, our platform provides new insights into tumor development and offers a valuable tool to evaluate vessel-targeting therapies.",Lucia SE; Hong S; Abdi R; Kim P,"Graduate School of Medical Science and Engineering, Korea Advanced Institute of Science and Technology (KAIST), Daejeon, 34141, Korea.",Cancer cell international,2026-06-12,10.1186/s12935-026-04363-7,2.5,visualization(abstract); visual(abstract),Pancreatic Ductal Adenocarcinoma; Tumor Microenvironment; Tumor Vasculature; Pancreatic Imaging Window
42259369,A pixel-specific model observer for high-fidelity assessment of x-ray angiography imaging system performance.,"<h4>Objective</h4>While clinical tasks require visualization of spatially complex interventional devices, typical methods to assess X-ray angiography systems performance utilize stylized test objects. The purpose of this work was to develop methods to estimate the contribution of individual X-ray angiography system pixels to test object SNR<sup>2</sup>, thus providing for the use of clinical devices as test objects.&#xD;Approach. Theory to estimate the contribution of individual pixels (snt<sup>2</sup>) to test object SNR<sup>2</sup>was derived. For each pixel, the 'signal' was the mean pixel value difference between a set of test signal present and absent images. 'Noise' was estimated as the pixel-specific total covariance (ω<sup>2</sup>) calculated within a local pixel neighborhood. Test object SNR from this pixel-specific observer (PSO) was compared to that from a Hotelling observer which used pixel values as variables (PHO) and a Gabor channelized Hotelling observer (CHO). Bias from finite sampling and detector electronic noise was managed by established methods. Image samples were acquired using stationary iodine disks (diameter 0.5 to 4.0 mm) and pediatric interventional devices as test objects. Quantum fluence was varied over a range of 8x to mimic exposure conditions for both fluoroscopy and angiography.&#xD;Main results. For the iodine disk test objects, SNR was in the range ~1.0 to 32. SNR estimates by the PSO method were linear with object size, X-ray fluence, and PHO and CHO estimates. Pixel-specific<b>snr<sup>2</sup></b>maps of implantable devices demonstrated that the pixel-specific approach preserved the high spatial fidelity of the X-ray angiography system, including the effects of focal spot blur.&#xD;Significance. That test object SNR estimates by the pixel-specific methods were consistent with those from the PHO and CHO provides mutual support for the accuracy of each method. The newly proposed approach provides for the use of spatially complex clinical devices as test objects. &#xD.",Fetterly KA,"Cardiovascular Medicine, Mayo Clinic, 200 First Street SW, Rochester, Minnesota 55905, USA, Rochester, Minnesota, 55902, United States.",Physics in medicine and biology,2026-06-08,10.1088/1361-6560/ae79cf,2.5,visualization(abstract); visual(abstract),Model Observer; Hotelling Observer; X-ray Angiography; System Performance
42284516,Transferable Deep Reinforcement Learning With Edge-Contour-Depth Fusion for Autonomous Wireless Capsule Endoscopy Navigation.,"Wireless capsule endoscopy (WCE) enables painless, minimally invasive visualization of the gastrointestinal tract. Still, its diagnostic potential is limited by incomplete mucosal coverage and poor transferability of existing navigation methods across patient anatomies. We propose a transferable, anatomical landmark-guided deep reinforcement learning framework for robust autonomous gastric navigation. Leveraging a lightweight edge-contour-depth fusion module, our policy operates on stable, low-dimensional landmark coordinates rather than high-dimensional video streams. This design effectively bridges the sim-to-real visual gap and ensures robustness across diverse anatomies, enabling low-cost deployment by reducing computational overhead. In simulations across eight patient-derived models, the method achieves >97% coverage within 50 s, significantly outperforming vanilla Proximal Policy Optimization, Soft Actor-Critic, and Deep Q-Network agents by enhancing coverage and minimizing variance. To ensure deployment reliability, a two-stage sim-to-real pipeline supported by an adaptive dynamic programming controller actively mitigates physical disturbances, including actuator latency and peristalsis. Ex vivo experiments across five independent scans demonstrate high coverage stability, achieving a mean coverage of 87% and a 53% reduction in procedure time compared with expert manual control. This study establishes a scalable paradigm for autonomous, high‑coverage endoscopic navigation, advancing the clinical deployment of intelligent WCE systems for GI diagnostics.",Wu H; Gao H; Liu Q; Yuan S; Fang H; Su M; Liang B; Yang Y; Bai L; Dong W; Xie D; Su S; Lai J; Cheng SS; Li Z; Zuo X; Ren H,"Department of Electronic Engineering, The Chinese University of Hong Kong, Hong Kong, China.","Advanced science (Weinheim, Baden-Wurttemberg, Germany)",2026-06-12,10.1002/advs.202600008,2.5,visualization(abstract); visual(abstract),Model Transferability; Deep Reinforcement Learning; Autonomous Wce Navigation; Sim‐to‐real Transfer; Wireless Capsule Endoscopy(wce)
42271162,The degenerome-a novel streamline-wise approach for white matter integrity in neurodegeneration.,"Neurodegenerative diseases impair both gray matter and long-range white-matter pathways. Existing diffusion MRI approaches are either local or depend on predefined parcellations, limiting their ability to capture distributed network disruption. We introduce a streamline-wise framework to map axonal degeneration and derive disease-specific fiber ""degeneromes"" across Alzheimer's disease (AD), Parkinson's disease (PD), multiple system atrophy (MSA), and progressive supranuclear palsy (PSP). We analyzed diffusion microstructure imaging and T1-weighted MRI (3 T Siemens Prisma, 2018-2024) in AD (n = 81), PD (n = 177), MSA (n = 50), PSP (n = 35), and healthy controls (n = 26). The intraaxonal volume fraction, estimated via a Bayesian three-compartment model, was mapped along ~20,000 normative streamlines in MNI space using age- and sex-adjusted regression with FDR correction. Streamline-wise mapping revealed disease-specific degeneromes consistent with established pathoanatomical models: AD involved limbic and temporo-occipital pathways, PD showed commissural and posterior association involvement, MSA affected pontocerebellar and corticospinal tracts, and PSP involved the dentato-rubro-thalamic tract and superior cerebellar peduncle. These signatures supported group-level differentiation, and streamline-wise z-scores enabled intuitive single-patient visualization. Fiber degeneromes offer a connectome-informed biomarker with strong biological plausibility, discriminatory potential across neurodegenerative entities, and a clear route toward clinical single-patient reporting.",Hosp JA; Reisert M; Schröter N; Kellner E; Mast H; Rijntjes M; Hellwig S; Frings L; Wiendl H; Urbach H; Rau A,"Department of Neurology and Clinical Neuroscience, Medical Center, Faculty of Medicine, University of Freiburg, Freiburg, Germany. jonas.hosp@uniklinik-freiburg.de.",NPJ Parkinson's disease,2026-06-10,10.1038/s41531-026-01428-2,2.5,visualization(abstract); visual(abstract),
42281376,Charge-Competition AIEgens Induce Mitochondrial Dysfunction for Selective Eradication of &lt;i&gt;Candida albicans&lt;/i&gt; while Restoring Vaginal Microbiota.,"The principal therapeutic challenge in vulvovaginal candidiasis (VVC) is that the non-selective nature of conventional antifungal drugs, which frequently perturb vaginal microecological homeostasis and disrupt <i>Lactobacillus</i> barrier, lead to the emergence of recurrent infection and drug resistance. This study aims to develop novel antifungal agents capable of efficiently and selectively eradicating pathogenic fungi while protecting and promoting the growth of <i>Lactobacilli</i>, with real-time monitoring capabilities and significant potential for clinical application. Harnessing the principle of charge-competition, we engineered a cationic amphiphilic aggregation-induced emission luminogens (AIEgens, named as TPE-ET), where hydrophobic chain length served as a key determinant governing membrane affinity, aggregation propensity, and antimicrobial selectivity. This design empowered potent eradication of <i>Candida albicans</i> (<i>C. albicans</i>) while concomitantly favoring the proliferation of beneficial <i>Lactobacilli</i>. Moreover, TPE-ET disrupted <i>C. albicans</i> biofilms and suppressed virulence genes related to adhesion, invasion, and drug resistance. In a murine VVC model, TPE-ET reduced fungal burden by over 90%, facilitating the repair of damaged vaginal epithelium and the reconstitution of a <i>Lactobacillus</i>-dominat vaginal microbiome. Remarkably, TPE-ET outperformed clotrimazole in restoring healthy microecological balance, as manifested by diminished <i>Proteobacteria</i> abundance alongside increased <i>Firmicutes</i> (notably <i>Lactobacillus</i>) and <i>Bacteroidetes</i>. Mechanistic studies revealed that TPE-ET exerted its remarkable antifungal activity by targeting the mitochondrial inner membrane, disrupting the metabolism-inflammation axis and eliciting mitochondrial dysfunction. Collectively, this dual merits of membrane charge-selective targeting and AIEgens-mediated visualization established an innovative therapeutic strategy for VVC, featuring superior efficacy, exquisite selectivity, and real-time monitoring capability with significant clinical potential.",Zhang R; Li X; Chen X; Shen A; Zhang X; Peng C; Qiu J,"Department of Pharmacology, Fudan University, Shanghai, P. R. China.",Journal of microbiology and biotechnology,2026-06-12,10.4014/jmb.2601.01074,2.5,visualization(abstract); visual(abstract),Candida albicans; Vulvovaginal Candidiasis; Charge Competition; Vaginal Microecology; Tpe-et
42273951,Carotid duplex ultrasound: A review and update for clinicians.,"The aim of this review is to provide clinicians with an update on the evolution and current status of the carotid duplex criteria, as well as clinical applications for the diagnosis and follow-up of carotid disease. The 'duplex concept' combined real-time B-mode imaging and pulsed Doppler flow detection in a single instrument, which enabled direct visualization of blood vessels and analysis of flow patterns. The first application of the prototype duplex scanner built in the 1970s was the evaluation of extracranial carotid artery disease, and the validation studies performed at the University of Washington established the first carotid duplex criteria, including the 125 cm/s peak systolic velocity (PSV) threshold for ⩾ 50% internal carotid stenosis. Over time, those criteria have been widely adopted and modified, resulting in significant variability among vascular laboratories. In the 1990s, the randomized clinical trials of medical versus surgical management of carotid disease prompted further refinement of the carotid criteria to include a PSV threshold of 230 cm/s for the clinically important internal carotid stenosis category of ⩾ 70%. The Society of Radiologists in Ultrasound (SRU) proposed a set of criteria in 2003 that included both of these PSV thresholds. However, concern regarding a lack of standardization prompted the Intersocietal Accreditation Commission (IAC) to conduct an independent validation study of the SRU criteria. The main recommendation from the IAC study, published in 2021, was to increase the PSV threshold for ⩾ 50% internal carotid stenosis to 180 cm/s. Although the carotid duplex criteria have been validated primarily for atherosclerotic lesions, they have also been applied to nonatherosclerotic carotid conditions such as dissection, aneurysms, and fibromuscular dysplasia. Duplex scanning plays a major role in follow-up after carotid interventions, although modified velocity criteria must be used to avoid overestimating the severity of restenosis. There is growing evidence that certain histologic plaque features are associated with ischemic cerebrovascular events, independent of the degree of stenosis, and some of these, such as intraplaque hemorrhage, may be identified on B-mode imaging. Although velocity parameters have been the primary components of the carotid duplex criteria, it is likely that assessment of plaque morphology will increase the overall clinical value of carotid duplex scanning in the future.",Zierler RE,"University of Washington School of Medicine, Seattle, WA, USA.","Vascular medicine (London, England)",2026-06-11,10.1177/1358863x261442411,2.5,visualization(abstract); visual(abstract),Carotid Artery Disease; Duplex Ultrasound; Vascular Laboratory; Vascular Imaging/diagnostics; Spectral Waveforms; Doppler Flow Detection
42268404,"First-in-human EphA2-targeting PET imaging with the bicyclic radiotracer [&lt;sup&gt;68&lt;/sup&gt;Ga]Ga-BCY18469 in pancreatic cancer patients: biodistribution, dosimetry and initial findings.","<h4>Purpose</h4>Erythropoietin-producing hepatocellular receptor A2 (EphA2) is overexpressed in various malignancies, including pancreatic ductal adenocarcinoma (PDAC), in which it correlates with poor prognosis. Although EphA2 is considered a promising target receptor for theranostic applications, suitable radiotracers for clinical imaging have been lacking. This study reports first clinical experiences with [<sup>68</sup>Ga]Ga-BCY18469, a bicyclic peptide radiotracer for EphA2-targeted PET imaging.<h4>Methods</h4>Seven patients with histologically confirmed PDAC (5 after chemotherapy, 2 at initial staging) underwent PET/CT imaging. Four were scanned at 15, 30, 45, 60 and 180 min. and three at 45 min. after injection of [<sup>68</sup>Ga]Ga-BCY18469. Dosimetry calculations were performed based on organ-specific time-activity curves from whole-body PET acquisitions. Imaging findings were compared with contrast-enhanced CT or MRI (interval: 9-50 days).<h4>Results</h4>No adverse events were observed. The kidneys received the highest absorbed dose (0.31 ± 0.02 mGy/MBq), while the effective dose was 0.017 ± 0.002 mSv/MBq. [<sup>68</sup>Ga]Ga-BCY18469 demonstrated rapid tumor uptake at 15 min. post-injection with predominantly renal excretion. Of 45 total lesions EphA2-PET detected 36 lesions with tracer uptake suspicious for metastasis. 11 of 45 lesions were detected only on EphA2-PET, whereas 9 of 45 lesions were detected only on CT and/or MRI. The tracer identified 13 liver metastases (SUV<sub>max</sub> 6.9 ± 3.4) and 13 lymph node metastases (SUV<sub>max</sub> 5.0 ± 1.1), among other findings.<h4>Conclusions</h4>Our initial clinical experiences demonstrate that [<sup>68</sup>Ga]Ga-BCY18469 enables safe, rapid, and high-contrast visualization of EphA2-expressing PDAC lesions. These results strongly support further investigation of [<sup>68</sup>Ga]Ga-BCY18469 as a diagnostic tool for EphA2-positive malignancies.",Eder AC; Wielenberg CF; Omrane MA; Klotsotyra A; Brüggemann K; El Fakiri M; Becker H; Quante M; Mix M; Eder M; Meyer PT; Freitag MT,"Department of Nuclear Medicine, University Medical Center Freiburg, Faculty of Medicine, University of Freiburg, Hugstetter Str. 55, 79106, Freiburg, Germany.",European journal of nuclear medicine and molecular imaging,2026-06-10,10.1007/s00259-026-07985-1,2.5,visualization(abstract); visual(abstract),PET; EphA2; tumor targeting; Pdac; Bicyclic Peptide; Pan-cancer Agent
42284569,Teleguided Point-of-Care Ultrasound for Fluid Assessment in Geriatric Inpatients Performed by Nurses and Medical Students: Prospective Observational Feasibility Study.,"<h4>Background</h4>Fluid assessment in geriatric inpatients is challenging, as clinical signs are often unreliable. Inferior vena cava (IVC) ultrasound provides a rapid, noninvasive estimation of intravascular volume. Teleguided point-of-care ultrasound (POCUS) allows examiners without prior ultrasound experience to perform scans under real-time supervision.<h4>Objective</h4>This study aimed to evaluate the feasibility, accuracy, efficiency, and user satisfaction of remote-guided IVC ultrasound performed by medical students and nurses without prior ultrasound experience in a geriatric inpatient setting.<h4>Methods</h4>This prospective feasibility study was conducted between February and March 2025 in a geriatric inpatient ward at a German tertiary care hospital. Thirty hospitalized geriatric patients were recruited using a pragmatic convenience sampling approach on predefined study days. Each patient underwent 2 IVC ultrasound examinations (n=60) using a handheld device with TeleGuidance; one was performed by a medical student and one by a nurse. All scans were remotely supervised by an ultrasound-experienced cardiologist, who subsequently performed a third, independent IVC scan on each patient, serving as the reference standard. Examiners were 2 final-year medical students and 2 nurses, all without ultrasound experience, each performing 15 scans. Primary outcomes were technical feasibility (successful teleguidance connection), accuracy of IVC diameter measurement (≥80% within +2 mm to -2 mm), and examination duration (≤10 minutes). The secondary outcome was user satisfaction (≥75 on a 0-100 numeric rating scale).<h4>Results</h4>Connectivity and remote supervision were consistently stable, enabling completion of all scans (feasibility 100%). IVC visualization was successful in 90% (27/30) of cases. Accuracy was achieved in 80% (48/60; 95% CI 67-88) of scans. Mean duration was 3.3 (SD 2.0) minutes. Mean user satisfaction was 89%, with all ratings ≥85%.<h4>Conclusions</h4>Telemedicine-guided IVC ultrasound was feasible and well accepted in this geriatric inpatient setting. Nonexpert examiners were able to obtain clinically usable measurements under remote supervision within a few minutes after minimal training. These findings suggest that teleguided POCUS is a promising approach to support task sharing in geriatric care. Further studies are needed to confirm these results and to evaluate integration into clinical practice.<h4>Trial registration</h4>German Clinical Trials Register DRKS00035821; https://www.drks.de/search/de/trial/DRKS00035821/details.",Heinemann S; Seitz MF; von Arnim CAF; Steinmetz C; Valentová M,"Department of Geriatrics, University Medical Center Göttingen, Göttingen, Germany.",JMIR formative research,2026-06-12,10.2196/88574,2.5,visualization(abstract); visual(abstract),Geriatrics; Telemedicine; Pilot Study; Feasibility Study; Point-of-care Ultrasound; Tele-ultrasound; Remote Supervision; Digital Health Innovation
42264279,3-dimensional gradient and spin-echo magnetic resonance cholangiopancreatography with deep learning reconstruction at 3T: Achieving superior image quality with reduced acquisition time.,"<h4>Purpose</h4>To evaluate the image quality and clinical feasibility of breath-hold 3D-magnetic resonance cholangiopancreatography (MRCP) using a gradient and spin-echo (GRASE) technique with deep learning reconstruction (GRASE-DLR) versus GRASE without DLR and MRCP using a turbo spin-echo sequence with DLR (TSE-DLR) at 3 T.<h4>Methods</h4>Sixty-five consecutive patients who underwent MRCP were enrolled retrospectively. Three MRCP protocols were compared: GRASE-DLR, GRASE without DLR, and TSE-DLR. The acquisition time, image quality metrics, and diagnostic performance were assessed. Two radiologists independently performed qualitative and diagnostic assessment. Subgroup analysis was performed for patients with poor breath-hold capacity (n = 8).<h4>Results</h4>GRASE-DLR reduced the acquisition time by 45.4% and 49.1% compared with TSE-DLR and GRASE, respectively (p < 0.001). GRASE-DLR yielded high overall image quality (p < 0.001) and artefact reduction (p < 0.001 vs. TSE-DLR; p < 0.05 vs. GRASE), and improved major duct visualization (p < 0.001). Diagnostically, GRASE-DLR achieved higher sensitivity for biliary disease (93.8% vs. 56.2-62.5% for TSE-DLR) and showed a trend toward higher sensitivity for pancreatic disease (87.5% vs. 55.0-72.5%). Accuracy ranged from 89.5 to 94.7% (biliary) and 84.8-87.0% (pancreatic). The area under the receiver operating characteristic curve was higher with GRASE-DLR for biliary (0.802-0.969) and pancreatic disease (0.854-0.890). Indeterminate biliary anatomical variation findings were nearly eliminated with GRASE-DLR (0-1.5% vs. 21.5-26.2% for TSE-DLR). In patients with poor breath-hold capacity, GRASE-DLR demonstrated pronounced improvements in image quality and artefact reduction.<h4>Conclusions</h4>GRASE-DLR provides favorable image quality with substantially reduced acquisition time and improved diagnostic performance, particularly in patients with poor breath-hold tolerance.",Ozaki K; Iyoda T; Sugioka E; Kwon J; Katsumata Y; Tanahashi Y; Goshima S,"Department of Radiology, Hamamatsu University School of Medicine, 1-20-1, Handayama, Chuo-ku, Hamamatsu City, Shizuoka 431-3192, Japan. Electronic address: ozakik-rad@umin.org.",Magnetic resonance imaging,2026-06-08,10.1016/j.mri.2026.110726,2.5,visualization(abstract); visual(abstract),Magnetic Resonance Cholangiopancreatography; Turbo Spin-echo; Deep Learning Reconstruction; Gradient And Spin-echo
42268564,Association of PD-L1 combined positive score with disease control and response kinetics with first-line pembrolizumab-based therapy in metastatic triple-negative breast cancer: results from routine clinical practice in Poland.,"<h4>Background</h4>Programmed death-ligand 1 (PD-L1) expression assessed by the combined positive score (CPS) is required for eligibility to first-line pembrolizumab-based therapy in metastatic triple-negative breast cancer (mTNBC). However, the predictive value of CPS beyond treatment eligibility, particularly for disease control, response kinetics and response durability in real-world practice, remains uncertain. This study evaluated the association between CPS analyzed as a continuous variable and clinical outcomes in a Polish real-world mTNBC population.<h4>Methods</h4>This multicenter retrospective study included patients with PD-L1-positive (CPS ≥ 10) mTNBC treated with first-line pembrolizumab plus chemotherapy across 13 oncology centers in Poland (2022-2025). CPS was assessed locally and primarily analyzed as a continuous variable with exploratory categorical analyses performed for descriptive and visualization purposes. Primary endpoints included objective response rate (ORR), disease control rate (DCR), and progression as best response. Secondary endpoints were time to best response (TTBR) and duration of response (DoR).<h4>Results</h4>Seventy-two patients were eligible for analysis. Median age was 57 years (IQR 48-67) and median CPS was 20 (IQR 15-50). After a median follow-up of 11.6 months, ORR was 48.6% and DCR was 88.9%. CPS did not differ between patients achieving ORR versus no ORR (p = 0.58) or DCR versus no DCR (p = 0.56), nor was it associated with progression as best response. CPS showed no correlation with TTBR (ρ = 0.02, p = 0.9) or DoR (ρ = -0.33, p = 0.05). In univariable analysis, CPS was not associated with PFS. However, in multivariable Cox regression, CPS showed a statistically significant association with PFS, although the effect size was minimal (HR 1.01 per CPS unit).<h4>Conclusions</h4>In real-world PD-L1-positive mTNBC, CPS was not significantly associated with response outcomes. Although statistically linked to PFS, the effect was minimal and likely not clinically meaningful, supporting its role as a threshold-based rather than quantitative biomarker.",Pieniążek M; Świderska K; Konieczna A; Danielewicz I; Winsko-Szczęsnowicz K; Roman A; Żubrowska J; Meluch M; Wronowicz J; Czartoryska-Arłukowicz B; Jarząb M; Łacko A; Püsküllüoğlu M,"Department of Oncology, Wroclaw Medical University, Plac Hirszfelda 12, 53-413, Wrocław, Poland. malgorzata.pieniazek@umw.edu.pl.",Clinical & translational oncology : official publication of the Federation of Spanish Oncology Societies and of the National Cancer Institute of Mexico,2026-06-10,10.1007/s12094-026-04442-1,2.5,visualization(abstract); visual(abstract),Biomarker; Triple-negative Breast Cancer; Programmed Death-ligand 1; Pembrolizumab; Combined Positive Score
