pmid,title,abstract,authors,first_author_affiliation,journal,pub_date,doi,score,matched_keywords,api_keywords
42727936,Open-Source R Shiny Dashboard (Global Burden of Disease Analysis Suite) for Multimethod Burden of Disease Research: Development and Evaluation Study.,"<h4>Background</h4>The Global Burden of Disease (GBD) study provides the most comprehensive global burden estimates available, but translating GBD data downloads into structured analyses requires an integrated, multimethod workflow spanning trend estimation, changepoint detection, demographic decomposition, frontier benchmarking, and health inequality measurement. Existing tools cover portions of this workflow, but none integrate it end-to-end in a code-free interface, creating a substantial technical barrier, particularly for investigators in resource-limited settings.<h4>Objective</h4>This study aimed to develop and release the GBD Analysis Suite, an open-source R Shiny dashboard that consolidates 11 commonly used analytical modules for GBD-style burden-of-disease research into a single, code-free, web interface supporting user-uploaded data, and to describe its underlying architecture, analytical methodology, and intended applications.<h4>Methods</h4>The application was built using R 4.5.3 and the Shiny framework, integrating established statistical packages, including forecast, segmented, openxlsx, ggplot2, plotly, and others, into modules covering data import, choropleth mapping, estimated annual percentage change, joinpoint regression, Kitagawa and Das Gupta decomposition, multimodel time-series forecasting, descriptive visualization, sociodemographic index-based frontier analysis, descriptive age-period-cohort visualization, slope and relative indices of inequality, and batch export. The application accepts Global Health Data Exchange (GHDx)-formatted CSV or Excel files, automatically detects standard variable names, and enforces internal consistency through built-in validation checks. Kitagawa decomposition uses the symmetric mid-point formulation to ensure exact additivity. The three ensemble forecast models (autoregressive integrated moving average [ARIMA], exponential smoothing state-space [ETS], and a feed-forward neural network [NNETAR]) apply Box-Cox log transformation, with an explicit nonnegativity floor applied to the point forecast and prediction intervals of every model.<h4>Results</h4>The application is publicly deployed and can be accessed through any modern web browser without requiring local installation. On the bundled 196-country, 34-year demonstration dataset, exporting the full set of outputs completes in approximately 12 seconds at a peak memory footprint of approximately 600 MB. A feature comparison against 5 existing tools (GBD Compare, GBD Foresight, NCI Joinpoint, BAPC, and NordPred) across 14 capability dimensions confirms that the GBD Analysis Suite is the only reviewed platform combining user-uploaded data input with code-free access to all 6 core analytical methods of modern GBD papers. Source code is publicly available under the MIT license.<h4>Conclusions</h4>The GBD Analysis Suite lowers the technical barrier to reproducible, multimethod burden of disease analyses. It is designed particularly for researchers in low- and middle-income countries where biostatistical support, commercial software licenses, and high-performance computing are often unavailable. The modular architecture supports flexibility across disease areas, geographies, and time windows, subject to input data compatibility. Community contributions, feature requests, and collaborative extensions are welcomed through the project's public GitHub repository.",Hamed BM; Hasan MT; Abdelwahab OA; Abouelmagd ME; Odat RM; Sattar Y; Ghazy RM,"Faculty of Medicine, Al-Azhar University, Cairo, Egypt.",JMIR medical informatics,2026-09-11,10.2196/98718,15.9,"visualization(kw,abstract); dashboard(kw,title,abstract); visual(kw,abstract); data(kw,abstract)",Decomposition; epidemiology; Health Inequality; Data Visualization; Open-source Software; Global Burden Of Disease; Web Application; Reproducible Research; Joinpoint Regression; Estimated Annual Percentage Change; Eapc; Dashboard Software; R Shiny; Time-series Forecasting
42723019,Artificial intelligence applications in out-of-hospital cardiac arrest: an analysis of emerging research trends.,"<h4>Background</h4>Out-of-hospital cardiac arrest (OHCA) remains a major public health challenge despite advances in emergency medical services (EMS) and resuscitation systems. Artificial intelligence (AI), including machine learning (ML), deep learning (DL), and artificial neural networks, is increasingly being investigated for applications spanning cardiac arrest recognition, rhythm analysis, prognostication, and clinical decision support. This study characterized the growth, geographic and institutional structure, collaboration patterns, influential sources, and emerging themes of the AI-OHCA literature.<h4>Methods</h4>A bibliometric analysis was conducted using the Web of Science (WoS) Core Collection. The search identified 290 publications related to AI applications in OHCA, spanning 1996-2026. Publication and citation trends, countries, institutions, authors, journals, subject categories, and keyword co-occurrence were evaluated. VOSviewer was used to construct bibliometric networks, and Microsoft Excel was used for descriptive analyses and publication-trend visualization.<h4>Results</h4>A total of 290 publications were identified. Research output increased sharply beginning in 2019 and reached 53 publications (18.3% of the corpus) in 2025; 21 publications were indexed in 2026 at the time of data collection, representing an incomplete year. The United States (85 publications) and Spain (39) were the leading contributing countries, and the University of the Basque Country was the most productive institution (31 publications; 10.69%). Resuscitation was the most frequent publication source (40 publications; 13.79%), followed by Circulation (23) and Resuscitation Plus (16). Emergency Medicine, Critical Care Medicine, and Cardiac & Cardiovascular Systems were the dominant WoS subject categories. Keyword mapping emphasized machine learning, survival, out-of-hospital cardiac arrest, cardiac arrest, and resuscitation, while author-level analyses demonstrated a concentrated, highly collaborative research network.<h4>Conclusions</h4>Research at the intersection of AI and OHCA has expanded rapidly since 2019 but remains concentrated within a relatively small number of countries, institutions, and collaborative research groups. The literature is primarily clinically oriented, with particular emphasis on recognition, resuscitation, survival prediction, and post-arrest outcomes. Future work should prioritize prospective and external validation, real-world EMS implementation, and evaluation across diverse patient populations and EMS systems. CLINICAL TRIAL #: Not applicable, this study is not a clinical trial.",Fee S; Nichols E; Ganti L; Banerjee P,"Mentor College, Mississauga, ON, Canada.",International journal of emergency medicine,2026-09-10,10.1186/s12245-026-01376-x,11.6,"visualization(abstract); visual(abstract); artificial intelligence(kw,title,abstract); machine learning(kw,abstract); clinical decision support(abstract); data(abstract)",Artificial intelligence; bibliometrics; Cardiac arrest; Resuscitation; Machine Learning; Out-of-hospital Cardiac Arrest; Emergency Medical Services
42717330,Visualizing the future: impact of holographic visualization on teaching minimally invasive veneer preparation: a randomized controlled trial.,"<h4>Background</h4>Minimally invasive veneer preparation in prosthodontic education requires advanced spatial understanding and psychomotor precision. Although immersive technologies are increasingly used in dental education, evidence regarding the educational effectiveness of holographic visualization in prosthodontics remains limited. This randomized controlled trial evaluated the impact of holographic visualization on preparation quality and student-reported educational outcomes during preclinical training in minimally invasive veneer preparation.<h4>Methods</h4>Sixty undergraduate dental students were randomly assigned to receive either conventional two-dimensional photographic visualization (n = 30) or holographic three-dimensional visualization (n = 30). Following a standardized calibration session and baseline preparation, participants performed a second veneer preparation after exposure to the assigned visualization modality. Preparations were independently assessed by two blinded evaluators using a predefined scoring rubric. Within-group changes were analysed using Wilcoxon signed-rank tests, and between-group differences were assessed using analysis of covariance adjusted for baseline performance. Student-reported outcomes were compared using Mann-Whitney U tests with false discovery rate correction.<h4>Results</h4>Both groups showed significant improvements in preparation quality from baseline to post-intervention (both p < 0.001). However, no significant between-group differences were observed (adjusted mean difference: 0.60 points; 95% confidence interval: -0.48 to 1.67; p = 0.269). Overall student-reported outcomes were comparable between groups. Spatial understanding showed the largest between-group effect in favour of holographic visualization, although this difference was not significant after correction for multiple comparisons. Holographic visualization was highly accepted by students, and 70% supported its future integration into dental education.<h4>Conclusions</h4>Although holographic visualization did not significantly improve immediate preparation quality compared with conventional two-dimensional photographs, it was highly accepted by students and showed the largest observed effect for perceived spatial understanding. These findings suggest that holographic visualization may primarily support spatial understanding and represent a valuable adjunct for teaching complex three-dimensional concepts in preclinical prosthodontic education.<h4>Trial registration</h4>German Clinical Trials Register (DRKS), DRKS00040713, prospectively registered on 22 June 2026.",Janson M; Lederer ML; Dalhoff CM; Barbe AG; Liebermann A; Schoppmeier CM,"Faculty of Medicine, Department of Prosthetic Dentistry, University of Cologne, University Hospital Cologne, Kerpener Str. 32, 50931, Cologne, Germany. malin.janson@uk-koeln.de.",BMC medical education,2026-09-08,10.1186/s12909-026-10324-5,11.5,"visualization(kw,title,abstract); visual(kw,title,abstract)",Spatial Ability; Dental Education; Preclinical Training; Hologram; Veneer Preparation; Prosthodontic Education; Immersive Technologies; Holographic Visualization
42722534,Ultrasound Molecular Imaging and Visualization of Immune Biomarkers: A New Paradigm for Tumor Immunotherapy Response Assessment.,"Cancer immunotherapy has revolutionized the treatment landscape, yet its clinical efficacy is limited by modest objective response rates and the emergence of atypical response patterns such as pseudoprogression and hyperprogression. Conventional RECIST criteria relying on anatomical size changes and invasive tissue biopsies suffer from prominent sampling bias and cannot dynamically reflect the heterogeneous tumor immune microenvironment (TIME), creating an urgent demand for non-invasive, real-time functional imaging tools to longitudinally profile intra-tumoral immune landscapes. Ultrasound molecular imaging (USMI) stands out as a distinctive imaging modality complementary to PET-CT and MRI, featuring radiation-free operation, low cost, superior spatiotemporal resolution and repeatable whole-tumor visualization-advantages that overcome the limitations of ionizing radiation, high expense and static single-spot sampling inherent to mainstream molecular imaging modalities. This review systematically elaborates state-of-the-art advances in USMI for visualizing tumor immune biomarkers, with in-depth dissection of core acoustic imaging mechanisms, rational design and multi-functional optimization strategies of immune-targeted microbubble/nanobubble probes and comprehensive collation of landmark pre-clinical investigations across melanoma, hepatocellular carcinoma, non-small cell lung cancer, colorectal and breast cancers. We thoroughly correlate USMI signal readouts with pathological immunohistochemistry, transcriptomic profiles and longitudinal immunotherapy outcomes, and elaborate on its core translational applications: dynamic tracking of immune cell infiltration and spatial distribution, quantitative mapping of global immune checkpoint expression, early prediction of therapeutic efficacy and differential diagnosis of pseudoprogression, hyperprogression and true tumor progression. We further highlight the inherent uniqueness of USMI for TIME surveillance and its complementary value relative to PET/MRI and objectively dissect critical translational bottlenecks, including probe off-target binding, insufficient standardized quantitative pipelines and deep-tissue ultrasound attenuation. Rather than overstating preliminary exploratory work, we rationally discuss the synergistic integration of USMI with multi-omics and artificial intelligence radiomics as a forward-looking developmental direction and propose theranostic probe engineering and standardized multi-center validation frameworks to accelerate clinical translation. This review constructs a complete theoretical and technical framework positioning USMI as a novel functional assessment paradigm for tumor immunotherapy, clarifies its irreplaceable strengths in immune molecular imaging and provides targeted insights to advance precision tumor immunotherapy evaluation.",Zhang Q; Xiao S; He J; Zhou X,"No. 926 Hospital, Joint Logistics Support Force of PLA, Kaiyuan, Yunnan, China.",Ultrasound in medicine & biology,2026-09-10,10.1016/j.ultrasmedbio.2026.08.004,9.5,"visualization(title,abstract); visual(title,abstract); artificial intelligence(kw,abstract)",Molecular probes; tumor immunotherapy; Ultrasound Molecular Imaging; Response Assessment; Tumor Immune Microenvironment; Immune Biomarkers; Diagnostic-therapeutic Integration; Artificial Intelligence Radiomics
42724925,AI-Driven Dentistry and Public Health Surveillance: Opportunities and Challenges.,"The integration of artificial intelligence (AI) into dentistry is reshaping clinical workflows, opening new possibilities for population-level public health monitoring. Machine learning approaches, such as convolutional neural networks and other deep learning architectures, are becoming more and more capable to exhibit diagnostic performances, which are close to those of expert human readers. Beyond single-clinic decision support, aggregated outputs that have been collected from AI diagnostic systems could be used as real-time signals for population surveillance: When combined with geospatial and socioeconomic datasets, they may help reveal structural barriers to care. This review presents opportunities and constraints at the intersection of diagnostic AI and dental public health surveillance and outlines a five-stage framework (data ingestion, spatiotemporal aggregation, socioeconomic enrichment, predictive modeling, and dashboard deployment) for turning de-identified AI outputs into actionable, equity-focused public health intelligence. This article also examines methodological, privacy, and governance challenges-including bias, interpretability, and accountability-as well as ethical issues and proposes safeguards to support equitable deployment.",Douris P; Kodovazenitis G,European University Cyprus School of Dentistry.,Public health challenges,2026-09-10,10.1002/puh2.70278,8.0,"dashboard(abstract); artificial intelligence(kw,abstract); machine learning(kw,abstract); data(abstract)",Disparity; Public Health; Dentistry; Inequalities; Machine Learning; Healthcare; Health Surveillance; Digital Epidemiology; Ai (Artificial Intelligence)
42731777,Augmented and mixed reality as auxiliary tools in dental procedures and their integration with artificial intelligence: a scoping review.,"<h4>Objectives</h4>To map and synthesize the scientific evidence regarding the use of Augmented Reality (AR) and Mixed Reality (MR) as auxiliary tools in dental procedures, and to examine the extent to which Artificial Intelligence (AI) has been integrated into these workflows.<h4>Data</h4>A scoping review was conducted in accordance with the PRISMA-ScR guidelines and the Joanna Briggs Institute (JBI) recommendations. The study selection and data extraction processes were carried out by two independent reviewers, with disagreements resolved by consensus.<h4>Sources</h4>Searches were performed in PubMed, Scopus, and Web of Science for studies published up to June 2025.<h4>Study selection</h4>Fifteen studies were included from a total of 1,457 records identified. Most of the evidence was concentrated in implant dentistry, where MR-based dynamic navigation achieved sub-millimetric accuracy (e.g., three-dimensional entry deviation of 0.417 mm) and outperformed the freehand technique. Improvements in angular accuracy (up to 72% among inexperienced operators) were observed in orthodontic mini-implant placement, and more conservative tissue removal was reported in endodontic access and in tooth preparation. In zygomatic implant placement, however, the freehand technique was not surpassed in apical or angular accuracy, and accuracy improved only when robotic stabilization was added. Artificial Intelligence was identified in a minority of the included studies and, where present, was restricted to preparatory stages of the workflow, namely automated segmentation, image registration, and planning support, rather than to intraoperative execution.<h4>Conclusions</h4>AR and MR were applied predominantly as intraoperative visualization and navigation aids and showed accuracy superior to freehand execution, whereas AI functioned as an enabling technology confined to the preparatory stages of the workflow. Given the predominance of in vitro and proof-of-concept designs, these findings indicate technical feasibility rather than established clinical effectiveness, and multicenter randomized trials with independent validation of the systems remain necessary before clinical adoption can be established.",Pinós M; Sesma N; Flach G; Mukai E,"Department of Dentistry, São Leopoldo Mandic University, São Paulo, Brazil. Electronic address: matheuspinos@hotmail.com.",Journal of dentistry,2026-09-12,10.1016/j.jdent.2026.107043,7.6,"visualization(abstract); visual(abstract); artificial intelligence(kw,title,abstract); data(abstract)",Artificial intelligence; Augmented Reality; Mixed Reality; Dynamic Navigation; Dental Planning
42711891,Mechanophore-Based Multichannel Colorimetric Force Sensors: Ultrasound-Driven Stress and Strain Quantification.,"Mechanophores with mechanochromic properties have attracted significant attention as force-responsive materials for structural sensing. However, their applications remain mainly limited to qualitative force visualization, as direct and quantitative extraction of mechanical parameters such as stress and strain from mechanochromic responses has not yet been established in bulk polymer systems. Here, we present a mechanophore-based polymer sensing platform capable of selectively quantifying localized stress or strain through multichannel mechanochromic responses. Two mechanophores with distinct activation thresholds were crosslinked within a single polydimethylsiloxane (PDMS) matrix, enabling differentiated force-dependent color changes and threshold-resolved mechanochromic responses under spatiotemporally resolved focused ultrasound (FUS) stimulation. RGB-based image analysis combined with deep-learning-assisted segmentation enabled quantitative stress estimation, while embedded tracer microbeads and particle tracking velocimetry (PTV) enabled strain quantification within the activated regions. This integrated framework establishes a quantitative mechanochromic sensing strategy capable of extracting both stress and strain from optical signals in a spatially resolved and reversible manner, demonstrating the potential of mechanophore-based polymers as quantitative, electronics-free sensing platforms for next-generation structural health monitoring applications.",Baek S; Rhee JH; Osler SK; Kim MP; Cheng S; Chamorro LP; Ko H; Robb MJ; Kim G,"School of Civil and Environmental Engineering, Nanyang Technological University, Singapore, Singapore.","Advanced science (Weinheim, Baden-Wurttemberg, Germany)",2026-09-08,10.1002/advs.77607,7.5,"visualization(kw,abstract); visual(kw,abstract)",Focused ultrasound; Mechanochromism; Mechanophores; Force Visualization; Stress‐strain Quantification; Structural Sensor
42726450,Rapid Ex Vivo Visualization of Laryngeal Tumors Using a Sprayable pH-Activatable Fluorophore.,"<h4>Introduction</h4>Achieving clear resection margins (> 5 mm) is critical during laryngeal and hypopharyngeal tumor resection, as positive margins are associated with reduced disease-specific survival. Near-infrared (NIR) fluorescence imaging has emerged as a valuable tool for intraoperative margin assessment by enabling real-time visualization of residual tumor tissue. However, current fluorescent contrast agents rely on intravenous administration, often requiring dosing hours to days before surgery. Also, targeting tumor-specific biomarkers with heterogeneous expression limits applicability. To address these limitations, we evaluated the feasibility of a topically applied pH-activatable fluorophore (PH10), which selectively fluoresces under acidic conditions. This ex vivo proof-of-concept study investigates whether topical PH10 can visualize laryngeal and hypopharyngeal tumors.<h4>Methods</h4>Freshly resected laryngeal and hypopharyngeal squamous cell carcinoma (SCC) specimens were obtained from ten patients and topically sprayed with PH10 immediately after surgery. Following a 2-min incubation period, NIR fluorescence images were acquired before and after three sequential saline washes. Fluorescence intensity was quantified as the tumor-to-background ratio (TBR); tumor localization was confirmed on histopathology.<h4>Results</h4>Laryngeal tumors demonstrated tumor-specific fluorescence upon PH10 application, with significantly higher signal intensity in tumor tissue compared to adjacent normal mucosa (P < 0.05). The median TBR after the first wash was 2.3 (interquartile range 1.7-3.0), exceeding the clinically relevant threshold of 1.5 in seven of seven laryngeal SCC cases; however, this threshold was not reached in either of the two hypopharyngeal carcinoma cases included.<h4>Conclusions</h4>This proof-of-concept study suggests that PH10, a sprayable pH-activatable fluorophore, can enable rapid and high-contrast visualization of laryngeal tumors, although this was not observed in the small number of hypopharyngeal cases evaluated. Given its topical application and rapid activation, PH10 may hold promise for intraoperative margin assessment, yet these preliminary findings, based on a small and heterogeneous sample, require validation in larger cohorts, including direct correlation with deep resection margins, before clinical utility can be established.",Linders DGJ; Dalmeijer SWR; Zweedijk BE; Abbasi H; Boldewijn D; Koppes SA; Kremer B; Burggraaf J; Hilling DE; van der Vorst JR; Ser J; Kashiwagi S; Henary M; Jansen JC; Vahrmeijer AL; Choi HS; Keereweer S,"Department of Otorhinolaryngology and Head and Neck Surgery, Leiden University Medical Center, 2333 ZA, Leiden, The Netherlands.",Molecular diagnosis & therapy,2026-09-11,10.1007/s40291-026-00878-x,6.5,"visualization(title,abstract); visual(title,abstract)",
42721736,A polarity-sensitive fluorescent probe for targeted lipid droplets imaging and in vivo visualization of non-alcoholic fatty liver disease.,"Lipid droplets (LDs) polarity and abundance are closely associated with pathological processes involving abnormal lipid metabolism. Excessive LDs accumulation in hepatocytes results in hepatic lipid deposition and the onset of non-alcoholic fatty liver disease (NAFLD). Consequently, monitoring alterations in LDs quantity and polarity is critically important for both biomedical research and the clinical diagnosis of NAFLD. However, developing LDs-specific fluorescent probes that integrate high polarity sensitivity with bright emission suitable for in vivo liver imaging remains a considerable challenge. Herein, we designed and synthesized four D-π-A structured compounds (FPLD-1 to FPLD-4) and systematically assessed their polarity sensitivity. Among them, FPLD-2 exhibited exceptional polarity sensitivity that is independent of solvent viscosity, along with strong fluorescence signal and a large Stokes shift. Cellular studies revealed that FPLD-2 specifically labels LDs and enables real-time monitoring of their dynamics. Moreover, FPLD-2 generated selective fluorescence signals in the livers of NAFLD mouse models and clearly delineated LDs in tissue sections, thereby enabling sensitive visualization of lipid accumulation in vivo. These results highlight FPLD-2 as a promising probe for investigating LDs-related physiological and pathological processes in NAFLD.",Liu J; Li Z; Mo S; Yuan Q; Dai J; Su D,"Department of Chemistry, College of Chemistry and Life Science, Beijing University of Technology, Beijing, 100124, PR China.",Talanta,2026-09-09,10.1016/j.talanta.2026.130573,6.5,"visualization(title,abstract); visual(title,abstract)",fluorescent probe; Fluorescent Imaging; Non-alcoholic Fatty Liver Disease (Nafld); Lipid Droplets (Lds); Polarity Screening
42713990,Visual Bibliometric Analysis of Research Hotspots and Trends in Antimicrobial Resistance in China.,"To systematically analyze the research landscape of antimicrobial resistance (AMR) in China from 2016-2025, identify hotspots, and detect emerging trends using bibliometric visualization techniques. We compiled 3,096 publications from the Web of Science Core Collection (including Science Citation Index Expanded, SCI-E) and China National Knowledge Infrastructure (CNKI). Using CiteSpace, we performed co-authorship network analysis, keyword co-occurrence mapping, and cluster analysis employing the Log-Likelihood Ratio (LLR) algorithm. Burst detection via Kleinberg's algorithm identified research frontiers, while modularity Q (>0.3) and silhouette metrics validated network structural quality. Rising from 357 in 2016 to 365 in 2022, with accelerated growth following the 2019-2022 period. Six major research clusters emerged with significant structural validity (modularity Q = 0.8108). Burst analysis identified mobilized colistin resistance-1 (mcr-1, burst strength 9.12) and carbapenemase (8.52) as the strongest emerging signals. Resistance surveillance revealed divergent trends: carbapenem-resistant Klebsiella pneumoniae increased alarmingly from 5.6% to 20.0%, whereas methicillin-resistant Staphylococcus aureus declined from 48.8% to 25.8%. Author network analysis revealed a highly centralized structure with limited cross-regional collaboration. Novel therapeutics, including antimicrobial peptides, phage therapy, and machine learning applications, demonstrated significant emergence. Overall, the bibliometric patterns suggest that AMR research in China has evolved from descriptive surveillance toward mechanistic investigation and increasing attention to innovative interventions. The contrasting decline in methicillin-resistant Staphylococcus aureus and rise in carbapenem-resistant pathogens highlight the need for continued national surveillance, stronger inter-regional collaboration, targeted antimicrobial stewardship, and cautious translation of emerging technologies into clinical practice.",Chen Y; Zhang B; Jiang Y,"Infectious Department, The Affiliated People's Hospital of Ningbo University; lovesandycy85@126.com.",Journal of visualized experiments : JoVE,2026-09-08,10.3791/72404,5.1,"visualization(abstract); visual(title,abstract); machine learning(abstract)",
42730946,Seasonal variation of particulate matter deposition in human lungs through different exposure pathways in an industrial city.,"Exact evaluation of particulate matter (PM) dose and its respiratory deposition is required to better understand the dangers of PM exposure and, as a result, create appropriate risk control strategies. In Firozabad industrial area, this is especially relevant in favor of ultrafine particles which originate from glass industries. Thus, this study aimed to estimate the deposition of PM in human lungs and their health risk evaluation through oral and nasal breathing routes. Overall average concentration of size-segregated PM in both seasons was found as 77.14 μg/m<sup>3</sup> (PM<sub>1.0</sub>), 105.40 μg/m<sup>3</sup>, (PM<sub>2.5</sub>), and 277.64 μg/m<sup>3</sup> (PM<sub>10</sub>). On season-wise comparison of size-segregated particulate matter (PM<sub>1.0</sub>, PM<sub>2.5</sub>, and PM<sub>10</sub>) average concentration, it was found that the winter season has a 1.2 times higher PM load instead of the summer season. It was found that infants as well as kids were highly affected by smallest size particles PM<sub>2.5</sub> (78.28 and 79.14%) and PM<sub>1.0</sub> (78.09 and 78.23%) during the winter and summer seasons in the pulmonary region. During winter and summer, it was observed that overall regional deposition was approximately same through nasal and oral breathing scenario (16.67-16.68%). From the carcinogenic risk assessment result of metals, it was revealed that Cr showed carcinogenic health risk during winter in adults (2.90E-03 and 6.37E-03) and in children (2.32E-02 and 9.29E-04) and in the summer season in adults (1.88E-03 and 4.12E-03) and in children (1.50E-02 and 6.01E-04) through ingestion and inhalation exposure pathways, respectively. It was found that Ni and Co showed highest noncarcinogenic risk in residents.",Rajouriya K; Taneja A,"Department of Chemistry, Dr. Bhimrao Ambedkar University, Agra, 282002, India. kalpnarajoriya00@gmail.com.",Environmental monitoring and assessment,2026-09-12,10.1007/s10661-026-15885-y,5,visualization(kw); visual(kw),particulate matter; Health Risk Assessment; Particle Deposition; Particle Visualization
42714956,Real-Time AI-Augmented Fluoroscopic Navigation for Intraoperative Pulmonary Nodule Localization: Prospective Observational Pilot Study.,"<h4>Background</h4>The integration of AI into intraoperative surgical imaging represents an emerging frontier in digital health. Despite advances in preoperative computed tomography (CT)-based surgical planning, real-time translation of imaging data into actionable intraoperative guidance remains limited by CT-to-body divergence-a fundamental information gap between preoperative digital models and the dynamic surgical field. This divergence, driven by lung deflation under anesthesia and positional changes, represents a critical digital-to-physical registration challenge that current preoperative imaging workflows fail to address in real time.<h4>Objective</h4>This study aimed to evaluate the clinical feasibility, localization success, and safety of the LungVision system-an AI-augmented fluoroscopic navigation platform-for real-time intraoperative localization of small pulmonary nodules during thoracoscopic surgery.<h4>Methods</h4>A prospective single-center study enrolled 14 patients with pulmonary nodules requiring localization prior to thoracoscopic resection between January 2024 and December 2024. The platform comprises a passive radiopaque positioning board, an AI-powered computing unit for real-time image processing, and a tablet-based interface for procedural planning and augmented visualization. All patients received dual localization with either preoperative CT-guided dye injection or Archimedes virtual bronchoscopic navigation followed by intraoperative localization with the LungVision system and video-assisted thoracoscopic surgery. Demographic data, lesion characteristics, procedural performance, and procedure-related complications were recorded.<h4>Results</h4>The mean patient age was 57.2 (SD 9.2) years, and 92.9% (13/14) were nonsmokers. Most nodules were peripherally located (12/14, 85.7%), with a mean diameter of 9.3 (SD 5.3) mm and a mean CT attenuation of -320.1 (SD 334.9) Hounsfield units. LungVision successfully localized all target lesions intraoperatively, with a mean navigation time of 38.6 (SD 19.5) minutes. Complete resection was achieved in all cases, and 71.4% (10/14) of nodules were pathologically malignant. No intraoperative or localization-related complications were observed. The system was integrated into the existing operating room without additional infrastructure modifications.<h4>Conclusions</h4>In this prospective study, the LungVision system achieved successful intraoperative localization of small, hypodense pulmonary nodules using a bronchoscopic approach integrated with conventional C-arm fluoroscopy. These findings support the feasibility of the technique and provide preliminary evidence on its use in thoracoscopic resection workflows. Larger studies are needed to further evaluate its clinical performance and implementation in diverse practice settings.<h4>Trial registration</h4>ClinicalTrials.gov NCT07682012; https://clinicaltrials.gov/study/NCT07682012.",Teng H; Huang HK; Lin CJ; Chen YS; Tsai YH; Huang TW; Lin KH,"Division of Thoracic Surgery, Department of Surgery, Tri-Service General Hospital, National Defense Medical University, Taipei, Taiwan.",JMIR formative research,2026-09-09,10.2196/94084,5.0,visualization(abstract); visual(abstract); artificial intelligence(kw); data(abstract),Artificial intelligence; AI; computer-assisted surgery; Intraoperative Navigation; Digital Surgical Planning; Pulmonary Nodule Localization; Augmented Fluoroscopy
42709362,A deep learning framework for automated quantification of peripheral nerve lesions in MR neurography.,"<h4>Objective</h4>Magnetic resonance neurography (MRN) enables high-resolution visualization of peripheral nerves, yet quantitative analysis of intraneural lesion burden remains limited by manual, observer-dependent workflows. We propose a deep learning-based framework for automated segmentation and quantitative characterization of peripheral nerve lesions in MRN.<h4>Materials and methods</h4>In this retrospective study (n = 178), standardized axial fat-suppressed T2-weighted 3-T MRN scans of the distal thigh were analyzed. Sciatic nerves and intraneural lesions were manually annotated to train a modified nnU-Net v2 architecture for 2D and 3D segmentation. Model performance was evaluated using Dice and surface Dice metrics. Generalizability was assessed across two independent test datasets. Imaging-derived lesion burden metrics were further related to electrophysiological parameters using age-adjusted partial correlation analyses.<h4>Results</h4>Automated nerve segmentation achieved a median Dice coefficient of 0.97. Lesion segmentation yielded surface Dice values of 0.64-0.77 across training and independent test sets, demonstrating stable generalization in a small-structure segmentation setting. Quantitative lesion burden metrics were consistent across cohorts and showed significant associations with electrophysiological measures of nerve function. For example, automated total lesion load correlated significantly with tibial nerve conduction velocity (r = -0.62, p < 0.001) and tibial compound motor action potential (r = -0.568, p 0.002) in age-adjusted partial correlation analyses.<h4>Conclusion</h4>This work introduces a reproducible deep learning-based framework for automated segmentation and quantitative assessment of peripheral nerve lesions in MR neurography. The approach enables standardized volumetric characterization of small intraneural abnormalities and provides a basis for scalable, quantitative peripheral nerve imaging.<h4>Key points</h4>Question: AI automatically detects and measures nerve damage in MRI scans.<h4>Findings</h4>Method provides a fast, consistent alternative to manual image analysis.<h4>Relevance statement</h4>Automated MRI-based nerve lesion quantification enables objective, reproducible assessment of peripheral neuropathies, potentially improving diagnostic accuracy, monitoring disease progression, and supporting standardized, scalable evaluation in both clinical practice and research.",Beste NC; Raudonat C; Fesselier M; Hartmann S; Sommer D; Jende JME; Kottlors J; Heiland S; Meredig H; Bendszus M; Mooshage CM,"Institute for Diagnostic and Interventional Radiology, Faculty of Medicine, University of Cologne, Cologne, Germany.",European radiology experimental,2026-09-08,10.1186/s41747-026-00786-z,5.0,visualization(abstract); visual(abstract); artificial intelligence(kw); data(abstract),Artificial intelligence; Magnetic Resonance Imaging; Neural networks (Computer); Sciatic Neuropathy; Periphereal Nervous System Dieseases
42712876,"VicMAG, an open-source tool for visualizing circular metagenome-assembled genomes highlighting bacterial virulence and antimicrobial resistance.","Bacterial pathogens spread in clinical and environmental settings, and mobile genetic elements (MGEs), such as plasmids and phages, mediate the transfer of virulence factor genes (VFGs) and antimicrobial resistance genes (ARGs) among bacterial communities. Metagenomic analysis of environmental and wastewater samples using highly accurate long-read sequencing technologies, such as Pacific Biosciences (PacBio) HiFi sequencing, provides valuable insights into monitoring the regional spread of VFGs and ARGs, including dissemination mediated by MGEs. No visualization tool is currently available for the comprehensive display of numerous resulting circular metagenome-assembled genomes (cMAGs) with functional gene annotations. Here, we developed visualization of circular metagenome-assembled genome (VicMAG), a visualization tool for highly complex cMAGs derived from long-read metagenome assemblies annotated using updated databases of VFGs, ARGs, and MGEs. Using 353 cMAGs from PacBio HiFi sequencing of a wastewater sample, we demonstrated the utility of VicMAG for metagenome visualization. VicMAG provides comprehensive, size-aware visualization of cMAGs representing bacterial chromosomes and plasmids, annotated with VFGs, ARGs, and phages. By simultaneously visualizing all cMAGs in a framework, VicMAG facilitates a holistic understanding of the distribution and genomic context of VFGs and ARGs across complex microbial communities. This tool supports integrated surveillance of bacteria associated with virulence and antimicrobial resistance across clinical, environmental, and One Health contexts.",Tsuda Y; Tanizawa Y; Vu TMH; Nishimura Y; Shintani M; Abe H; Hasebe F; Kasuga I; Nagao M; Suzuki M,"Department of Clinical Laboratory Medicine, Kyoto University Graduate School of Medicine, 54 Shogoin-Kawahara-cho, Sakyo-ku, Kyoto, Kyoto 606-8507, Japan.",NAR genomics and bioinformatics,2026-09-08,10.1093/nargab/lqag109,4.6,"visualization(abstract); visual(title,abstract); data(abstract)",
42722909,Ergonomic impact of closed-console (Da Vinci Xi) versus open-console (Hugo RAS) robotic systems: an ex vivo randomized crossover controlled trial.,"<h4>Background</h4>Robotic technology, based on either open- or closed-console systems, has improved precision, visualization, and ergonomics for surgeons. However, its effects on surgeons' visual health and ocular function have not been studied.<h4>Methods</h4>A randomized crossover trial was conducted among 20 stereo-enabled surgery residents. They were randomly allocated into closed-console (DaVinci Surgical system) or open-console (Hugo<sup>TM</sup>RAS) groups. Participants did identical simulated tasks for 90 min. Visual strain was assessed subjectively using visual fatigue questionnaire and objectively through near point of accommodation (NPA) and near point of convergence (NPC) using RAF ruler test, stereoacuity using Netherlands Organisation for Applied Scientific Research (TNO) stereopsis test, tear production using Schirmer's test, and tear film stability using Tear Break-Up Time (TBUT). Musculoskeletal strain was measured using SAGES body discomfort and NORDIC musculoskeletal questionnaire (NMSQ).<h4>Results</h4>Both groups had comparable demographics and ophthalmic parameters at baseline. After simulated task, open-console group had significant worsening in tearing (p = 0.042), while close console group had significant deterioration in neck stiffness (p=0.018), neck discomfort (p = 0.046), and upper back discomfort (p = 0.019). Within-platform analysis showed post-task increase in pressure around eyes (p = 0.011), dry eyes (p = 0.008), heaviness of eyelids (p = 0.007), headache (p = 0.025), eye pain (p = 0.024), worsened NPC (p = 0.014), and declined TBUT (right: p = 0.044; left: p = 0.022) in open console. Closed-console group had increased pressure around eyes (p = 0.015), dry eyes (p = 0.013), heaviness of eyelids (p = 0.042); worsened NPC (p = 0.009), and declined left-eye TBUT (p = 0.010).<h4>Conclusion</h4>Both robotic systems have negative ocular impact, although more with open console. Musculoskeletal discomfort was more on closed console. These findings emphasize the need for ocular and ergonomic training and console design improvements.",Rathod RS; Bhattacharjee HK; Kaushik M; Prakash Prajapati O; Pol M; Khan WF; Mishra AK; Gupta V; Saxena R,"Department of Surgical Disciplines, All India Institute of Medical Sciences, New Delhi, India.",Surgical endoscopy,2026-09-10,10.1007/s00464-026-13304-4,4.5,"visualization(abstract); visual(kw,abstract)",Ergonomics; Robotic Surgery; Visual Strain; Musculoskeletal Strain; Davinci Robotic Assisted Surgery; Hugo™ Robotic Assisted Surgery
42727226,Dual-mode immunosensor combining quantitative surface-enhanced Raman scattering and visual upconversion luminescence for prostate-specific antigen detection.,"Timely detection and precise clinical management are essential to improving outcomes in prostate cancer, which remains a leading global health concern. Herein, we developed an innovative optical sensor combining surface-enhanced Raman scattering (SERS)-based quantitative detection and upconversion luminescence (UCL)-mediated visual recognition for prostate-specific antigen (PSA). This negatively correlated dual-functionality specially depended on mulberry-like NaGdF<sub>4</sub>:Yb<sup>3 +</sup>,Er<sup>3+</sup> nanoparticles with highly textured surfaces, which were successfully constructed as the capture substrate. Crucially, the intrinsic 4f-4f electronic transitions of the doped lanthanide ions not only generated stable UCL emissions but also resonated with the vibrational bands of the Raman reporter (4-mercaptopyridine). This energy level alignment activated a robust photoinduced charge transfer (PICT) channel, driving exceptional chemical enhancement. This synergistic physical enrichment and chemical enhancement of the immunosubstrate yielded an impressive initial SERS enhancement factor of 1.01 × 10<sup>6</sup>. To construct the sandwich architecture, gold nanourchins (GNUs) were employed as plasmonic immunoprobes, whose proximity to the immunosubstrate triggered a unique inversely correlated optical response. The SERS signal was dramatically amplified via intense plasmonic coupling, accompanied by the proportional quenching of the UCL signal via non-radiative energy transfer. Consequently, this synergistic paradigm demonstrated unprecedented analytical sensitivity, achieving an ultralow limit of detection as 1.08 × 10<sup>-9</sup> mg/mL alongside an intuitive naked-eye visualization. Finally validated by complex biological samples, this cross-validating sensing platform paves a highly reliable avenue for the rapid and precise screening of cancer biomarkers.",Xu P; Xie Q; Yan Y; Chen J; Zhang Y; Zhou R; Wu O; Jiang T; Pan Y; Yao W,"Department of Radiology, The Affiliated Yangming Hospital of Ningbo University, Ningbo, 315400, China.","Colloids and surfaces. B, Biointerfaces",2026-09-08,10.1016/j.colsurfb.2026.116151,4.1,"visualization(abstract); visual(title,abstract)",Surface enhanced Raman scattering; prostate cancer; Upconversion Luminescence; 4-Mercaptopyridine; Dual-mode Immunosensor
42714001,FedMediFormer-XAI: Federated Multimodal Transformers with Diffusion Augmentation and Graph-Based Drug Recommendation for Diabetes.,"Diabetes management faces a number of obstacles, such as fragmented healthcare data, privacy concerns, poor explainability, and the lack of personalized therapeutic guidance. This research work introduces FedMediFormer-XAI, a unified and proper framework that incorporates federated learning, multimodal transformers, diffusion-based data augmentation, Graph Neural Networks (GNNs) for drug recommendation, and Explainable Artificial Intelligence (XAI) for diabetes intelligence. The system utilizes diverse healthcare data types, e.g., clinical records, population health indicators, continuous glucose monitoring data, retinal fundus images, wearable sensor measurements, and pharmacological information. To generate synthetic samples and address class imbalance, diffusion models are used, and multimodal transformer architectures are employed to learn relationships among very different data sources. Federated learning enables collaborative training of models in a privacy-preserving manner without sharing raw patient data. The GNN component captures patient-drug and drug-drug interactions for personalized drug recommendations. Explainability methods such as SHapley Additive exPlanations (SHAP), attention visualization, Integrated Gradients, and counterfactual reasoning give transparent interpretations of prediction and recommendation results. In the representative implementation, the proposed framework achieved an accuracy of 94.2%, precision of 93.1%, recall of 92.8%, F1-score of 92.9%, Matthews Correlation Coefficient (MCC) of 0.88, and an Area Under the Receiver Operating Characteristic Curve (AUC-ROC) of 0.96. The graph-based recommendation module achieved precision = 0.89, recall = 0.84, and Normalized Discounted Cumulative Gain (NDCG) = 0.91. The protocol provides a structured approach for integrating heterogeneous healthcare data using multimodal transformers, federated learning, diffusion-based augmentation, graph-based recommendation, and explainable artificial intelligence. The reported computational results demonstrate the framework's potential for diabetes prediction and personalized medication recommendation, while the federated design supports decentralized data handling. A prospective multicenter clinical evaluation is required to establish clinical utility, generalizability, and real-world applicability.",Patil N; Jayakumar N; Jha S,"Department of Computer Engineering, Bharati Vidyapeeth (Deemed to be University) College of Engineering; nspatil@bvucoep.edu.in.",Journal of visualized experiments : JoVE,2026-09-08,10.3791/73113,4.0,visualization(abstract); visual(abstract); artificial intelligence(abstract); data(abstract),
42719203,4D nanoimaging-guided smart therapeutics: spatiotemporal control of disease microenvironments.,"A revolutionary shift in the field of nanotheranostics is the development of smart therapeutics guided by 4D nanoimaging, which addresses the shortcomings of traditional platforms that rely on static imaging and passive drug delivery. The spatial and temporal control of these systems can be accurately tuned to modulate dynamics in disease microenvironment assays, especially for complex diseases, such as cancer and inflammatory diseases. Recent developments in stimulus-responsive nanomaterials and real-time visualization modalities have enabled more specific and less damaging adaptive, feedback-based therapeutic interventions. This review presents an overview of the recent literature on the design, operating principles, and biomedical applications of 4D nanoimaging-guided smart therapeutics. Particular attention is paid to building nanoplatforms that are responsive to endogenous and exogenous signals and advanced imaging tools (<i>e.g.</i>, near-infrared fluorescence and photoacoustic imaging), as well as integrating them with artificial intelligence to establish predictive and closed-loop therapeutic platforms. Applicable literature has been critically reviewed with regards to the performance parameters of spatial-temporal resolution, therapy release performance, and therapeutic effects. The reviewed literature shows how the 4D nanoimaging platforms reach high spatiotemporal precision to allow real-time monitoring of the biodistribution of nanoparticles and disease progression. The controlled drug release efficiencies of the stimuli-responsive systems typically range from 70% to 90%, and the integration of multimodal imaging provides better diagnostic performance and tissue penetration. The closed-loop therapeutic regulation that this platform provides through its integration with AI models and a biosensing interface dramatically enhances nanomedicine targeting specificity and therapeutic indices over conventional approaches. A complete paradigm shift to adaptive, personalized smart therapeutics directed by the 4D nanoimaging system will facilitate the development of real-time, microenvironment-specific interventions. While preclinical data have been encouraging, issues like biocompatibility, scalability, and clinical translation remain. It is expected that the integration of AI-driven analytics in multifunctional nanoplatforms will jumpstart the translation of these technologies into clinical settings.",Sarma AD; Devi M; Webster TJ; Kumar D; Choudhary N; Kondaveeti SB,"Faculty of Allied and Healthcare Sciences, Assam Down Town University Sankar Madhab Path, Gandhi Nagar, Panikhaiti Guwahati Assam 781026 India sarma.arnab1990@gmail.com moitrayeedevi@gmail.com.",RSC advances,2026-09-09,10.1039/d6ra05783g,4.0,visualization(abstract); visual(abstract); artificial intelligence(abstract); data(abstract),
42728182,Enhancing Inpatient MRI Safety and Workflow Using Standardized MRI Care Level Guidelines and Electronic Medical Record-Integrated Dashboard.,"<h4>Background</h4>Inpatient magnetic resonance imaging (MRI) presents safety challenges, with deterioration of condition (DOC) as the most serious MRI-related safety event in our health system. To address these risks, standardized MRI Care Level (CL) guidelines and an Electronic Medical Record (EMR)-integrated dashboard were implemented in November, 2022. The CL guidelines stratify patients into three levels, with CL3 patients at highest risk of DOC events. This study evaluates the adoption and impact of MRI Care Level guidelines and an EMR-integrated dashboard on the rate of DOC events in the hospital system.<h4>Methods</h4>Inpatient MRI orders and safety events were analyzed from June 01, 2020 to April 30, 2024 across nine hospitals. Descriptive statistics were used to assess adoption rates of the EMR-integrated dashboard and to calculate DOC event rates per 10,000 completed MRI orders before and after implementation.<h4>Results</h4>Five of nine hospitals adopted CL guidelines (participating hospitals); one university-affiliated academic (AH) and four community (CH). 47% of screened orders at participating hospitals were assigned a CL. In AH, 58.5% CL1, 25.1% CL2, 16.4% CL3; in CH, 75.5% CL1, 20.6% CL2, 3.9% CL3. Post-implementation, DOC rates per 10,000 MRIs decreased at participating sites (2.11 to 0.45) but increased at non-participating sites (1.31 to 1.49). Similarly, severe DOC (Cardiopulmonary Resuscitation (CPR)/death) dropped from 0.20 to 0 at participating sites while rising from 0.26 to 0.37 at non-participating hospitals.<h4>Conclusion</h4>Implementation of standardized CL guidelines was followed by a reduction of DOC events at hospitals that have adopted the new MRI Dashboard and safety measures.",Garner J; Krishnan P; Yacoub JH,"Georgetown University School of Medicine, 3900 Reservoir Rd NW, Washington, DC 20007 (J.G.). Electronic address: JAG372@georgetown.edu.",Academic radiology,2026-09-11,10.1016/j.acra.2026.08.111,3.9,"dashboard(title,abstract)",Quality improvement; Patient Safety; Inpatient Mri Risk Reduction; Mri Safety Events
42722709,Operationalizing an early time-to-decompression best practice &amp; monitoring approach in a provincial health system.,"A collaborative, multidisciplinary, provincial approach was constructed involving a provincial working group (WG) in a province-wide health system in Alberta, Canada to advance an early (< 24 h) time-to-decompression for adult patients with traumatic spinal cord injury (traumatic SCI). Key elements for the WG included the organizational context; theoretical foundation and guiding principles; pre-engagement activities; WG activities; and evidence reviews. This approach yielded inter-connected deliverables to advance early time-to-decompression in traumatic SCI: (1) a provincial best practice recommendation for Alberta's health system; (2) a near-real-time (weekly) provincial dashboard using a Large Language Model; and (3) a committed, local and provincial monitoring and learning approach. This work exposed early challenges to realizing and monitoring early spinal decompression for acute traumatic SCI in Alberta, and the opportunity to use artificial intelligence to capture near-real-time data for provincial improvement and learning at system-level. Balancing information in the dashboard led to noise in that data, which suits monitoring versus accountability framework. Merging community, learning and AI enabled multidisciplinary interest-holders in acute traumatic SCI to advance towards timely access to surgical decompression.Sponsorship: PRAXIS Spinal Cord Institute, Acute Care Alberta, Alberta Health Services.",Manhas KP; Grant M; Amlani S; Mann B; Nataraj A; Kindrachuk M; Orr W; Madzimure T; Fonstad P; Banda N; Jacobs WB; Lonergan K; Hill MD; Ho C; Lewkonia P,"Partnerships & Innovation, Quality Management & Improvement, Acute Care Alberta, Calgary, Alberta, Canada. kiran.poharmanhas@acutecarealberta.ca.",Spinal cord,2026-09-10,10.1038/s41393-026-01249-3,3.0,dashboard(abstract); artificial intelligence(abstract); data(abstract),
42719358,Shape-Restricted Detection of Natural Product Hormesis: A Re-Analysis of Complex Botanical Mixtures.,"<h4>Introduction</h4>Botanical supplements are consumed to improve health despite the mystery of their mechanisms. One possible effect is hormesis, defined as a beneficial and stimulatory health effect at a low dose and detrimental effect at a high dose, or vice versa. Hormesis is usually discovered by manually examining the shape of dose-response curves, which is not scalable to the large number of chemical-assay combinations found in high-throughput screening (HTS) results.<h4>Methods</h4>We proposed a semi-automatic statistical testing procedure to quickly evaluate large-scale dose-response data, accompanied by an R package <i>shorm</i> for easy implementation. The nonparametric shape tests are more flexible with few assumptions. We also developed a new visualization method to represent the test conclusions and uncertainties simultaneously. This representation highlights both significant and ambiguous findings for efficient examination.<h4>Results</h4>We applied this method to a data set of 4860 chemical-assay pairs and identified 561 (12%) dose-response curves showing statistically significant hormesis.<h4>Conclusion</h4>Our discovery of hormetic curves is in line with estimates of hormetic behaviors in dose-response repositories like Tox21. Our proposed method has been effective in screening for hormesis from large-scale dose-response data, and the visualization method effectively facilitates the interpretation of test results.",Jin Y; Rider C; Huang R; Xia M; Langevin H; Zhao S; Zilber D,"National Institutes of Health, National Institute for Environmental Health Sciences, Durham, NC, USA.",Dose-response : a publication of International Hormesis Society,2026-09-08,10.1177/15593258261486644,3.0,visualization(abstract); visual(abstract); data(abstract),Mixture; Hormesis; Statistical Testing; Botanical; Shape Constrained Regression
42714807,Fasting before elective abdominal ultrasound: a systematic review and meta-analysis.,"Fasting before elective abdominal ultrasound is widely recommended to improve image quality or visualization of abdominal structures although supporting evidence is limited. We examined whether fasting is associated with improved diagnostic or image quality-related outcomes in adult abdominal ultrasound. We conducted a systematic review and meta-analysis (PROSPERO CRD42024568514) of studies comparing fasting and non-fasting conditions in adults undergoing elective abdominal ultrasound (search date July 18, 2025; 5 databases). Study quality and risk of bias were assessed, and randomized trials were pooled using random effects models. Real-world preparation recommendations were evaluated across international ultrasound society guidelines and patient-facing sources. 14 studies (9 randomized trials, 5 observational studies; 2,208 participants) met the inclusion criteria. Five randomized trials were eligible for meta-analysis; three were included in the primary analysis (n = 378). Two trials contributed organ-specific outcomes to sensitivity analyses. Fasting did not improve overall diagnostic sufficiency, defined as adequate visualization to answer the clinical question without repeat imaging (OR 0.97, 95% CI 0.51-1.86, p = 0.92; I<sup>2</sup> = 0%). Significant effects were limited to gallbladder visibility and detectability of the common bile duct, with no consistent benefit otherwise. Risk of bias was moderate and overall certainty of evidence was low. Real-world fasting instructions were highly variable and rarely evidence-based. Fasting before elective abdominal ultrasound does not improve diagnostic sufficiency. Observed benefits were limited to the biliary tract. Given the low certainty of evidence and limited observed benefits beyond the biliary tract, strict and prolonged fasting recommendations should be reconsidered.",Braasch T; Hoffmann I; Deckert A; Horstick O; Siegmund B,"Department of Gastroenterology, Infectious Diseases and Rheumatology, Charité - University Medical Center Berlin, corporate member of Freie Universität Berlin and Humboldt-Universität zu Berlin, Berlin, Germany. trixi.braasch@charite.de.",Internal and emergency medicine,2026-09-09,10.1007/s11739-026-04511-x,3.0,visualization(abstract); visual(abstract); data(abstract),Preparation; Imaging; fasting; Abdominal Ultrasound; Diagnostic Sufficiency
42720800,Fluorescence-aided caries excavation in minimally invasive dentistry: a scoping review.,"<h4>Objective</h4>The aim of this scoping review was to systematically map the available evidence on fluorescence-aided caries excavation (FACE) and related fluorescence-based technologies used to guide dentin caries removal in operative dentistry.<h4>Data sources</h4>A comprehensive literature search was conducted in PubMed/MEDLINE, Embase, CINAHL, LIVIVO, the Cochrane Library, Web of Science Core Collection, and BIOSIS Citation Index for studies published between January 1, 2000 and June 1, 2026.<h4>Study selection</h4>Studies investigating fluorescence-based technologies used intraoperatively to guide dentin caries excavation were included. In vitro, ex vivo, and clinical studies were considered eligible. Studies focusing exclusively on fluorescence-based caries detection without an excavation component were excluded. Two reviewers independently screened titles, abstracts, and full texts according to predefined eligibility criteria.<h4>Results</h4>A total of 16 studies were included, predominantly laboratory-based (12 in vitro, 1 ex vivo), with only three clinical studies. Across the included studies, fluorescence-guided excavation generally demonstrated enhanced selectivity, enabling preservation of less mineralized dentin while maintaining effective removal of bacterially infected tissue, although these advantages were not observed uniformly across all studies. Microbiological analyses showed reduced residual bacterial contamination following FACE compared with conventional excavation and dye-assisted methods. In addition, fluorescence signals were found to correlate with bacterial presence and diversity, supporting their biological relevance. Clinical studies indicated improved intraoperative detection of residual caries and provided biologically relevant information on bacterial contamination. However, the evidence base was heterogeneous and primarily focused on surrogate outcomes, with limited data on long-term clinical performance.<h4>Conclusion</h4>Fluorescence-guided caries excavation represents a promising adjunctive approach that provides qualitative intraoperative visualization of fluorescence characteristics associated with bacterial contamination, rather than a validated quantitative threshold for tissue removal. While the available evidence suggests improved excavation selectivity and microbiological outcomes, robust clinical data remain limited. Further well-designed clinical studies are required to determine the impact of FACE on patient-centered outcomes and its role in routine operative dentistry.<h4>Clinical relevance</h4>Fluorescence-guided technologies may assist clinicians in identifying bacterially infected dentin during cavity preparation and facilitate selective caries removal, potentially improving intraoperative decision-making.",Herz MM; Österreicher J; Meller C,"Department for Conservative Dentistry, University of Tübingen, Osianderstr. 2-8, Tuebingen, 72076, Germany. marco.herz@med.uni-tuebingen.de.",Clinical oral investigations,2026-09-10,10.1007/s00784-026-07119-9,3.0,visualization(abstract); visual(abstract); data(abstract),fluorescence imaging; Operative Dentistry; Minimally Invasive Dentistry; Dentin Caries Removal; Fluorescence-aided Caries Excavation (Face); Fluorescence-guided Caries Excavation
42727492,A multimodal wearable microfluidic platform for in situ sweat cortisol monitoring with a NiHCF-enabled molecularly imprinted electrochemical sensor.,"Cortisol is a key biomarker of stress, circadian regulation and exercise-related physiological responses. However, conventional assays based on blood, saliva, or urine are poorly suited to non-invasive and field-deployable physiological assessment. Here we report a skin-interfaced wearable microfluidic platform for in situ sweat cortisol analysis using a nickel hexacyanoferrate (NiHCF)-enabled molecularly imprinted electrochemical sensor. The NiHCF redox transducer enhances electrochemical stability in physiologically relevant media, while the polypyrrole (PPy)-based molecularly imprinted polymer (MIP) interface provides selective cortisol recognition and square-wave voltammetry (SWV)-based signal readout. The sensor array integrates iontophoretic sweat induction, microfluidic sweat sampling, Na<sup>+</sup>/pH-assisted sweat-matrix correction, miniaturized electronics and wireless data transmission and visualization. The cortisol sensor exhibited a broad calibration range from 0.1 fM to 100 μM, with a sensitivity of 1.62 μA(lg[nM])<sup>-1</sup>cm<sup>-2</sup> and a detection limit of 0.043 fM. Human participant studies showed diurnal cortisol variation, cold-pressor-test-induced cortisol elevation and exercise-associated cortisol changes, with measurements benchmarked against enzyme-linked immunosorbent assay (ELISA). By incorporating surface electromyography (sEMG), the platform further enabled multimodal profiling of exercise-induced fatigue-related states by pairing local neuromuscular features with sweat-derived endocrine responses associated with fatigue-inducing exercise stress. This wearable strategy may support non-invasive, state-resolved assessment of stress- and fatigue-related physiology for personalized health monitoring.",Chen W; Cheng H; Yin M; Song Z; Liang S; Kuang S; Li C; Xue N; Liu C,"State Key Laboratory of Transducer Technology, Aerospace Information Research Institute (AIR), Chinese Academy of Sciences, Beijing, 100190, China; University of Chinese Academy of Sciences (UCAS), Beijing, 100049, China.",Biosensors & bioelectronics,2026-09-07,10.1016/j.bios.2026.119205,3.0,visualization(abstract); visual(abstract); data(abstract),mip; Microfluidics; Electrochemical Sensing; Sweat Cortisol; Nihcf; Wearable Sweat Sensing
42714028,Camera-Based Augmented Reality Navigation for Assisting the Extraction of Impacted Supernumerary Teeth.,"The surgical removal of deeply impacted supernumerary teeth is a demanding pediatric procedure due to their hidden positions and proximity to vital structures, such as tooth germs and nerves. Conventional freehand methods often rely on subjective mental reconstruction of 3D imaging, which can lead to excessive bone removal and iatrogenic injury. This study presents a standardized protocol that uses a camera-based 3D AR navigation system to assist in localizing impacted supernumerary teeth. A digital workflow was established by integrating preoperative cone-beam computed tomography (CBCT) data with intraoral scans to create a patient-specific virtual plan. During surgery, a high-resolution camera captures the operative field, and the virtual model of the impacted supernumerary tooth is overlaid on the live camera image displayed on the computer screen, providing a visual reference for assisted localization. The AR navigation interface allows surgeons to adjust the transparency of various tissue layers to enhance internal observation and fine-tune image registration via an adjustable localization confidence threshold. Furthermore, the system enables fixing the display once the most accurate alignment is achieved, ensuring visual stability during critical maneuvers. This protocol was demonstrated in a clinical case involving a patient with a deeply impacted supernumerary tooth. The preliminary outcome showed that the system provided intuitive spatial guidance for assisted localization of the impacted supernumerary tooth. The workflow proved clinically feasible, and no intraoperative complications, such as damage to adjacent roots, were observed. In conclusion, camera-based AR navigation may serve as a potential adjunctive approach to conventional techniques for the assisted extraction of impacted supernumerary teeth. By providing real-time visualization of internal structures and interactive control over registration and transparency, this protocol supports the clinical adoption of digital innovations in complex pediatric dental interventions.",Zhong X; Liao S; Zhang F; Fu J; Zhou C; Zhang J; Ning J; Duan H; Li M; Ma W,"Department of Oral and Maxillofacial Surgery, The Affiliated Stomatology Hospital, Kunming Medical University.",Journal of visualized experiments : JoVE,2026-09-08,10.3791/73393,3.0,visualization(abstract); visual(abstract); data(abstract),
42726004,Effectiveness of benznidazole in the treatment of Chagas disease in children and adults: a long-term retrospective cohort study.,"Chagas disease, caused by <i>Trypanosoma cruzi</i>, is endemic to the Americas but has spread worldwide due to migration. Benznidazole is effective, but long-term follow-up efficacy studies are scarce and include only small numbers of patients. We analyzed data from a retrospective cohort of Chagas disease patients treated with benznidazole at a large tertiary center in Argentina (1980-2019). Treatment response was assessed through clinical, parasitological, and serological follow-up. Parasitemia was evaluated by direct visualization or PCR. Among 567 treated patients, 464 met selection criteria, including 411 children (median age: 46 months, IQR: 9.5-124 months) and 53 adults (median age: 26 years, IQR: 20-34 years). At diagnosis, 11/411 (2.68%) children and 1/53 (1.9%) adults were symptomatic; all improved after treatment. Baseline parasitemia was detected in 289/445 (64.94%) of patients, and 279/289 (96.54%) had parasitological follow-up for at least 3 years. Median benznidazole dose was 6.6 mg/kg/day in children and 5.6 mg/kg/day in adults, with treatment durations of 8 weeks and 31 days, respectively. All patients cleared parasitemia at treatment completion. Median serological follow-up was 4.8 years for children and 2.8 years for adults. At 1-year follow-up, 38.8% of patients showed >20% reduction in <i>T. cruzi</i> antibody titers, and 29.8% achieved seronegativity, with younger patients converting faster (<i>P</i> < 0.01). In this Argentinian cohort, Benznidazole achieved sustained parasitemia clearance and declining antibody titers, supporting early treatment initiation.",Rabinovich A; Cruz C; Moscatelli G; Moroni S; González N; Ramirez JC; Garcia-Bournissen F; Ballering G; Freilij H; Altcheh J,"Servicio de Parasitología and Instituto Multidisciplinario de Investigaciones en Patologías Pediátricas (IMIPP), CONICET-GCBA, Hospital de Niños Ricardo Gutierrez, Buenos Aires, Argentina.",Antimicrobial agents and chemotherapy,2026-09-11,10.1128/aac.00203-26,3.0,visualization(abstract); visual(abstract); data(abstract),Children; Treatment; Adults; benznidazole; Trypanosoma Cruzi; Chagas Disease
42704960,Bridging autism spectrum disorder and otolaryngology: A bibliometric analysis of research trends and clinical implications.,"Autism Spectrum Disorder (ASD) is a neurodevelopmental condition often accompanied by comorbid ear, nose, and throat (ENT) disorders, including hearing loss, otitis media, auditory processing deficits, and sleep-disordered breathing. These conditions can further impair communication and behavior, yet research at the ASD-ENT intersection remains scattered. This study presents the first bibliometric analysis of ASD-related ENT research to map trends, identify influential contributions, and guide future clinical integration. A systematic PubMed search identified 107 peer-reviewed articles addressing ENT conditions in ASD populations. Citation data and metadata were extracted from Web of Science and analyzed using descriptive statistics and visualization tools. Otology and audiology comprised 40% of publications, followed by cochlear implantation (15%) and speech or communication-focused studies (14%). The United States led in volume and citations, though contributions from China, Egypt, and Europe highlighted growing global interest. Institutional collaboration was common, with 75% of studies involving multiple centers. Thematic growth was observed in areas such as auditory hypersensitivity, vestibular dysfunction, and ENT-related sleep disorders. However, research remains primarily pediatric and observational, with limited focus on adolescent or adult populations. Our findings support routine ENT screening in individuals with ASD, especially for hearing and sleep-related concerns. Interdisciplinary approaches involving audiology, speech therapy, and neurodevelopmental care are essential for improving outcomes. This bibliometric analysis highlights the evolution of ASD-ENT research and underscores the need for expanded lifespan-inclusive studies to address these clinically significant comorbidities.",Prasad S; Elisha DH; Huang J; Mittal R; Eshraghi AA,"Hearing Research and Cochlear Implant Laboratory, Department of Otolaryngology, University of Miami Miller School of Medicine, 1600 NW 10th Avenue, Miami, FL 33136, USA.",Research in developmental disabilities,2026-09-07,10.1016/j.ridd.2026.105370,3.0,visualization(abstract); visual(abstract); data(abstract),Hearing loss; Otolaryngology; Communication Disorders; Autism Spectrum Disorder; Bibliometric Analysis; Pediatric Otolaryngology
42721170,Prototype-Decomposed Feature Imputation for Incomplete Multi-Field-of-View and Multi-Projection OCTA Image Classification.,"Optical coherence tomography angiography (OCTA) provides high-resolution visualization of fundus microvasculature and plays a crucial role in the diagnosis of fundus diseases. However, in real-world clinical practice, variations in imaging devices and acquisition protocols across centers lead to pronounced heterogeneity in OCTA data across field-of-view (FOV) and projection-layer dimensions, manifested as inconsistent FOV coverage and unavailable FOV-projection inputs. Existing methods predominantly focus on small-FOV images (e.g., $3\times 3$ and $6\times \text{6}~\text{mm}^{2}$), with limited utilization of larger-FOV information, making them less capable of handling data incompleteness and heterogeneity in complex clinical scenarios and thereby limiting their generalization and robustness. To address these issues, this paper presents a prototype-decomposed feature imputation framework for disease classification from incomplete multi-FOV and multi-projection OCTA data. By leveraging prototype-guided feature decomposition and imputation, the proposed framework enables disease classification through the dynamic integration of complementary representations. The framework comprises two stages: feature imputation and feature classification. In the feature-imputation stage, a prototype-based reconstruction network jointly employs contrastive learning and clustering to construct FOV-projection-specific prototypes. This design promotes a compact and discriminative encoded feature space while mitigating representation discrepancies arising from heterogeneous FOVs, projection layers, and imaging devices. Each available encoded feature is subsequently decomposed into a prototype-related shared component and a disease-related residual component, which are used to estimate the representation of each missing FOV-projection input through a non-parametric neighbor-based procedure. In the feature-classification stage, attention-based fusion mechanisms jointly model observed and imputed FOV-projection features across FOVs and projection layers. Furthermore, Dirichlet-based uncertainty modeling is incorporated to quantify the predictive uncertainty of the fused branches, followed by dynamic decision fusion to obtain the final classification result. The proposed framework is evaluated on a retrospective multi-center and multi-device OCTA cohort comprising 5,644 eyes. Comparative experiments with state-of-the-art feature-imputation and incomplete multi-input classification methods demonstrate that the proposed approach effectively estimates the representations of missing FOV-projection inputs and achieves superior performance in fundus disease classification.",Hao H; Wei J; Yi Q; Zhao Y,,IEEE journal of biomedical and health informatics,2026-09-10,10.1109/jbhi.2026.3732523,3.0,visualization(abstract); visual(abstract); data(abstract),
42726289,Global research trends in traditional and complementary medicine for cancer supportive care: a bibliometric analysis (2000-2025).,"<h4>Purpose</h4>Cancer supportive care has become a critical component of comprehensive oncology, with increasing integration of traditional and complementary medicine (T&CM) to address symptom burden, quality of life, and survivorship needs. Despite growing research activity, a comprehensive mapping of global research patterns in this field remains limited. This study aimed to map global research trends, collaboration networks, and thematic developments in T&CM-based cancer supportive care.<h4>Methods</h4>A bibliometric and scientometric analysis was conducted using publications retrieved from PubMed and Scopus databases covering the period from January 2000 to November 2025. Bibliometric mapping and network visualization were performed using VOSviewer to analyze publication trends, co-authorship networks, institutional and country collaboration patterns, keyword co-occurrence, and citation structures.<h4>Results</h4>A total of 5770 unique publications were analyzed. Research output showed modest growth in the early 2000s followed by sustained expansion after 2010, with peak activity observed between 2020 and 2024. The USA was the leading contributor in publications, citations, and international collaboration, followed by China and the UK. The literature demonstrated a strong patient-centered thematic orientation emphasizing quality of life, symptom management, and supportive care outcomes. Keyword clustering highlighted the growing role of traditional and complementary medicine modalities within integrative oncology. Collaboration networks were globally distributed but regionally concentrated, with limited cross-regional integration.<h4>Conclusion</h4>Global research on T&CM in cancer supportive care has expanded rapidly and is increasingly oriented toward patient-centered outcomes. However, fragmented collaboration networks, uneven geographic representation, and methodological variability persist. These findings highlight the need for stronger international collaboration and well-designed clinical studies to support the evidence-informed integration of traditional and complementary medicine within supportive oncology.",Gajarmal A; S M; Baheti S,"Central Council For Research In Ayurvedic Sciences (CCRAS) - Central Ayurveda Research Institute (CARI), Moti Bagh Road, Patiala, Punjab, 147001, India. dgalaxy78@gmail.com.",Supportive care in cancer : official journal of the Multinational Association of Supportive Care in Cancer,2026-09-11,10.1007/s00520-026-11207-7,3.0,visualization(abstract); visual(abstract); data(abstract),Quality of life; Symptom Management; Integrative Oncology; Bibliometric Analysis; Supportive Oncology; Traditional And Complementary Medicine
42704521,Therapeutic drug monitoring in leukemia: global research trends and implications for clinical pharmacy practice-a bibliometric analysis.,"<h4>Introduction</h4>Leukemia treatment has evolved rapidly over the past decade, with the introduction of targeted therapies, immunotherapies, and increasingly complex pharmacotherapeutic regimens. Many antileukemic agents and supportive medications exhibit substantial pharmacokinetic variability and have narrow therapeutic windows. Therefore, therapeutic drug monitoring (TDM) has emerged as an important strategy for optimizing individualized pharmacotherapy, improving treatment efficacy, and reducing drug-related toxicity. However, the overall research landscape, development trajectory, and emerging trends of TDM in leukemia have not been systematically evaluated.<h4>Aim</h4>This study aimed to systematically analyze global research trends and hotspots in TDM for leukemia between 2001 and 2025 using bibliometric methods and to provide insights into future research directions and clinical pharmacotherapy applications.<h4>Method</h4>Publications related to TDM in leukemia published between January 1, 2001, and December 31, 2025, were retrieved from the Web of Science Core Collection database. A topic-based search strategy was used to identify the relevant articles. Bibliometric analysis and visualization were conducted using VOSviewer and CiteSpace to evaluate publication output, collaboration networks among countries, institutions, and authors, journal distribution, highly cited publications, citation bursts, and keyword co-occurrence.<h4>Results</h4>A total of 859 papers were retrieved, with the highest output (58 papers) observed between 2024 and 2025. The United States and China contributed the most publications. The University of Texas MD Anderson Cancer Center ranked first among the institutions. Highly cited papers primarily focused on pharmacotherapy for hematologic malignancies, pharmacodynamics and pharmacokinetic studies, and pre-transplant medication regimens. Burst analysis indicates that TDM in leukemia treatment has progressively evolved from early preliminary studies on exposure-response relationships to the implementation of precision dosing strategies and clinical guidelines, continuously expanding to cover an increasing number of therapeutic agents in leukemia treatment. Current research hotspots include tyrosine kinase inhibitors (particularly Bcr-Abl inhibitors), asparaginase, drug interactions, and safety management issues.<h4>Conclusion</h4>From 2001 to 2025, research activities on TDM in leukemia treatment have shown continuous growth, with substantial expansion in both scope and depth. TDM is gradually becoming an increasingly important component of leukemia pharmacotherapy and may play a key role in supporting precision medicine and optimizing treatment outcomes in leukemia patients.",Li J; Sun L; Liang S; Yu Z,"Department of Pharmacy, Aerospace Center Hospital, Beijing, 100049, China.",International journal of clinical pharmacy,2026-09-07,10.1007/s11096-026-02187-z,3.0,visualization(abstract); visual(abstract); data(abstract),Leukemia; Pharmacokinetics; Drug interactions; Antifungal agents; therapeutic drug monitoring; Precision Medicine
42705599,Technical Performance and Clinical Utility of Indocyanine Green Thoracic Duct Lymphography During Esophagectomy: A Systematic Review and Meta-analysis.,"<h4>Background</h4>Postoperative chylothorax is an uncommon but serious complication of esophagectomy, usually caused by thoracic duct injury. Indocyanine green (ICG) near-infrared fluorescence lymphography has been used to improve intraoperative identification of the thoracic duct. This systematic review and meta-analysis evaluated its technical performance, safety, and effect on postoperative chyle leak.<h4>Methods</h4>Clinical studies of ICG-guided thoracic duct visualization during primary esophagectomy were included. The primary outcome was successful visualization of thoracic duct. Secondary outcomes included route-specific success, postoperative chyle leak, changes in operative management, and adverse events. Random-effects meta-analysis of proportions and risk ratios was performed. Risk of bias was assessed with ROBINS-I and the Joanna Briggs Institute checklist.<h4>Results</h4>Sixteen studies were included. Thoracic duct visualization, a primary technical endpoint, was achieved in 656/702 patients (pooled rate 94.8%, 95% CI 87.6-97.9%; I² = 66.6%). Visualization was higher with intranodal than subcutaneous administration (98.2% vs 92.9%; subgroup p = 0.029). Across 16 cohorts, chyle leak occurred in 22/853 patients (2.58%). In five comparative studies, ICG did not significantly reduce chyle leak (RR 0.61, 95% CI 0.21-1.80; p = 0.277) or reintervention (RR 0.97, 95% CI 0.36-2.65; p = 0.94). No clinically significant adverse events occurred in 653 patients; comparative studies had serious risk of bias.<h4>Conclusions</h4>ICG fluorescence lymphography provides highly reliable intraoperative visualization of the thoracic duct and appears safe. However, visualization represents a technical rather than patient-important clinical endpoint, and the available evidence does not demonstrate a reduction in postoperative chyle leak or reintervention. ICG should therefore be regarded as an anatomical-navigation tool whose clinical effectiveness remains to be established in adequately powered prospective comparative studies.",Nusrath S; Parikh DG; Oviedo RJ; Marano L; Agarwal A; K R A,"Department of Surgical Oncology, Basavatarakam Indo American Cancer Hospital and Research Institute, Hyderabad, Telangana 500034, India. Electronic address: dr.nusrath2008@gmail.com.",Journal of gastrointestinal surgery : official journal of the Society for Surgery of the Alimentary Tract,2026-09-07,10.1016/j.gassur.2026.102581,2.5,visualization(abstract); visual(abstract),Esophagectomy; Thoracic duct; Indocyanine green; Chylothorax; Fluorescence Lymphography
42714062,Endoscopic Surgery for Chronic Middle Ear Disease: A Narrative Review of Surgical Techniques and Results.,"Endoscopic ear surgery (EES) is transforming contemporary otologic practice by enabling minimally invasive transcanal access and enhanced visualization of middle ear anatomy. This narrative review summarizes current technical considerations, clinical applications, and recent evidence regarding EES in tympanoplasty, ossiculoplasty, and cholesteatoma surgery. Technical factors influencing safety and efficacy include the use of angled endoscopes, the management of thermal risk from light sources, hemostasis, underwater endoscopic techniques, and emerging digital image enhancement systems. For type I tympanoplasty, endoscopic and microscopic approaches achieve comparable graft uptake and hearing outcomes, while EES may reduce operative time, postoperative pain, wound-related complications, and approach-related morbidity, particularly compared with postauricular microscopic surgery. Endoscopic ossiculoplasty also demonstrates audiological outcomes comparable to microscopic reconstruction, with potential benefits in operative efficiency and postoperative recovery in both adult and pediatric populations. In cholesteatoma surgery, EES provides wide-angle visualization and access to hidden recesses, and meta-analyses suggest lower residual or recurrent disease rates compared with traditional microscopic approaches. However, disease extension, particularly mastoid involvement, remains a key determinant of surgical strategy. Overall, EES is a safe, effective, and versatile technique for chronic middle ear disease, offering excellent clinical and audiological outcomes with minimal surgical morbidity.",Ishii A; Lotto C; Beckmann S; Fink R; Molinari G; Sheppard SC; Anschuetz L,"Department of Otorhinolaryngology, Head and Neck Surgery, CHUV, University of Lausanne.",Journal of visualized experiments : JoVE,2026-09-08,10.3791/72334,2.5,visualization(abstract); visual(abstract),
42726130,Augmented and virtual reality for preprocedural planning and intraprocedural guidance in transplant hepatic artery stenting.,"<h4>Purpose</h4>Hepatic artery stenosis is a recognized vascular complication after orthotopic liver transplantation, and endovascular treatment is technically demanding because of variable post-surgical anatomy. Augmented and virtual reality (AR/VR) allows immersive review of patient-specific three-dimensional imaging, but its clinical application to transplant hepatic artery interventions remains poorly described. This study evaluated the feasibility, usability, and perceived impact of AR/VR for preprocedural planning and intraprocedural guidance in transplant hepatic artery (HA) stenting.<h4>Methods</h4>This IRB-approved single-center pilot study included eight consecutive patients undergoing transplant HA stenting from January 2025 to May 2026. Preprocedural planning was performed using an AR/VR headset and spatial computing software. In the final three cases, AR was used intraprocedurally to display live fluoroscopy during the procedure. Postprocedure surveys assessed workflow integration, anatomic visualization, confidence, usability, and comfort using 5-point Likert scales.<h4>Results</h4>Cases were emergent in 12.5% and elective in 87.5%; 62.5% were high complexity. All cases were technically successful without major complications. Median case, fluoroscopy, and AR/VR planning times were 159.5, 34.8, and 4.5 min, respectively; median air kerma was 678 mGy. AR/VR planning represented 3.6% of case time and was perceived to change the approach in 6/8 cases (75%). Visualization, workflow integration, confidence, and anatomic understanding each received median scores of 5. Headset comfort was lowest-rated. Intraprocedural AR was successful in all 3 cases.<h4>Conclusion</h4>AR/VR planning for transplant HA stenting is feasible, influencing procedural strategy in 75% of cases with maximum operator ratings for visualization, confidence, and workflow integration. Intraprocedural AR during transradial access was feasible.",Gordon AC; Abu Zahra S; Borhani AA; Dietch Z; Borja-Cacho D; Resnick S; Lewandowski RJ,"Department of Radiology, Northwestern Medicine, Chicago, USA. andrew-gordon@fsm.northwestern.edu.",Abdominal radiology (New York),2026-09-11,10.1007/s00261-026-05777-7,2.5,visualization(abstract); visual(abstract),Virtual reality; interventional radiology; Augmented Reality; Preprocedural Planning
42705506,Veterans Affairs Community Care Vascular Surgery Procedural Costs from 2020 to 2025 Dominated by Infrainguinal Endovascular Interventions.,"<h4>Objectives</h4>The 2018 MISSION ACT for expanding access for Veterans to receive care outside of the VA healthcare system has resulted in a significant increase in Vascular Surgery Community Care referrals and cost, especially for endovascular procedures, over time. We hypothesized that more endovascular procedures would be done over time and that this would contribute to increasing costs over the study period.<h4>Methods</h4>A retrospective analysis of the VA Community Care Referral (CCR) Dashboard and Integrated Informatics and Analytics was conducted for FY2020-FY2025. Referral volume and justification for Vascular Surgery consultation and Vascular Lab, and total paid claims were obtained for 40 Vascular Surgery-related CPT codes from all VA centers nationwide across four categories: endovascular arterial, open arterial, dialysis access, and vein procedures. All costs were inflation-adjusted to 2025 USD using the Consumer Price Index.<h4>Results</h4>Total Vascular Surgery Community Care paid claims increased from $72.7 million in FY2020 to $288.2 million in FY2025 (+296%). Number of referrals rose from 34,196 in FY2021 to 62,487 in FY2025 (+83%). Distance from a VA facility accounted for more than 70% of referral justifications. Endovascular arterial procedures represented the largest cost annually. Femoral-popliteal atherectomy (CPT 37225) was the highest-cost procedure in all years except 2022 with increasing cost from $2.2 million to $9.9 million (+348%). Infrainguinal endovascular paid claims increased from $8.8 million to $40.2 million, with atherectomy codes consistently comprised 60-67% of these charges. No open bypass or groin-level reconstruction appeared in the top 30 paid codes in any study year. Carotid endarterectomy was the highest-cost open procedure (increased from $611,984 to $1,151,122, +88%). Dialysis access costs increased substantially (+252%), led by fistulagram with PTA. Vein procedures had the largest percentage increase (+445%).<h4>Conclusions</h4>VA Community Care Vascular Surgery paid claims increased nearly three-fold from FY2020 to FY2025. Infrainguinal endovascular procedures, particularly atherectomy, represented the largest cost category. All procedural groups demonstrated consistent growth, with vein procedures exhibiting the greatest relative increase. Open bypass procedures were absent from the highest-cost claims throughout the study. These findings characterize the trajectory of VA Community Care vascular expenditures and may inform future resource allocation and policy decisions.",Kim GY; Koh DJ; Costanza M; Tang GL,"Division of Vascular Surgery, University of Washington School of Medicine, Seattle, WA; Division of Vascular Surgery, VA Puget Sound Healthcare System, Seattle, WA. Electronic address: gylkim@uw.edu.",Journal of vascular surgery,2026-09-07,10.1016/j.jvs.2026.08.032,2.5,dashboard(abstract); informatics(abstract),trends; Veterans; Community Care; Vascular Surgery Cost
42726459,"Robotic nipple-sparing mastectomy in breast cancer: current evidence, technical considerations, and clinical outcomes.","Nipple-sparing mastectomy (NSM) has emerged as an important advancement in breast surgery, offering significant improvements in postoperative aesthetic outcomes and patient quality of life while maintaining oncologic safety. However, conventional open and endoscopic approaches to NSM remain associated with technical limitations, including restricted surgical exposure, challenges in confined operative spaces, and the need for remote and concealed incisions. In recent years, robotic nipple-sparing mastectomy (R-NSM) has been increasingly introduced into clinical practice. With its advantages of three-dimensional magnified visualization, enhanced instrument dexterity, and stable operative control, R-NSM has demonstrated potential benefits for precise dissection under complex anatomical conditions. Given the substantial heterogeneity among R-NSM studies in terms of surgical techniques, study designs, and outcome assessments, this review adopts a narrative review approach to provide a structured synthesis of the current literature. We particularly focus on the technical characteristics of R-NSM, including improved visualization, enhanced instrument flexibility, and optimized operative stability, and summarize the available clinical evidence regarding oncologic safety, perioperative outcomes, and aesthetic results. Current evidence suggests that R-NSM provides acceptable short- to mid-term safety profiles and may offer favorable outcomes in selected perioperative and aesthetic parameters. Nevertheless, its application remains limited by prolonged operative time, increased procedural costs, and other resource-related considerations. Moreover, the existing evidence is largely derived from retrospective studies and multicenter observational experiences, with limited long-term follow-up and high-quality prospective validation. Overall, R-NSM represents an important direction in the evolution of minimally invasive and precision-oriented breast surgery. However, its true clinical value regarding long-term oncologic safety and sustained patient benefit remains to be established. Future multicenter, large-scale, and prospective studies with extended follow-up are warranted to further define its clinical role and identify the patient populations most likely to benefit.",Wang Z; Kong W; Wu H; Pei J; Zhang J,"Department of Plastic Surgery, Third Hospital of Shanxi Medical University, Shanxi Bethune Hospital, ShanxiAcademy of Medical Sciences, Tongji Shanxi Hospital, Taiyuan, China.",Updates in surgery,2026-09-11,10.1007/s13304-026-02838-w,2.5,visualization(abstract); visual(abstract),Breast neoplasms; Surgical procedures; Treatment outcome; Minimally invasive; Robotics; Nipple; Mastectomy; Subcutaneous; Cosmesis
42710720,"High-Resolution Ultrasound in Alopecias: Principles, Sonoanatomy, and Imaging Patterns.","High-resolution ultrasound with Doppler (HRUD) is an emerging imaging modality that enables noninvasive visualization of hair follicles, perifollicular structures, and vascular changes. Recent studies have identified characteristic ultrasonographic findings in both non-scarring and scarring alopecias, expanding the role of ultrasound in their clinical evaluation. This narrative review summarizes HRUD principles, sonoanatomy of the hair, scanning techniques, indications, and representative imaging findings in alopecias. PubMed and Scopus were searched to identify publications describing HRUD applications in alopecias, and ultrasonographic images and illustrative cases from the authors' collections were included to demonstrate key findings. Across alopecias, HRUD demonstrates recognizable imaging patterns that may support diagnosis and clinical assessment. Reported findings include follicular miniaturization in pattern alopecia, drop-like follicular widening in alopecia areata, perifollicular inflammatory changes and increased vascularization in scarring alopecias, follicular fusion in folliculitis decalvans, and fistulous tracts in dissecting cellulitis of the scalp. HRUD may also facilitate assessment of disease activity, treatment response, and clinicopathologic correlations. In conclusion, HRUD provides clinically useful structural and vascular information in alopecias and may complement clinical examination and trichoscopy. Standardization of imaging protocols and further clinical studies may help define its role in diagnosis, monitoring, and research.",Gonzalez C; Palacios C; Macías P; Kroumpouzos G,"Highly Specialized Ultrasound Center, Bogotá, Colombia.",Clinics in dermatology,2026-09-08,10.1016/j.clindermatol.2026.09.006,2.5,visualization(abstract); visual(abstract),Doppler ultrasound; Alopecia areata; Discoid Lupus Erythematosus; Folliculitis Decalvans; Scarring Alopecia; High-resolution Ultrasound; Dissecting Cellulitis Of The Scalp; Frontal Fibrosing Alopecia; Trichosonography; Pattern Alopecia
42710153,Griseofulvin as a dual-action agent against glioblastoma: anti-tumor effect and enhancement of 5-ALA photodynamic diagnosis in stem-like cells.,"<h4>Purpose</h4>5-aminolevulinic acid (5-ALA)-mediated photodynamic diagnosis (PDD), a standard surgical adjunct for glioblastoma (GBM), is limited in its efficacy by heterogeneous protoporphyrin IX (PpIX) accumulation. We investigated the drug repurposing potential of griseofulvin (GF), an antifungal agent, as a dual-action agent that directly inhibits tumor growth through cell cycle arrest and enhances 5-ALA-induced fluorescence by regulating ferrochelatase (FECH).<h4>Methods</h4>The antitumor effects of GF on glioma stem-like cells (NCH644) and other differentiated GBM cell lines were evaluated using cell viability, colony formation, and cell cycle assays. PpIX accumulation and its enhancement by GF were quantified using a time-course analysis. The mechanisms were investigated using western blotting, RT-qPCR, and confocal visualization. An orthotopic GBM mouse model was used to assess in vivo antitumor activity using preliminary ex vivo fluorescence imaging.<h4>Results</h4>GF first exerted direct antitumor effects via G2/M arrest, characterized by cyclin D1 downregulation and cyclin B1 transient upregulation. Second, GF attenuated the 5-ALA-induced increase in FECH mRNA levels and enhanced PpIX accumulation. In vivo, oral administration of GF significantly inhibited tumor growth in vivo In a preliminary ex vivo assessment, tumors from GF-treated mice showed a higher tumor-to-normal PpIX fluorescence ratio than those receiving 5-ALA monotherapy, enabling superior tumor visualization.<h4>Conclusions</h4>These preclinical findings identify GF as a candidate dual-action agent for GBM treatment. Whether the fluorescence enhancement translates into improved intraoperative detection, extent of resection, or patient survival remains to be determined through future in vivo and clinical studies.",Nishiwaki T; Yamada T; Kudo U; Nakamura S; Kuse Y; Shoda K; Yamada T; Takei H; Egashira Y; Hara H; Nakayama N; Izumo T; Shimazawa M,"Molecular Pharmacology, Department of Biofunctional Evaluation, Gifu Pharmaceutical University, 1-25-4 Daigaku-Nishi, Gifu, 501-1196, Japan; Department of Neurosurgery, Gifu University School of Medicine, Gifu, Japan.",Cancer treatment and research communications,2026-09-08,10.1016/j.ctarc.2026.101433,2.5,visualization(abstract); visual(abstract),Glioblastoma; 5-aminolevulinic acid; Cancer Stem Cells; Photodynamic Diagnosis; Drug Repurposing
42704498,Ultrasmall Ag₂Se@Mn quantum dots enable dual-modal imaging-guided early detection and antioxidant therapy of acute kidney injury.,"Acute kidney injury (AKI) is a serious clinical condition with high morbidity and mortality, yet early detection and effective treatment remain challenging. Herein, we developed ultrasmall quantum dots (QDs) for dual-modal imaging-guided early detection and antioxidant therapy of AKI. Benefiting from the ultrasmall hydrodynamic size, the as‑prepared Ag₂Se@Mn QDs exhibit favorable renal clearance and prolonged retention in injured kidneys. The QDs possess concentration-dependent T1-weighted magnetic resonance imaging (MRI) contrast and near-infrared fluorescence properties, enabling real-time, non-invasive visualization of cisplatin-induced AKI progression. Especially, MRI revealed renal dysfunction up to 66 h earlier than conventional clinical indicators, providing a critical window for early intervention. Furthermore, the inherent ROS-scavenging activity of Mn²⁺ endows QDs with potent antioxidant capacity by efficiently eliminating hydroxyl radicals (·OH) and superoxide anions (O₂<sup>•-</sup>), and thus comprehensively alleviate renal damage and recover renal functions without obvious side-effects. This ""all-in-one"" theranostic strategy offers an alternative approach for precision management of AKI.",Qu Y; Gu Y; Zeng Q; Ma X; Li C; Lei Y; Xie HY; Cui R,"School of Life Science, Beijing Institute of Technology, Beijing, 100081, China.",Mikrochimica acta,2026-09-07,10.1007/s00604-026-08389-6,2.5,visualization(abstract); visual(abstract),fluorescence imaging; Quantum dots; Magnetic Resonance Imaging; Acute Kidney Injury; Ros Scavenging
42726019,Robotic tracheal resection and reconstruction for tracheobronchial mucoepidermoid carcinoma.,"Tracheobronchial mucoepidermoid carcinoma is a rare malignancy characterized by indolent growth and often delayed clinical presentation. While surgical resection remains the definitive treatment with excellent long-term outcomes, the surgical approach continues to evolve. While traditional techniques include thoracotomy or sternotomy, robotic-assisted surgery is emerging as a compelling alternative, offering enhanced three-dimensional visualization, superior instrument precision, and improved ergonomic control for complex airway reconstructions. This video tutorial details a robotic approach for the resection of residual tracheal mucoepidermoid carcinoma following initial debulking. We highlight the technical nuances required to transition from conventional methods to a robotic platform. The procedure is performed using a four-arm robotic configuration supplemented by a single assistant port. Airway management is maintained via single-lung ventilation using a specialized ""North Pole"" endotracheal tube. The video illustrates the systematic dissection of the trachea, precise margin control, and the intraoperative manoeuvres utilized to ensure a tension-free anastomosis with the endotracheal tube in situ.",Heroor A; Tehre A; Pandrowala S; Mengar M; Yadhav A; Shetty S,"KIMS Hospitals, Queens Street, Hiranandani Estate, Patlipada, Ghodbunder Road, Thane West, Maharashtra 400607, India",Multimedia manual of cardiothoracic surgery : MMCTS,2026-09-11,10.1510/mmcts.2026.034,2.5,visualization(abstract); visual(abstract),Robotic Surgery; Tracheal Resection; Robotic Resection
42711624,Comparative Evaluation of [&lt;sup&gt;99m&lt;/sup&gt;Tc]Tc-HYNIC-FAPI-04 and [&lt;sup&gt;99m&lt;/sup&gt;Tc]Tc-HYNIC-FAPI-46 for FAP-Targeted SPECT Imaging.,"<h4>Purpose</h4>Fibroblast activation protein (FAP) is highly expressed in cancer-associated fibroblasts (CAFs) and has emerged as an important target for tumor imaging and therapy. Although numerous FAP-targeted PET tracers have demonstrated promising clinical performance, their high cost and limited accessibility restrict their widespread clinical application. In contrast, SPECT imaging is a more cost-effective and widely available alternative. Among the developed FAPI derivatives, FAPI-04 and FAPI-46 are two of the most extensively studied compounds with high translational potentials. In this study, we performed a systematic preclinical comparison of [<sup>99m</sup>Tc]Tc-HYNIC-FAPI-04 and [<sup>99m</sup>Tc]Tc-HYNIC-FAPI-46 to evaluate their imaging performance and provide guidance for optimal tracer selection in clinical SPECT.<h4>Procedure</h4>Bioinformatic analyses were performed to evaluate FAP expression and its association with prognosis and CAF-related markers. [<sup>99m</sup>Tc]Tc-HYNIC-FAPI-04 and [<sup>99m</sup>Tc]Tc-HYNIC-FAPI-46 were synthesized and assessed for their radiochemical purity and in vitro stability. FAP expression in FAP-HT1080 and HT1080 cells was validated using western blotting and immunofluorescence. Cellular uptake and saturation binding assays were conducted to evaluate the tracer affinity, and blocking experiments were conducted to confirm specificity. Small-animal SPECT/CT imaging and biodistribution studies were performed using FAP-HT1080 xenograft mouse models to assess in vivo tumor targeting. Immunohistochemical staining was used to further validate FAP expression in the tumor tissue.<h4>Results</h4>[<sup>99m</sup>Tc]Tc-HYNIC-FAPI-04 and [<sup>99m</sup>Tc]Tc-HYNIC-FAPI-46 exhibited high radiochemical purity and stability. FAP overexpression in FAP-HT1080 cells was confirmed by western blotting, immunofluorescence, and immunohistochemistry, and both tracers showed a high affinity for FAP. The cellular uptake of FAPI-04 was slightly higher than that of FAPI-46, and blocking experiments confirmed specific binding. SPECT/CT imaging demonstrated strong tumor accumulation with prolonged retention for both tracers, enabling clear visualization even 24 h post-injection. Quantitative analysis revealed no significant differences in tumor uptake or tumor-to-normal tissue ratios, despite the slightly higher tumor uptake of FAPI-04 observed in biodistribution studies. Consistently, comparable T/M, T/B, T/K, and T/L ratios were observed, indicating similar overall imaging performance. Bioinformatic analyses further revealed that FAP was upregulated in multiple tumors and correlated with CAF markers (COL1A1 and ACTA2).<h4>Conclusion</h4>Both [<sup>99m</sup>Tc]Tc-HYNIC-FAPI-04 and -46 showed high tumor uptake and clear visualization. Despite differences in pharmacokinetics, a similar tumor-to-normal tissue contrast was observed, supporting the suitability of both tracers for clinical SPECT imaging of FAP-expressing tumors.",Wang Y; Hu M; Pi R; Shu H; Long Y; Hu W; Feng Y; Tang R; Hu F; Gong C; Wang X; Li K; Gai Y; Hu J,"Department of Nuclear Medicine, Union Hospital, Tongji Medical College, Huazhong University of Science and Technology, Wuhan, 430022, China.",Molecular imaging and biology,2026-09-08,10.1007/s11307-026-02139-z,2.5,visualization(abstract); visual(abstract),Molecular Imaging; Tumor Microenvironment; Spect Imaging; Fapi-46; Fapi-04
41474223,"Advanced Endoscopic Approaches for Skull-Base Surgery: A Contemporary Imaging-Focused Review, From the &lt;i&gt;AJR&lt;/i&gt; Special Series on Critical Anatomy.","Endoscopic skull-base surgery has become widely accepted due to the advantages of the minimally invasive approach and achievement of outcomes that are comparable with those from open approaches. Given limited visualization of this region on clinical examination, preoperative planning relies heavily on diagnostic imaging to determine the optimal surgical approach and the intended extent of resection. Within this context, high-resolution CT and MRI provide valuable information regarding the pathology, its relationship to critical structures, and other pertinent anatomic considerations. This Special Series Review describes the role of imaging in advanced endoscopic endonasal skull-base surgeries, addressing clinically relevant normal and variant anatomy, key surgical landmarks, and pertinent red flags that serve as cautionary imaging findings. We discuss common pathologies occurring along these anatomic corridors and outline the core steps for specific surgical approaches. Interpreting radiologists must have a thorough understanding of the key anatomic structures and their relationships to pathology to help surgeons select the appropriate endoscopic endonasal approach corridor, optimize the extent of resection, minimize surgical risk, and determine reconstruction options.",Khanpara S; Calle S; Jo M; Su SY; Hanna EY; Raza SM; Wintermark M; Learned KO,"Neuroradiology Department, The University of Texas MD Anderson Cancer Center, 1400 Pressler St, Unit 1482, Houston, TX 77030.",AJR. American journal of roentgenology,2026-09-09,10.2214/ajr.25.34072,2.5,visualization(abstract); visual(abstract),Skull base; Endoscopic Endonasal Approach; Red Flags; Endoscopic Skull-base Surgery; Critical Anatomy
42717530,"Augmented Reality, Mixed Reality, Virtual Reality, and Extended Reality Applications in Personalized Oncology and Patient-Centered Cancer Care: A Narrative Review.","<h4>Background</h4>Extended reality (XR) technologies, including augmented reality (AR), mixed reality (MR), and virtual reality (VR), are an appealing technology in clinical oncology. This narrative review evaluates the current evidence of XR applications throughout the cancer care continuum in terms of the clinical implementation, patient outcome, and the relevance of the practice to practicing clinical oncologists.<h4>Methods</h4>A literature search on PubMed, Scopus, Web of Science, and Cochrane Library (January 2015-December 2025) was conducted at the right time to select the articles related to AR, VR, MR, XR, and cancer/oncology. Randomized controlled trials (RCTs), systematic reviews, meta-analyses, and clinical implementation studies were given priority.<h4>Results</h4>VR contains the strongest evidence base in which 15 RCTs meta-analysis (n = 864) found large reductions in the level of anxiety related to chemotherapy (standardized mean difference [SMD] = -1.40) among adult patients with cancer and fatigue (SMD = -3.85). Cancer-related pain (SMD = -0.86, 95% CI: -1.89 to -0.85, p < 0.001) affected significantly VR interventions as well when implemented in 28 RCTs. In hepatic, glioma, and gastrointestinal tumor resection, AR-guided surgical navigation has been clinically workable, and prospective research has indicated that it is capable of better tumor localization. Depression (SMD = -1.86, p < 0.001) was also reduced. The 3D holographic visualization with the help of MR enables the treatment planning of the multidisciplinary type.<h4>Conclusions</h4>The XR technologies possess immense potential in the field of personalized oncology. The sphere of VR-based supportive care intervention is clinically prepared, and still the uses of AR and MR in surgical oncology require confirmation of multicenter trials. Standardization of the protocols, cost-effectiveness studies and its integration into the clinical processes are yet to remain on the list of the top priorities.",Velraj M; Mani D; Parthasarathy AK; Murugesan V; Pradeep K; Panneerselvam S; Theivendren P,"Department of Pharmacognosy, School of Pharmaceutical Sciences, Vels Institute of Science, Technology & Advanced Studies, Chennai, Tamil Nadu, India.",Asia-Pacific journal of clinical oncology,2026-09-09,10.1111/ajco.70172,2.5,visualization(abstract); visual(abstract),Virtual reality; Augmented Reality; Surgical Navigation; Clinical Implementation; Mixed Reality; Personalized Oncology; Cancer Supportive Care; Extended Reality
42705626,Rational design of a near-infrared fluorescent probe for highly specific sensing carboxylesterase 2 and its applications in bioimaging.,"Carboxylesterase 2 (CES2) is a clinically significant serine hydrolase that governs the metabolic activation and detoxification of numerous ester-containing drugs and prodrugs. Despite its pivotal role in liver and colorectal cancer progression, direct <i>in situ</i> imaging of CES2 activity remains challenging due to the scarcity of probes with high isoform selectivity. To address this, we herein present XM-CE, a rationally engineered near-infrared (NIR) fluorescent probe specifically optimized for the highly sensitive and selective monitoring of CES2 activity. By integrating a CES2-responsive ester trigger with the XM-OH fluorophore, XM-CE yields a pronounced fluorescence turn-on response at 635 nm upon enzymatic hydrolysis. The probe demonstrates exceptional sensitivity with a limit of detection (LOD) of 0.023 U mL<sup>-1</sup>, alongside superior biocompatibility. These attributes enable high-resolution, real-time visualization of endogenous CES2 dynamics in living cells, zebrafish larvae, and tumor-bearing murine models. Collectively, our findings establish XM-CE as a robust analytical tool for mapping tissue-specific expression and monitoring enzyme regulation <i>in vivo</i>, offering significant potential for advancing biomedical research and clinical diagnostics.",Li CH; Lin TX; Wu SP,"Department of Applied Chemistry, National Yang Ming Chiao Tung University, Hsinchu, Taiwan, Republic of China. spwu@nycu.edu.tw.",Journal of materials chemistry. B,2026-09-08,10.1039/d6tb01204c,2.5,visualization(abstract); visual(abstract),
42720909,Amyloid-β PET Radioligands in Alzheimer's Disease: From Plaque Detection to Biomarker-Guided Patient Stratification and Therapeutic Monitoring.,"Amyloid-β (Aβ) positron emission tomography allows direct in vivo visualization of insoluble fibrillar Aβ deposition and has been used to detect Alzheimer's disease pathology across the clinical continuum, from preclinical stages to overt dementia. Aβ tracers progressed from the prototypical [<sup>11</sup>C]Pittsburgh Compound-B ([<sup>11</sup>C]PiB), which is limited by [<sup>11</sup>C] half-life, to [<sup>18</sup>F]-labeled agents, including [<sup>18</sup>F]Florbetapir, [<sup>18</sup>F]Florbetaben, and [<sup>18</sup>F]Flutemetamol, which allowed centralized production and wide clinical use, with [<sup>18</sup>F]NAV4694 currently in development. In this narrative review, we sought to examine the principal Aβ positron emission tomography radioligands and their methodological framework, including visual reads, the standardized uptake value ratio, and the Centiloid scale, which harmonized quantitative output across tracers, scanners, and protocols and may enable cross-site comparison in multicenter studies and disease-modifying trials. The regulatory approval of lecanemab and donanemab has recently expanded the clinical use of Aβ positron emission tomography. Beyond diagnostic confirmation, the modality can currently confirm eligibility for anti-Aβ therapy, enrich trial populations, monitor target engagement through serial Centiloid measurements, and inform treatment discontinuation at predefined clearance thresholds. However, significant limitations remain, including the imperfect correlation between a high Aβ plaque burden and clinical cognitive decline that constrains its standalone diagnostic utility, tracer-specific variability, restricted accessibility, and the inability of fibril-targeted tracers to image the soluble oligomeric species most directly engaged by anti-Aβ antibodies. Probes for non-fibrillar species and computational tools for assisted interpretation are likely to shape the field in the near future.",Lista S; Filippi L; Emanuele E; López-Ortiz S; Cisale GY; Minoretti P; Garaci F; Santos-Lozano A,"""i+HeALTH"" Strategic Research Group, Department of Health Sciences, Miguel de Cervantes European University (UEMC), Valladolid, Spain. slista@uemc.es.",Molecular diagnosis & therapy,2026-09-10,10.1007/s40291-026-00879-w,2.5,visualization(abstract); visual(abstract),
42726851,AT1R-mediated NIR-II/PA imaging-guided iCM exosome therapy for myocardial ischemia revascularization.,"Ischemic heart disease remains a leading cause of global mortality, primarily driven by myocardial infarction and subsequent ischemia-reperfusion injury (MI/RI) following coronary artery occlusion. This highlights a critical unmet clinical need for integrated strategies that enable both timely intervention during the acute phase and precise postinjury assessment of myocardial damage. Here, we report a theranostic platform based on a dual-modality near-infrared II fluorescence and photoacoustic imaging probe targeting the angiotensin II type 1 receptor (AT1R). The system is coloaded with losartan and exosomes derived from induced pluripotent stem cell-derived cardiomyocytes (iCMs), enabling noninvasive, high-resolution visualization and evaluation of myocardial injury. Under imaging guidance, this platform allows spatially precise delivery of therapeutics, thereby integrating the antifibrotic and anti-inflammatory effects of AT1R blockade with the regenerative paracrine signaling mediated by iCM-derived exosomes. The synergistic therapeutic efficacy of this system was systematically validated in established mouse and rat models of MI/RI, demonstrating enhanced angiogenesis, attenuation of fibrosis, and improved cardiac functional recovery. Collectively, this study establishes a multifunctional platform that integrates diagnosis and therapy, providing a promising strategy for the precise management of MI/RI.",Wang L; Zhang X; Su H; Long X; Dai C; Cao B; Han L; Zhou Y; Deng Y; Yu C; Sun T; Chen Z; Zhu P; Zhu S; Dai Y; Zhao Q; Liu N,"Guangdong Cardiovascular Institute, Guangdong Provincial People's Hospital, Guangdong Academy of Medical Sciences, Southern Medical University, Guangzhou 510100, China.",Science advances,2026-09-11,10.1126/sciadv.aef1504,2.5,visualization(abstract); visual(abstract),
42729038,"Three decades of microcystin-LR removal in aquatic environments: physical, chemical and biological strategies for environmental detoxification.","Microcystin-LR (MC-LR) contamination from cyanobacterial blooms poses a persistent threat to aquatic ecosystems and human health, necessitating effective removal technologies. This study used visualization analyses to examine global research on MC-LR removal in aquatic environments over the past three decades. A total of 978 publications from the Web of Science Core Collection, published from 1993 to August 2025, were analysed. Annual output increased slowly from 1993 to 2003, accelerated thereafter, and remained high after 2020, indicating that research activity entered a relatively stable phase following a period of rapid growth. <i>Water Research</i>, <i>Chemosphere</i>, <i>Chemical Engineering Journal</i>, <i>Journal of Hazardous Materials</i>, and <i>Environmental Science & Technology</i> were identified as leading journals, while China and the United States dominated research output and formed the central axis of international collaboration. Keyword and co-citation analyses showed that physical adsorption, photocatalysis, advanced oxidation processes and biodegradation are the main removal pathways. The field has diversified from early adsorption-assisted removal and conventional oxidation toward mechanism-driven and material-enabled strategies, while microbial degradation has remained an important parallel research direction. Findings suggest future progress should prioritize standardized evaluation of removal and detoxification efficiency, transformation-product toxicity, material regeneration, cost and scalability, thereby supporting reliable and practical cyanotoxin control.",Zhong X; Zhang H; Xie P,"Longyan University, Longyan, People's Republic of China.",Royal Society open science,2026-09-09,10.1098/rsos.260913,2.5,visualization(abstract); visual(abstract),Materials; physical adsorption; Microcystin-LR; Aquatic Environments
42628561,Dual-energy cone-beam CT improves iodine contrast and Hounsfield unit value stability in the maxillofacial region: a phantom study.,"This study was designed to assess the feasibility of dual-energy cone-beam computed tomography (DE-CBCT) and the associated image processing algorithms to improve delayed phase iodine enhancement. An anthropomorphic adult head phantom with iodine inserts in maxillofacial regions was imaged using a clinical CBCT and a helical CT scanner. DE-CBCT was acquired sequentially at 80 and 120 kV, and helical CT at 100 kV (routine clinical protocol), with radiation doses matched within 5%. Virtual monochromatic images (VMIs) at 50 and 200 keV were generated with (VMI+) and without (VMI) noise-optimized frequency splitting algorithm. Evaluation included Hounsfield Unit (HU) agreement with helical CT, iodine contrast, contrast-to-noise ratio (CNR), artifact reduction, and subjective radiologist assessment of target visibility. VMI50 and VMI50+ demonstrated the strongest HU agreement with CT. VMI50+ produced significantly better contrast than CBCT in the maxillary sinus region (mean percentage change 40.7% (15.3%-66.1%);<i>p</i>< 0.05), while improvements were minor in the mandibular region (9.7% (3.0%-16.5%);<i>p</i>< 0.05). VMI50+ significantly increased CNR in the maxillary sinus compared with CBCT (3.3 vs 2.8;<i>p</i>< 0.05), with no significant difference in the mandibular region. Although DE-CBCT increased contrast and reduced artifacts, it did not reveal any additional targets compared with routine CBCT. DE-CBCT with VMI and frequency splitting improves HU agreement with CT, slightly improves soft tissue visualization, and reduces artifacts in head and neck phantom imaging.",Jayakody D; Riekki VP; Bode MK; Brix MAK,"Research Unit of Health Sciences and Technology, University of Oulu, Aapistie 5A, Oulu FI-90220, Finland.",Biomedical physics & engineering express,2026-09-08,10.1088/2057-1976/ae9cc2,2.5,visualization(abstract); visual(abstract),Cone-beam Computed Tomography; Dual Energy; Phantom Setting; Soft Tissue Enhancement
42703651,"Next-Generation Magnetic Particle Imaging: Innovations In System Architectures, Tracer Engineering, and Clinical Translation.","Magnetic Particle Imaging (MPI) is an emerging tracer-based imaging modality that enables real-time, quantitative visualization with zero tissue background, high sensitivity, and depth-independent signal detection. Unlike conventional imaging methods that rely on intrinsic tissue contrast or radioactive decay, MPI image formation is governed by the nonlinear magnetization dynamics of superparamagnetic iron oxide nanoparticles, making imaging performance fundamentally dependent on nanoparticle properties and magnetic field generation. This review presents a system- and materials-oriented overview of MPI. We first summarize the physical principles of MPI, including nonlinear magnetization, relaxation dynamics, and field-free-region-based spatial encoding. We then review representative MPI system architectures, ranging from closed-bore preclinical scanners to open, single-sided, hand-held, and hybrid platforms, and discuss how scaling, power consumption, and accessibility influence system performance in preclinical and human-scale settings. We further highlight rational tracer engineering using a ""Core-Shell-Function"" framework, emphasizing how magnetic core design, surface modification, and functionalization together determine signal generation, in vivo behavior, and imaging performance. Finally, we summarize key biomedical applications, including cell tracking, angiography, tumor imaging, and intraoperative guidance, and discuss remaining challenges for clinical translation. This review provides an integrated framework for advancing MPI toward functional imaging and precision medicine.",Sun Z; Guo H; Su L; Wen J; He K; Song G; Niu M; Tian J; Du Y,"CAS Key Laboratory of Molecular Imaging, Beijing Key Laboratory of Molecular Imaging Technology Research and Translation, Institute of Automation, Chinese Academy of Sciences, Beijing, China.","Small (Weinheim an der Bergstrasse, Germany)",2026-09-07,10.1002/smll.75514,2.5,visualization(abstract); visual(abstract),Superparamagnetic nanoparticles; Biomedical Imaging; Magnetic Particle Imaging; Mpi Systems; Tracer Engineering
42726349,"Initial experience with the MIZZO ENDO 4000 robotic surgical system: a prospective, single-center, multi-specialty study.","Robotic-assisted surgery is increasingly central to minimally invasive surgery, offering improved dexterity, three-dimensional visualization, and ergonomic advantages over conventional laparoscopy. The present study aimed to evaluate the feasibility, safety, and short-term performance of the MIZZO ENDO 4000 Advanced Surgical Robotic System (Merai Newage Pvt. Ltd.) in real-world clinical practice. In this prospective, single-arm, open-label, single-center study, 72 adults undergoing general surgical, gynecologic, urologic, or oncologic procedures amenable to a laparoscopic approach were enrolled at a tertiary care center in New Delhi, India, between January and June 2026. Primary endpoints were surgical success, postoperative complications (Clavien-Dindo), and intraoperative blood loss; secondary endpoints included console and operative time, docking time, length of stay, and surgeon-reported satisfaction. All 72 procedures were completed as planned, with no conversion to open or laparoscopic surgery (surgical success, 100%) and no intraoperative complications. Postoperative complications occurred in 6 participants (8.33%), all Clavien-Dindo grade I (low-grade fever or nausea/vomiting), managed with routine supportive care. Mean intraoperative blood loss was 79.46 ± 61.25 mL, mean console time 1.86 ± 1.49 h, and mean total operative time 3.49 ± 1.74 h. Mean length of hospital stay was 5.64 ± 3.78 days. Operating surgeons rated the platform favorably across all nine satisfaction domains, including reduced physical strain and fatigue relative to conventional laparoscopy. The MIZZO ENDO 4000 performed safely and as intended across a diverse real-world caseload, supporting its feasibility in routine clinical use. Larger, multi-center, and comparative studies are necessary to confirm these findings.",Dabas SK; Shukla H; Ranjan R; Gurung B; Tiwari S; Shetty KK,"Department of Surgical Oncology, Manipal Hospital, Dwarka, New Delhi, India.",Journal of robotic surgery,2026-09-11,10.1007/s11701-026-03948-8,2.5,visualization(abstract); visual(abstract),Safety; Feasibility; Laparoscopic surgery; minimally invasive surgery; Robotic-assisted Surgery; Surgical Oncology; Operative Efficiency
42720741,A novel external calibration strategy using hollow short-tube hydroxyapatite ceramics for elemental quantitative imaging of human teeth by LA-ICP-MS.,"Teeth provide retrospective information regarding health status, dietary habits, age, and environmental exposures. Laser ablation inductively coupled plasma mass spectrometry (LA-ICP-MS) enables direct solid analysis with high spatial resolution, rendering it well-suited for the microanalysis of teeth. However, accurate quantification is often hampered by the lack of matrix-matched calibration standards. In this work, an external calibration strategy based on hollow short-tube hydroxyapatite ceramics (HAP-T) was established. Due to the one-dimensional tubular architecture, the sintered HAP-T ceramic exhibits high density and mechanical robustness, and its laser ablation behavior was similar to that of tooth samples. The doped trace elements were homogeneously distributed in HAP-T, with relative standard deviations (RSDs) of line scan signals in the range of 7.17-11.07%. The concentrations of doped elements in two synthetic ceramic calibration standards (HAP-T-1 and HAP-T-2) were determined via LA-ICP-MS and pneumatic nebulization ICP-MS (PN-ICP-MS), and excellent consistency was observed between the two analytical techniques. The proposed method was successfully applied to the quantitative elemental imaging of Ca, Mg, Zn, Sr, and Pb in human deciduous tooth sections, achieving high spatial resolution that allows clear visualization of elemental distributions of fine tissue structures including the neonatal line and enamel-dentine junction. These results demonstrate that HAP-T exhibits excellent matrix matching with tooth samples in terms of both chemical composition and laser ablation behavior. This calibration strategy is thus highly promising for the accurate quantitative analysis and elemental imaging of teeth, bones, and potentially other phosphate-based biominerals.",Cui Y; Yang X; Zhang D; Jin L; Guo W; Hu S,"State Key Laboratory of Geomicrobiology and Environmental Changes, School of Earth and Planetary Sciences, China University of Geosciences, Wuhan, 430074, PR China.",Analytical and bioanalytical chemistry,2026-09-10,10.1007/s00216-026-06807-5,2.5,visualization(abstract); visual(abstract),La-icp-ms; Quantitative Elemental Imaging; External Calibration Standard; Hollow Short-tube Hydroxyapatite Ceramics
42714433,Endoscopic Posterior Cervical Fusion for the Treatment of Atlantoaxial Pathologies.,"<h4>Background and objectives</h4>Surgery for the upper cervical spine (atlantoaxial region) is a significant challenge because of its complex anatomy and proximity to vital neurovascular structures. Traditional posterior approaches require extensive muscle dissection, leading to considerable tissue trauma. Although endoscopic techniques have revolutionized minimally invasive spine surgery, their application for simultaneous decompression, fusion, and internal fixation in the atlantoaxial region has not been previously documented. This study aims to preliminarily investigate the technical feasibility, safety, and early clinical outcomes of a newly developed endoscopic posterior cervical fusion procedure.<h4>Methods</h4>We performed a retrospective analysis of patients with upper cervical pathologies who underwent this novel technique. Using a single-portal unilateral or bilateral approach based on the arthroscopic-assisted uniportal spinal surgery/uniportal non-coaxial spinal endoscopic surgery technique, the entire procedure-including neural decompression, preparation of the atlantoaxial joint surfaces, bone grafting, and the placement of a screw-rod construct (using C1/C2 pedicle screws, C1 posterior arch screws, or C2 laminar screws)-was completed under continuous endoscopic visualization.<h4>Results</h4>Ten patients underwent successful surgery without conversion to an open procedure. A total of 40 screws were placed. Postoperative imaging revealed 2 left C1 pedicle screws positioned slightly medially; all other screws were correctly placed. One case of postoperative cerebrospinal fluid leak was managed conservatively. No vertebral artery injuries, neurological deterioration, or infections occurred. All patients showed significant clinical improvement in pain and function scores, and follow-up imaging confirmed solid bony fusion in every case.<h4>Conclusion</h4>Endoscopic posterior cervical fusion is technically feasible. This technique effectively merges the advantages of endoscopic minimally invasive surgery with the requirement for rigid spinal fixation, showing promising early results with satisfactory fusion rates and clinical outcomes.",Yan YG; Yao JT; Zhu LM; Zou MX; Song E; Ouyang ZH,"Department of Spine Surgery, The First Affiliated Hospital, Hengyang Medical School, University of South China, Hengyang, Hunan, China.","Operative neurosurgery (Hagerstown, Md.)",2026-09-09,10.1227/ons.0000000000002194,2.5,visualization(abstract); visual(abstract),minimally invasive surgery; Endoscopic Spine Surgery; Atlantoaxial Fusion; Atlantoaxial Pathologies; The Upper Cervical Spine
42720706,Enterolith-containing Meckel's diverticulum causing strangulated small bowel obstruction in an older adult: diagnostic implications of transition-point calcification on computed tomography.,"<h4>Introduction</h4>Preoperative diagnosis of Meckel's diverticulum in adults remains challenging because clinical presentation and computed tomography findings are often nonspecific. Enterolith-containing Meckel's diverticulum may present as strangulated small bowel obstruction with calcified lesions near the transition point.<h4>Case presentation</h4>An 83-year-old woman without prior abdominal surgery presented with abdominal pain, vomiting, and progressive malaise. Non-contrast computed tomography showed closed-loop small bowel obstruction with two adjacent high-density lesions near the pelvic transition point. Emergency surgery was performed because bowel ischemia was suspected. Laparoscopy was converted to open laparotomy because severe bowel dilatation prevented adequate visualization. A blind-ending diverticulum arising from the antimesenteric border of the distal ileum and containing two enteroliths was identified. The diverticulum twisted around the adjacent ileum, causing strangulation and segmental bowel necrosis. Based on its anatomical configuration, it was considered Meckel's diverticulum. Partial ileal resection was performed. Retrospective review indicated that the high-density lesions corresponded to enteroliths within the diverticulum. The patient was discharged on postoperative day 10 without complications.<h4>Conclusion</h4>Meckel's diverticulum should be considered in older adults with strangulated small bowel obstruction without prior laparotomy. Enterolith-like calcifications adjacent to the distal ileal transition point may provide a diagnostic clue when the etiology is unclear preoperatively.",Yoshimura T; Fujimoto Y; Izumi T; Yoshida R; Hirai F; Honboh T; Harada N; Kato S; Sadanaga N; Yoshizumi T,"Department of Surgery, Saiseikai Fukuoka General Hospital, 1-3-46 Tenjin, Chuo-Ku, Fukuoka, 810-0001, Japan.",Clinical journal of gastroenterology,2026-09-10,10.1007/s12328-026-02443-9,2.5,visualization(abstract); visual(abstract),computed tomography; Enterolith; Meckel’s Diverticulum; Strangulated Small Bowel Obstruction; Transition-point Calcification
42725611,Global Research Trends and Thematic Evolution of Intravenous Lidocaine in Perioperative Analgesia: A Bibliometric Analysis (1983-2025).,"<h4>Introduction/objective</h4>Intravenous lidocaine is increasingly used as an adjunct for perioperative analgesia, but the global development and thematic evolution of this field remain incompletely mapped. This study aimed to characterize global research trends, major contributors, and evolving themes in intravenous lidocaine-related perioperative analgesia research.<h4>Methods</h4>English-language original articles published from January 1, 1983, to January 23, 2025, were retrieved from the Web of Science Core Collection. VOSviewer, CiteSpace, and the bibliometrix R package were used for bibliometric analysis and visualization.<h4>Results</h4>A total of 517 publications from 2,706 authors across 52 countries were identified, with annual research output increasing continuously, peaking in 2023. The most significant growth occurred after 2009, aligning with broader adoption of multimodal analgesia and enhanced recovery strategies. The United States led in total publications (117) and citations (3,888), followed by China (92 publications). Analysis of keyword co-occurrence identified seven thematic clusters and revealed a shift from early focus on pharmacological mechanisms and local anesthesia toward systemic applications and opioid-sparing approaches, postoperative recovery, and multimodal perioperative care.<h4>Discussion</h4>The thematic shift indicates that intravenous lidocaine research has progressed from foundational, technique-oriented investigations to outcome-oriented clinical applications and protocol development.<h4>Conclusion</h4>Intravenous lidocaine research in perioperative analgesia has expanded over four decades. Future studies should prioritize standardized infusion protocols, individualized dosing, procedure- specific safety assessment, and stronger international collaboration to support translation into perioperative practice.",Li X; Zhang H; Wu D,"Department of Anesthesiology, Beijing Luhe Hospital, Capital Medical University, Beijing, 101199, China.",Current drug delivery,2026-09-08,10.2174/0115672018497089260903101300,2.5,visualization(abstract); visual(abstract),Intravenous Lidocaine; Bibliometric Analysis; Multimodal Pain Management; Opioidsparing; Perioperative Analgesia; Enhanced Recovery After Surgery.
42728553,Glypican 3-Targeted Fluorescent Imaging for Intraoperative Tumor Boundary Identification in Hepatocellular Carcinoma.,"<h4>Background</h4>Intraoperative tumor boundary identification is essential for complete resection of hepatocellular carcinoma (HCC). Glypican-3 (GPC3) is a tumor-associated membrane antigen that is highly expressed in most HCCs but barely in livers. This study evaluated the feasibility of GPC3 as a tumor-specific imaging target and developed a GPC3-targeted fluorescent probe for intraoperative tumor boundary identification.<h4>Patients and methods</h4>In the clinical study, intraoperative tumor identification using indocyanine green (ICG) fluorescence was evaluated in 38 patients with HCC, and clinicopathological factors were compared between identifiable and nonidentifiable groups. The tumor specificity of GPC3 was validated by immunohistochemistry of resected specimens. In the experimental study, a GPC3-targeted probe (GPC3-IRDye800) was developed and administered to human HCC cell-line-derived mouse models. Antigen specificity and tumor boundary identifiability were assessed in vivo and ex vivo. Fluorescence-guided surgery (FGS) was performed to examine the feasibility of complete resection.<h4>Results</h4>ICG enabled tumor identification in 30 patients (78.9%). Cirrhosis was significantly associated with detection failure. GPC3 expression was observed in 35 tumors (92.1%) and was higher in the tumors than in the peritumoral livers (P < 0.0001). GPC3-IRDye800 demonstrated antigen-dependent uptake, with higher fluorescence intensity and tumor-to-background ratios than controls (P < 0.0001). At 72 h post-administration in both normal- and fibrotic-liver mouse models, GPC3-IRDye800 provided higher fluorescence intensity at the tumor boundary than ICG. FGS using this probe allowed for complete tumor resection without margin exposure.<h4>Conclusions</h4>GPC3-IRDye800 enables reliable tumor boundary visualization, regardless of background liver condition, and may contribute to complete tumor resection.",Kanda S; Nishino H; Yoh T; Okura K; Kurimoto M; Hori Y; Nishio T; Iwaisako K; Ogiso S; Hatano E,"Department of Surgery, Graduate School of Medicine, Kyoto University, Kyoto, Japan.",Annals of surgical oncology,2026-09-11,10.1245/s10434-026-20529-z,2.5,visualization(abstract); visual(abstract),Hepatocellular carcinoma; Liver fibrosis; Fluorescent antibody; tumor targeting; Mouse Model; Glypican-3; Fluorescence-guided Surgery; Tumor Boundary
42722338,Improved prediction of nasal step defects in glaucoma through wide-field optical coherence tomography.,"<h4>Objective</h4>The purpose of this study was to evaluate the clinical utility of 12 × 12 mm wide-field optical coherence tomography (WF-OCT) for assessing structure-function correspondence in glaucoma, specifically analyzing nasal step visual field (VF) defects.<h4>Methods</h4>We conducted a retrospective comparative study, classifying participants into 5 groups based on VF defect pattern: healthy controls, nasal step, arcuate scotoma, paracentral scotoma, and preperimetric glaucoma. The structure-function relationship was assessed using the Garway-Heath (G-H) map, the 12 × 9 mm Hood map, and 12 × 12 mm WF-OCT. Predictive accuracy within each VF defect group was categorized as correct, incorrect, or unknown, with a targeted subgroup analysis specifically evaluating diagnostic performance for nasal step defects.<h4>Results</h4>When comparing the G-H map, the Hood map, and WF-OCT, no significant differences were observed in the control, arcuate scotoma, paracentral scotoma, and preperimetric glaucoma groups (p > .05 for all comparisons). In contrast, significant differences were found for nasal step defects: the G-H map and WF-OCT correctly identified nasal step defects in 94.4% and 96.3% of cases, respectively, with no significant difference between them (p = 1.000), whereas the Hood map classified 98.1% of nasal step cases as unknown because of insufficient scan coverage (p < .001).<h4>Conclusions</h4>While demonstrating comparable sensitivity to the G-H map in nasal step detection, WF-OCT successfully addresses the geographical limitations of the Hood map. By providing direct topographical visualization alongside conventional peripapillary assessments, WF-OCT offers a valuable modality for evaluating peripheral glaucomatous damage.",Yoon J; Park HM; Lee JS; Ryu S; Chapman SC; Welsbie DS; Lee WJ,"Department of Ophthalmology, Hanyang University College of Medicine, Seoul, Republic of Korea; Department of Ophthalmology, Hanyang University Guri Hospital, Guri, Gyeonggi-do, Republic of Korea.",Canadian journal of ophthalmology. Journal canadien d'ophtalmologie,2026-09-10,10.1016/j.jcjo.2026.08.026,2.5,visualization(abstract); visual(abstract),
42720851,Assessment of emphysema with simulated low-dose dark-field radiography.,"<h4>Objective</h4>Dark-field radiography allows the visualization of lung tissue changes associated with pulmonary emphysema. Simulations were used to investigate the impact of radiation dose reduction on the diagnostic accuracy of emphysema detection.<h4>Materials and methods</h4>Dark-field and attenuation chest radiographs acquired during an ongoing clinical study were used to simulate multiple low-dose counterparts corresponding to median effective doses between 7 and 18 µSv. All study participants had undergone a medically indicated chest computed tomography scan that showed either pulmonary emphysema or no lung pathologies. In a randomized reader study, three radiologists independently assessed the simulated low-dose dark-field and attenuation radiographs as well as the original images for the presence of emphysema. The area under the curves (AUC) of the receiver operating characteristics (ROC) were analyzed using Obuchowski's method. ROC curves were also generated by using different values of the dark-field coefficient to differentiate between absent and at least mild emphysema.<h4>Results</h4>The original (full-dose) images and simulated low-dose images of 93 participants (57 males, 36 females) were included, with participants' median age of 66 years (interquartile range 54 to 73 years). The radiologists' ROC curves of the simulated low-dose images at 11 µSv (AUC = 0.84) did not differ significantly (p = 0.177) from the full-dose curve (AUC = 0.86). For all dose levels, the dark-field coefficient could distinguish between absent and at least mild emphysema with an AUC of 0.85.<h4>Conclusion</h4>Radiation dose reduction in dark-field imaging for emphysema assessment might be feasible, with median effective doses potentially as low as 11 µSv.<h4>Key points</h4>Question How does radiation dose reduction affect the diagnostic potential of dark-field chest radiographs? Findings For actual, regular-dose (36 µSv) dark-field radiographs, AUC was 0.86, and 0.84 for simulated low-dose images. Down to 7 µSv, the dark-field coefficient AUC was 0.85. Relevance statement Simulations suggest that the radiation dose in dark-field chest imaging could be lowered to 11 µSv, indicating the technique's potential for ultra-low-dose imaging, which could be especially beneficial for potential clinical screening applications in the future.",Bast H; Schick RC; Koehler T; Gassert FT; Marka AW; Sauter AP; Renger B; Zimmermann G; Makowski MR; Pfeiffer F; Pfeiffer D,"Chair of Biomedical Physics, Department of Physics, TUM School of Natural Sciences, Technical University of Munich, Garching, Germany. henriette.bast@tum.de.",European radiology experimental,2026-09-10,10.1186/s41747-026-00796-x,2.5,visualization(abstract); visual(abstract),X-ray; Radiation dosage; Radiography; Pulmonary emphysema
42716178,Trueness and scanning time of smartphone-based photogrammetry applications: an in vitro comparative study.,"<h4>Objective</h4>To compare the global and regional trueness, native-scale usability, and full-face scanning time of three smartphone-based photogrammetry applications.<h4>Methods</h4>Thirty mannequin-head scans (n=10/application) were acquired with an iPhone 17 Pro using Polycam v.5.2.0, Qlone Dental v.1.0.14, and KIRI Engine v.4.1.1 under an identical 60-frame protocol. An ATOS Q scan served as the metrological reference. Global and facial-third RMS cloud-to-mesh deviations were calculated after scale-adjusted iterative closest point registration. Scanning time and the need for external rescaling were recorded (α=.05; Tukey pairwise tests).<h4>Results</h4>Global RMS trueness did not differ significantly among applications (P=.059; η²=.189). Qlone Dental showed lower RMS deviations than Polycam in the upper (0.45 ±0.17 mm versus 0.76 ±0.37 mm; P=.025) and lower facial thirds (0.68 ±0.07 mm versus 0.97 ±0.30 mm; P=.009). Only Qlone Dental in the upper third had a 95% confidence interval entirely below the 0.6-mm virtual-facebow benchmark. All Qlone Dental exports retained metric scale, whereas all Polycam and KIRI Engine exports required rescaling. Qlone Dental had the shortest scanning time (13.17 ±1.08 seconds; P<.001).<h4>Conclusions</h4>Under standardized static conditions, none of the applications reliably achieved global RMS values below the 0.6-mm benchmark. The tested applications should not presently be considered standalone metric references for virtual facebow transfer; their more defensible role is in visualization, documentation, and communication workflows.<h4>Clinical significance</h4>A controlled same-device comparison identified application-dependent trade-offs in regional reconstruction, native-scale usability, and capture speed.",Ruggiero G; Vallefuoco V; Sorrentino R; Mastrosimone A; De Risi P; Mancino R; Ficuciello F; Nuytens P,"Department of Neurosciences, Reproductive and Odontostomatological Sciences, Division of Prosthodontics, Scientific Unit of Digital Dentistry, University ""Federico II"" of Naples, Naples, 80131, Italy. Electronic address: gennaro_ruggiero@hotmail.it.",Journal of dentistry,2026-09-09,10.1016/j.jdent.2026.107034,2.5,visualization(abstract); visual(abstract),Photogrammetry; Smartphone; Virtual Patient; Digital Dentistry; Trueness; Facial Scan
42720640,AGA Clinical Practice Update on Management of Ampullary Neoplasms: Expert Review.,"<h4>Description</h4>Although ampullary neoplasia is a rare entity and represents 0.6%-0.8% of gastrointestinal cancers, the incidence among young adults has risen over the past 20 years. Most ampullary tumors are sporadic, but a few genetic syndromes substantially increase the risk of ampullary neoplasia. Compared with other neoplastic pancreaticobiliary entities, there is a relative lack of guidance on best practices for management of ampullary lesions. Ampullary cancer is associated with a 5-year survival rate ranging from 20% to 75%, depending on the stage of diagnosis. Ensuring high-quality endoscopic assessment and treatment with complete resection will decrease recurrence risk and identify patients at an earlier stage.<h4>Methods</h4>This expert review was commissioned and approved by the American Gastroenterological Association Institute Clinical Practice Updates Committee and the American Gastroenterological Association Governing Board to provide timely guidance on a topic of high clinical importance to the American Gastroenterological Association membership and underwent internal peer review by the Clinical Practice Updates Committee and external peer review through standard procedures of Clinical Gastroenterology and Hepatology. These Best Practice Advice statements were drawn from a review of the published literature and from expert opinion. Because systematic reviews were not performed, these Best Practice Advice statements do not carry formal ratings regarding the quality of evidence or strength of the presented considerations. BEST PRACTICE ADVICE STATEMENTS BEST PRACTICE ADVICE 1: Assessment for ampullary adenomas is best conducted using a side-viewing duodenoscope, because ampulla visualization and access for biopsies with a standard forward-viewing gastroscope is limited. Furthermore, use of a duodenoscope allows for a more careful biopsy, avoiding the pancreatic orifice to minimize postprocedure pancreatitis risk. BEST PRACTICE ADVICE 2: A significant proportion (20%-40%) of ampullary adenomas harbor malignancy; therefore, at least 6 biopsies should be obtained to assess histopathology, especially from ulcerated or indurated areas. BEST PRACTICE ADVICE 3: Endoscopic ultrasound assessment is valuable for staging and determination of the extent (if any) of intraductal extension and should be considered for each patient with an ampullary adenoma that is potentially amenable to endoscopic resection, barring lesions smaller than 1 cm with no worrisome clinical or endoscopic features. BEST PRACTICE ADVICE 4: Endoscopic characteristics of an ampullary adenoma that suggest it is benign and render it most amenable to endoscopic papillectomy include: well-defined margins, size less than 4 to 5 cm, a nonfriable lesion, and a lesion that is soft to endoscopic probing and with intraductal extension limited to 1 cm or less. BEST PRACTICE ADVICE 5: For ampullary adenomas with significant (>1 cm) intraductal extension, consultation for consideration of surgical resection is suggested. Lesions with minimal (<1 cm) intraductal involvement may be amenable to endoscopic treatment with close surveillance. BEST PRACTICE ADVICE 6: Three definitive contraindications to endoscopic papillectomy are: metastatic spread, invasive cancer that extends beyond the mucosal layer, and with >1cm intraductal extension in a surgically fit patient. Relative contraindications or factors that warrant further consideration include lesions over 5 cm in size, early-stage/T1 cancers and concerns surrounding patients with limited follow-up adherence. BEST PRACTICE ADVICE 7: In cases where endoscopic resection is not feasible, and biliary obstruction resulting in significant jaundice or when cholangitis is present, biliary drainage with or without sphincterotomy and self-expandable metal stent placement may be considered at the discretion of the surgeon. BEST PRACTICE ADVICE 8: Avoid prepapillectomy biliary and pancreatic sphincterotomies to minimize the risk of incomplete histopathologic assessment due to electrocautery artifact and bleeding prior to resection. BEST PRACTICE ADVICE 9: En bloc snare resection should be performed when feasible. Submucosal injection is generally not required but may be beneficial for laterally spreading components of the lesion along the duodenal wall. BEST PRACTICE ADVICE 10: Prophylactic pancreatic duct stenting, rectal nonsteroidal anti-inflammatory drugs, and high-volume hydration with lactated Ringer's solution should be used to minimize postpapillectomy pancreatitis. BEST PRACTICE ADVICE 11: Standard hemostasis techniques, such as epinephrine injection, electrocoagulation, use of hemoclips, argon plasma coagulation, and hemostatic sprays, may all be carefully employed for treating bleeding from endoscopic papillectomy. BEST PRACTICE ADVICE 12: Following endoscopic papillectomy, surveillance should begin at 3 months, with side-viewing duodenoscopy and biopsy of the resection scar and any abnormal area. If there is no residual adenoma, surveillance should be repeated at 6 months and 12 months, and then annually for at least 5 years. Surveillance beyond 5 years should be individualized based on recurrence risk, comorbidity, and life expectancy. In familial adenomatous polyposis, surveillance intervals should be individualized according to ampullary, gastric, and duodenal disease burden. BEST PRACTICE ADVICE 13: For adenomas >3 cm resected piecemeal or those with positive margins, consider adjunct thermal ablation and ductography. Perform this follow-up every 2-3 months until eradication is confirmed via biopsy. BEST PRACTICE ADVICE 14: There are some reports of recurrence or cancer developing more than 5 years after resection; however, these cases are rare. Due to the limited number of such reports, the decision to continue endoscopic surveillance beyond 5 years should be individualized based on the overall health and life expectancy of the patient. If high-risk features are present, long-term endoscopic monitoring is required. BEST PRACTICE ADVICE 15: Patients with high-grade dysplasia, incomplete resection, or suspected malignancy should be discussed by a multidisciplinary team that includes gastroenterologists, surgeons, and oncologists.",Barakat M; Maranki J; Irani S; Chahal P,"Divisions of Pediatric and Adult Gastroenterology and Hepatology, Departments of Pediatrics and Medicine, Stanford University School of Medicine, Palo Alto, California.",Clinical gastroenterology and hepatology : the official clinical practice journal of the American Gastroenterological Association,2026-09-09,10.1016/j.cgh.2026.07.013,2.5,visualization(abstract); visual(abstract),Ampulla Of Vater; Ampullary Neoplasm; Ampullectomy; Papillectomy; Ampulla Malignancy
42714336,Intraoperative Ex Vivo Confocal Microscopy for Surgical Margin Assessment in Squamous Cell and Basal Cell Carcinoma (HISTOBLOC): Protocol for a Prospective Monocentric Pilot Study.,"<h4>Background</h4>Accurate assessment of surgical margins is essential in the treatment of squamous cell carcinoma (SCC) of the upper aerodigestive tract or of cutaneous origin and of basal cell carcinoma (BCC). Intraoperative frozen section analysis is the current reference standard but is time-consuming and requires coordination between surgical and pathology teams. Ex vivo reflectance confocal microscopy offers rapid, real-time evaluation of surgical margins and may provide diagnostic information comparable to frozen section analysis while enabling the development of a reference atlas for tumor visualization.<h4>Objective</h4>The HISTOBLOC study aims to evaluate the concordance between ex vivo confocal microscopy and intraoperative frozen section examination for assessing surgical margins in SCC and BCC. The secondary objectives are to assess diagnostic performance, time savings, clinical outcomes, and the feasibility of remote intraoperative evaluation using confocal microscopy.<h4>Methods</h4>HISTOBLOC is a prospective, monocentric, single-arm pilot study conducted at the Institut de Cancérologie de Lorraine, a nonprofit comprehensive cancer center. The protocol plans on conducting a learning phase with 15 patients, followed by 30 consecutive patients, undergoing surgical excision for SCC or BCC (tumor size 1-4 cm), whose margins are assessed with both ex vivo confocal microscopy and frozen section analysis; a minimum of four margin specimens are obtained per surgical procedure. The primary end point is the concordance (sensitivity, specificity, and positive and negative predictive values) between the two methods, with frozen section as the reference standard; the secondary end point is the time required for intraoperative margin assessment. Diagnostic accuracy is analyzed for the learning curve phase, for the post-learning curve phase, and for the overall study population.<h4>Results</h4>Recruitment began on July 26, 2023, and ended on June 4, 2025. Statistical analysis and interpretation are ongoing. The final number of participants and of margin specimens included in the analysis, together with the study findings, will be reported in a separate publication.<h4>Conclusions</h4>This protocol describes a study designed to determine whether ex vivo confocal microscopy can provide rapid, reliable intraoperative margin assessment comparable to frozen section analysis in head and neck and cutaneous SCC and BCC surgery.",Gravante G; Leroux A; Garbar C; Henry L; Cortese S; Beulque E; Mastronicola R; Dolivet G,"Department of Surgical Oncology, Head and Neck Unit, Institut de Cancérologie de Lorraine, 6 Av. de Bourgogne, Vandœuvre-lès-Nancy, Grand Est, 54519, France, 33 03 83 59 85 66.",JMIR research protocols,2026-09-09,10.2196/91436,2.5,visualization(abstract); visual(abstract),Confocal microscopy; Squamous cell carcinoma; Frozen sections; Basal Cell Carcinoma; Surgical Margins; Intraoperative Diagnosis
42708594,The α-helix-facilitating amino acid sequence EAAAK dramatically increases the antiviral activity of SARS-CoV-2 fusion-inhibitory peptides via the endosome fusion pathway.,"The SARS-CoV-2 fusion-inhibitory lipopeptide IPB29 features a unique design incorporating the α-helix-promoting EAAAK sequence as a rigid linker between the peptide backbone and the conjugated lipid, exhibiting greatly improved antiviral activity compared to lipopeptides with conventional flexible linkers. Here, we characterized its mechanism of action and uncovered several critical insights. First, IPB29 remained the most potent inhibitor of emerging Omicron subvariants compared to IPB24 and IPB28, which share the same peptide sequence but employ flexible polyethylene glycol or glycine-serine repeat linker. Notably, this enhanced potency was abolished in Vero E6 cells stably expressing TMPRSS2, where viral entry occurs via the plasma membrane fusion pathway. Visualization using FITC-labeled lipopeptides demonstrated that IPB29 binds to and enters target cells more efficiently. Subsequently, we generated two unconjugated template peptides, P43 (containing EAAAK) and P37 (lacking EAAAK). P43 exhibited superior inhibitory activity compared to P37 in Huh-7 and 293T/ACE2 cells, but not in Vero E6-TMPRSS2 cells. Both peptides showed comparable efficacy in blocking S protein-driven cell-cell fusion. Although P43 displayed enhanced α-helicity relative to P37, both peptides exhibited similar target-binding affinities. Instead, the cellular uptake of P43 was markedly more efficient, further supporting that the improved antiviral effect is attributable to the inhibition of the viral endosomal fusion pathway. Collectively, our studies provide molecular insights into the antiviral mechanism of IPB29 and propose the short EAAAK sequence as a generalizable strategy for enhancing the efficacy of peptide-based therapeutics.<h4>Importance</h4>The development of effective therapeutics against SARS-CoV-2 remains an urgent priority. IPB29, a potent broad-spectrum lipopeptide fusion inhibitor currently in clinical trials, requires mechanistic elucidation. Here, we demonstrate that the C-terminal EAAAK motif in IPB29-originally designed as a rigid linker connecting the peptide backbone to the lipid moiety-is critical for its antiviral activity and functions via the endosomal fusion pathway. These findings reveal a generalizable strategy for optimizing antiviral drug design.",Yao Z; Zhu Y; Liu N; Hu Y; He Y,"Key Laboratory of Pathogen Infection Prevention and Control (Ministry of Education), State Key Laboratory of Respiratory Health and Multimorbidity, National Institute of Pathogen Biology, Chinese Academy of Medical Sciences and Peking Union Medical College, Beijing, People's Republic of China.",Journal of virology,2026-09-08,10.1128/jvi.01067-26,2.5,visualization(abstract); visual(abstract),Peptide; Membrane fusion; Fusion Inhibitor; Sars-cov-2; Eaaak Linker
42725862,The State of Primary Care in the United States.,"Policy Points Primary care, when done well, is the country's most cost-effective solution to runaway costs and widening health outcome gaps. Primary care is increasingly starved for resources, with associated reductions in relational continuity and comprehensiveness that collectively increase the risk of losing patient trust. The 2021 National Academies of Sciences, Engineering, and Medicine report, Implementing High-Quality Primary Care: Rebuilding the Foundation of Health Care, supported a cascade of federal initiatives to strengthen, coordinate, and create accountability for primary care strategies, and although several derailed, they remain options for improving health and health care. The 2021 National Academies of Sciences, Engineering, and Medicine report, Implementing High-Quality Primary Care: Rebuilding the Foundation of Health Care, spurred a cascade of federal payment, access, and accountability initiatives, but inconsistent federal leadership has derailed several of them. Congressional and HHS health goals would benefit from reviving stalled primary care infrastructure projects, establish outcome accountability for graduate medical education investment, and build on state models in Maryland, Rhode Island, Vermont, and California.<h4>Context</h4>Primary care is the foundation of a high-functioning health system, yet it has been weakened for decades, and the consequences for patients, population health, and costs are increasingly apparent. The 2021 National Academies of Sciences, Engineering, and Medicine (NASEM) report offered 16 recommendations across five objectives for rebuilding primary care through payment, access, workforce training, health information technology, and accountability.<h4>Methods</h4>This Perspective reviews federal and state policy developments since the NASEM report against its five-objective framework, examining payment demonstration models, minimum primary care spend legislation, graduate medical education financing, and federal data infrastructure initiatives to assess where reform has taken hold, stalled, or been abandoned amid shifting administration priorities.<h4>Findings</h4>Partial payment successes, including the Advanced Primary Care Management code, the AHEAD model, and minimum-spend policies in nearly a dozen states, demonstrate that reform is feasible. Yet inconsistent federal leadership has undermined progress: the Making Care Primary model was abruptly terminated, and several near-complete Agency for Healthcare Research and Quality initiatives-a primary care dashboard, Healthcare Extension Cooperatives, and a clinician/practice database-were lost amid the agency's proposed dissolution. Meanwhile, cuts to Affordable Care Act subsidies and Medicaid threaten to disrupt care for millions and widen mortality gaps. States are increasingly serving as policy laboratories, with Maryland, Rhode Island, Vermont, and California offering replicable models for payment and accountability reform.<h4>Conclusions</h4>The technical solutions needed to strengthen primary care largely already exist. What is missing is durable, coordinated federal and state investment paired with accountability. Securing primary care's future requires treating it as essential public infrastructure.",Phillips RL; Cohen DJ; Phillips EJ; Hughes LS; Bazemore AW,"Center for Professionalism & Value in Health Care, American Board of Family Medicine.",The Milbank quarterly,2026-09-11,10.1111/1468-0009.70127,2.0,dashboard(abstract); data(abstract),United States; Primary Health Care; Reimbursement Mechanisms; Health Policy; Health Care Reform; Health Services Accessibility; Health Workforce; State Government
