pmid,title,abstract,authors,first_author_affiliation,journal,pub_date,doi,score,matched_keywords,api_keywords
42474849,Global research trends and clinical theme evolution in robot-assisted nephrectomy with venous tumor thrombectomy for renal cell carcinoma: a bibliometric and visualization analysis.,"Robot-assisted nephrectomy with renal vein or inferior vena cava (IVC) tumor thrombectomy is a technically demanding procedure used in selected patients with renal cell carcinoma (RCC) and venous tumor thrombus. The research map of this field has not been clearly described, and recent technical, comparative, and systemic-therapy developments make an updated focused analysis timely. We searched the Science Citation Index Expanded of the Web of Science Core Collection from database inception to 4 May 2026. English articles and reviews about robot-assisted nephrectomy or radical nephrectomy with renal vein or IVC tumor thrombectomy for RCC were included. Titles, abstracts, keywords, authors, affiliations, journals, citations, and cited references were extracted. Python 3.11 was used for descriptive analysis, keyword analysis, co-citation analysis, visualization, and clinical theme coding. We included 51 SCIE publications from 2011 to 2026, including 40 articles and 11 reviews. The papers received 1229 citations, with a mean of 24.10 citations per paper and a median of 12. Annual publications peaked in 2020 with 7 papers. The United States published 24 papers, China published 21, and Italy published 8 when all author affiliations were counted. The Chinese People's Liberation Army General Hospital published 14 papers, and the University of Southern California published 7. Ma X, Zhang X, and Wang BJ were the most productive authors. European Urology, Journal of Urology, and Journal of Endourology were the leading journals. After term cleaning, the most frequent keywords were renal cell carcinoma, tumor thrombus, robotic surgery, experience, inferior vena cava, and thrombectomy. This field has moved from early technical exploration to early evidence building. Future work should use multicenter prospective designs and should study high-level IVC thrombus, long-term oncologic outcomes, perioperative safety after neoadjuvant therapy, robotic training, and multidisciplinary care pathways.",Kang L; Shao J; Wang F; Gong M; Ma Z; Zhan T; Zheng Y; Wang C; Yang S; Shang P,"Department of Urology, Lanzhou University Second Hospital, Lanzhou, 730030, Gansu, China.",Journal of robotic surgery,2026-07-20,10.1007/s11701-026-03588-y,12.0,"visualization(kw,title,abstract); visual(kw,title,abstract); data(abstract)",Renal cell carcinoma; bibliometrics; Radical Nephrectomy; Robot-assisted Nephrectomy; Visualization Analysis; Venous Tumor Thrombus; Inferior Vena Cava Thrombectomy
42480095,A Network Visualization Query System for Multidrug Compatibility Based on a WeChat Mini Program: Preliminary Usability and Efficiency Evaluation.,"<h4>Background</h4>Intravenous drug incompatibility is a significant medication safety hazard, particularly in complex multidrug regimens. Traditional text-based, pairwise query methods are inefficient and impose a substantial cognitive load on clinicians. While network visualization has the potential to address these challenges, its application in drug compatibility queries remains underexplored.<h4>Objective</h4>This study aimed to design, develop, and evaluate a novel drug compatibility query system based on a WeChat Mini Program. The system integrates diverse data sources and uses network visualization to present complex compatibility relationships. We sought to empirically assess its impact on efficiency and user experience.<h4>Methods</h4>A preliminary crossover usability and efficiency evaluation was conducted. Phase 1 involved the construction of a drug compatibility knowledge base from authoritative handbooks and drug labels, and the development of the query system. Phase 2 comprised a system evaluation with 36 pharmacists, 6 physicians, and 5 nurses. The evaluation included a scenario-based task completion time analysis comparing the system (Mode A) with traditional print-based resources (Mode B), a quality assessment using the Mobile Application Rating Scale (MARS), and structured posttask user feedback to gather insights on user experience.<h4>Results</h4>The query system demonstrated a substantial reduction in task completion time, with median time savings of 2.85 (IQR 1.98-4.15) minutes, 5.45 (IQR 3.95-7.20) minutes, and 31.2 (IQR 27.5-35.1) minutes, respectively, in 3 scenarios with different complexity. The system received a high mean overall quality score of 3.88 (SD 0.35) on the MARS. The functionality dimension scored the highest (mean 4.21, SD 0.51), while engagement scored the lowest (mean 3.21, SD 0.62). Posttask structured feedback revealed five major areas of user feedback: (1) baseline experience and first impressions, (2) user experience with network visualization, (3) perceived efficiency and cognitive load, (4) trust and information quality, and (5) future application considerations. Users praised the system's efficiency and intuitive design but expressed a strong need for transparent data sources and management advice to build trust.<h4>Conclusions</h4>A query system based on network visualization demonstrates potential to support the efficiency of multidrug compatibility queries within this preliminary evaluation. It may mitigate cognitive load and offer an at-a-glance understanding of complex drug relationships. However, formal clinical accuracy validation remains a mandatory precondition before bedside clinical deployment is considered.",Yang J; Huang X; Wu S; Zhang Y; Zhuang X; Dong Y; Li B; Hong Z,"Department of Pharmacy, Women and Children's Hospital, School of Medicine, Xiamen University, No.10, Zhenhai Road, Siming District, Xiamen, Xiamen, China, 86 13225928281.",JMIR formative research,2026-07-21,10.2196/86583,12.0,"visualization(kw,title,abstract); visual(kw,title,abstract); data(abstract)",Drug interactions; Drug safety; Medication Safety; Drug Compatibility; Network Visualization; User Experience; Wechat
42493773,Roles of gas molecules and related factors in knee cartilage injury and repair: a bibliometric visualization analysis of research hotspots.,"JOURNAL/mgres/04.03/01612956-202612000-00012/figure1/v/2026-07-23T200825Z/r/image-tiff After knee cartilage injury, the self-repair capability is limited, making it prone to progression into osteoarthritis. Recently, gas signaling molecules such as nitric oxide and oxygen, along with reactive oxygen species and other factors associated with oxygen metabolism, have increasingly demonstrated critical roles in the field of knee cartilage injury and repair. However, there are few reports on the evolving research hotspots in this field. Based on the Web of Science Core Collection database, this study conducted a bibliometric and visualization analysis of 245 publications related to the roles of gas molecules and other factors associated with knee cartilage injury and repair. The results reveal a clear evolutionary trend in the research hotspots of this field, characterized by a transition from basic mechanism exploration to translational application transformation. (1) Basic mechanism exploration stage: The keyword co-occurrence network identified a tightly-knit cluster comprising core nodes such as ""nitric oxide,"" ""chondrocytes,"" ""apoptosis,"" ""reactive oxygen species,"" ""oxidative stress,"" and ""hypoxia."" Co-citation analysis revealed that classic studies had demonstrated that nitric oxide mediates chondrocyte injury and matrix degradation through the inducible nitric oxide synthase-nitric oxide-apoptosis signaling pathway. Subsequent research further clarified the dual regulatory roles of oxygen and reactive oxygen species, confirming the significance of the hypoxia-inducible factor pathway in cartilage metabolism. Burst detection revealed that core literature from this period, such as studies on inducible nitric oxide synthase inhibition and hypoxic culture, maintained a high citation rate for 5-8 years, thereby forming a long-term, stable knowledge foundation in the field. (2) Translational application transformation stage: Emerging translational and biomaterial-related nodes, including ""graphene oxide,"" ""cartilage tissue engineering,"" and ""nanomedicine,"" together with gas-based interventions such as ""ozone therapy,"" have surged and formed strong interdisciplinary connections with ""osteoarthritis"" and ""cartilage repair."" This shift illustrates a change in perspective from ""injury mechanisms"" to ""repair interventions."" Co-citation analysis confirmed that the most significant recent literature focuses on the relationship between reactive oxygen species, cartilage aging, and osteoarthritis, as well as on nanoscale drug delivery systems for directly clearing nitric oxide and reactive oxygen species. Burst detection revealed that ""synergistic intervention of materials and gases"" has emerged as the most active frontier hotspot. These findings suggest that gas signaling molecules and oxygen metabolism-related factors are core mediators regulating knee cartilage injury and repair. Research hotspots have shifted from exploring the inducible nitric oxide synthase-nitric oxide-apoptosis signaling pathway and oxidative stress in cartilage injury to translational applications in nanomedicine and biomaterials for cartilage repair. Future research may benefit from elucidating the mechanisms underlying multi-factor interactive networks and promoting the clinical translation of gas-targeted regulatory strategies.",Liu D; Liu Y; Wang X; Dong X; Zhang L; Ji G; Liu G,"Department of Orthopedics, The First Hospital of Hebei Medical University, Shijiazhuang, Hebei Province, China.",Medical gas research,2026-07-23,10.4103/mgr.medgasres-d-26-00163,12.0,"visualization(kw,title,abstract); visual(kw,title,abstract); data(abstract)",Apoptosis; Nitric oxide; Oxygen; Reactive oxygen species; Chondrocytes; Oxidative stress; Knee joint; repair; bibliometrics; Medical Gases; Cartilage Injury; Visualization Analysis; Gas Molecules
42477657,Beyond visual inspection: can a multimodal machine learning model improve the preoperative differentiation of endometrial polyps from non-polypoid endometrial lesions?,"<h4>Objective</h4>To develop a multimodal machine learning model that integrates clinical data and ultrasound features to improve the non‑invasive preoperative differentiation between endometrial polyps (EMPs) and non‑polypoid endometrial lesions (including polypoid hyperplasia and normal endometrial tissue).<h4>Methods</h4>This single‑center retrospective cohort study included 913 patients with a preoperative diagnosis of endometrial polyp confirmed by postoperative pathology. Based on pathological findings, patients were categorized into a typical polyp group (n = 601) and a non‑polyp group (n = 312, consisting mainly of polypoid hyperplasia). Clinical baseline characteristics, transvaginal ultrasound (TVUS) features, and hysteroscopic observations were collected. Independent predictors were identified through multivariate analysis. Multiple prediction models-including logistic regression, decision tree, random forest, and gradient boosting decision tree (GBDT)-were constructed and evaluated using a 70:30 split into training and test sets.<h4>Results</h4>No significant differences were observed between the two groups in baseline characteristics. Typical EMPs more frequently presented as focal masses on ultrasound (82.4% vs. 75.3%) and exhibited detectable intralesional blood flow (51.6% vs. 38.8%). Multivariate analysis identified endometrial thickness on ultrasound, the presence of ultrasound‑detected blood flow, and hysteroscopic visualization of vegetations as independent predictors. Among the tested models, the GBDT demonstrated the best discriminative performance, with an area under the receiver operating characteristic curve (AUC) of 0.727, outperforming the traditional logistic regression model (AUC = 0.599).<h4>Conclusion</h4>Multimodal machine learning models, particularly GBDT, offer a potentially useful auxiliary tool for distinguishing EMPs from polypoid hyperplasia. However, their current diagnostic performance remains insufficient to support standalone clinical decision‑making. These findings highlight the limitations of existing non‑invasive methods and reinforce the necessity of histopathological confirmation. Future efforts should focus on incorporating more objective quantitative radiomic features to advance preoperative risk stratification.",Ma D; Ye Z; Wang C; Lin H; Yu H; Yao Y,"Department of Gynecology, Wenzhou Medical University, Ningbo No.2 Hospital, Ningbo, 315000, China.",BMC women's health,2026-07-20,10.1186/s12905-026-04696-5,9.2,"visualization(abstract); visual(title,abstract); machine learning(kw,title,abstract); data(abstract)",Endometrial Polyps; Polypoid Hyperplasia; Multimodal Machine Learning
42485958,Domain-specific functional outcome prediction in stroke rehabilitation: A multicenter artificial intelligence study.,"<h4>Background</h4>Stroke is a leading cause of long-term disability worldwide, yet existing clinical decision support tools rely on global disability metrics, such as the modified Rankin Scale, which do not adequately reflect patient-centered rehabilitation or recovery goals.<h4>Objective</h4>We aimed to develop, validate, and implement artificial intelligence (AI)-based clinical support models for predicting domain-specific functional outcomes after stroke across multiple rehabilitation institutions and timepoints.<h4>Methods</h4>We utilized prospective and retrospective multicenter data collected from patients with stroke across four rehabilitation institutions in South Korea (2017-2024). Prognostic models were developed for three functional domains-ambulation, cognitive function, and activities of daily living-under two temporal scenarios: acute-to-subacute and acute-to-early-chronic prediction. Alignment-based regularization was applied to improve cross-institutional generalizability.<h4>Results</h4>The proposed framework achieved strong predictive performance in internal validation (AUROC up to 0.897 for ambulation and 0.864 for cognition) and favorable external validation performance, with AUROCs up to 0.924 (ADLs) and 0.892 (cognition), despite institution-specific differences in cohort size and variable availability across centers. The implemented web-based clinical decision support system provides real-time prediction of individualized recovery trajectory with intuitive visualization designed to support clinician-patient communication.<h4>Conclusions</h4>Our findings demonstrate the predictive feasibility of AI-based modeling for domain-specific stroke prognosis and present a prototype implementation illustrating the potential clinical applicability of the proposed framework across heterogeneous institutional settings. The use of routinely collected clinical variables and the preliminary cross-institutional validation results support further investigation of real-world rehabilitation practices, pending prospective clinical evaluation.",Kim DY; Shin S; Moon J; Kim Y; Kim H; Jeon H; Kim DH; Kim EJ; Jeong Ko E; Kim M; Cho BH,"Medical AI Research Center, CHA Bundang Medical Center, CHA University School of Medicine, Seongnam, South Korea.",International journal of medical informatics,2026-07-22,10.1016/j.ijmedinf.2026.106607,8.6,"visualization(abstract); visual(abstract); artificial intelligence(kw,title,abstract); clinical decision support(abstract); data(abstract)",Stroke; Functional Rehabilitation; Predictive Performance; Artificial Intelligence Models; Domain-specific Outcomes
42476832,Multiparametric MRI Radiomics-Based Interpretable Machine Learning Model for the Prediction of Lymphovascular Space Invasion in Endometrial Cancer.,"<h4>Rationale and objectives</h4>To develop and validate a machine learning model combining multiparametric Magnetic Resonance Imaging (MRI) radiomics and clinical indicators for predicting lymphovascular space invasion (LVSI) in endometrial cancer (EC).<h4>Materials and methods</h4>This retrospective study enrolled EC patients who underwent preoperative MRI at two centers. Of 567 initially screened patients, 408 were included per inclusion/exclusion criteria, divided into training and validation sets by hospital. Clinical risk factors and intratumoral/peritumoral radiomic features were identified. Six machine learning algorithms were used to build models; the one with the highest validation Area Under the Curve (AUC) was optimal. Five additional models were developed, and performance was evaluated via AUC, calibration curves, and decision curve analysis (DCA).<h4>Results</h4>Logistic regression identified CA125 and tumor diameter as independent LVSI risk factors. Six machine learning models were built with CA125, tumor diameter, Rad_Score1 and Rad_Score2; the NeuralNetwork performed best (validation AUC=0.803). The combined clinical-intratumoral-peritumoral radiomics model achieved the highest AUC(training AUC = 0.863, validation AUC = 0.803), with good calibration (Hosmer-Lemeshow test, P > 0.05) and favorable net clinical benefit (threshold 0.1-0.7). SHapley Additive exPlanations (SHAP) analysis enhanced model interpretability.<h4>Conclusion</h4>This study systematically compared the predictive performance of six machine learning models for LVSI in EC, identifying the NeuralNetwork model as the most optimal. The combined clinical-intratumoral-peritumoral radiomics model, alongside its SHAP visualization tool, enhanced the accuracy (ACC) of non-invasive preoperative LVSI prediction, demonstrating certain potential for clinical application.",Meng W; Dou H; Yin J; Ma W; Wang X; Liu J; Shi F,"School of Public Health, Shandong Second Medical University, Weifang, China (W.M., F.S.).",Academic radiology,2026-07-20,10.1016/j.acra.2026.06.067,7.1,"visualization(abstract); visual(abstract); machine learning(kw,title,abstract)",Magnetic Resonance Imaging; Endometrial Cancer; Machine Learning; Lymphovascular Space Invasion; Radiomics
42489548,Mapping the knowledge landscape and research trends of artificial intelligence in breast cancer diagnosis and treatment: A bibliometric analysis.,"BackgroundArtificial intelligence (AI) has generated rapidly growing research in breast cancer diagnosis and treatment, yet its intellectual structure, collaboration patterns, and thematic evolution remain unmapped.ObjectiveTo analyze the global research landscape of AI in breast cancer from 2001 to 2025, identifying publication trends, contributors, collaboration networks, thematic clusters, and translational gaps.MethodsA bibliometric analysis of 7673 Web of Science articles. VOSviewer was used for co-authorship networks and keyword co-occurrence with overlay visualization; CiteSpace for burst detection.ResultsThe field grew exponentially (29.20% annual growth), with 88.41% of publications from 2020-2025. China (31.63%) and the United States (21.10%) dominated output, but co-authorship networks revealed limited international collaboration for China (22.4% non-Chinese co-authors) and structural exclusion of low- and middle-income countries. Seven keyword clusters showed persistent separation between technology-centric and clinically oriented terms. Temporal overlay revealed a shift from computer-aided detection (pre-2015) to deep learning (2015-2022) and explainable AI, federated learning, and vision transformers (2022-2025). Burst detection confirmed ""feature selection"" (strength=19.53) and ""computer aided detection"" (strength=20.24) as historical hotspots; limited recent bursts indicate emerging frontiers are still accumulating citation impact.ConclusionsAI research in breast cancer has expanded rapidly with evolving themes, yet a translational gap persists between innovation and clinical integration. Future efforts should prioritize prospective validation, international collaboration with underrepresented regions, and standardized frameworks for integrating explainable and privacy-preserving AI into workflows.",Wang C; Hong K; Ying Y; Xu Y; Yao C,"Department of Breast Surgery, Affiliated Hospital of Nanjing University of Chinese Medicine, Nanjing 210029, China.",Technology and health care : official journal of the European Society for Engineering and Medicine,2026-07-23,10.1177/09287329261466487,7.1,"visualization(abstract); visual(abstract); artificial intelligence(kw,title,abstract)",Breast cancer; Diagnosis and treatment; Artificial Intelligence (Ai)
42474613,Global research trends in sexual function outcomes after robot-assisted radical prostatectomy: a bibliometric and visualization study.,"Robot-assisted surgery has been widely adopted in urology, particularly as the mainstream approach for radical prostatectomy. Despite the advantages of robotic systems in surgical precision and complication control, postoperative sexual dysfunction-mainly erectile dysfunction-remains a core issue affecting patients' quality of life. Currently, a systematic visualization analysis of research trends and the intellectual structure of this topic is lacking. Therefore, this study uses bibliometric methods based on the Web of Science Core Collection to delineate the global research landscape, evolving hotspots, and emerging frontiers in the association between robot-assisted radical prostatectomy and sexual function outcomes, aiming to provide references for clinical practice and future research. We retrieved literature from the Web of Science Core Collection on the association between robot-assisted radical prostatectomy and postoperative sexual function outcomes, covering the period from 2007 to 2025. Subsequently, a series of bibliometric and visualization analyses were performed using CiteSpace (version 6.4.R1), VOSviewer (version 1.6.20), and the Bibliometrix R package (version 5.0). CiteSpace was primarily employed for country collaboration network analysis; VOSviewer was mainly used to construct keyword co-occurrence networks and journal co-citation networks; and the Bibliometrix R package was applied to generate global country collaboration world maps and to conduct annual publication output analyses. A total of 218 eligible publications were included in this bibliometric analysis, involving 1,320 authors, 414 institutions, and 39 countries, published across 73 journals and citing 3,941 references. Annual publication output fluctuated over the study period (2007-2025) but displayed a consistent upward trajectory, peaking in 2024. The United States led all countries in both publication volume (77 papers) and total citations (3,399), followed by Italy, Japan, and South Korea, while Australia achieved the highest average citations per paper. The United States also served as the central hub in the international collaboration network, with Europe and North America remaining the core research regions and Asian countries showing steadily growing contributions. Regarding institutional contributions, the most productive institutions were primarily concentrated in the United States, followed by Europe and Asia. European Urology emerged as the most influential journal in terms of total citations and average citations per article, and occupied a central position within the co-citation network. Menon, Mani, and Montorsi, Francesco were the most prolific authors, while Honda, Masashi achieved the highest average citations per article. Keyword co-occurrence analysis revealed three major research clusters: foundational surgical techniques, postoperative urinary and sexual function outcomes with comparative studies, and nerve-sparing techniques with quality of life assessments. Erectile dysfunction and urinary incontinence emerged as the most prominent outcome-specific terms, confirming their dominant positions as the primary functional outcomes of concern, while penile rehabilitation and urinary continence also appeared with lower frequencies. Co-citation analysis identified the systematic reviews by Ficarra V et al. (2012) as the most highly cited references, and the co-citation network was categorized into three major research lineages: oncologic outcomes, functional health-related quality of life, and surgical safety with comprehensive outcome assessment. This study presents the first bibliometric and visualization analysis of the literature on sexual function outcomes after robot-assisted radical prostatectomy (RARP) using the Web of Science Core Collection (2007-2025). The findings reveal a steady increase in annual publication output, with a peak observed in 2024, indicating growing global research attention to this topic. The United States emerged as the dominant contributor in terms of both publication volume and citation impact, followed by Italy and other European and Asian countries. European Urology was identified as the most influential journal, while the systematic reviews by Ficarra V et al. (2012) constituted the intellectual cornerstone of the co-citation network. Keyword analysis demonstrated that research hotspots have progressively shifted from early descriptions of surgical complications toward robotic technique optimization, nerve-sparing, functional recovery, and quality of life assessment. Notably, erectile dysfunction and urinary incontinence were the most prominent outcome-specific terms, reflecting their clinical significance as primary concerns after RARP. Despite the leadership of a small group of high-impact authors and institutions, international collaborative research remains insufficient, particularly across regions.Key limitations include database and language restrictions, citation and synonym biases, author/institution disambiguation challenges, and the inherent inability of bibliometric methods to assess clinical evidence quality. Future research should prioritize multicenter prospective studies, standardized patient-reported outcome measures, and strengthened cross-regional and interdisciplinary collaboration to advance individualized functional preservation strategies.",Huang W; Zhang Z; Shao Z; Zhu C,"Clinical Medical College of Shandong Second Medical University, Weifang, 261053, Shandong, China.",Journal of robotic surgery,2026-07-20,10.1007/s11701-026-03672-3,7.0,"visualization(title,abstract); visual(title,abstract); data(abstract)",Vosviewer; Bibliometric Analysis; Robot-assisted Radical Prostatectomy; Citespace; Bibliometrix; Sexual Function Outcomes
42492364,Integrative single-cell and machine learning analysis identifies a tumor doubling time-related prognostic signature and therapeutic targets in head and neck squamous cell carcinoma.,"<h4>Background</h4>Head and neck squamous cell carcinoma (HNSCC) exhibits marked molecular heterogeneity and diverse clinical outcomes, partly influenced by HPV status and the tumor immune microenvironment. Although tumor doubling time (TDT) reflects tumor growth kinetics and has prognostic relevance, its molecular basis in HNSCC remains unclear.<h4>Methods</h4>Single-cell RNA-seq data from GSE164690 were integrated with bulk transcriptomic datasets from TCGA-HNSC, GSE41613, GSE65858, and ICGC. We identified 21 tumor doubling time-related genes (TDTRGs), evaluated their cell type-specific enrichment using UCell, and defined molecular subtypes by consensus clustering. Immune infiltration was assessed by ssGSEA and CIBERSORT. A prognostic model was developed using 117 machine-learning algorithm combinations in the Mime1 package and further evaluated by single-cell visualization, cell cycle scoring, pseudotime analysis, drug sensitivity prediction, and molecular docking.<h4>Results</h4>A single-cell atlas comprising 17 cell populations was constructed. TDTRGs were mainly enriched in cycling T cells and epithelial cells and showed HPV-related expression differences. Two molecular subtypes were identified; C2 was associated with poorer progression-free interval (P = 0.001) and enrichment of MET and integrin signaling. A seven-gene signature-CCBE1, MAD2L1, ECT2, BIRC5, ITGA6, ESM1, and NUF2-showed robust prognostic performance across independent cohorts and outperformed 73 published signatures. Single-cell and pseudotime analyses confirmed cell type-specific and dynamic regulation. Venetoclax was predicted as a potential therapeutic candidate, with docking energies below -9 kcal·mol⁻¹.<h4>Conclusion</h4>This study defines TDTRG-related heterogeneity in HNSCC and establishes a robust seven-gene prognostic signature, providing potential biomarkers and therapeutic insights for personalized management.",Zhang M; Zhao Z; Zhu Q; Liang S; Sun L; Wei H; Liu S; Zhao M; Li L; Wang L,"Department of Otolaryngology Head and Neck Surgery, The First Affiliated Hospital of Zhengzhou University, Zhengzhou, 450052, China.",Translational oncology,2026-07-23,10.1016/j.tranon.2026.102927,6.6,"visualization(abstract); visual(abstract); machine learning(kw,title); data(abstract)",Machine Learning; Therapeutic Targets; Single-cell; Hnscc; Tumor Doubling Time
42478631,Determinants of ultrasound visualization quality in hepatocellular carcinoma surveillance: implications for clinical practice.,"<h4>Background</h4>Semiannual ultrasound is the recommended technique for hepatocellular carcinoma surveillance in patients with chronic liver disease. The aim of this study was to analyze the factors associated with ultrasound quality in routine clinical practice.<h4>Methods</h4>A prospective cross-sectional study was conducted in patients enrolled in a surveillance program. Demographic variables, etiology, body mass index (BMI), and waist circumference were collected. Technical limitations were recorded, and ultrasound assessment of abdominal fat distribution was performed. Quality was classified according to US LI-RADS.<h4>Results</h4>240 patients were included (70.4% male; mean age 65 years). Mean BMI was 28.9 kg/m² (SD 4.9). Obesity was present in 23.4% and abnormal waist circumference in 56.3%. The main etiologies were alcohol-related liver disease (42.1%) and metabolic dysfunction-associated steatotic liver disease (19.6%). Ultrasound quality was classified as VIS A in 42.9%, VIS B in 48.3%, and VIS C in 8.8%. Meteorism was the most frequent limiting factor (51.7%). Higher BMI and waist circumference were associated with progressively poorer visualization (p<0.001). Preperitoneal visceral fat thickness differed significantly across VIS categories (p<0.001), whereas subcutaneous fat thickness did not show significant overall differences (p=0.052). In multivariable analysis, waist circumference was the only independent predictor of impaired visualization (OR 1.074 per 1-cm increase, 95% CI 1.047-1.103; p < 0.001).<h4>Conclusions</h4>More than half of ultrasound examinations showed moderate or severe visualization limitations, mainly associated with measures of central adiposity. Incorporating simple anthropometric measures, particularly waist circumference, may help identify patients at risk of suboptimal visualization and support a more individualized surveillance strategy.",Broco Fernández C; Borrego Rivas S; Blázquez Ávila V; Quiñones Castro R; Díez Ruiz S; Alcoba Vega L; Rodríguez Martín L; Andrés Pascual L; Suárez Álvarez P; Díez Rodríguez R,"Gastrenterology, Complejo Asistencial Universitario de León, España.",Revista espanola de enfermedades digestivas,2026-07-21,10.17235/reed.2026.12004/2026,6.5,"visualization(title,abstract); visual(title,abstract)",
42481200,Cluster randomised feasibility trial of PRISM: the PRimary Care Individual Social Norms MSK Data Dashboard to support first contact physiotherapy management of musculoskeletal patients in primary care.,"<h4>Introduction</h4>Musculoskeletal (MSK) conditions affect over 20 million people in the UK and account for one in seven General Practitioner (GP) consultations. To address capacity challenges, First Contact Physiotherapists (FCPs) now manage MSK patients in primary care. However, FCPs working in isolation from physiotherapy teams exhibit broad variation in decision-making that could pose risks to care quality. PRimary Care Individual Social Norms MSK Data Dashboard (PRISM) is a clinician-facing behaviour change digital dashboard that provides individualised social norms feedback such as, 'you are in the top 10% of those referring to secondary care' or 'in the bottom 10% of those referring to social prescribing'. It aims to nudge FCPs towards evidence-based norms, including more effective and cost-efficient treatments, thereby reducing unwarranted variation in care and improving patient outcomes. Social norms interventions have been shown to positively influence clinician behaviour, but their application in MSK services remains unexplored.<h4>Aim</h4>To determine the feasibility of evaluating PRISM's effectiveness and cost-effectiveness in a future clinical trial.<h4>Methods and analysis</h4>A pragmatic feasibility cluster randomised controlled trial will be conducted across four UK primary care sites with FCP services. Sites will be allocated 1:1 to intervention (PRISM dashboard, guidebook and structured clinical supervision) or control (usual care). Data on clinical decision-making will be collected monthly and anonymised for dashboard generation and compared to an existing dataset of over a million FCP consultations. Patients seen by FCPs will be invited to provide patient-reported outcome measures and experience measures. Feasibility outcomes include recruitment and retention of sites, FCPs and patients; dashboard engagement and completeness of data collection.The primary outcome is recruitment feasibility. Secondary outcomes include retention, dashboard usage, patient-rated outcome measure/experience measure (patient-rated outcome measures/patient-rated experience measures) completion and supervision engagement. Descriptive analyses will summarise feasibility metrics and missing data. Health economic and carbon reduction data collection will also be assessed for future trial planning.<h4>Ethics</h4>IRAS number 361 359. REC reference: 25/EM/0256, Approved: 10 December 2025 based on PRISM Protocol V.9. Dated 25 November 2025.<h4>Trial registration number</h4>NCT07112508.<h4>Dissemination</h4>Findings from the PRISM feasibility trial will be disseminated through peer-reviewed publications, conference presentations and stakeholder engagement. Results will also be shared with participating sites, patient and public involvement representatives and professional bodies such as the Chartered Society of Physiotherapy to inform clinical practice and policy. Additionally, lay summaries will be produced for patients and the public and digital channels will be used to maximise reach.",Dunphy E; Marston L; Hunter R; Hill JC; Downey AM; Forsyth S; Nwankwo C; Nazareth I,"Department of Primary Care and Population Health, Upper Third Floor UCL Medical School (Royal Free Campus), University College London, London, UK emma.dunphy@ucl.ac.uk.",BMJ open,2026-07-21,10.1136/bmjopen-2026-118099,5.2,"dashboard(title,abstract); data(title,abstract)",Behavior; Quality improvement; Primary Health Care; Musculoskeletal Disorders; Physical Therapy Modalities
42477062,Deep learning model for predicting fracture redisplacement in conservatively treated distal radius fractures using radiographs: a retrospective cohort study.,"Accurate assessment of redisplacement risk in distal radius fractures during initial treatment is crucial for selecting the optimal management plan. Traditional clinical decision rules have limited predictive performance. Deep learning models have demonstrated promise for fracture detection/classification tasks, indicating potential applicability in prognostic prediction. Herein, we developed and validated a deep learning model to predict fracture redisplacement risk at follow-up radiographs obtained four weeks or more after conservative treatment of distal radius fractures, using initial and post-reduction radiographs. This retrospective study enrolled 966 distal radius fractures in adult patients conservatively managed at a super-tertiary university hospital between December 2003 and December 2022. The dataset was chronologically divided into training (earliest 80%, 772 fractures) and validation (latest 20%, 194 fractures) cohorts. An XGBoost model was first trained using demographic data and radiographic parameters as a tabular baseline model. Its predicted probabilities were calibrated using Platt scaling and subsequently used as soft targets to train deep learning models based on CoAtNet or EfficientNetV2 backbones. The deep learning models incorporated four radiographic views (initial and post-reduction posteroanterior and lateral) with/without metadata (age and sex). Model performance was evaluated on the temporal validation set using area under the receiver operating characteristic curve (AUROC), calibration curve, and decision curve analysis. Model interpretability was analyzed using SHAP and LayerCAM visualization for the XGBoost and deep learning models, respectively. The tabular baseline XGBoost model achieved an AUROC of 0.853 (95% CI, 0.797-0.903) on the temporal validation set. The best image-based model, CoAtNet without metadata, achieved an AUROC of 0.815 (95% CI, 0.752-0.869) while demonstrating good calibration, providing measurement-free risk estimation directly from initial and post-reduction wrist radiographs. Training with calibrated soft targets from the XGBoost model improved discrimination and calibration compared with binary-target training. Decision curve analysis demonstrated positive net benefit across a broad range of clinically relevant threshold probabilities, supporting the potential utility of the model for risk-based decision-making. LayerCAM visualizations revealed activation over clinically relevant regions, including the distal radioulnar joint area in the posteroanterior view, corresponding to SHAP findings indicating reliance on initial and post-reduction radial shortening. In the lateral view, activation was noted along the volar and dorsal cortices and articular surface, consistent with dorsal tilt identified in SHAP analysis. Deep learning has potential for prognostic prediction of fracture redisplacement of distal radius fractures using routine wrist radiographs. Although the tabular baseline XGBoost model achieved the highest discrimination, the proposed image-based deep learning model provides interpretable, well-calibrated, measurement-free risk predictions directly from radiographs. By reducing reliance on user-dependent radiographic measurements and expert-defined features, this approach may support more objective and reproducible risk stratification, particularly in busy or resource-limited clinical settings where specialist assessment may not be immediately available.",Dissaneewate P; Thanavirun P; Tangjaroenpaisan Y; Orapiriyakul W; Chewakidakarn C; Kritsaneephaiboon A; Dissaneewate K,"Department of Orthopedics, Faculty of Medicine, Prince of Songkla University, Hat Yai, 90110, Songkhla, Thailand.",Scientific reports,2026-07-20,10.1038/s41598-026-63335-z,5.0,visualization(abstract); visual(abstract); machine learning(kw); data(abstract),Clinical Decision-making; Machine Learning; Deep Learning; Wrist Fractures
42488460,metaWEPP: leveraging biobank-scale intra-species phylogenies for near-haplotype resolution in metagenomic analysis.,"Metagenomic sequencing is transforming diverse areas of health and biological sciences, including pathogen surveillance, clinical diagnostics, and microbiome research. However, the inherent complexity of metagenomic data limits most computational tools to species-level classification and abundance estimation, overlooking within-species genetic diversity that drives key phenotypes. We present metaWEPP, a novel computational pipeline that achieves near-haplotype resolution in metagenomic analysis for species with adequate representation in reference genome biobanks and having sufficient sequencing depth and genome coverage. Specifically, metaWEPP assigns sequencing reads to species using standard taxonomic classifiers, phylogenetically places them onto species-specific mutation-annotated trees of publicly available sequences, and selects the haplotypes that best explain the sample. It also reports unaccounted alleles indicative of novel variants and provides an interactive dashboard for read-level visualization. Applied to diverse metagenomic and mixed-genome samples from prior studies, metaWEPP produced concordant species-level results, while revealing finer lineage- and haplotype-level insights not captured by existing tools. On various clinical samples, metaWEPP identified infecting pathogens and additionally provided credible lineage- and haplotype-level information that can support clinical decision-making. On wastewater samples, metaWEPP uncovered previously undetected haplotype clusters of epidemiological relevance. These findings demonstrate metaWEPP's ability to advance various clinical, epidemiological, and research applications with deeper, actionable insights.",Gangwar P; Xu Q; Seangmany J; Katte P; Turakhia Y,"Department of Electrical and Computer Engineering, University of California, San Diego, San Diego, CA 92093, United States.",NAR genomics and bioinformatics,2026-07-22,10.1093/nargab/lqag080,4.5,visualization(abstract); dashboard(abstract); visual(abstract); data(abstract),
42474905,Research evolution and clinical positioning of robot-assisted simple prostatectomy for benign prostatic hyperplasia: a bibliometric and visualization analysis.,"Robot-assisted simple prostatectomy (RASP) is increasingly considered for men with large-volume benign prostatic hyperplasia (BPH), yet its place alongside endoscopic enucleation and other simple prostatectomy approaches remains unsettled. To characterize how the evidence base has developed, we mapped English-language RASP publications indexed in the Web of Science Core Collection through 18 June 2026. Records were analyzed with Bibliometrix/Biblioshiny, VOSviewer, CiteSpace, and SCImago Graphica to describe publication growth, contributor and collaboration patterns, citation foundations, and changing research themes. The dataset contained 156 publications (131 articles and 25 reviews) issued between 2008 and 2026. Output accelerated after 2020 and reached 27 papers in 2025. The United States and Italy occupied central positions in production and collaboration; the expansion of Asian contributions was less closely connected internationally. Early work focused on procedural feasibility and technique. Later research increasingly examined high-volume institutional experience, comparative perioperative outcomes, and RASP in relation to open or laparoscopic simple prostatectomy and holmium laser enucleation. Correspondingly, recent keywords centered on procedural implementation, perioperative evaluation, and BPH-specific surgical decision-making. These bibliometric patterns indicate where research attention has concentrated but do not establish comparative effectiveness, long-term durability, cost-effectiveness, or patient-level benefit. Multicenter comparative studies with harmonized patient-centered and durability endpoints are needed to clarify the clinical role of RASP.",Zhao S; Liu H; Lao Y; Li D; Bai Y; Kong X; Dong Z,"Department of Urology, The Second Hospital & Clinical Medical School, Lanzhou University, Lanzhou, 730000, Gansu, China.",Journal of robotic surgery,2026-07-20,10.1007/s11701-026-03687-w,4.5,visualization(title); visual(title); data(abstract),Knowledge Mapping; benign prostatic hyperplasia; Bibliometric Analysis; Robot-assisted Simple Prostatectomy; Large-volume Bph
42496923,Visualizing the development of robot-assisted endoscopic submucosal dissection: a comprehensive bibliometric study.,"To systematically map the global research landscape of Robot-assisted endoscopic submucosal dissection (RA-ESD) and identify its publication trends, collaboration networks, intellectual structure, and emerging research hotspots using bibliometric and visualization analyses. A bibliometric study was conducted using the Web of Science Core Collection (2005-2025). Eligible English-language articles and reviews were analyzed. CiteSpace, VOSviewer, and R software were used to evaluate publication trends, co-authorship networks, institutional and country collaborations, co-citation patterns, keyword co-occurrence, burst detection, and journal distribution. Knowledge mapping techniques were applied to identify thematic evolution and research frontiers. A total of 75 eligible studies were included for bibliometric analysis after screening 226 records from the Web of Science Core Collection. From 2010 to 2025, RA‑ESD publications and citations showed a fluctuating yet sustained upward trend, with remarkable growth after 2012 and peak values in 2024-2025. Global RA‑ESD research is primarily contributed by East Asian countries and the United States. China dominates in publication quantity, whereas Japan and Singapore yield higher per‑article citation impacts and better research quality. Collaboration analyses at the country, institutional and author levels reveal regionally concentrated cooperation centered on East Asia and North America, with limited global integration and fragmented cross-border collaboration. Keyword analysis indicates that RA‑ESD research focuses on gastrointestinal malignancies, minimally invasive endoscopic procedures, and flexible robotic technologies, with research frontiers evolving from early robotic resection techniques to flexible endoscopic platforms and currently toward traction-assisted strategies and clinical efficacy validation. Co-citation analysis confirms a field transition from technical feasibility exploration to evidence-based clinical evaluation. Dual-map overlay analysis demonstrates the interdisciplinary nature of RA‑ESD research, which integrates clinical gastroenterology and oncology with engineering disciplines including materials science, computer science, and physics. RA-ESD research has rapidly evolved from early experimental exploration to a growing evidence-based and technology-integrated field. While technological innovation and clinical applications are expanding, international collaboration remains limited. Future studies should emphasize multicenter cooperation and high-quality clinical evidence to further advance the field toward standardized and intelligent endoscopic surgery.",Zhu C; Liu N; Tao X,"Central Laboratory, Clinical Medical Research Center, Linyi People's Hospital, Shandong Second Medical University, Linyi, 276000, China.",Journal of robotic surgery,2026-07-24,10.1007/s11701-026-03719-5,4.1,"visualization(abstract); visual(title,abstract)",Gastrointestinal neoplasms; bibliometrics; Knowledge Mapping; Robotic Endoscopy; Robot-assisted Endoscopic Submucosal Dissection
42485170,Clinical practice summary: the use of visualization technology for peripheral intravenous catheter insertion.,"<b>Stephanie Pitts</b> summarises the main points of a position paper adopted by the Association for Vascular Access on the use of technology to assist with catheter insertion in cases of difficult venous access, with the full statement presented in the article that follows.",Pitts S,,British journal of nursing (Mark Allen Publishing),2026-07-22,10.12968/bjon.2026.0310,4.0,visualization(title); visual(title),
42498094,"Global genomic surveillance of β-lactam resistance in Escherichia coli across human, animal, and environmental reservoirs.","<h4>Background</h4>Escherichia coli poses a global health threat from increasing β-lactam resistance. This study uses genomic and One-Health data to map resistance patterns and enhance antimicrobial resistance (AMR) prediction and management.<h4>Methods</h4>This study performed a One-Health whole-genome analysis of 30,554 E. coli isolates from human, animal, and environmental sources, spanning from 2000 to 2025. Publicly available genomic data were retrieved from NCBI, encompassing β-lactam resistance genes, including extended-spectrum β-lactamases, AmpC, and carbapenemases, along with key chromosomal resistance modifiers. These genes were identified and curated using AMRFinderPlus. Multilocus sequence typing (MLST) and pathotype assignments were conducted in silico. Temporal, host, sequence-type (ST), and geographic patterns of resistance were modeled, with gradient-boosted machine learning algorithms predicting minimum inhibitory concentrations (MICs) based on antibiotic resistance gene profiles and chromosomal features. Temporal and geographic resistance patterns were further analyzed using statistical and visualization tools in R and Python.<h4>Results</h4>A total of 30,554 E. coli whole-genome sequences from isolates spanning 126 countries between 2000 and 2025 were analyzed. The dataset included 2015 complete genomes, 177 chromosome-level assemblies, 8310 scaffold-level assemblies, and 20,052 contig-level assemblies, with an average sequence length of 5,120,983 bp. Isolates were categorized by host source: 14,320 from humans, 8184 from animals, 3941 from environmental sources, and 4109 with an unknown source. MLST was successfully performed on 29,648 isolates, identifying dominant STs such as ST131, ST11, and ST10. Human isolates were predominantly associated with epidemic clones ST131, ST73, and ST1193, while animal isolates were associated with ST10, and environmental isolates showed a strong presence of ST155. Temporal analyses indicated a steady increase in β-lactam resistance, with bla<sub>CTX-M-15</sub>, bla<sub>NDM-5</sub>, and bla<sub>OXA-1</sub> showing the most significant prevalence trends. Model performance was strongest for carbapenems, particularly imipenem (R<sup>2</sup> = 0.88) and ertapenem (R<sup>2</sup> = 0.74), whereas predictions for ampicillin and piperacillin-tazobactam showed poor agreement with observed MICs.<h4>Conclusions</h4>Global analysis of 30,554 genomes shows rising β-lactam resistance driven by key genes (bla<sub>CTX-M-15</sub>, bla<sub>NDM-5</sub>, bla<sub>OXA-1</sub>) in high-risk clones. Machine learning accurately predicted carbapenem resistance but struggled with β-lactamase inhibitor combos. Integrating genomics and One-Health data can guide AMR surveillance and control.",Sholeh M; Beig M; Kiani N; Badmasti F,"Department of Bacteriology, Pasteur Institute of Iran, Tehran, Iran; Student Research Committee, Pasteur Institute of Iran, Tehran, Iran.","Infection, genetics and evolution : journal of molecular epidemiology and evolutionary genetics in infectious diseases",2026-07-24,10.1016/j.meegid.2026.105998,4.0,visualization(abstract); visual(abstract); machine learning(abstract); data(abstract),Genomic; Escherichia Coli; β-lactamases; Multilocus Sequence Typing; Sequence Types; One-Health Surveillance
42497260,Interpretable dynamic quantitative vascular morphometry features using SHAP for anti-angiogenic therapy response prediction.,"Anti-angiogenic therapy benefits vary, with response rates of 40 to 70%, highlighting the need for early biomarkers to identify responders. We developed an automated machine learning framework that uses delta quantitative vascular morphometry features from standard contrast-enhanced CT to evaluate treatment response. This workflow combines automated tumor and vessel segmentation with feature extraction from routine scans for clinical use. Shapley additive explanations (SHAP)-based attributions identify key vascular and clinical features, providing meaningful, imaging-visible evidence aligned with therapy targets beyond traditional radiomics. Using baseline and follow-up CTs from 163 patients with lung cancer, we built three models using fivefold cross-validation, with the delta-merge model achieving high accuracy (area under the receiver operating characteristic curve = 0.842 internally, 0.806 externally). SHAP analysis uncovered an ""arterial-dominant, venous-adaptive"" pattern, where arterial involvement and venous recovery distinguish responders. This automated workflow and visualization support early, imaging-based response assessment and personalized treatment.",Hu K; Cai Q; Xu J; Ai S; Ou W; Liu Y,"Department of Radiology, Hubei Cancer Hospital, Tongji Medical College, Huazhong University of Science and Technology, Wuhan, Hubei, China.",Science advances,2026-07-24,10.1126/sciadv.aeb3543,3.5,visualization(abstract); visual(abstract); machine learning(abstract),
42486141,Utilizing Geospatial Mapping to Identify High-Need Areas for Pelvic Health Rehabilitation and Inform Strategic Health System Planning.,"<h4>Introduction</h4>Pelvic floor dysfunction detrimentally impacts function. Pelvic Health Rehabilitation (PHR) is a first-line, non-invasive treatment. However, access to PHR services is deficient due to lack of trained rehabilitation providers, limited public awareness of its value, and knowledge gaps among potential referral sources. The purpose of this project was to (1) use geospatial mapping to identify areas of need for PHR services in the Veterans Health Administration (VHA) and (2) apply the results to create a feedback loop to guide VHA strategic planning.<h4>Materials and methods</h4>Veteran data were extracted from clinical and administrative data sources, where pelvic health-related diagnostic codes were queried to reflect Veterans who could potentially benefit from PHR services. Data were summarized by the 96 VHA market geographic areas based on the Veteran's home residence. The number of VHA PHR providers was extracted from a national directory based on provider self-report. Data were imported into a Geographic Information System (GIS) software application to visualize maps.<h4>Results</h4>A total of 2,746,003 Veterans had a diagnosis that would potentially benefit from PHR services. The highest need areas also were those with the least access to in-house VHA PHR services, with the VHA employing 117 Pelvic Health Physical Therapists nationally.<h4>Conclusions</h4>Geospatial mapping and analyses allows for visualization of gaps in PHR access across the VHA system. This information is being utilized by clinical and operational partners to develop a multi-modal approach to building PHR workforce capacity with the goal of increasing timely Veteran access to PHR services.",Mamkhezri J; Ahern JK; Havran M; Khaldy N; Pomasko M; Gustavson AM,"Veterans Health Administration, El Paso VA Healthcare System, El Paso, TX 79930, United States.",Military medicine,2026-07-22,10.1093/milmed/usag335,3.0,visualization(abstract); visual(abstract); data(abstract),
42487617,"Mapping rehabilitation interventions for long COVID and post-viral syndromes: a bibliometric and thematic analysis of PubMed-indexed literature, 2020-2025.","The health care community has moved from emergency response models to sustained recovery models for the rehabilitation of post-acute sequelae of severe acute respiratory syndrome coronavirus 2 infection, commonly referred to as long COVID. This study aimed to provide a comprehensive bibliometric visualization and thematic analysis of global research output from 2020 to 2025 on rehabilitation interventions for long COVID and related post-viral disorders. The PubMed database was systematically searched to retrieve bibliometric records. VOSviewer and Biblioshiny were used to conduct a multidimensional analysis. Key metrics included annual scientific production, Lotka's law for author productivity, Bradford's law for core source identification, and country collaboration mapping. The life-cycle model (R2=0.929) indicated that the field evolved in a predictable pattern, with continuous and accelerated development. However, the projected stabilization should be interpreted as a description of initial growth rather than as definitive evidence of disciplinary maturity. Scientific output in this area increased sharply and peaked in 2024. Thematic visualization identified 3 broad thematic groupings. Lotka's law indicated a dispersed and fragmented research community, with approximately 90% of authors contributing only 1 document. Physiotherapy research for long COVID has shifted from early pulmonary-centered approaches toward more interdisciplinary models focused on cognitive health and fatigue.",Koch M,"Department of Physiotherapy, Royal School of Medical and Allied Sciences, The Assam Royal Global University, Guwahati, India.",Osong public health and research perspectives,2026-07-23,10.24171/j.phrp.2026.0338,3.0,visualization(abstract); visual(abstract); data(abstract),Rehabilitation; bibliometrics; Physical Therapy Modalities; Fatigue Syndrome; Post-Acute Covid-19 Syndrome
42497021,Design of a dual-route acoustic-feature and EfficientNet-B0 spectrogram-based voice-screening device for Parkinson's disease assessment.,"<h4>Objectives</h4>Parkinson's disease (PD) can affect vocal production before severe motor symptoms become apparent. This study presents a device-oriented dual-route voice-screening framework that combines interpretable acoustic descriptors with spectrogram-based transfer learning for PD assessment support.<h4>Methods</h4>Publicly available sustained-vowel /a/ recordings from the Parkinson Speech Dataset with Multiple Types of Sound Recordings were used for algorithmic evaluation. The proposed handheld device, dashboard, and connectivity workflow were treated as a conceptual deployment scenario. The acoustic route generated an integrated acoustic-feature vector and grouped representation-level summaries of selected descriptor families. The spectrogram route generated RGB color-mapped and grayscale time-frequency representations, which were processed using an EfficientNet-B0 transfer-learning convolutional neural network.<h4>Results</h4>Among conventional acoustic-feature classifiers, the Ensemble Boosting Classifier achieved the highest AUC point estimate for the integrated acoustic-feature route. Grouped representation-level evidence showed weak-to-moderate discrimination for acoustic descriptor families. RGB and grayscale spectrograms processed through the EfficientNet-B0 route produced reported AUC point estimates of 0.93 and 0.89, respectively, within the available public-dataset evaluation.<h4>Conclusions</h4>The proposed framework combines interpretable acoustic descriptors and spectrogram-based transfer learning within a device-oriented screening-support workflow. Integrated acoustic features support interpretable reporting, while spectrogram-based transfer learning provides higher representation-level discrimination. Future validation with physical prototypes, standardized acquisition protocols, and independent clinical cohorts is required before clinical deployment.",Zhou W; Yu Z; Luo S,"Department of Product Design, Hunan International Economics University, Changsha, China.",Biomedizinische Technik. Biomedical engineering,2026-07-27,10.1515/bmt-2026-0357,3.0,"dashboard(abstract); data(kw,abstract)",Parkinson’s Disease; Spectrogram; Public Dataset; Acoustic Features; Voice Screening
42300931,Animal-based diets and the human gut microbiota: an integrative review &lt;b&gt;combining&lt;/b&gt; metagenomic profiling and graphical synthesis of diet-microbiota associations.,"This review examines the relationships between animal-based diets, gut microbiota architecture, and human health by integrating insights from metagenomic studies and literature-based graphical representations. The gut microbiota is a complex microbial ecosystem, whose organization is closely linked to intestinal homeostasis and host health. Drawing on published metagenomic datasets, the review synthesizes patterns of dominant microbial groups and their organization within the gut, providing a framework for interpreting diet-related microbial variations across different geographic and cultural contexts. Evidence from the literature on animal-derived foods is integrated through graphical visualization to illustrate associations between specific foods and gut microbial taxa. These visualizations highlight distinct association patterns and microbial responses to various animal-based dietary components. The review discusses these patterns in relation to intestinal health, disease susceptibility, and potential dietary interventions. Overall, this work provides a structured, integrative perspective on the impact of animal-based diets on gut microbiota architecture, emphasizing the relevance of combining metagenomic insights with literature-based synthesis to inform nutritional science and public health strategies.",Medouni-Haroune L; Medouni-Adrar S; Messaoudene L; Negrichi S; Bouiche C; Sahraoui-Remini Y; Allam A; Meghlaoui Z; Mouhoubi K; Abbou A; Brahimi N; Mellal MK; Sari Z; Madani K,"Centre de Recherche en Technologies Agro-alimentaires, Route de Targa Ouzemmour, Campus Universitaire, 06000 Bejaia, Algeria. lamia.medouni@crtaa.univ-bejaia.dz.",Food & function,2026-07-20,10.1039/d6fo00371k,3.0,visualization(abstract); visual(abstract); data(abstract),
42474283,Seizure forecasting: The long and winding road to clinical translation.,"Seizure forecasting has progressed from theoretical aspiration to a rapidly advancing research domain, yet clinical translation remains limited. Over the past decades, advances in algorithm development, chronic electroencephalography (EEG), wearable sensors, and the characterization of seizure cycles have demonstrated that seizure risk is not random but fluctuates according to identifiable biological rhythms and patient-specific patterns. Forecasting algorithms have shown promising performance across diverse retrospective datasets, including intracranial EEG, subscalp recordings, wearable physiological signals, and even self-reported diaries. However, the clinical value of forecasting is contentious. Prospective real-world validation and regulatory approval of patient-facing forecasting systems remain rare. This review incorporates perspectives presented at the 5th International Congress on Mobile Health and Digital Technology in Epilepsy (2025). We examine barriers impeding clinical translation and current attempts to address them. Crucially, forecasting performance cannot be evaluated in isolation from intended use. Applications range from low-risk uses, like scheduling diagnostic monitoring or visualization of historical trends, to higher risk interventions, including medication titration and adaptive neuromodulation. Each application entails distinct performance thresholds, ethical considerations, and regulatory requirements. Translational challenges include reliable seizure annotation, nonstationarity dynamics of biological cycles, and practical constraints for real-time deployment. Ethical concerns center on miscalibrated reliance on low-risk states, potential anxiety associated with high-risk advisories, and the heterogeneity of patient preferences and risk tolerance. Regulatory pathways are likely to depend on clearly defined use cases and clinically meaningful endpoints, which may extend beyond seizure counts to include quality of life, anxiety, locus of control, and other patient-reported outcomes. Ultimately, translation will require rigorous prospective evaluation against transparent benchmarks, sustainable scientific-commercial partnerships, and integration of probabilistic risk information into clinical workflows. With careful implementation, seizure forecasting may evolve from proof-of-concept research into a clinically meaningful component of epilepsy management, and we remain cautiously optimistic.",Karoly PJ; Stirling RE; Cook MJ; Goldenholz DM; Baud MO; Rao VR; Vieluf S; Brinkmann BH,"Graeme Clark Institute & Biomedical Engineering, University of Melbourne, Melbourne, Victoria, Australia.",Epilepsia,2026-07-20,10.1002/epi.70394,3.0,visualization(abstract); visual(abstract); data(abstract),EEG; Seizure prediction; forecast; Biological Rhythms; Seizure Cycles
42474605,"Robotic pancreaticoduodenectomy: a structured narrative review of learning curve, patient selection, and program readiness.","Pancreaticoduodenectomy remains among the most technically demanding abdominal operations because of complex vascular dissection, multiple reconstructions, and persistent risk of procedure-specific morbidity. Robotic pancreaticoduodenectomy (RPD) has been developed to extend minimally invasive surgery to pancreatic head and periampullary diseases, offering stable three-dimensional visualization, articulating instruments, and improved suturing ergonomics. However, technical feasibility alone does not establish broad clinical value. This structured narrative review maps current evidence on RPD across perioperative outcomes, oncologic safety, clinically relevant postoperative pancreatic fistula (CR-POPF), learning curve, reconstruction, complex cases, cost, and implementation readiness. Evidence was interpreted according to study design, center experience, outcome consistency, and clinical generalizability. Available data support the feasibility of RPD in selected patients treated by experienced teams and suggest possible reductions in blood loss, transfusion, and length of stay compared with open surgery. In contrast, evidence remains less mature for CR-POPF reduction, major morbidity, long-term oncologic outcomes, cost-effectiveness, and routine use in complex vascular or post-neoadjuvant cases. The clinical role of RPD should therefore be determined by alignment among patient complexity, pancreatic remnant risk, surgeon-team maturity, institutional volume, and rescue capacity. We propose an evidence-informed framework for staged implementation, patient selection, program readiness, and predefined conversion triggers. RPD should be viewed as a selective, team-dependent strategy rather than a universal replacement for open pancreaticoduodenectomy.",Gao T; Yang K; Luo Z; Zhao Y,"Department of Hepatobiliary Surgery, The Affiliated Calmette Hospital of Kunming Medical University (The First People's Hospital of Kunming), Kunming, Yunnan, China.",Journal of robotic surgery,2026-07-20,10.1007/s11701-026-03676-z,3.0,visualization(abstract); visual(abstract); data(abstract),Pancreaticoduodenectomy; Patient Selection; Learning Curve; Robotic Surgery; Minimally Invasive Pancreatic Surgery; Program Readiness
42481771,Minimally invasive extracavitary approach for selected ventral intradural extramedullary thoracic lesions: quantitative anatomical analysis and technical feasibility.,"<h4>Purpose</h4>To describe and evaluate the application of the minimally invasive extracavitary approach (miECA) for selected ventral intradural extramedullary thoracic lesions through a combined quantitative anatomical study and proof-of-concept clinical application.<h4>Background</h4>Surgical treatment of ventral intradural extramedullary lesions of the thoracic spine remains technically demanding because the spinal cord lies directly within the operative corridor. Although conventional posterior approaches are effective in most cases, selected lesions may require substantial spinal cord mobilization to achieve adequate exposure, potentially increasing the risk of neurological morbidity.<h4>Methods</h4>A quantitative anthropometric neuroimaging study was performed on a reference population to characterize the geometry of the miECA corridor to the ventral intradural (premedullary) space. Working distance (WD), maneuverability arc (MAC), and surgical angle of incidence (SAI) were measured using a previously validated operability score methodology. These data were integrated with a proof-of-concept clinical application to assess technical feasibility and safety. An illustrative case is presented.<h4>Results</h4>The miECA provided a muscle-sparing, stability-preserving surgical corridor with favorable geometry, characterized by a median SAI of 55.0° (interquartile range [IQR] 50.0-60.0), a median MAC of 45° (IQR 40-65) and a median WD of 8.0 cm (IQR 6.0-9.0). This configuration enabled direct access to the ventral intradural premedullary space while minimizing the need for spinal cord mobilization. Endoscopic assistance further enhanced the visualization of the ventral intradural compartment. In the illustrative case, complete tumor resection was achieved without procedure-related neurological deterioration.<h4>Conclusions</h4>The miECA may represent a useful adjunct for carefully selected ventral intradural extramedullary thoracic lesions in which conventional posterior routes are expected to require substantial spinal cord manipulation. The present study establishes anatomical feasibility and provides preliminary technical guidance for future clinical applications.",Gagliardi F; Barzaghi LR; De Domenico P; Snider S; Roncelli F; Mortini P,"Department of Neurosurgery and Gamma Knife Radiosurgery, IRCCS Ospedale San Raffaele, Milan, Italy.","European spine journal : official publication of the European Spine Society, the European Spinal Deformity Society, and the European Section of the Cervical Spine Research Society",2026-07-22,10.1007/s00586-026-10227-5,3.0,visualization(abstract); visual(abstract); data(abstract),Thoracic Spine; Intradural Extramedullary Tumors; Spinal Cord Preservation; Minimally Invasive Extracavitary Approach; Ventral Intradural Space
42474842,"Mapping the evolution of deep learning and computer vision in robotic surgery: a bibliometric analysis of surgical video intelligence, instrument perception, and clinical translation.","Deep learning and computer vision are increasingly embedded in robotic surgery, yet the development and translational direction of this research domain remain incompletely characterized. We conducted a bibliometric and visualization analysis of publications retrieved from the Web of Science Core Collection using Bibliometrix/Biblioshiny, VOSviewer, and CiteSpace. A total of 1,186 documents published between 2010 and 2026 across 356 sources were included. Scientific output increased rapidly, with an annual growth rate of 16.09% and a peak of 216 publications in 2025. The field involved 5,296 authors, and international collaboration accounted for 30.69% of publications. IEEE Robotics and Automation Letters was the most productive and locally influential source. China and the United States were the leading contributors, with China showing the most rapid recent expansion and the United States retaining the highest citation impact. Citation-burst and keyword analyses identified U-Net, residual learning, transformer architectures, and foundation-model-enabled segmentation as major methodological drivers. The conceptual structure evolved from image guidance, registration, and navigation toward surgical video intelligence, instrument perception, workflow understanding, autonomous assistance, and clinical translation. Instrument perception emerged as a central link between algorithmic development and operative application. Future progress will require diverse multi-institutional datasets, external and prospective validation, integrated scene understanding, and rigorous evaluation of intelligent assistance within real robotic surgical workflows.",Yang D; Shang F; Xu Y; Liu J; Wang J; Li Y; Ma X; Lv D,"Department of Radiation Oncology, General Hospital of Northern Theater Command, No. 83 Wenhua Road, Shenyang l10016, Shenyang, Liaoning, China.",Journal of robotic surgery,2026-07-20,10.1007/s11701-026-03621-0,3.0,visualization(abstract); visual(abstract); data(abstract),Computer vision; Robotic Surgery; Bibliometric Analysis; Clinical Translation; Deep Learning; Instrument Perception; Surgical Video Intelligence
42478342,ADMET-Driven Chemical Navigability Rules for Early-Stage Virtual Compound Prioritization.,"Clinical attrition in drug development is frequently driven by suboptimal pharmacokinetic and toxicological (ADMET) properties rather than inadequate target efficacy. Accordingly, early-stage ADMET assessment has become an increasingly important component of Structure-Based Drug Design (SBDD). Here, we present empirically derived chemical navigability guidelines based on an analysis of ADMET-related properties predicted by admetSAR 3.0 across approved drugs curated from DrugBank. These parameters were integrated into an intuitive color-coded visualization framework for rapid compound assessment. The proposed guidelines are intended as context-dependent heuristics derived from statistical trends within the predicted chemical space of approved drugs rather than as universal decision rules. The utility of the ADMET-first strategy was further evaluated using an external and independent library of 1,756 KEAP1/NRF2 modulator compounds from ChEMBL, employing experimentally determined biological activity (pChEMBL) instead of docking-derived metrics. Enrichment analysis demonstrated that ranking compounds according to the ADMET-score identified true active compounds substantially earlier than random selection, achieving an enrichment factor (EF) of 1.29 in the top 5% of the library and recovering approximately 80% of active compounds within a limited fraction of the evaluated chemical space. We provide a freely accessible (https//admetSAR.umh.es), curated database of more than two million ADMET-annotated commercially available compounds from the MolPort library, prefiltered according to the proposed chemical navigability guidelines.",Encinar JA; Yang C; Fernández-Ginés R; Tang Y; Cuadrado A,"Institute for Research in Biotechnology and Health (IDIBE), Miguel Hernández University (UMH), Elche, Alicante 03202, Spain.",Journal of chemical information and modeling,2026-07-21,10.1021/acs.jcim.6c01901,3.0,visualization(abstract); visual(abstract); data(abstract),
42486275,"Percutaneous Ultrasound-Guided Elbow Flexor Tenotomy: Cadaveric Feasibility, Learning Curve, and Procedure in Two Patients with Spastic Contracture.","<h4>Background</h4>Spasticity is a common complication of central neurological disorders. It is observed in almost 25% of patients, depending on the initial neurologic injury. It can affect various anatomical regions of the human body, particularly the upper limb, progressing toward musculotendinous retraction. Therapeutic option may include tenotomy of the main elbow flexor muscles among which are the Biceps Brachii, Brachialis, and Brachioradialis. Currently, this procedure is performed through an open approach, requiring extreme caution due to the risk of vascular and nerve injury. In parallel, the growing development of ultrasound-guided procedures allows real-time visualization of anatomical structures, which may help reduce the risk of neurovascular injury. The objective was to evaluate the feasibility, accuracy and safety of real-time ultrasound-guided tenotomy of the main elbow flexor muscles on cadaveric specimens, to determine whether this minimally invasive approach could be applied to patients with spastic elbow contracture.<h4>Methods</h4>Ultrasound-guided tenotomies of the elbow flexor muscles (Biceps Brachii, Brachialis, and Brachioradialis) were performed on 30 cadaveric specimens. For each procedure we visually measured and quantified the percentage of tendon sectioning achieved for each tendon, completion time, as well as any associated vascular or nerve injuries. To assess the feasibility of the procedure, we recorded the learning curve assessed in a resident, validated through the LC-CUSSUM method. In addition, the technique was applied in two patients with spastic elbow contracture as a preliminary exploratory clinical application.<h4>Results</h4>The mean percentage of tendon section achieved was approximately 85% for the biceps brachii, 60% for the brachialis, and 51% for the brachioradialis. No injuries to the radial or median nerves were observed. Two injuries to the lateral cutaneous nerve of the forearm and one injury to the cephalic vein were recorded. Competency was considered achieved after 21 procedures for the biceps brachii and after 26 procedures for the brachioradialis. However, competency was not achieved for the brachialis tenotomy after 30 procedures. The procedure was also performed in two patients, resulting in gains of nearly 70° and 90° of passive range of motion, respectively.<h4>Conclusion</h4>Ultrasound-guided tenotomy of the elbow flexor muscles may represent a minimally invasive option for the treatment of spastic elbow contractures. However, given the learning curve and the limited clinical data available, further studies are needed to confirm its safety, reproducibility, and clinical effectiveness.",Pouzenc L; Descamps J; Bastard C; Sautet A; Cambon A,"Department of Hand Surgery, Hôpital Saint-Antoine, Paris, France. Electronic address: lucaspouzenc@gmail.com.",Hand surgery & rehabilitation,2026-07-22,10.1016/j.hansur.2026.102725,3.0,visualization(abstract); visual(abstract); data(abstract),Elbow; Spasticity; Tenotomy; Peroperative Ultrasound
42479299,Semi-supervised Medical Image Segmentation via Perturbation-Aware Mutual Learning and Edge-Aware Uncertainty Loss for Accurate Anatomical Delineation.,"Accurate segmentation of medical volumes in magnetic resonance imaging is essential for the exploration of organ structures. Despite the impressive performance of supervised learning in medical image segmentation, its reliance on the large availability of labeled datasets poses a challenge due to the expertise and effort required for data acquisition. Semi-supervised learning (SSL) methods extract additional information from unlabeled datasets without involvement of expert annotation, and many approaches have been proposed to assist with this task. However, they often yield satisfactory results in the central regions but do not perform well in the edge regions due to low contrast edges and ambiguous tissue intensities at the boundary. Meanwhile, standard loss functions are biased towards large regions and cause under-penalizing of boundary errors. In this paper, we propose a novel framework that effectively leverages unlabeled data to improve segmentation performance in cardiac structures. Firstly, we design a mutual learning module with multiple decoders to obtain different predicted probabilities through feature perturbations. Secondly, we apply a novel consistency constraint between labeled and unlabeled data by a dual fine-grained boundary loss that provide global characteristics-based guidance from the transition of the boundary region and an edge-aware uncertainty loss. We evaluate the proposed framework on two publicly available cardiac datasets, including the automated cardiac diagnosis challenge (ACDC) dataset under a 2D setting and the left atrium (LA) dataset under a 3D setting, and compare it with seven recent state-of-the-art semi-supervised methods. Through extensive qualitative visualization and quantitative experiments under standard semi-supervised settings, we demonstrate the effectiveness of the proposed approach and its superior segmentation performance compared with existing methods. Furthermore, clinically relevant cardiac measurements derived from the segmentation results are evaluated to analyze the clinical relevance of the proposed framework. To support reproducibility and future research, our code is publicly available at: https://github.com/waqasanwaar/SSL4MIS_PMEUL .",Anwaar W; Manh V; Xue W; Ni D,"Guangdong Key Laboratory of Biomedical Measurements and Ultrasound Imaging, Marshall Laboratory of Biomedical Engineering, School of Biomedical Engineering, National-Regional Key Technology Engineering Laboratory for Medical Ultrasound, Shenzhen University Medical School, Shenzhen University, Shenzhen, 518060, China.","Interdisciplinary sciences, computational life sciences",2026-07-21,10.1007/s12539-026-00862-3,3.0,visualization(abstract); visual(abstract); data(abstract),Image segmentation; Semi-supervised Learning; Uncertainty Estimation; Boundary Loss
42486371,Interim Results From a Multicenter Observational Safety Study of Patients Treated With Voretigene Neparvovec-rzyl in the United States.,"<h4>Objective</h4>To assess long-term safety and exploratory ophthalmic outcomes in patients treated with voretigene neparvovec-rzyl (VN) in US clinical practice.<h4>Design</h4>Prospective, multicenter, observational post-authorization safety study.<h4>Participants</h4>Eighty-seven patients (169 eyes) receiving VN at 10 ocular gene therapy treatment centers.<h4>Methods</h4>Eligible patients were ≥12 months old with viable retinal photoreceptors and received VN in ≥1 eye. Subretinal delivery followed a 3-port pars plana vitrectomy modified at surgeons' discretion (e.g., automated foot pedal delivery, pre-bleb injection, cannula cut, use of dye for visualization).<h4>Main outcome measures</h4>Safety outcomes included treatment-emergent adverse events (TEAEs) and occurrence of chorioretinal atrophy (CRA). Exploratory assessments included changes in best-corrected visual acuity (BCVA) and full-field stimulus threshold (FST). Outcomes were analyzed descriptively; relative risk (RR) was estimated for subgroup comparisons.<h4>Results</h4>With a median 3.7 years of follow-up (range, 2.9-4.9), most patients (95%) reported ≥1 TEAE (387 events); 67% were procedure related, 9% were attributed to VN, and 82% were mild. CRA, including related terms retinal degeneration and retinal depigmentation, occurred in 24 patients (28%; 45 eyes), typically within 1 year, and was mild (80%) or moderate (20%). The area of CRA mostly localized to the retinotomy or bleb area, with 40% of eyes with CRA having atrophy outside the bleb area and highly correlated between fellow eyes (r=0.97; P<0.0001). CRA risk was higher with automated foot pedal administration of VN (RR, 5.33; 95% CI, 1.27-22.40) and in patients with myopia (RR, 8.40; 95% CI, 1.16-60.69). At 3 years, treated eyes showed sustained improvements in BCVA (-0.13 logMAR) and FST (-1.68 log<sub>10</sub> cd·s/m<sup>2</sup>). BCVA and FST were comparable between CRA and non-CRA eyes, although a subset of CRA eyes showed greater FST improvement at most time points up to Year 3.<h4>Conclusions</h4>This interim analysis supports the long-term safety of VN in a real-world US cohort, consistent with clinical trial results. CRA did not appear to diminish sustained functional and anatomical benefits with a minimum follow-up of nearly 3 years. Ongoing data collection will further clarify the occurrence, impact, and risk factors for CRA while continuing to monitor VN safety in clinical practice.",Nagiel A; Russell SR; Lam BL; Comander JI; Aleman TS; Besirli CG; Sisk RA; Yang P; Weng CY; Chung DC; Thakre A; Savola JM; Rousso DL; ,"Vision Center - Ophthalmology, Department of Surgery, Children's Hospital Los Angeles, Los Angeles, CA, USA; Roski Eye Institute, Department of Ophthalmology, Keck School of Medicine, University of Southern California, Los Angeles, CA, USA. Electronic address: anagiel@chla.usc.edu.",Ophthalmology,2026-07-22,10.1016/j.ophtha.2026.07.007,3.0,visualization(abstract); visual(abstract); data(abstract),Gene therapy; RPE65; Retinal Dystrophy; Inherited Retinal Disease; Voretigene Neparvovec-rzyl
42474812,"Robot-assisted radical prostatectomy for high-risk and locally advanced prostate cancer: a bibliometric and evidence-mapping analysis of oncologic safety, functional outcomes, lymph-node management, and multimodal treatment.","Robot-assisted radical prostatectomy (RARP) has become an increasingly discussed surgical option for patients with high-risk or locally advanced prostate cancer. Nevertheless, how publications, knowledge structures, and research priorities have developed in this area remains insufficiently clarified. This study aimed to characterize the bibliometric profile and clinically oriented evidence domains of RARP for this patient population, with emphasis on oncologic safety, functional outcomes, lymph-node management, and multimodal treatment. Publications were retrieved from the Web of Science Core Collection. Eligible records included English-language original articles and reviews with official publication years up to 2025. After database filtering and manual screening, 643 records were retained, including 596 original articles and 47 review articles. Bibliometric assessment, data processing, and graphical visualization were performed using R, Bibliometrix, VOSviewer, CiteSpace, and Scimago Graphica. We analyzed publication trajectories, geographic and institutional contributions, author activity, journal distribution, citation links, reference co-citation patterns, keyword networks, thematic clusters, burst keywords, and longitudinal topic changes. Scientific output increased progressively from 2003 to 2025, with publication activity becoming more pronounced in the most recent period. In terms of national contribution, the United States showed the strongest overall performance in both publication output and citation impact, whereas Italy, the Netherlands, Japan, China, and several other countries also made substantial contributions. At the institutional level, the Netherlands Cancer Institute, Vita-Salute San Raffaele University, and the University of Verona represented major contributors. BJU International, European Urology, World Journal of Urology, Journal of Endourology, and Journal of Robotic Surgery were identified as key journals for disseminating research in this area. Keyword and co-citation findings indicated a gradual transition from early surgical experience, learning-curve assessment, and technical feasibility toward research on oncologic outcomes, lymph-node management, functional recovery, and multimodal treatment, alongside increasing attention to magnetic resonance imaging, pathological grading, and predictive factors. Research activity concerning robot-assisted radical prostatectomy for high-risk and locally advanced prostate cancer has expanded consistently over the past 20 years and has progressively shifted toward an integrated clinical research framework centered on oncologic safety, functional outcomes, lymph-node management, and multimodal treatment. Diagnostic and risk-assessment themes have increasingly supported patient selection, staging, and treatment planning within this framework. Future investigations incorporating harmonized definitions, longer follow-up, prospective multicenter designs, and consistent reporting of oncologic, functional, nodal, and treatment-sequencing outcomes are needed to define more precisely the clinical role of RARP in this patient population.",Wang W; Zhao Y; Dong Z,"Department of Urology, The Second Hospital & Clinical Medical School, Lanzhou University, Lanzhou, 730000, Gansu, China.",Journal of robotic surgery,2026-07-20,10.1007/s11701-026-03668-z,3.0,visualization(abstract); visual(abstract); data(abstract),Bibliometric Analysis; High-risk Prostate Cancer; Robot-assisted Radical Prostatectomy; Locally Advanced Prostate Cancer; Evidence Mapping
42487726,A Review of Fluorophores for Fluorescence-Guided Surgery in Breast Cancer.,"Imprecision in breast-conserving surgery results in re-excision in 20% of cases, delaying adjuvant therapy and increasing patient anxiety and financial burden. Fluorescence-guided surgery (FGS) enables real-time tumor visualization and may improve surgical precision. This systematic review evaluates fluorophores investigated for intraoperative navigation in breast cancer. Medline, Embase, Scopus, and Web of Science were searched using ""breast cancer,"" ""surgery,"" ""fluorophore,"" and ""near-infrared."" Eligible studies investigated in vivo fluorophores for invasive breast cancer in animals or humans. Of 1946 studies, 65 met the inclusion criteria. Extracted data included fluorophore administration, mechanism, optical properties, imaging systems, safety, and diagnostic accuracy. Dual-modality studies were excluded. 58 fluorophores were evaluated across 761 human and 520 animal subjects. Most agents emitted within the near-infrared-I (NIR-I) window (74.1%), while 11 utilized NIR-II imaging for deeper penetration. Indocyanine green (ICG) was the most widely studied fluorophore, demonstrating a pooled clinical tumor-to-background ratio (TBR) of 2.25 ± 0.74 (95% CI 2.10-2.39); sensitivity 80.8% (95% CI 72.5-89.2%); specificity 93.3% (95% CI 88.1-98.6%). IRDye800CW-trastuzumab demonstrated higher pooled TBRs of 4.83 ± 1.77 (95% CI 4.27-5.40). Nanoparticle-based fluorophores showed high contrast but remained preclinical. FGS is rapidly evolving, but no fluorophore has demonstrated optimal performance across translational endpoints; standardized reporting remains essential.",Laskar NS; Pidd AB; Shanthakumar D; Tan KJC; Tate EW; Elson DS; Leff DR,"Department of Surgery and Cancer, Imperial College London, London, UK.",Molecular imaging,2026-07-21,10.1177/15353508261471742,3.0,visualization(abstract); visual(abstract); data(abstract),Breast cancer; In vivo; Fluorophore; Fluorescence Guided Surgery
42488786,&lt;i&gt;AMROrbit:&lt;/i&gt; a trajectory-based scorecard for antimicrobial stewardship using routine susceptibility testing data.,"<h4>Objectives</h4>Antimicrobial resistance (AMR) is a serious threat to global health. However, current stewardship approaches rely on static antibiograms that overlook temporal changes in resistance. We developed <i>AMROrbit</i>, an explainable trajectory-based scorecard to proactively identify emerging AMR patterns using routinely generated antimicrobial susceptibility data.<h4>Methods</h4>As a proof of concept, <i>AMROrbit</i> was applied to the Pfizer ATLAS dataset, including ESKAPE pathogens and <i>Escherichia coli</i> across four samples. For each antibiotic-microorganism-sample-country combination, yearly resistance percentages were modelled in rolling windows to generate estimates of resistance amplitude (baseline resistance) and velocity (rate of change). The estimates were plotted in a 2D space stratified using global medians into four quadrants. Q1 (ideal; low amplitude, low velocity), Q2 (high, low), Q3 (low, high) and Q4 (concerning; high, high). Temporal trajectories were classified as containment or spiral-in (moving towards Q1), persistent (stable within quadrant) or spiral-out (moving towards Q4).<h4>Results</h4>Analysis revealed 62.4% of the combinations demonstrate increasing baseline resistance. Among the 5920 country-level trajectories, 17.7% depicted spiralling-out patterns, compared with only 13.4% spiralling-in, suggesting a concerning global imbalance. The patterns differed across sample-microorganism-antibiotic combinations, highlighting heterogeneity in trajectories across settings. An open-access dashboard and analytical suite are provided to generate trajectory-based stewardship insights from routine antimicrobial susceptibility testing datasets (https://amrorbit.tavlab.iiitd.edu.in:3002/).<h4>Conclusions</h4><i>AMROrbit</i> extends conventional surveillance by jointly characterizing resistance levels and their rate of change within an interpretable trajectory-based framework. This allows emerging resistance patterns to be identified earlier and may support more timely stewardship responses. Its reliance on routinely collected microbiology data supports scalability across diverse health system settings.",Kaur J; Tiju NA; Pendyala R; Vairamuthu M; Gupta A; Sethi T,"Center of Excellence in Healthcare, Indraprastha Institute of Information Technology Delhi, Okhla Industrial Estate Phase III, New Delhi 110020, India.",JAC-antimicrobial resistance,2026-07-22,10.1093/jacamr/dlag116,2.8,"dashboard(abstract); data(title,abstract)",
42497118,The health management pathway of breast cancer patients: an exploratory study using patient journey mapping.,"<h4>Objective</h4>This study aimed to identify the multidimensional needs in health management for breast cancer patients using patient journey mapping in order to provide insights for optimizing healthcare experiences and comprehensive care throughout the treatment journey.<h4>Methods</h4>A qualitative descriptive study was conducted through semi-structured interviews with breast cancer patients recruited from a tertiary Grade A hospital in Hangzhou, China, from October 2024 to January 2025. Thematic content analysis was employed to analyze the interview transcripts, and patient journey mapping methodology was utilized to visualize and interpret the healthcare management process.<h4>Results</h4>A total of 12 breast cancer patients participated in in-depth interviews. Thematic content analysis revealed 38 distinct health management needs across multiple domains, including but not limited to early screening, diagnostic procedures, information acquisition, treatment decision-making, rehabilitation exercises, complication management, body image concerns, social adaptation, intimate relationships, and fertility preservation. The patient journey map was developed using the treatment timeline as the horizontal axis, incorporating three essential dimensions: health management processes, emotional fluctuations, and significant pain points. This comprehensive visualization outlined the stage-specific trajectories of patients' experiences and behavioral patterns throughout the disease continuum.<h4>Conclusion</h4>This study demonstrated that the health management needs of breast cancer patients are multidimensional and change throughout the disease trajectory. The health management journey indicated both longitudinal complexity and stage-specific characteristics. The developed patient journey map can serve as a valuable visual tool for healthcare providers to better understand patients' evolving needs across different disease phases. This innovative approach facilitates the delivery of personalized and precision care, enables optimal allocation of health management resources, and ultimately enhances patients' overall treatment experience and quality of life.",Shen M; Shen Y; Gao Y; Jiang N; Cai L,"The Fourth School of Clinical Medicine, Zhejiang Chinese Medical University, Hangzhou First People's Hospital, Hangzhou, Zhejiang, China.","Psychology, health & medicine",2026-07-24,10.1080/13548506.2026.2709039,2.5,visualization(abstract); visual(abstract),Breast cancer; Health Management; Qualitative Research; Patient Experience; Patient Journey Mapping
42496739,"Implementation of a robotic surgery program in Peru: a retrospective cohort study of case mix, perioperative outcomes, and predictors of operative time.","Robotic-assisted surgery has transformed minimally invasive surgery worldwide, offering improved precision, visualization, and dexterity. However, evidence describing program implementation and perioperative outcomes in low- and middle-income countries remains limited. This study describes the initial institutional experience of a multidisciplinary robotic-assisted surgery program in Peru. A retrospective cohort study included consecutive adult patients undergoing robotic-assisted surgery during the early implementation phase (December 1, 2024 to March 31, 2026) at a national referral center in Peru. Demographic, clinical, procedural, and perioperative outcomes were collected. Multivariable linear regression identified independent predictors of operative time. A total of 398 robotic-assisted procedures were analyzed. Mean age was 49.8 ± 17.2 years, and 68.2% of patients were female. Most procedures were performed for benign disease (64.8%), followed by malignancy (29.4%) and complex/reconstructive indications (3.8%). Cholecystectomy (18.1%) and hysterectomy (17.6%) were the most common procedures. Mean operative time was 236.8 ± 152.1 min. The conversion rate was 7.5%, postoperative complications occurred in 10.3% of patients, mean length of stay was 7.68 ± 8.17 days, 30-day readmission was 2.5%, and no postoperative mortality occurred. Increasing age (β = 0.85 min/year; p = 0.032), male sex (β = 52.3 min; p = 0.011), and higher ASA classification (β = 8.7 min/category; p < 0.001) independently predicted longer operative time. The model explained 54% of operative-time variability (R²=0.54). Early implementation of a multidisciplinary robotic-assisted surgery program in a Peruvian public referral hospital demonstrated broad procedural adoption, acceptable perioperative outcomes, and predictable variation in operative duration. These findings provide an implementation benchmark for robotic-assisted surgery in resource-limited healthcare systems.",Barrueto-Deza JL; Gonzales P; De la Cruz Ku G; Garcia A; Neira-Cordova L; Castillo-Ponce LF; Razuri-Bustamante C,"Universidad Cientifica del Sur, Lima, Peru.",Journal of robotic surgery,2026-07-24,10.1007/s11701-026-03735-5,2.5,visualization(abstract); visual(abstract),Peru; minimally invasive surgery; Operative Time; Robotic-assisted Surgery; Surgical Innovation; Surgical Implementation
42474602,A Convolutional Neural Network Combining Multi-scale Convolution and Functional Connectivity for Predicting rTMS Efficacy in MUD.,"<h4>Purpose</h4>Repetitive transcranial magnetic stimulation (rTMS) is a promising neuromodulation approach for treating methamphetamine use disorder (MUD), but its therapeutic outcomes exhibit considerable variability. Therefore, this study proposed a deep learning model for predicting treatment response based on neuroscience findings, which may guide therapeutic decisions and prevent healthcare resource wastage.<h4>Methods</h4>Resting-state electroencephalography (EEG) was acquired from 17 subjects with MUD prior to a 4-week rTMS treatment regimen. After treatment, subjects were classified as either responders or non-responders according to standardized clinical assessments. A convolutional neural network (MSFC-CNN) was developed that parallelly integrated multi-scale (MS) and functional connectivity (FC) modules. The MS module employed multi-scale kernels to extract temporal features at varying resolutions, enhanced by a frequency-domain self-attention mechanism that adaptively recalibrated spatiotemporal feature weights across different frequency bands. The FC module performed 2D convolution on functional connectivity matrices to leverage inter-channel dependencies and strengthen spatial representation learning. Predictions from both modules were fused at the decision level to generate the final classification.<h4>Results</h4>MSFC-CNN achieved an average prediction accuracy of 88.06% [95% CI 80.36%, 95.75%] for classifying responders from non-responders. The proposed model statistically outperformed classical and state-of-the-art comparison methods (see ""Results"" for paired tests and effect sizes). Feature visualization and ablation studies further validated the contributions of each module within the network architecture. Additionally, the model also showed discriminative ability on the auxiliary MUD vs. HC task.<h4>Conclusion</h4>As an initial exploration, the proposed MSFC-CNN provides methodological support for predicting treatment responses in MUD based on EEG.",Li Y; Ma J; Shu T; Yang H; Xie L; He W; Zhang C; Wang X; Hou J,"Department of Rehabilitation, Southwest Hospital, Third Military Medical University (Army Medical University), Chongqing, 400038, China.",Annals of biomedical engineering,2026-07-20,10.1007/s10439-026-04286-4,2.5,visualization(abstract); visual(abstract),methamphetamine; Functional Connectivity; Cnn; Self-attention; Multi-scale Convolution
42497983,Diagnostic Performance and Feasibility of the CC100 Colon Capsule Endoscopy System: A Prospective Multicenter Study.,"<h4>Background and aims</h4>Colorectal cancer screening continues to rely on conventional colonoscopy, yet its invasiveness, limited accessibility, and growing procedural demand constrain large-scale implementation. Colon capsule endoscopy (CCE) offers a minimally invasive alternative, but its clinical adoption has been hampered by incomplete examinations and concerns regarding diagnostic accuracy.<h4>Methods</h4>In this prospective multicenter diagnostic accuracy study conducted at three tertiary hospitals in Chongqing, China, participants underwent CC100 colon capsule endoscopy followed by conventional colonoscopy as the reference standard. Primary outcomes included complete colonic visualization and diagnostic agreement for colorectal lesion detection. Secondary outcomes assessed lesion-specific performance and safety.<h4>Results</h4>Among 136 participants completing both procedures, complete colonic visualization was achieved with CC100 CCE in 124/136 participants (91.18%), whereas conventional colonoscopy was completed in 136/136 participants (100%). No capsule retention or procedure-related adverse events occurred. Overall agreement with colonoscopy for colorectal lesion detection was 83.82% (κ = 0.673). For clinically relevant polyps ≥6 mm, CC100 demonstrated a sensitivity of 86.67% and a specificity of 98.63%.<h4>Conclusions</h4>This prospective multicenter study demonstrates that a next-generation CCE system can achieve acceptable examination completeness and clinically meaningful diagnostic concordance with colonoscopy.",Xie X; Guo J; Chen J; Wu Z; Li J; Peng X; Liu E; Zhou Y; Chen Y; Yang H; Wang Z; Cui G; Ma Y; Lu C; Koulaouzidis A; Chen P; Lin H; He S; Yang S,"Department of Gastroenterology, The Second Affiliated Hospital, The Third Military Medical University, Chongqing, China.",Gastrointestinal endoscopy,2026-07-24,10.1016/j.gie.2026.07.018,2.5,visualization(abstract); visual(abstract),Colonoscopy; Colon Capsule Endoscopy; Diagnostic Concordance; Cc100
42493198,Effect of pictorial-based information about atherosclerosis on adherence to lifestyle recommendations: results from the VIPVIZA randomised controlled trial.,"<h4>Aim</h4>Low adherence to a healthy lifestyle constitutes a major barrier to effective prevention of cardiovascular disease. We aimed to investigate the effect of pictorial-based information about subclinical atherosclerosis on adherence to health-promoting lifestyle recommendations.<h4>Methods</h4>Visualization of Asymptomatic Atherosclerotic Disease for Optimum Cardiovascular Prevention (VIPVIZA) is a pragmatic, open-label randomised controlled trial within the Västerbotten Intervention Programme (VIP) in Sweden. In the VIP, residents of Västerbotten county are invited to a health survey and a health-promoting dialogue at the ages of 40, 50 and 60.A total of 3532 VIP participants were included in VIPVIZA during 2013-2016. They underwent a carotid ultrasound examination in addition to the usual VIP process and were randomised 1:1 to intervention group (receiving graphical colour-coded and age-related information about carotid intima-media thickness and plaques, written information about atherosclerosis and a motivational dialogue) or control group (no information or dialogue).We developed a lifestyle index based on self-reported physical activity, smoking habits, diet and alcohol consumption, ranging from 4 to 12, with higher levels indicating healthier lifestyles. We used ordinal regression to compare the lifestyle index in the intervention and control groups at the 3-year follow-up, with adjustments for baseline levels of lifestyle index, age, sex and education.<h4>Results</h4>The OR for having a healthier lifestyle index after 3 years was 1.20 (95% CI 1.01 to 1.42, p=0.03), comparing the intervention group to the control group. We found no interactions for age, sex or education.<h4>Conclusion</h4>Our findings provide some evidence for the contributory role of pictorial-based information about subclinical atherosclerosis in promoting sustained healthy lifestyle habits.<h4>Trial registration number</h4>NCT01849575.",Wennstig AC; Själander S; Hult A; Liv P; Norberg M; Wennberg M; Wester P; Wennberg P,"Department of Public Health and Clinical Medicine, Umeå University, Umeå, Sweden andree.wennstig@umu.se.",Open heart,2026-07-23,10.1136/openhrt-2026-004136,2.5,visualization(abstract); visual(abstract),Atherosclerosis; Ultrasonography; Carotid arteries; risk factors; Health Services
42493858,"Inflammation, Estrogen, and Matrix Remodeling in Female Reproductive Health: From Crosstalk Mechanisms to Translational Diagnostics.","The female reproductive system is a hormonally driven, immune-active, and structurally dynamic system in which estrogen signaling, inflammation, and extracellular matrix (ECM) remodeling interact to support essential reproductive processes. Cyclical changes in hormone levels, inflammation, and ECM turnover are essential for normal physiology, but dysregulation of these processes can give rise to chronic inflammation, fibrosis, and dysfunction across multiple reproductive tissues. Chronic immune activation, abnormal estrogen signaling, and maladaptive ECM remodeling engage in positive feedback loops that drive pathologies such as endometriosis, cervicitis, uterine fibroids, and intrauterine adhesions. Integrating preclinical rodent models with clinical findings, this review synthesizes current knowledge on the individual and interconnected roles of inflammation, estrogen signaling, and ECM remodeling and highlights diagnostic tools to improve early detection and therapy. The highlight of diagnostic tools focuses on emerging non-invasive imaging modalities, particularly magnetic resonance-based techniques, for in vivo visualization and quantification of inflammation, fibrosis, and tissue biomechanics in the female reproductive system.",Du L; Suarez A; Jha V; Volety P; Lockard CA; Sutton BP; Smith AM; Ziv-Gal A; Damon BM; Bagchi IC; Johnson AW,"Carl R. Woese Institute for Genomic Biology, University of Illinois at Urbana-Champaign, Urbana, IL, USA.",Biology of reproduction,2026-07-24,10.1093/biolre/ioag156,2.5,visualization(abstract); visual(abstract),Inflammation; Magnetic Resonance Imaging; fibrosis; Extracellular Matrix Remodeling; Estrogen Signaling; Female Reproductive Health
42475222,Combined Endoscopic and External Dacryocystectomy Surgical Approach for Rare Tumors of the Lacrimal Sac.,"Lacrimal sac epithelial tumors are rare and often present with subtle symptoms. We report 2 cases managed with combined external dacryocystectomy and endoscopic endonasal resection. Case 1 involved a 59-year-old female with lacrimal sac inverted papilloma extending into the nasolacrimal duct and inferior meatus. Case 2 involved a 79-year-old male with a chronically draining medial canthal wound and progressive induration after prior cyst excision, ultimately diagnosed as lacrimal sac oncocytoma. In both cases, preoperative imaging and clinical features demonstrated nasolacrimal duct involvement and adjacent anatomic distortion, prompting combined surgery for direct visualization and controlled resection of the lacrimal sac and ductal components. The combined approach allowed safe excision despite ductal expansion and adjacent tissue involvement. A small localized recurrence in case 1 at 11 months was successfully managed with in-office resection. These cases support case-selected multidisciplinary external-endonasal surgery for lacrimal sac tumors with nasolacrimal duct involvement.",Tomaras N; Hubschman S; Vakaki M; Park A; Lee VS; Tran AQ,"Department of Ophthalmology, University of Illinois Eye and Ear Infirmary, University of Illinois Chicago, Chicago, Illinois, U.S.A.",Ophthalmic plastic and reconstructive surgery,2026-07-20,10.1097/iop.0000000000003261,2.5,visualization(abstract); visual(abstract),
42489721,Development of arthroscopy: contributions of Masaki Watanabe and Japan.,"The history of arthroscopy in Japan occupies a pivotal position in the global evolution of modern orthopaedic surgery. Its foundations were established by Kenji Takagi, who in 1918 became the first to visualize the knee joint cavity of a cadaver using a cystoscope. He subsequently developed a series of original arthroscopes, including models designed for clinical use and animal experimentation. His work demonstrated the feasibility of arthroscopy as a practical method for direct intra-articular visualization. This foundation was further advanced by Masaki Watanabe, who transformed arthroscopy from an experimental technique into a clinically applicable discipline. Watanabe developed improved arthroscopes suitable for routine practice, published the Atlas of Arthroscopy, and in 1962 performed the world's first arthroscopic partial meniscectomy. His subsequent innovations, including the Model-21 arthroscope and later refinements in arthroscopic innovations, established the technical foundation of modern arthroscopic surgery. Through the efforts of Takagi and Watanabe, Japan not only led the technical advancement of arthroscopy but also played a decisive role in its global dissemination. Consequently, the history of arthroscopy in Japan represents a landmark chapter in the worldwide development of minimally invasive orthopaedic surgery.",Taketomi S; Tanaka S,"Department of Orthopaedic Surgery, Faculty of Medicine, The University of Tokyo, Tokyo, Japan. takeos-tky@umin.ac.jp.",International orthopaedics,2026-07-23,10.1007/s00264-026-06948-3,2.5,visualization(abstract); visual(abstract),Japan; Arthroscopy; Arthroscopes; Masaki Watanabe
42484726,Dise in osa: valuable tool or an overestimated technique? a systematized review.,"<h4>Purpose</h4>Drug-Induced Sleep Endoscopy (DISE) is increasingly used to evaluate upper airway dynamics in obstructive sleep apnea patients (OSA). It enables real-time visualization of collapse and may support treatment selection; however, its true clinical impact and limitations remain controversial. This study aims to summarize the current evidence regarding the real role of DISE in OSA management.<h4>Methods</h4>A structured literature review of the literature was conducted, focusing on key aspects of DISE, including its diagnostic utility, comparison with awake endoscopy, pharmacological agents used, effects on sleep architecture and muscle tone, the role of bispectral index, indications and contraindications, relevance in hypoglossal nerve stimulation selection, and its impact on surgical outcomes.<h4>Results</h4>DISE provides dynamic assessment of upper airway collapse, facilitating anatomical diagnosis and treatment personalization. It is useful in complex cases, treatment failures, and candidate selection for HNS. Commonly used agents -propofol, midazolam, and dexmedetomidine- differ in their effects on sleep architecture and muscle tone, none fully reproducing natural sleep. Importantly, current evidence shows no consistent improvement in surgical outcomes when DISE is used compared with awake evaluation alone. Additionally, variability in protocols and interpretation limits reproducibility.<h4>Conclusions</h4>DISE is a valuable complementary tool for anatomical localization of upper airway collapse and treatment planning in OSA. However, it cannot replace polysomnography as the diagnostic gold standard and should be interpreted within a comprehensive clinical context. Further standardization and high-quality studies are needed to better define its role and optimize its clinical utility.",Labra A; Roldán-Navarro M; Díaz-Inzunza N; Ruiz-Morales M,"Instituto Mexicano de Medicina Integral de Sueño, Patricio Sanz 745, Col del Valle, Mexico City, CP 03100, Mexico. dr.albertolabra@gmail.com.",Sleep & breathing = Schlaf & Atmung,2026-07-22,10.1007/s11325-026-03769-x,2.5,visualization(abstract); visual(abstract),Diagnosis; obstructive sleep apnea; Dise
42486009,Pre-colored Prussian blue: A substrate-free dual-mode immunosensor for visible-to-thermal Staphylococcus aureus quantification.,"Rapid identification of postoperative Staphylococcus aureus (S. aureus) infections is essential for timely treatment and improved clinical outcomes. Herein, we developed a substrate-free dual-mode lateral flow immunoassay (LFIA) using intrinsically colored Prussian Blue nanoparticles (PB NPs) as multifunctional signal reporters. The intrinsic blue color of PB NPs enables direct colorimetric visualization, while their excellent near-infrared photothermal conversion provides quantitative temperature readout. This self-signaling strategy eliminates enzymatic amplification and substrate incubation, simplifying the assay into a one-step sandwich immunoreaction. Under optimized conditions, the proposed LFIA achieved a wide linear detection range of 10-10<sup>6</sup> CFU/mL, with detection limits of 10 CFU/mL for the colorimetric mode and 1 CFU/mL for the photothermal mode. Analysis of real samples demonstrated good agreement with a commercial ELISA kit, with relative deviations below 10% and coefficients of variation below 15.5%, confirming the accuracy and practicality of the proposed platform. The dual-readout strategy improves analytical reliability through mutual signal verification, providing a simple, rapid, and reliable approach for S. aureus detection with strong potential for point-of-care testing.",Min W; Cai Z; Lu J; Zhang X; Zhang B; Zhang Q,"Department of Jiangxi Provincial Key Laboratory of Prevention and Treatment of Infectious Diseases, Jiangxi Medical Center for Critical Public Health Events, The First Affiliated Hospital, Jiangxi Medical College, Nanchang University, Nanchang, Jiangxi 330052, China.","Spectrochimica acta. Part A, Molecular and biomolecular spectroscopy",2026-07-20,10.1016/j.saa.2026.128483,2.5,visualization(abstract); visual(abstract),S. aureus; Prussian Blue Nanoparticles; Lateral Flow Immunoassay
42487297,Evaluation of Airway Assessment Parameters: Hyomental Distance versus Ultrasound-guided Pretracheal Tissue Thickness as Predictors of Difficult Laryngoscopy.,"<h4>Background</h4>Difficult airway remains a major cause of anesthesia-related morbidity and mortality despite advances in airway management. Conventional clinical predictors have limited predictive value. Airway ultrasound has emerged as a noninvasive tool that may improve preoperative airway assessment.<h4>Aim</h4>The study aimed to evaluate the utility of ultrasonography as a preoperative assessment tool for predicting difficult airway and to compare its predictive accuracy with hyomental distance.<h4>Materials and methods</h4>This prospective observational study included 100 adult patients undergoing elective surgery under general anesthesia requiring endotracheal intubation. Preoperative airway assessment involved measurement of hyomental distance and ultrasonographic measurement of pretracheal soft-tissue thickness at the level of the vocal cords. After induction of anesthesia, direct laryngoscopy was performed and graded using the Cormack-Lehane classification.<h4>Results</h4>The mean hyomental distance was significantly lower in patients with difficult laryngoscopy. Pretracheal soft-tissue thickness measured by ultrasound was significantly higher in this group (P = 0.0001) and showed a stronger association with poor glottic visualization.<h4>Conclusion</h4>Ultrasonographic measurement of pretracheal soft-tissue thickness is a reliable and superior predictor of difficult laryngoscopy and may enhance routine preoperative airway assessment and patient safety.",Kamaludeen S; Raghunathan AM; Thendral T; Cheran K; Balakrishnan J,"Department of Anaesthesiology, Vinayaka Mission's Medical College and Hospital, Vinayaka Missions Research Foundation, Deemed to be University, Karaikal, Puducherry, India.",Annals of African medicine,2026-07-23,10.4103/aam.aam_406_26,2.5,visualization(abstract); visual(abstract),Difficult Airway; Difficult Laryngoscopy; Airway Assessment; Airway Ultrasound; Hyomental Distance; Voies Aériennes Difficiles; Distance Hyomentonnière; Laryngoscopie Difficile; Pretracheal Tissue Thickness; Échographie Des Voies Aériennes; Épaisseur Des Tissus Prétrachéaux; Évaluation Des Voies Aériennes
42477686,Markerless augmented reality-guided endodontic microsurgery for improving accuracy and time efficiency in mandibular molar apical surgery: an in vitro study.,"<h4>Background</h4>Augmented reality (AR) visualization projects preoperative virtual three-dimensional (3D) models onto real surgical sites and can provide intuitive intraoperative guidance. This in vitro proof-of-concept study evaluated the feasibility of markerless AR-guided endodontic microsurgery by comparing objective outcomes between AR guidance (ARG) and traditional freehand (FH) procedures on customized 3D-printed mandibular models.<h4>Methods</h4>Customized 3D dental models with artificial periapical lesions (APLs) were generated from cone beam computed tomography (CBCT) images obtained from one patient. A total of 20 dental models (80 mandibular molars and 160 APLs) were included, with 10 models assigned to the ARG group and 10 to the FH group. Surgical planning was performed on virtual models reconstructed from CBCT images. All procedures were performed by one endodontist with more than 10 years of clinical experience after standardized training in both workflows. Surgical time was recorded during each procedure, and postoperative CBCT images were acquired to evaluate bone window marking errors, osteotomy errors, and root resection angle error.<h4>Results</h4>The ARG group required less time than the FH group across all four molar positions. Median (IQR) surgical times ranged from 3.72 (2.99-5.75) to 5.25 (4.58-6.56) min in the ARG group and from 7.02 (6.60-7.66) to 9.13 (8.28-9.75) min in the FH group (all P < 0.05). The ARG group also yielded lower median (IQR) values for bone window marking, osteotomy, and root-resection angle errors. Several tooth-specific comparisons reached statistical significance (P < 0.05).<h4>Conclusions</h4>Within the limitations of an in vitro proof-of-concept study, markerless AR guidance was feasible and was associated with improved accuracy and time efficiency during simulated mandibular molar endodontic microsurgery. Further clinical studies are required before routine clinical application.",Wang J; Shao L; Xiao D; Fan J; Zhao X; Yan X; Li S; Wang L; Zhao Z; Liu J; Yang J,"Department of Endodontics, Oral Medical Center, China-Japan Friendship Hospital, Beijing, 100029, China. wangji3135@126.com.",BMC oral health,2026-07-20,10.1186/s12903-026-09362-8,2.5,visualization(abstract); visual(abstract),Augmented Reality; Surgical Navigation; Endodontic Microsurgery; Markerless Registration
42476391,Interventional Cardiac Magnetic Resonance-Guided Flutter Ablation: Technical Evolution and Procedural Insights from Early Clinical Use.,"<h4>Background</h4>Interventional cardiac magnetic resonance imaging (iCMR) enables catheter ablation without ionizing radiation and provides real-time soft-tissue visualization. Recent developments have enabled initial clinical applications, with typical atrial flutter ablation serving as a benchmark to evaluate feasibility.<h4>Objective</h4>Describe procedural feasibility, efficiency, and clinical outcomes of iCMR-guided cavotricuspid isthmus (CTI) ablation in a single-center cohort.<h4>Methods</h4>We retrospectively analyzed 35 consecutive patients who underwent real-time iCMR-guided CTI ablation between September 2022 and February 2025. Procedures were performed on a 1.5T-MRI scanner using active catheter imaging (ACI,n=15) or active catheter tracking (ACT,n=20). Procedural characteristics, technical performance, acute success, complications, and one-year arrhythmia recurrence were evaluated.<h4>Results</h4>Mean age was 66±7 years and 9% were women. Acute bidirectional CTI block could be confirmed in 32/35 patients (91%). Median [IQR] procedure duration was 106[70-128] minutes with ACI and 133[94-161] minutes with ACT (p=0.07). Procedural or technical challenges occurred in 19 patients (54%), most commonly related to coronary sinus catheter positioning and workflow or system-integration issues. No major complications occurred. During one-year follow-up, typical atrial flutter recurred in 6/32 patients (19%) with confirmed CTI block, with no difference between ACI (4/15) and ACT (2/17) (log-rank p=0.29).<h4>Conclusion</h4>iCMR-guided CTI ablation was feasible and could be performed safely using both ACI and ACT. However, procedural complexity, prolonged procedure times, and recurrence rates reflect the early implementation phase of this first-generation iCMR platform. Ongoing advances in catheter technology, system integration, and workflow optimization are expected to further improve procedural performance and support broader clinical adoption.",Hopman LHGA; Mahmoodi S; van Luijk RD; Koster M; Sybrandi MJ; Reitzema PJ; Kemme MJB; Nelissen JL; Götte MJW; Allaart CP,"Department of Cardiology, Amsterdam UMC, Amsterdam, The Netherlands. Electronic address: l.hopman@amsterdamumc.nl.",Heart rhythm,2026-07-20,10.1016/j.hrthm.2026.07.024,2.5,visualization(abstract); visual(abstract),Atrial flutter; Ablation; Outcomes; Cardiac Magnetic Resonance Imaging; Interventional Mri
42496680,Building Endoscopy Skills on a Budget: Practical Low-Cost Simulators for Veterinary Endoscopy Teaching.,"Flexible gastrointestinal endoscopy in small animal veterinary practice requires psychomotor and visuospatial skills that differ from those used in open surgery. Training opportunities are often limited by reliance on live animals, which raises ethical and logistical challenges, while high-fidelity simulators remain cost-prohibitive for many programs. This creates a gap in accessible, early-stage endoscopy training. This Teaching Tip describes the development and implementation of a set of low-cost, modular simulation models designed to support acquisition of core endoscopic skills in veterinary learners. Two custom-built task trainers were designed for foreign body retrieval and polypectomy, and a biological model incorporated porcine gastrointestinal tissue into a life-size canine dummy to provide realistic anatomical context and haptic feedback. Although the biological model is based on canine anatomy, the technical skills targeted (endoscope navigation, instrument handling, and visuospatial coordination) are not species-specific and are readily transferable across veterinary and human endoscopy contexts. Training was delivered in a clinical skills laboratory using a station-based format with demonstration and supervised practice. The simulators enabled repeated, hands-on practice of key skills, including scope navigation, mucosal visualization, retroflexion, biopsy, and object retrieval, in a controlled, low-risk environment. Informal feedback from learners and faculty indicated high usability and perceived educational value, particularly for early skill acquisition. These low-cost simulation models offer an accessible and practical approach to veterinary endoscopy training, reducing reliance on live animals and expanding opportunities for deliberate practice in resource-limited settings. Future work should focus on formal validation and integration of objective performance assessment.",Villalobos J; Rodulfo JMMG; Cerón-Trujillo B; Ramírez-Ramírez E,"Hospital Veterinario del Valle, Amores 232, Colonia Del Valle, Benito Juárez, Mexico City, México.",Journal of veterinary medical education,2026-07-24,10.3138/jvme-2025-0188,2.5,visualization(abstract); visual(abstract),Training; Endoscopy; Education; Veterinary; Simulator
42485193,Active Parallax-Effect Compensation for Augmented Reality-Assisted Surgery: Feasibility and Performance.,"Augmented Reality (AR) has emerged as a promising visualization tool in computer-assisted surgery, but clinical adoption is limited by projection inaccuracies caused by parallax-effect, particularly at short goggle-to-target distances. The goal is to develop a method that dynamically corrects the perceived AR projection errors through a novel user-specific calibration technique. First, a computationally decentralized architecture was designed to offload spatial computations from the headset to external hardware while enabling goggle-navigation registration. Second, the Active Parallax-effect Compensation(APC) framework was developed to account for parallax-induced distortions in real-time. The APC framework was validated using both a standard ASTM F2554-22 model and a patient-specific spine model. Projection accuracy was evaluated under APC ON/OFF conditions, with errors measured at predefined target points. With APC OFF, projection errors measured 8.50 ± 2.98 mm (close) and 6.26 ± 2.54 mm (far). With APC ON, errors were significantly reduced to 2.10 ± 1.35 mm (close) and 1.72 ± 1.27 mm (far), representing reductions of 75.2% and 72.5%, respectively. Statistical equivalency testing confirmed margins of 0.58 mm for the ASTM model and 0.68 mm for the spine model (p $\lt $ 0.05). The proposed APC framework substantially reduces AR projection error by compensating for the parallax-induced perceptual distortions, thereby improving projection accuracy for AR-assisted surgery. This study demonstrates a scalable approach for enhancing AR projection reliability in surgical navigation, supporting more accurate and clinically viable optical see-through AR guidance systems.",Madani S; Santaguida C; Turcotte R; Aoude A; Hooshiar A,,IEEE transactions on visualization and computer graphics,2026-07-22,10.1109/tvcg.2026.3715792,2.5,visualization(abstract); visual(abstract),
42482053,Oligonucleotide G3T19 downregulates CD44 succinylation and inhibits astrocyte-induced glioma immune escape.,"<h4>Background</h4>Astrocytes (ACs) play a crucial role within the immune microenvironment of glioma, facilitating its progression. Protein succinylation, a post-translational modification, may serve as a significant regulatory mechanism. SsDNA (single-chain oligonucleotide) drugs with specific sequences for the treatment of tumors have entered clinical trials with remarkable effects.<h4>Methods</h4>G3T19 was evaluated by peroxidase-like activity assay and circular dichroism experiments. The effects of G3T19 on glioma were evaluated by flow cytometry, CCK-8, transwell migration assay, immunohistochemistry, small animal imaging, HPLC, orthotopic xenograft glioma model and human glioma organoid model. The binding of G3T19 and CD44 was examined by immunoprecipitation assay, ELONA assay, immunofluorescence, and docking conformation visualization. The effect of G3T19 on CD44 succinylation was evaluated by mass spectrometry analysis, immunoprecipitation assay, and flow cytometry.<h4>Results</h4>G3T19 with G-quadruplex parallel structure binds to CD44 and inhibits AC-enhanced glioma immune escape. CD44 succinylation in ACs adjacent to gliomas is enhanced at lysine 40; however, G3T19 reduces CD44 succinylation to inhibit AC-enhanced glioma immune escape. G3T19-dependent targeting of CD44 reduces NF-κB signaling, PD-L1 expression, and AC-induced glioma immune escape.<h4>Conclusion</h4>These results confirm that G3T19 binds CD44 and downregulates CD44 succinylation, inhibits NF-κB pathway and the expression of PD-L1, inhibits AC-induced glioma immune escape. This study identifies a new anti-tumor mechanism based on the advanced structure of a functional nucleic acid that may be useful in the development of drugs for glioma immunotherapy.",Sun X; Wang X; Zhang S; Long Y; Wang D; Gou C; Zhang W; Deng C; Liu C; Chen Z,"School of Basic Medical Sciences, Hubei University of Medicine, 30 South Renmin Road, Shiyan, 442000, China.",Cell communication and signaling : CCS,2026-07-21,10.1186/s12964-026-03081-x,2.5,visualization(abstract); visual(abstract),Astrocyte; Glioma; CD44; G-quadruplex; Succinylation
42477235,Middle meningeal artery arteriovenous shunting after surgical evacuation of chronic subdural hematoma: a retrospective angiographic cohort study.,"Arteriovenous shunting involving the middle meningeal artery (MMA) has been reported after cranial trauma, neurosurgical procedures, and endovascular interventions. However, its angiographic frequency and characteristics after chronic subdural hematoma (cSDH) surgery remain poorly defined. This study aimed to assess the frequency and angiographic features of MMA arteriovenous shunting in patients undergoing MMA embolization after surgical evacuation of cSDH. We retrospectively analyzed consecutive patients who underwent selective and superselective MMA angiography during MMA embolization after surgical evacuation of cSDH between January 2020 and March 2023. Angiograms were reviewed for angiographic evidence of arteriovenous shunting, shunt morphology, flow characteristics, venous drainage, relationship to embolization, and angiographic closure after embolization. Surgical technique was classified as burr-hole craniotomy or formal craniotomy. Thirty patients met the inclusion criteria. Angiographic evidence of MMA arteriovenous shunting was identified in 11 patients (36.7%). Shunting was significantly more frequent after craniotomy than after burr-hole craniotomy (90.9% vs. 5.3%, Fisher's exact test, p < 0.001). Most shunts were detectable before microcatheter advancement, while superselective angiography improved visualization of shunt morphology and venous drainage. All shunts demonstrated low-flow angiographic characteristics without cortical venous reflux. Post-embolization control angiography demonstrated disappearance of the angiographic shunt in all affected patients. Low-flow arteriovenous shunting involving the MMA is a frequent angiographic finding in patients undergoing MMA embolization after cSDH surgery, particularly following craniotomy. These findings provide systematic angiographic characterization of a previously underrecognized postoperative vascular phenomenon. The clinical relevance of such shunting remains uncertain and warrants prospective investigation.",Garner M; Fries F; Haußmann A; Reith W; Yilmaz U,"Department of Neuroradiology, Saarland University Hospital, Kirrberger Str, Homburg, Saar, 66424, Germany.",Neurosurgical review,2026-07-21,10.1007/s10143-026-04411-w,2.5,visualization(abstract); visual(abstract),Arteriovenous fistula; Middle meningeal artery; Craniotomy; Embolization; Chronic subdural hematoma; angiography
42481770,Unilateral biportal endoscopic transpedicular intrabody cage augmentation for a metastatic spinal tumor with pathologic fracture: a technical note and case report.,"<h4>Introduction</h4>Metastatic spinal tumors (MSTs) may cause pathologic burst fractures with severe pain and neurologic compromise, often requiring circumferential decompression and anterior column reconstruction. Traditional open corpectomy is associated with substantial surgical morbidity. Transpedicular intrabody augmentation has emerged as a minimally invasive alternative; however, an endoscopic approach using UBE for oncologic anterior reconstruction has not been well described.<h4>Clinical presentation</h4>A 73-year-old man with polymetastatic colon cancer presented with debilitating axial back pain, bilateral lower-extremity weakness (motor grade 3), and radiculopathy due to an L2 metastatic burst fracture. He underwent percutaneous posterior screw fixation (T12-L4) followed by UBE-assisted transpedicular tumor resection and partial corpectomy. A transpedicular corridor was created through a unilateral laminotomy, enabling ventral tumor removal under direct endoscopic visualization. An expandable titanium cage was inserted and expanded for anterior support while preserving the posterior ligamentous complex.<h4>Results</h4>Ventral decompression and anterior column support were achieved through a posterior-only UBE-assisted transpedicular approach. The patient experienced immediate pain relief, ambulated on postoperative day 1 with motor strength improving to grade 4 + , and reported marked pain improvement by postoperative day 7 (NRS 1). Postoperative imaging confirmed satisfactory cage position; ambulation was maintained until death from systemic disease progression at 2 months.<h4>Conclusion</h4>This case suggests that UBE-assisted transpedicular intrabody cage augmentation is technically feasible in a carefully selected patient with a metastatic pathologic burst fracture requiring ventral decompression and anterior support. Further experience and longer follow-up are needed to clarify its safety, durability, and role relative to established surgical approaches.<h4>Study design</h4>Technical case report.",Kim D; Hur JW; Oh Y; An S; Chung DB; Lee S,"Department of Neurosurgery, College of Medicine, Korea University, Seoul, Republic of Korea.","European spine journal : official publication of the European Spine Society, the European Spinal Deformity Society, and the European Section of the Cervical Spine Research Society",2026-07-22,10.1007/s00586-026-10195-w,2.5,visualization(abstract); visual(abstract),Spinal Metastasis; Expandable Cage; Transpedicular Corpectomy; Metastatic Spinal Tumor; Unilateral Biportal Endoscopy (Ube); Pathologic Burst Fracture; Transpedicular Intrabody Augmentation
42492805,Dynamic 3D imaging system detects vasculogenic mimicry and screens inhibitors in EGFR-mutant lung cancer.,"Vasculogenic mimicry (VM), wherein tumor cells form vessel-like structures independent of endothelial cells, drives metastasis and therapeutic resistance. Current in vitro VM research relies on conventional two-dimensional imaging, which fails to capture complex three-dimensional VM architecture, limiting anti-VM therapeutic development. We established a novel dynamic 3D imaging platform utilizing light sheet fluorescence microscopy for real-time visualization of physiologically relevant VM structures. Non-small cell lung cancer cell lines with different EGFR mutation statuses were cultured in three-dimensional matrices and monitored continuously. Structural characteristics including tubule diameter, lumen formation, and network complexity were quantified. Following validation of physiological 3D VM formation, we developed a high-content screening platform to assess anti-VM therapeutics, including foslinanib and osimertinib, individually and in combination. Our 3D VM platform revealed patent tubules and hollow lumens (25-50 μm diameter) approximating physiological 3D VM architecture, fundamentally distinct from planar network patterns seen with conventional 2D images. EGFR-mutant cells consistently formed complex 3D VM structures with functional lumens, whereas wild-type cell lines examined did not develop comparable three-dimensional architecture. In an EGFR L858R model, the foslinanib-osimertinib combination produced synergistic disruption of 3D VM structures; in other EGFR-mutant lines, the combination showed additive rather than synergistic effects. These findings indicate that combination activity is context-dependent and linked to specific EGFR genotypes. This 3D imaging platform provides a physiologically relevant, quantitative method for studying VM and screening anti-VM therapeutics, addressing a key limitation of conventional 2D assays. The association between EGFR mutation status and 3D VM formation offers insight into resistance mechanisms and identifies candidate combination strategies for further investigation, including the potential contribution of co-occurring genetic alterations. As a preclinical, hypothesis-generating study, these findings warrant validation in vivo and in clinical settings.",Lee CH; Wu SY; Chung WP; Yeh YM; Wang HC; Hong TM; Chen HHW; Chiu WT; Su WC,"Institute of Clinical Medicine, College of Medicine, National Cheng Kung University, 35 Siaodong Rd., Tainan 70457, Taiwan; Department of Oncology, National Cheng Kung University Hospital, College of Medicine, National Cheng Kung University, No.138, Sheng Li Road, Tainan, 704, Taiwan.",Translational research : the journal of laboratory and clinical medicine,2026-07-23,10.1016/j.trsl.2026.07.010,2.5,visualization(abstract); visual(abstract),Non-small cell lung cancer (NSCLC); Egfr Mutation; Three-dimensional (3D); Vasculogenic Mimicry (Vm); Anti-3d Vm
42490000,In vivo Fluorescent Molecular Imaging Using Nanobodies Labeled with Next-Generation FNIR-Tag-Dyes.,"<h4>Purpose</h4>Fluorescently labeled Nanobodies (Nbs) provide rapid, specific, and high-contrast molecular imaging capabilities, making them well-suited for applications such as fluorescence-guided surgery. As dye properties can substantially influence tracer performance, this study evaluated three next-generation FNIR-Tag dyes, each conjugated to an anti-EGFR Nb.<h4>Procedures</h4>The anti-EGFR Nb 7D12 was conjugated to FNIR-Tag-1.0, FNIR-Tag-766 or FNIR-Tag-804, and characterized in vitro. In vivo imaging and biodistribution studies were performed to assess pharmacokinetics, tumor uptake, tumor-to-background ratios, contrast-to-noise ratios, and renal clearance.<h4>Results</h4>All three Nb-based tracers exhibited similar overall pharmacokinetic behavior, characterized by fast tumor accumulation, rapid clearance from blood and non-target tissues, and predominant renal elimination. 7D12-FNIR-Tag-1.0 demonstrated slightly higher tumor uptake, whereas 7D12-FNIR-Tag-766 produced marginally improved tumor-to-background and contrast-to-noise ratios. In contrast, 7D12-FNIR-Tag-804 yielded significantly lower tumor signal intensity, although its imaging contrast remained comparable due to proportionally reduced background fluorescence. Despite differences in dye net charge, no substantial variation in kidney retention was observed over 24 h. Microscopic analysis revealed, however, distinct renal handling: 7D12-FNIR-Tag-766 showed partial endosomal internalization within proximal tubule cells, while 7D12-FNIR-Tag-1.0 remained primarily luminal.<h4>Conclusions</h4>FNIR-Tag-labeled Nbs enable effective tumor visualization at 1 h post-injection. Although overall biodistribution was comparable across dyes, differences in tissue uptake, intrinsic brightness, and compatibility with imaging system optics can influence detection sensitivity and should inform dye selection for clinical imaging applications.",Chigoho DM; Stroet MCM; Saliën J; Pollenus S; Li DH; Schnermann M; Hernot S,"Laboratory for Molecular Imaging and Therapy (MITH), Vrije Universiteit Brussel, Laarbeeklaan 103, 1090, Brussels, Belgium.",Molecular imaging and biology,2026-07-23,10.1007/s11307-026-02120-w,2.5,visualization(abstract); visual(abstract),Pharmacokinetics; Fluorescence Molecular Imaging; Single-domain Antibodies; Near-infrared Fluorescent Dye; Fnir-tag
42482222,Prevalence and risk factors of medial meniscal ramp lesions in patients undergoing primary anterior cruciate ligament reconstruction at a tertiary center.,"<h4>Background</h4>Ramp lesions are injuries of the peripheral meniscocapsular attachment of the posterior horn of the medial meniscus and are commonly associated with anterior cruciate ligament (ACL) tears. Failure to identify these lesions may compromise knee stability and outcomes after ACL reconstruction (ACLR).<h4>Purpose</h4>The primary objective of this study was to determine the prevalence of ramp lesions among patients undergoing primary ACLR at a tertiary center in Saudi Arabia. The secondary objective was to identify patient- and injury-related risk factors associated with ramp lesions.<h4>Study design</h4>Retrospective cross-sectional study.<h4>Methods</h4>This retrospective cross-sectional study included adult patients who underwent primary ACL reconstruction between November 2022 and December 2025. Patients with prior surgery, multiligamentous injuries (except MCL injuries), fractures, or incomplete records were excluded. Ramp lesions were identified intraoperatively. Demographic and clinical variables were analyzed using univariate logistic regression.<h4>Results</h4>Among 155 patients, ramp lesion prevalence was 3.9% (6/155). Older age and longer time from injury to surgery were significant predictors (p < 0.05). On continuous analysis, both age (OR = 1.151, 95% CI 1.024-1.294; p = 0.018) and time from injury to surgery (OR = 1.028, 95% CI 1.005-1.052; p = 0.017) remained significant. Sex, BMI, MCL injury, and lateral meniscal injury were not significantly associated.<h4>Conclusion</h4>Our findings suggest that older age and longer time from injury to surgery are associated with the occurrence of ramp lesions. Future prospective studies should assess the prevalence of ramp lesions while minimizing information and observer bias and should investigate the interplay among knee morphometry, activity level, and biomechanical forces leading to ramp lesion development across diverse populations. The relatively low prevalence observed in this study may be related to diagnostic limitations, as ramp lesions are often missed when only standard anterior arthroscopic portals are used. Techniques such as posteromedial exploration or trans-notch visualization may improve detection. Differences in surgical technique and surgeon awareness may also influence identification, highlighting the need for systematic intraoperative evaluation.",Alajlan A; Alahmeri E; Alabbad A; Alshwieer M; Alotaibi FF; Almutlaq AA,"Orthopedic Surgery, Security Forces Hospital, Riyadh, Saudi Arabia.",Journal of orthopaedic surgery and research,2026-07-21,10.1186/s13018-026-07105-7,2.5,visualization(abstract); visual(abstract),
42477144,Early post-infarct fibroblast activation protein-targeted PET/CT with &lt;sup&gt;68&lt;/sup&gt;Ga-FAPI-46 identifies STEMI patients with preserved LVEF at higher risk for adverse remodeling and cardiovascular events.,"<h4>Background</h4>Fibroblast activation protein (FAP)-targeted PET/CT with radiolabeled FAPIs enables noninvasive visualization of fibroblast activity following ST-segment elevation myocardial infarction (STEMI). However, the prognostic implications of myocardial FAPI uptake remain insufficiently characterized.<h4>Objectives</h4>This prospective study aimed to evaluate the prognostic value of <sup>68</sup>Ga-FAPI-46 PET/CT in STEMI patients treated successfully with primary percutaneous coronary intervention (PPCI).<h4>Methods</h4>Within six days after successful PPCI, patients underwent <sup>68</sup>Ga-FAPI-46 PET/CT to quantify fibroblast activation volume (FAV). The primary endpoint was the occurrence of major adverse cardiovascular events (MACEs) over three years, including stroke, recurrent myocardial infarction, heart failure readmission, target or non-target vessel revascularization, and new-onset atrial fibrillation. Left ventricular end-diastolic diameter (LVEDD) at one year was assessed as a secondary outcome.<h4>Results</h4>A total of 50 STEMI patients were finally included in this study. Baseline FAV showed a positive linear correlation with one-year LVEDD (r = 0.298, p = 0.036) and independently predicted LVEDD > 50 mm (OR 1.022, 95% CI 1.007-1.038, p = 0.004). In adjusted analysis, each unit increase in FAV was associated with a 1.1% higher risk of MACEs. A nonlinear relationship was observed, with FAV ≤ 81.34 corresponding to a 5% increase in MACE risk per unit rise (HR 1.05, 95% CI 1.003-1.098, p = 0.035). Using an optimal FAV cutoff of 51.6, patients with high FAV had significantly more MACEs than those with low FAV (47.22% vs. 14.29%, p = 0.031). Incorporating dichotomized FAV into a conventional clinical model was associated with improved discrimination of two-year MACEs (AUC 0.84 vs. 0.70, p = 0.021) and provided significant net reclassification (NRI 0.506, p < 0.001) and integrated discrimination improvement (IDI 0.212, p < 0.001).<h4>Conclusions</h4>In STEMI patients with preserved LVEF, early fibroblast activation measured by ⁶⁸Ga FAPI 46 PET/CT is associated with subsequent left ventricular remodeling. FAV may provide incremental prognostic value beyond traditional risk factors. These findings are exploratory, and warrant validation in larger, multicenter cohorts and comparisons with other relevant imaging methods.",Liang L; Yu L; Ruan D; Xu W; Xie Q; Li W; Huang X; Deng J; Huang Y; Zheng W; Chen H,"Department of Cardiology, Xiamen Key Laboratory of Cardiac Electrophysiology, The First Affiliated Hospital of Xiamen University, School of Medicine, Xiamen University, Xiamen, 361003, China. ravennaliang@sina.com.",European journal of nuclear medicine and molecular imaging,2026-07-21,10.1007/s00259-026-08081-0,2.5,visualization(abstract); visual(abstract),PET; Fibroblast activation protein; St-segment Elevation Myocardial Infarction; Fapi
42485179,Looking behind the dashboard.,"<b>Sam Foster</b> considers the difference between compliance and competence, why it matters when it comes to patient safety, and what this means for nurse leaders.",Foster S,,British journal of nursing (Mark Allen Publishing),2026-07-22,10.12968/bjon.2026.0304,2.4,dashboard(title),
42482075,A longitudinal qualitative evaluation of the rollout of a complex digital intervention across healthcare organisations and the significance of implementation pace.,"<h4>Background</h4>The Safe Medication Dashboard (known as SMASH), an intervention to reduce hazardous prescribing in general practice through a pharmacist-led intervention and web-based dashboard, was piloted in 2017. A rollout of SMASH by the regional health innovation network was funded in 2019.<h4>Methods</h4>A longitudinal qualitative evaluation of the regional implementation effort was conducted over three years, including in-depth semi-structured interviews with relevant stakeholders (n = 18), non-participant observations (n = 42), and documentary analysis.<h4>Results</h4>Assumptions about the replicability and complexity of the intervention led to an implementation strategy and pace that were misaligned. The implementation of SMASH suffered from delays, diversions, and disruptions due to unanticipated infrastructure needs, regulatory changes in data sharing, and the health systems' response to the COVID-19 pandemic.<h4>Conclusion</h4>The findings will be discussed alongside relevant implementation frameworks to highlight how interdependencies between wider policies, organisations, and technologies can significantly shape the trajectories and pace of implementation efforts.",Laverty L; Wilson P; Ashcroft D; Peek N,"School of Dentistry, University of Leeds, Leeds, UK. l.k.laverty@leeds.ac.uk.",BMC health services research,2026-07-21,10.1186/s12913-026-15183-w,2.0,dashboard(abstract); data(abstract),Technology; Evaluation; Implementation; Pace; Infrastructure; Health Organisation
42482067,"Japi 2.0, a gaming platform to stimulate cognitive and socio-emotional skills in early childhood: results of a pilot randomized controlled trial.","<h4>Background</h4>Early childhood is a sensitive developmental period for the acquisition of cognitive and socio-emotional skills that are strongly associated with later mental health, academic achievement, and social functioning. Children growing up in socioeconomically disadvantaged contexts are at increased risk for early emotional and behavioral difficulties, highlighting the need for accessible, scalable, and developmentally appropriate preventive interventions. Japi 2.0 is a tablet-based gaming platform designed to stimulate six interrelated cognitive and socio-emotional skills-working memory, inhibitory control, emotion recognition, social competence, empathy, and cognitive planning-through structured play in preschool settings.<h4>Methods</h4>We conducted a pilot cluster randomized controlled trial in low-income preschools in Santiago, Chile. Schools were randomized to either the Japi 2.0 intervention or treatment as usual. The intervention consisted of 24 individual sessions delivered over 12 weeks during regular class hours. Primary outcomes were acceptability (perceived by children, early years educators, and parents) and feasibility (recruitment, retention, attendance, intervention delivery, and data completeness). Secondary outcomes explored preliminary changes in cognitive, socio-emotional, and behavioral functioning using standardized assessments and parent- and teacher-reported measures. Exploratory analyses were conducted using multilevel models adjusted for baseline scores and clustering, based on available outcome data from randomized participants.<h4>Results</h4>Japi 2.0 showed high acceptability across stakeholders. Educators and parents reported that the game and the accompanying web-based dashboard were engaging, age-appropriate, easy to use, and pedagogically relevant. Children reported high levels of enjoyment and positive emotional experiences during gameplay. Feasibility indicators were satisfactory: most planned sessions were delivered as scheduled, attendance was high, and outcome data completeness was adequate. Exploratory analyses indicated improvements over time in both groups across most outcomes. Preliminary exploratory signals favoring the intervention were observed for empathy and parent-reported emotional and behavioral difficulties; however, these findings should be interpreted cautiously given the small number of clusters and exploratory nature of the analyses.<h4>Conclusions</h4>This pilot trial demonstrates that Japi 2.0 is a feasible and highly acceptable digital intervention for preschool children in low-income educational settings. Although efficacy findings are preliminary, results support progression to a fully powered randomized controlled trial to evaluate effectiveness and longer-term impacts on cognitive, socio-emotional, and behavioral development. Trial registration Clinical Trials NCT06420544, May 20th, 2024. https://www.<h4>Clinicaltrials</h4>gov/study/ NCT06420544.",Gaete J; Ríos N; Rojas-Barahona CA; Salgado G; Ramírez S; Araya R,"Research Center for Student Mental Health (ISME), School of Education, Faculty of Social Sciences, Universidad de los Andes, Santiago, Chile. jgaete@uandes.cl.",Child and adolescent psychiatry and mental health,2026-07-21,10.1186/s13034-026-01133-1,2.0,dashboard(abstract); data(abstract),
42498081,Continuous glucose monitoring for high-risk type 2 diabetes in the hospital: the cyber GEMS randomized controlled trial protocol.,"<h4>Background</h4>Continuous glucose monitoring (CGM) for inpatient management of type 2 diabetes (T2D) has been supported by small pilot studies and few randomized controlled trials. The Cloud-Based Real-Time Glucose Evaluation and Management System (Cyber GEMS) trial tests whether real-time CGM can improve time in, above, and below target glycemic range, and reduce hospital acquired infections.<h4>Methods</h4>This in-progress study enrolls at 2 large disproportionate-share hospitals in Southern CA. Eligible patients are ≥18 years with T2D and on subcutaneous insulin or with 2+ serum or POCT glucose ≥200 mg/dL. Participants are randomized to usual care (UC) or Cyber GEMS with real-time CGM for glucose monitoring and management. In Cyber GEMS, the CGM transmits values to three platforms for (1) remote hypoglycemia monitoring (Digital Dashboard); (2) real-time management by bedside RN on a hospital unit iPad (FOLLOW app); and (3) clinical optimization by a remote diabetes RN specialist (CLARITY). In UC, a masked CGM is utilized for outcome evaluation purposes only. The study aims to determine the effectiveness of Cyber GEMS compared to UC in improving CGM-measured % time in-range (70-200 mg/dL), hypoglycemia (<70 mg/dL) and severe hyperglycemia (>300 mg/dL), as well as reducing hospital acquired infection in N = 554 adults with T2D.<h4>Discussion</h4>The Cyber GEMS protocol is uniquely designed to evaluate the value and utility of real-time CGM for optimizing hospital glucose management in a high-risk, underserved T2D population. The uninterrupted remote monitoring, coupled with diabetes specialist oversight, aims to maximize the use of real-time CGM data for optimal glucose management in T2D. The study is in progress and reaching a high-risk underserved population.<h4>Trials registration</h4>NCT05307237 Study Details|Continuous Glucose Monitoring for High-Risk Type 2 Diabetes in the Hospital (Cyber GEMS)|ClinicalTrials.gov.",Spierling Bagsic SR; Fortmann AL; Bastian A; Belasco R; Sandoval H; Lohnes S; Diego ES; Talavera L; Philis-Tsimikas A,"Department of Research & Development, Scripps Health, San Diego, CA 92121, United States. Electronic address: bagsic.samantha@scrippshealth.org.",Contemporary clinical trials,2026-07-24,10.1016/j.cct.2026.108411,2.0,dashboard(abstract); data(abstract),Diabetes; Inpatient; Continuous glucose monitoring; Hospital; Glucose Management; Hospital-acquired Infections; Cgm
42495813,[Reporting of clinical trials].,"Reporting of clinical trials is essential for evidence-based medicine, yet many trials remain unreported. In a recently published study of 2 112 Nordic clinical studies completed 2016-2019, we found that only 52% had reported results within two years and 78% during the entire follow-up. To highlight this issue, we have created an online dashboard (https://metaresearch.se/nordic-trials-dashboard) that compares reporting between public sponsors. Examples of improved reporting in other countries, notably the United Kingdom, show that progress can be supported by centralized follow-up and institutional support. We argue that similar measures should be considered in Sweden, to relieve researchers of administrative burden while improving transparency.",von Schreeb L; Axfors C; Nilsonne G,"läkarstudent, forskningsassistent, Karolinska institutet.",Lakartidningen,2026-07-24,10.65868/bteh9164,1.5,dashboard(abstract),
42479365,How the Reclassification of Gabapentinoids Reshaped Neuropathic Pain Treatment in Saudi Arabia: A Survey of Healthcare Professionals.,"<h4>Introduction</h4>This study aimed to assess knowledge gaps, perceptions, and prescribing approaches of healthcare professionals (HCPs) in Saudi Arabia regarding pain management, particularly neuropathic pain, in the context of recent reclassification of gabapentinoids.<h4>Methods</h4>A three-lecture webinar was attended by 4922 HCPs across Saudi Arabia. Two structured surveys were embedded within the lectures: a 9-item knowledge questionnaire on pain management and a 10-item questionnaire on HCPs' opinions and attitudes on gabapentinoid use and prescribing challenges. Responses were recorded on the platform's interactive dashboard as percentage. The knowledge scores were normalized to percentage.<h4>Results</h4>Overall knowledge levels varied across specialties with internal medicine (68.7%) and pain specialists (68.3%) having the top scores; non-pain organ specialists scored the lowest (59.1%). The majority of HCPs (68.8%) agreed that prescribing gabapentinoids has become more challenging than prescribing tramadol post reclassification, with patients' concerns related to substance dependence (32.6%) and extended process in obtaining medication (27.9%) cited by the majority. Gabapentinoids remained the preferred treatment for diabetic peripheral neuropathy by most HCPs (36.8%). Most HCPs (47.4%) reported initiating gabapentinoids at the lowest possible dose and increasing as needed, while a smaller proportion preferred initiating an appropriate dose with minimal adjustments (18.5%). Among pain specialists, these approaches were nearly evenly divided (37.7% and 31.9%, respectively). The majority (45.7%) selected pregabalin 300 mg as their preferred daily dose for transitioning from gabapentin 900 mg.<h4>Conclusions</h4>This nationwide survey highlights substantial variability and knowledge gaps related to general pain, neuropathic pain management, and excessive caution among HCPs regarding prescribing gabapentinoids and patient concerns of developing dependence. To maintain gabapentinoid access and timely care for patients with legitimate needs, there is a need to implement educational programs for HCPs across specialties and develop a unified treatment approach that fulfils the guidelines and addresses exaggerated patient worries along with patient-focused initiatives to reduce hesitancy post reclassification of gabapentinoids.",Kaki A; Hamdy Y; Amir A,"Department of Anesthesia and Pain Medicine, Al Salama Hospital, Jeddah, Saudi Arabia.",Pain and therapy,2026-07-21,10.1007/s40122-026-00874-3,1.5,dashboard(abstract),Survey; Neuropathic pain; diabetic peripheral neuropathy; Questionnaire; Saudi Arabia; reclassification; Knowledge Gap; Healthcare Professionals; Gabapentinoids
