pmid,title,abstract,authors,first_author_affiliation,journal,pub_date,doi,score,matched_keywords,api_keywords
42030495,Integrating Data Visualizations Into Digital Mental Health Care for Adults With Anxiety and Depression: Participatory Design and Case Study.,"<h4>Background</h4>Digital phenotyping offers unprecedented opportunities for capturing real-time mental health data through smartphones, yet translating this data into clinically actionable insights remains challenging. While smartphones can generate nearly one million data points per patient per day, health care systems have struggled to incorporate even basic ecological momentary assessment data into routine care workflows.<h4>Objective</h4>This paper presents a model for clinician-facing data visualizations that can be shared with patients to increase understanding of mental health symptoms and enhance shared decision-making. We describe (1) a participatory design process through which visualizations were cocreated with clinicians; (2) integration of these visualizations into a Digital Navigator-supported (DN) workflow; and (3) a case example illustrating how data visualizations can enhance patient insight and support treatment adjustments.<h4>Methods</h4>This work was conducted within the Digital Clinic program at Beth Israel Deaconess Medical Center. Fifteen clinicians and 3 clinical supervisors participated in a participatory design process to develop visualizations meeting clinical workflow needs. Data visualizations were integrated into weekly DN sessions following a 3-phase model (guide, refinement, and autonomy) based on self-determination theory.<h4>Results</h4>Six visualization types were developed: gauge charts for engagement behaviors, symptom trajectory graphs, correlation matrices linking passive and active data, sleep visualizations, polar/radar charts for multidimensional assessment, and passive-active data integration graphs. A clinical case demonstrates how these visualizations, when delivered through structured DN facilitation, supported patient engagement, behavioral insight, and autonomous self-management across an 8-week treatment program.<h4>Conclusions</h4>Thoughtfully designed data visualizations, when developed collaboratively with clinicians and delivered through structured support, can transform digital phenotyping from a technical capability into a practical tool for enhancing engagement, promoting behavioral insight, and supporting self-management in digital mental health care. Future research should examine how this approach affects therapeutic alliance and clinical outcomes across diverse patient populations.",Lim K; Bodner R; Ledley KT; Wang S; Scheuer LS; Torous J,"Division of Digital Psychiatry, Beth Israel Deaconess Medical Center, 330 Brookline Ave, Boston, MA, 02215, United States, 1 6176676700.",Journal of participatory medicine,2026-04-24,10.2196/90255,13.8,"visualization(kw,title,abstract); visual(kw,title,abstract); data(kw,title,abstract)",Mental health; Data Visualization; Patient Engagement; Digital Phenotyping; Digital Mental Health; Digital Navigator
42009351,Exploring content-driven axis compression for visualization of heterogeneous data.,"Datasets with large heterogeneity in data density are prone to result in visualizations with unutilized whitespace and overplotting. Sequential data, such as in genomics or electronic health records, often has such density distributions, containing long empty stretches between data-rich regions. For these data types, the exact distance is not necessarily the central feature, and plotting along a linear axis causes occlusion of the actual datapoints. In this work, we evaluate content-driven axis compression for minimizing whitespace and reducing occlusion while maintaining distance information. The axis is compressed based on the density of the data, and it requires minimal a priori knowledge of the data distribution. We present a framework for reasoning about the benefits and drawbacks of using axis compression. The framework includes reasoning about the separability of items and clusters, suggests careful consideration of how the position visual channel is utilized, and highlights the influence of the usage context for which the visualization is designed. We conducted a study to evaluate the strengths and weaknesses of axis compression and found that it leads to improved item visibility while maintaining high accuracy, also for tasks targeted at understanding the data distribution.",Stahlbom E; Molin J; Lundstrom C; Ynnerman A,,IEEE transactions on visualization and computer graphics,2026-04-20,10.1109/tvcg.2026.3685502,9.3,"visualization(title,abstract); visual(title,abstract); data(title,abstract); electronic health record(abstract)",
42021722,Impact of dashboard utilization in the emergency department on the quality of health care: a mixed methods systematic review protocol.,"<h4>Objective</h4>This review will synthesize the current studies related to the impact of dashboard utilization in the emergency department (ED) on the quality of health care. The purpose of the study is to present consolidated evidence to inform health providers and policy makers about the effectiveness of ED dashboard usage in improving aspects of the quality dimension.<h4>Introduction</h4>Coordination, decision-making, and medication require timely information supported by an effective information system and management in the ED. The ED dashboard, known as the visual display of the data management system, benefits both clinicians and patients; however, the impact of dashboard utilization on the quality of health care in the ED remains unclear.<h4>Eligibility criteria</h4>This review will focus on quantitative, qualitative, and mixed method studies. The participants in this review will include health care providers and managers who use the dashboard, as well as patients as the beneficiaries of the application of the ED dashboard. The quantitative component will consider quality-of-care dimensions including safety, effective, patient-centered, timely, efficient and equity, usability, and situational awareness. The qualitative component will consider the user's perspective.<h4>Methods</h4>JBI's convergent segregated approach for mixed method systematic reviews will be followed. Six databases, including PubMed, MEDLINE (Ovid), Web of Science, Scopus, CINAHL Plus, and Embase.com, will be searched for relevant studies. Methodological quality will be assessed using the JBI tools. No date limit for searching will be used.<h4>Review registration</h4>PROSPERO CRD42024527492.",Kusumawati HI; Yanuar Saifudin IMM; Achmad BF; Alim S; Lusiantoro L; Kristanti MS; Utarini A,"Department of Basic and Emergency Nursing, Faculty of Medicine, Public Health, and Nursing, Universitas Gadjah Mada, Yogyakarta, Indonesia.",JBI evidence synthesis,2026-04-23,10.11124/jbies-25-00191,8.4,"dashboard(kw,title,abstract); visual(abstract); data(abstract)",Systematic review; Emergency Department; Mixed Methods; Health Care Quality; Dashboard
42030768,From prediction to practice: early implementation of a machine learning-based hospitalization prediction tool in the emergency department.,"<h4>Background</h4>Machine learning (ML) models can accurately predict hospital admissions in emergency departments (EDs), but real-world adoption remains rare. We evaluated the feasibility and early implementation of an ML-based hospitalization prediction tool in an ED of a tertiary care centre using the Medical Research Council (MRC) framework.<h4>Methods</h4>A prospective mixed-methods study was conducted at the ED of the Leiden University Medical Centre (∼23,000 annual visits). A validated ML-based hospitalization prediction tool was deployed via a web-based dashboard for four months. The dashboard was designed with stakeholders' input obtained during focus groups. Staff use, perceptions, and implementation barriers were assessed through pre-/post-implementation surveys with Likert-scales and open questions, and were analyzed using Mann-Whitney U-tests. Operational outcomes (ED length of stay [LOS], hospitalization rates) were extracted from the Netherlands Emergency department Evaluation Database and compared across pre- and post-implementation periods via logistic regression adjusted for confounders.<h4>Results</h4>Tool utilization was low despite an initial positive attitude towards the tool: 67% of staff reported rarely or never using it. Post-implementation surveys indicated a decline in perceived utility and reduced concern about AI replacing clinical roles. Reported barriers included lack of electronic health record integration, absence of linked actions, and misalignment with existing workflows. Hospitalization rose from 31.8% to 33.3% (p = 0.027), while ED-LOS increased during the implementation period (19.8% to 26.1%, p < 0.001); these changes could not be attributed to the tool given limited adoption.<h4>Conclusion</h4>This early implementation study demonstrated low adoption of a ML prediction tool for hospitalization at the ED. Context-specific implementation barriers were identified. Guided by the MRC framework, the findings offer concrete strategies to enhance future implementation, including EHR integration, embedded action protocols, and role-specific responsibilities.",Raven W; de Hond A; Vermeire J; Schinkelshoek L; Mulder L; van Someren A; Gaakeer M; de Jonge E; de Groot B,"Department of Emergency Medicine, Leiden University Medical Centre, Albinusdreef 2, 2300 RC Leiden, the Netherlands. Electronic address: w.raven@lumc.nl.",International journal of medical informatics,2026-04-20,10.1016/j.ijmedinf.2026.106446,8.1,"dashboard(abstract); machine learning(kw,title,abstract); data(abstract); electronic health record(abstract)",Hospitalization; Emergency Department; Length Of Stay; Hospital Admission; Machine Learning; Prediction Algorithm
42024930,Designing a Collaborative Immersive Visualization System for Radiation Treatment Planning Teams.,"We present a visualization design study of creating a collaborative virtual reality (VR) system for radiation treatment planning, with an emphasis on proton therapy. The goal is to support teams of dosimetrists, physicians, and medical physicists as they review and compare multiple possible patient-specific treatment plans, which requires analyzing complex 3D spatial relationships between a radiation dosage volume and anatomical structures. The approach is a novel combination and refinement of interactive visualization techniques including: networked multi-user immersive visualization, interactive volume rendering and slicing with 3D widgets and gestures, superimposed surface rendering with GPU-accelerated curvature-directed lines, smart cursors, teleporting, and avatars. These features are integrated within a workflow that supports three complementary modes of visual data comparison (juxtaposition, interchangeable, and explicit encoding). Results and feedback from multi-year iterative development with users and a summative field deployment in the form of a mock plan-review meeting reveal several advantages relative to current clinical practice and suggest directions for future work.",Tran K; Broske M; Herman MG; Interrante V; Rosenberg ES; Mundy D; Keefe DF,,IEEE transactions on visualization and computer graphics,2026-04-23,10.1109/tvcg.2026.3686821,7.0,"visualization(title,abstract); visual(title,abstract); data(abstract)",
42017673,Evaluating a Dashboard for Individual Clinician Enhancement (DICE) for Rehabilitation Nurses.,"<h4>Purpose</h4>This pilot study assessed the feasibility and usability of a Dashboard for Individual Clinician Enhancement (DICE) and explored its preliminary impact on nurses in a rehabilitation setting.<h4>Design</h4>The study included a focus group and quantitative measures of feasibility and usability. An exploratory randomized control trial (RCT) examined preliminary effects of DICE access on outcome measures.<h4>Methods</h4>In Phase I, nurses provided feedback on DICE design, and suggestions were incorporated into DICE V2.0. Phase II measured usability, viewing frequency, and perceived value, and included an exploratory RCT to examine potential effects on key performance indicators (KPIs) and the Psychological Empowerment scale (PES).<h4>Results</h4>Nurses rated DICE usability as ""good"" and accessed the dashboard an average of 2.2 times per month. Participants reported positive perceptions, describing the DICE as empowering, accessible, and helpful for increasing awareness of their contributions to patient care and quality improvement. Exploratory analyses of impact on KPIs and the PES were inconclusive due to insufficient statistical power.<h4>Relevance to clinical practice</h4>Preliminary findings suggest that DICE can help nurses to feel more informed about their performance, which could support empowerment in clinical practice.<h4>Conclusions</h4>The study demonstrated DICE usability, feasibility, and positive reception by rehabilitation nurses.",Toth AM; Mickalowski KL; Sevigny M; Hunt L; Ellison S; Coker J,"Magnet Program Director, Department of Nursing Research and Magnet Program, Craig Hospital, Englewood, CO.",Rehabilitation nursing : the official journal of the Association of Rehabilitation Nurses,2026-04-22,10.1097/rnj.0000000000000551,6.9,"dashboard(kw,title,abstract)",Nurses; Audit And Feedback; Dashboard; Work Performance.
42031931,Facial emotion-based movie recommendation system using optimized compound scaling neural network with polynomial and RBF kernels.,"Facial Emotion Recognition (FER) has emerged as an important research topic in human-computer interaction (HCI) with advances in machine learning and deep learning. FER is used across various fields, including healthcare, marketing, gaming, education, security, and real-time human-robot interaction. One real-time application of FER is a movie recommendation system that suggests movies based on users' emotions. In this paper, we have used an optimised compound-scaling neural architecture with polynomial and radial basis function (RBF) kernels for facial emotion recognition. To implement this research, we have used four diversified facial emotion datasets. All four datasets are subjected to pre-processing, feature extraction, and classification. All four datasets utilise different SVM algorithms for emotion recognition, and each achieves a different level of accuracy. Various visualization techniques, such as t-SNE and Grad-CAM, are used to analyze feature space separability and improve model interpretability. The maximum accuracy of the proposed model is 89.68%. Using our customised CNN model, we can predict seven facial emotions: happy, sad, angry, fearful, surprised, neutral, and disgusted. The proposed model can be used in various settings where real-time facial emotion recognition plays a vital role.",Esther Jeba D; Sasikaladevi N; Revathi A,"Department of CSE, School of Computing, SASTRA Deemed University, Thanjavur, Tamil Nadu, 613401, India.",Scientific reports,2026-04-24,10.1038/s41598-026-49322-4,6.0,"visualization(abstract); visual(kw,abstract); machine learning(abstract); data(abstract)",Compound Scaling Neural Network; Facial Expression Image; Meta-agnostic Visualisation; Movie Recommendation System; Rbf Kernel Svm
42024868,Development of a Child Articulation Screening Test Within Digital Therapeutics: Delphi Study.,"<h4>Background</h4>Speech sound disorders are common in children and are associated with an increased risk of academic reading difficulties. The COVID-19 pandemic further highlighted the need for remote and digitalized assessment tools. In South Korea, standardized instruments such as the Urimal Test of Articulation and Phonation and Assessment of Phonology and Articulation for children are widely used but have limitations, including reliance on face-to-face evaluation, and the absence of automated scoring.<h4>Objective</h4>This study aimed to develop and establish the content validity of an articulation assessment tool that can overcome these limitations and be integrated into digital therapeutics (DTx).<h4>Methods</h4>A 3-round modified Delphi survey was conducted between July and September 2025 with 92% (23/25) of the invited experts, including 52.2% (12/23) physiatrists and 47.8% (11/23) speech-language pathologists, with a mean professional experience of 10.69 (SD 5.09) years. All participants (23/23, 100%) completed all rounds. Panelists evaluated the appropriateness of word lists, phonological environments, and scoring criteria. Quantitative analyses, including calculations of content validity ratio (CVR), content validity index (CVI), and median and IQR, were performed. Consensus thresholds were set at a CVR of ≥0.39, a CVI of ≥0.78, a median of ≥3.5, and an IQR of ≤1.0. Items were retained only when all 4 criteria were satisfied. While formal qualitative analysis was not performed, the research team internally reviewed and synthesized core keywords and themes from the experts' open-ended responses to guide the refinement of items.<h4>Results</h4>These findings were summarized into four key areas: (1) modernization of word stimuli, (2) expansion of phonological coverage, (3) refinement of scoring criteria to reduce ambiguity, and (4) enhancement of result interpretability through visualization. In round 2, a revised 35-word list was evaluated across 25 items, of which 20 (80%) met all consensus criteria. In total, 20% (5/25) of the items failed to meet at least one threshold, including phonological environment adequacy (CVR=0.48; CVI=0.74), scoring redundancy (CVR=0.13; CVI=0.57), usefulness of proportion of whole-word correctness or percentage of word proximity (CVR=0.39; CVI=0.70), contribution of mean phonological length (CVR=0.22; CVI=0.61), and usefulness of feature-based indexes (CVR=0.30; CVI=0.65; IQR 2). Items that reached consensus showed CVR values of 0.57 to 0.91, CVI values of 0.78 to 0.96, a median score of 4, and IQR values of 0 to 1. In round 3, all remaining items achieved consensus.<h4>Conclusions</h4>This Delphi study developed a novel articulation assessment tool with robust content validity. This tool includes updated word stimuli, diverse analysis indexes, and visualization features, thereby enhancing its clinical utility and suitability for integration into artificial intelligence-based DTx. By standardizing and digitalizing articulation assessments, this tool has the potential to support personalized and accessible interventions for children with speech sound disorders.",Lee J; Kwon S; Ko JY; Park Y; Lee J; Ryu JS; Yoon SY; Suh JH,"Department of Rehabilitation Medicine, Seoul National University Bundang Hospital, 82, Gumi-ro 173 Beon-gil, Bundang-gu, Seongnam-Si, Gyeonggi-do, Republic of Korea, 82 31-787-7741.",JMIR formative research,2026-04-23,10.2196/90110,5.5,"visualization(abstract); visual(abstract); artificial intelligence(kw,abstract)",Artificial intelligence; AI; Delphi Method; Assessment Tool; Speech Sound Disorder; Pediatric Screening; Digital Therapeutics; Digital Screening; Digital Diagnostics
42024567,Visually-Guided Pulsed Field Ablation for Durable Pulmonary Vein Isolation: Chronic Remapping &amp; One-Year Outcomes in the First-in-Human VISION AF Study.,"<h4>Background</h4>Tissue contact optimizes pulsed field ablation (PFA), but existing methods - based on impedance, thermal response or contact force - remain indirect. An endoscope-enabled PFA balloon catheter allows direct, real-time visualization of the electrode-tissue interface.<h4>Objectives</h4>To evaluate the safety, lesion durability and clinical outcomes of the novel, ultra-compliant PFA balloon catheter with direct tissue visualization.<h4>Methods</h4>VISION AF was a single-arm study of paroxysmal AF patients undergoing pulmonary vein isolation (PVI) using a morphable PFA balloon catheter with integrated endoscope, and 12 longitudinal electrodes for circumferential energy delivery using either 4 applications with a single rotation (Phase A) or 4 applications without rotation (Phase B). Invasive remapping assessed lesion durability. Clinical recurrence was assessed with 7-day Holters at 3-/6-months, and weekly trans-telephonic monitoring after a 2-month blanking period.<h4>Results</h4>Four operators treated 50 patients: age 61±9 years; 68% male, LVEF 63±5%, CHA<sub>2</sub>DS<sub>2</sub>-VASc 2.0±1.4, 86% deep sedation/14% anesthesia (Phases A/B = 33/17). There were no serious device-related complications. Brain MRI in 36 patients revealed 5.6% DWI+/FLAIR- and 0% DWI+/FLAIR+ lesions. Using 4.3±1.0 applications/vein, PVI was achieved in 100% of patients. Transpired PVI times were 26±10 min (Phase A) or 18±4 min (Phase B). Fluoroscopy time was 4±3 min (range 0-12). Remaps at 81±28 days revealed durable PVI in 99.4% of PVs (175 of 176), translating to 97.8% of patients (44 of 45). The 6-month freedom from atrial arrhythmias was 91.5% (95%CI 79.3-96.8%).<h4>Conclusions</h4>Direct visualization of electrode-tissue contact was associated with efficient, safe and durable PVI with promising rhythm outcomes.<h4>Clinical trial registration</h4>NCT06828939.",Reddy VY; Petrů J; Funasako M; Koruth JS; Neužil P,"Department of Cardiology, 1st Faculty of Medicine, Charles University and Faculty Hospitals Motol and Homolka, Prague, Czech Republic; Icahn School of Medicine at Mount Sinai, New York, NY, USA. Electronic address: vivek.reddy@mountsinai.org.",JACC. Clinical electrophysiology,2026-04-23,10.1016/j.jacep.2026.04.009,4.1,"visualization(abstract); visual(title,abstract)",Electroporation; Atrial fibrillation; Catheter ablation; Pulmonary Vein Isolation; Pulsed Field Ablation
42030499,Tech That Scales: A Practical Framework for Artificial Intelligence-Enabled Cancer Care in Low- and Middle-Income Countries and Underserved US Counties.,"Cancer outcomes remain starkly unequal: 5-year survival rates for common malignancies in low- and middle-income countries (LMICs) often lag 20-40 percentage points behind high-income benchmarks, and similar disparities persist between well-resourced metropolitan centers and rural or safety-net settings within high-income countries. The gap is driven less by the absence of effective interventions than by workforce shortages, fragmented referral pathways, limited infrastructure, and loss to follow-up after abnormal screens. Technologies that scale must therefore function as deployable workflows integrating staffing, logistics, quality assurance (QA), governance, and monitoring not merely as stand-alone algorithms or devices.<sup>1</sup> This review synthesizes evidence across four complementary technology families that address these constraints across the continuum of care: artificial intelligence (AI)-supported screening and triage as the population entry-point layer; Project ECHO telementoring as the workforce-capacity layer; electronic patient-reported outcomes and remote symptom monitoring as the longitudinal continuity layer; and AI-powered clinical trial prescreening hubs as the access-to-innovation layer. The technologies do not carry equal evidentiary weight, and they should not be deployed identically in every setting. Our aim is to show how oncology leaders can sequence them pragmatically inside a common operating logic while adapting to local infrastructure and governance. We organize the framework in patient journey order entry into care through screening, workforce support through telementoring, continuity through remote monitoring, and access to innovation through trial prescreening, and draw examples from both LMIC programs and underserved US settings. We therefore present a practical implementation playbook, including a 90-day launch checklist, staffing models, QA frameworks, equity and bias monitoring metrics, and a program outcomes dashboard designed for oncology leaders seeking to move beyond pilots toward durable, monitored deployment.",Loaiza-Bonilla A; Basu P; Lucas E; Yost C; Arora S,"St Luke's University Health Network, Bethlehem, PA.",American Society of Clinical Oncology educational book. American Society of Clinical Oncology. Annual Meeting,2026-04-24,10.1200/edbk-26-521200,4.1,"dashboard(abstract); artificial intelligence(title,abstract)",
42017436,Flexible IMU Sensor Array For 3D Colonoscope Shape Reconstruction and AI-Based Loop Detection.,"Looping during colonoscopy procedures is a major cause of patient discomfort and increases the risk of complications. With the rising incidence of colorectal cancer, there is an urgent need for safer and more efficient colonoscopy techniques. We developed a proof-of-concept platform for 3D visualization of the colonoscope combined with artificial intelligence (AI)-based loop detection. The system consists of an array of 15 inertial measurement units (IMUs) mounted on a flexible printed circuit board that can be retrofitted into the instrument channel of conventional colonoscopes. Using sensor fusion algorithms, the position and orientation of individual IMUs are estimated to reconstruct the 3D shape of the colonoscope in real time. The system successfully reconstructed the colonoscope shape in a silicone colon phantom, and the AI model achieved high loop-detection performance with an area under the receiver operating characteristic curve of 0.95 on test data. These results demonstrate feasibility in an artificial environment, while further validation in clinical settings is required.",Panula T; Halkilahti A; Ivanov A; Kaisti M,"Department of computing, University of Turku, Turku, Finland.","Advanced science (Weinheim, Baden-Wurttemberg, Germany)",2026-04-22,10.1002/advs.75119,4.0,visualization(abstract); visual(abstract); artificial intelligence(abstract); data(abstract),Sensor; Looping; Colonoscopy; AI; Imu
42019139,Mathematical modeling of acute and chronic leptospirosis transmission considering multiple susceptibility risk.,"Leptospirosis is an emerging zoonotic disease that poses significant public health and economic challenges. In this paper, we analyze the dynamics of leptospirosis disease considering acute and chronic leptospirosis transmission with varying level of risk. We analyzed the qualitative behavior of the model, focusing on the positivity and boundedness of the system. To assess how well the model represents reality, we calibrated it using actual leptospirosis case data from Kerala, spanning from June 2022 to December 2023. This calibration guarantees that the model provides a faithful and dependable representation of the epidemiological dynamics observed in the specified region over the given time-frame. A comprehensive global stability analysis is carried out for the disease-free state of the proposed model, with respect to the basic reproduction number (R<sub>0</sub>). The normalized forward sensitivity analysis of R<sub>0</sub> indicates that reducing the disease transmission rates is critical for effective disease control. In addition, sensitivity and uncertainty analyses are performed to determine the most influential parameters governing disease transmission. The Partial Rank Correlation Coefficient (PRCC) approach supported by scatter plot visualization, is employed to evaluate and illustrate the global sensitivity of the model parameters. Our numerical simulations suggest that the high-risk population is particularly vulnerable to both acute and chronic leptospirosis infections, exhibiting higher infection peaks and prolonged disease persistence.",Laxman; Kumar R,"Srinivasa Ramanujan Department of Mathematics, Central University of Himachal Pradesh, Shahpur Campus, Shahpur, 176206, India.","Comparative immunology, microbiology and infectious diseases",2026-04-20,10.1016/j.cimid.2026.102468,4.0,"visualization(abstract); visual(abstract); data(kw,abstract)",Parameter estimation; Leptospirosis; Data Calibration; Sensitivity And Uncertainty; Multiple Susceptibility
42033565,Brain PET in the era of anti-amyloid-β antibody therapy for Alzheimer disease.,"Here the current and emerging roles of brain positron emission tomography (PET) in Alzheimer's disease (AD) in the era of anti-amyloid-β antibody therapy, with a focus on clinical applications, methodological considerations, and future perspectives were reviewed. A narrative review of the literature on PET imaging in AD, including FDG-PET, amyloid PET, and tau PET, was conducted with particular emphasis on their clinical utility in diagnosis, and disease monitoring. Relevant guidelines, including appropriate use criteria and Japanese clinical guidelines, were also reviewed. FDG-PET provides valuable information for the differential diagnosis of neurodegenerative dementias based on characteristic hypometabolic patterns, although its role remains supportive due to the lack of direct assessment of molecular pathology. Amyloid PET enables noninvasive visualization of cerebral amyloid-β deposition and has become essential for confirming eligibility for anti-amyloid therapies. Standardized use criteria and interpretation guidelines are critical for appropriate clinical implementation. Quantitative approaches, such as standardized uptake value ratios (SUVRs) and the Centiloid scale, improve comparability across studies and institutions. Tau PET reflects neurofibrillary pathology and correlates with disease severity and progression, with increasing relevance for patient stratification. In addition, recent advances in high-resolution dedicated brain PET systems and artificial intelligence-based image analysis are expected to enhance diagnostic performance and workflow efficiency. In the era of disease-modifying therapy, brain PET imaging has become integral to the clinical management of AD. Amyloid PET is indispensable for treatment eligibility, while tau PET provides complementary information on disease stage and prognosis. Ongoing technological and methodological advancements will further expand the role of PET imaging in precision medicine for dementia.",Ishii K,"Department of Radiology, Kobe University Graduate School of Medicine, 7-5-2 Kusunoki-Cho, Chuo-Ku, Kobe, Hyogo, 650-0017, Japan. ischii@med.kobe-u.ac.jp.",Japanese journal of radiology,2026-04-25,10.1007/s11604-026-01998-4,3.5,visualization(abstract); visual(abstract); artificial intelligence(abstract),Alzheimer’s disease; Amyloid Pet; Tau Pet; Anti-amyloid-β Antibody; Donanemab; Lecanemab
42007650,"Indocyanine green for intraoperative ureteral identification in gynecologic surgery: A preliminary systematic review of feasibility, safety, and surgical outcomes.","<h4>Background</h4>Intraoperative ureteral injury, although uncommon, can result in significant morbidity and medicolegal consequences, particularly during complex gynecologic procedures such as endometriosis excision and prolapse repair. Conventional ureteral identification techniques, including stents and methylene blue, have recognized limitations. Indocyanine green (ICG) with near-infrared fluorescence (NIRF) imaging enables real-time ureter visualization, but clinical evidence remains scattered.<h4>Objective</h4>To systematically evaluate the feasibility, safety, and outcomes of intraureteral ICG for ureteral identification in gynecologic surgery.<h4>Search strategy</h4>A systematic literature search of multiple databases was performed for studies published between 2000 and 2025 using keywords related to ICG, ureter, gynecologic surgery, and intraoperative fluorescence.<h4>Selection criteria</h4>Studies reporting intraureteral ICG use for ureteral identification during gynecologic surgery were eligible. Studies involving fewer than 10 patients were excluded.<h4>Data collection and analysis</h4>Data were extracted on ureter visualization success, ureteral injury, ICG-related complications, and operative outcomes. Risk of bias was assessed using the ROBINS-I, and certainty of evidence was evaluated using GRADE.<h4>Results</h4>Of 778 records identified, seven studies comprising 299 patients met the inclusion criteria. All studies reported successful ureter visualization, with no ureteral injuries or ICG-related complications. Secondary outcomes, including estimated blood loss and operative time, were inconsistently reported, with very low certainty of evidence.<h4>Conclusions</h4>Intraureteral ICG appears to consistently enable safe, real-time visualization during gynecologic surgery, including complex cases. Although safety and visualization outcomes are encouraging, the evidence is limited. Prospective observational studies with standardized outcome reporting are needed to inform future practice.<h4>Prospero registration</h4>CRD420251110017.",Zhang V; Mantri D; Yang Q; Guan X,"Department of Obstetrics and Gynecology, Baylor College of Medicine, Houston, Texas, USA.",International journal of gynaecology and obstetrics: the official organ of the International Federation of Gynaecology and Obstetrics,2026-04-20,10.1002/ijgo.71025,3.0,visualization(abstract); visual(abstract); data(abstract),Endometriosis; Indocyanine green; Gynecologic Surgical Procedures; Ureteral Injuries; Ureter Identification; Fluorescence‐Guided Surgery; Near‐Infrared Fluorescence Imaging
42025300,Optimizing 3D Cerebral Angiographic Imaging Techniques for Gamma Knife Radiosurgery: Technical Considerations for Arteriovenous Shunt Treatment.,"3D cerebral angiographic imaging offers superior spatial resolution and flexible acquisition compared with CTA, enabling selective injections and dynamic phase selection<sup>1-4</sup>. Its application in gamma knife radiosurgery has been increasingly recognized, particularly for arteriovenous shunts, where precise visualization of angioarchitecture is essential.<sup>5-12</sup> We describe strategies for incorporating 3D rotational angiography and conebeam CT into treatment planning, highlighting their respective strengths and limitations.<sup>7,8,12,13-16</sup> Imaging can be performed either before or after frame fixation, each approach carrying unique advantages and constraints.<sup>19,20</sup> Postprocessing-targeted reconstruction, MIP/MPR, subtraction imaging, and metal-artifact reduction-further refines visualization, highlighting the complementary value of each technique.<sup>17,18</sup> These tools enhance confidence in nidus delineation and planning accuracy. Collaboration with endovascular specialists is critical for optimal acquisition and data sharing. This video presents technical considerations and practical tips to optimize the clinical use of 3D angiographic imaging in gamma knife radiosurgery for arteriovenous shunt management.",Noda R; Kawashima M; Kamiya Y; Inoue T; Akabane A,"From the Department of Neurosurgery (R.N., T.I.), NTT Medical Center Tokyo, Tokyo, Japan rnrn46_8447@yahoo.co.jp.",AJNR. American journal of neuroradiology,2026-04-23,10.3174/ajnr.a9196,3.0,visualization(abstract); visual(abstract); data(abstract),
42031295,Minimally Invasive Fully Endoscopic Dynamic Four-Hands Surgical Technique (MInDFul) for Anatomy-Guided Management of Intracranial Lesions: Technical Note and Monocentric Case Series.,"<h4>Background and objectives</h4>Minimally invasive neurosurgery is increasingly expanding due to advancements in intraoperative technologies. The use of surgical endoscope is usually combined with microscope to approach intracranial lesions. In this study, we introduce a fully endoscopic minimally invasive surgical technique (MInDFul), that provides continuous high-definition dynamic visualization, giving an analysis of its distinctive characteristics, advantages, and applications in the management of intra- and extra-axial, ventricular, and vascular lesions.<h4>Methods</h4>We present a monocentric case series conducted in accordance with the PROCESS guidelines, detailing the MInDFul technique and analyzing clinical, surgical, and histopathological data from patients treated in four years. For each surgical approach, we assessed operative duration, clinical outcomes, complications and postoperative imaging to evaluate surgical success.<h4>Results</h4>Fifty patients (mean age 53.3 ± 14.9 years) with intracranial lesions underwent MInDFul surgery using eight different approaches. The mean operative time was 182 ± 85 minutes, achieving gross total resection in 23 patients (46%), and subtotal in 13 (26%). Only five patients (10%) required post-operative admission in ICU. Postoperative Karnofsky Performance Status significantly improved (p < 0.001), remaining stable at the one-month follow-up, where recurrences occurred in 11 patients (22%), with 6 (12%) re-interventions, all involving benign histologies.<h4>Conclusion</h4>The MInDFul technique represents a feasible fully endoscopic strategy for the management of selected intracranial lesions, providing dynamic visualization and minimal brain retraction. In this series, the technique was associated with good surgical and functional outcomes. Comparative studies will be required to determine its potential advantages over standard microscopic approaches.",Gelmi CAE; Cecchini G; Conte G; Coppola V; De Bonis P; Ratti S; Di Biase F,"Cellular Signaling Laboratory, Anatomy Center, Department of Biomedical and Neuromotor Sciences (DIBINEM), University of Bologna, Bologna, Italy. Electronic address: clarissaann.gelmi2@unibo.it.",World neurosurgery,2026-04-22,10.1016/j.wneu.2026.125003,3.0,visualization(abstract); visual(abstract); data(abstract),Case Series; Intracranial Surgery; Minimally Invasive Neurosurgery; Endoscopic Neurosurgery; Keyhole Approaches; Full Endoscopic Technique
42026992,Using Card Sorting to Improve Public Health Information: Enhancing Worker Health Charts.,"<h4>Objective</h4>It is crucial for public health professionals to have easy and timely access to occupational safety and health (OSH) data to monitor adverse outcomes and identify risk factors that may harm our nation's workforce. The National Institute for Occupational Safety and Health created Worker Health Charts (WHC), a data query and visualization tool, to provide quick and easy access to multiple occupational data sources. However, user feedback indicated that the 2016 WHC navigational menu was difficult to use and did not fully meet user needs. Because access to occupational data is critical in many contexts, we sought to design a menu that would be suitable for various types of users.<h4>Methods</h4>The 2016 WHC navigational menu lists 7 high-level OSH topics and 18 OSH subtopics. To gain insight into how users organize and categorize OSH information, we conducted a series of user experience tests using a method known as card sorting. During the process, participants were given a web link that contained occupational health topics, and they were tasked with grouping or combining similar topics.<h4>Results</h4>The card-sorting techniques identified opportunities to reorganize (eg, create, delete, merge, split) or rename topics for clarity. The final proposed WHC menu was restructured into 4 high-level OSH topics and 14 OSH subtopics.<h4>Conclusions</h4>This study details how card sorting can be used to guide and improve the navigation and content structure of OSH information and the acceptability of the user interface to facilitate access to public health data. Future steps for WHC include validating the proposed menu through task-based testing.",Tsai RJ; Kalennyy I; Marovich S; Mobley A,"Division of Field Studies and Engineering, National Institute for Occupational Safety and Health, Centers for Disease Control and Prevention, Cincinnati, OH, USA.","Public health reports (Washington, D.C. : 1974)",2026-04-23,10.1177/00333549261440314,3.0,visualization(abstract); visual(abstract); data(abstract),OCCUPATIONAL HEALTH; Card Sorting; Ui/ux
42021461,Mapping Oral Frailty Research in the Elderly (1997-2024): A Comparative Bibliometric Analysis of China and the International Landscape.,"<h4>Background</h4>To map the developmental context, hotspots, and trends of oral frailty research in China and globally, clarify its research status and bottlenecks, and guide Chinese scholars in targeted studies and building a comprehensive oral frailty health management system.<h4>Methods</h4>Bibliometric analysis and knowledge graph visualization were used. Literature was retrieved from CNKI (2010-2024) and WOS Core Collection (1997-2024), with ""oral hypofunction"" standardized to ""oral frailty"". After screening, 71 Chinese and 339 international articles were included; CiteSpace 6.3.R1 analyzed publication volumes, collaboration networks, and keyword metrics.<h4>Results</h4>International publications rose steadily from 2009, and Chinese publications from 2012. Chinese author/institution collaboration was diffuse (no core teams), while international collaboration was stronger. China focused on ""basic cognitive construction"", international research on oral frailty-adverse health outcome links (""oral health"" betweenness centrality = 0.27). 2022-2024: China focused on ""elderly/frailty"", international on ""oral frailty-disease relationships"".<h4>Conclusions</h4>It clarifies phase differences (China: basic exploration; international: outcome association), confirms oral frailty as a systemic geriatric syndrome, supports China-adapted assessment frameworks, and provides data for China's assessment systems, interventions, and global collaboration.",Chi Q; Li X; Leng W; Guo S; Yu L; Cai S,"School of Nursing, Guangdong Pharmaceutical University, Guangzhou, China.","Public health nursing (Boston, Mass.)",2026-04-22,10.1111/phn.70130,3.0,visualization(abstract); visual(abstract); data(abstract),Elderly; Bibliometric Analysis; Knowledge Graph; Oral Frailty
42026698,Multimodal Ultrasound Characterization of a Testicular Leydig Cell Tumor With Emphasis on Microvascular Flow Imaging Findings: A Case Report and Literature Review.,"We retrospectively analyzed the clinical and imaging data of a patient with pathologically confirmed testicular Leydig cell tumor (LCT). During routine preconception screening 1 year ago, a right testicular mass was detected. The patient underwent multimodal ultrasound, including two-dimensional ultrasound, color Doppler flow imaging (CDFI), elastography, and Microvascular Flow Imaging (MVFI). A distinctive feature was the visualization of both peripheral annular vascularity and intralesional blood flow from MVFI. Postoperative histopathology and immunohistochemistry confirmed the diagnosis of LCT. We reviewed relevant literature on sonographic features of LCT and compared the findings with the multimodal ultrasound presentation in this case, aiming to provide insights for accurate diagnosis of LCT.",Pang W; Li PL; Li TG,"Gansu Provincial Maternity and Child-Care Hospital (Gansu Provincial Central Hospital) Ultrasound Medicine Center, Lanzhou, China.",Journal of clinical ultrasound : JCU,2026-04-23,10.1002/jcu.70259,3.0,visualization(abstract); visual(abstract); data(abstract),Color Doppler flow imaging; Leydig Cell Tumor; Elastography; Power Doppler Ultrasonography; Microvascular Flow Imaging; Multimodal Ultrasound
42030466,The Role of Intraoperative Imaging Technique for Ground Glass Opacities (GGOs) During Video-Assisted Thoracic Surgery (VATS): Findings From an Integrated Health System.,"BackgroundIntraoperative visualization of ground glass opacities (GGOs) remains challenging, with past techniques limited by safety concerns and poor margin assessment. We evaluate the utility of pafolacianine, an intraoperative molecular imaging (IMI) agent for GGO visualization.MethodsWe conducted a prospective study from an integrated health system of patients undergoing video-assisted thoracoscopic surgery (VATS) lung resections for GGOs from 6/1/2025 to 8/31/2025. Pafolacianine was administered intravenously one hour preoperatively. Lung parenchyma was inspected for fluorescence using Stryker 1788 imaging before resection. Real-time intraoperative and postoperative surveys were completed, and chart review was performed to collect sociodemographic, pathologic, and surgical outcome data.ResultsTwenty-one patients (median age 70 years), predominantly female (62%), Asian (48%), and never-smokers (71%), underwent VATS with a median hospital stay of 1 day. Intraoperative molecular imaging prompted escalation to completion lobectomy in 10% of patients. Among 19 non-metastatic patients, 26 lesions (median diameter 14 mm) were resected, the majority of which were pure GGOs (69%). Intraoperative molecular imaging detected all malignant lesions, with 27% identified exclusively by IMI. Adenocarcinoma accounted for 62% of lesions, while 23% were benign. Intraoperative molecular imaging had a positive predictive value of 0.76 (95% CI, 0.54-0.90) and false discovery rate of 0.24 (95% CI, 0.10-0.46). All margins were negative, and no adverse events were reported.DiscussionThis exploratory real-world study suggests that pafolacianine facilitates optimal intraoperative visualization of challenging GGO lesions, supporting its potential to improve surgical decision-making, tumor detection, and margin assessment during VATS lung resections.",Liang E; Baskin AS; Zhong SK; Yang J; Levine K; Velotta JB,"Kaiser Permanente Bernard J. Tyson School of Medicine, Pasadena, CA, USA.",The American surgeon,2026-04-24,10.1177/00031348261443346,3.0,visualization(abstract); visual(abstract); data(abstract),Lung cancer; Intraoperative Molecular Imaging (Imi); Ground Glass Opacities (Ggos); Pafolacianine
42028665,Estimating clinical trial hazard functions.,"<h4>Background</h4>Although the analysis of event-based clinical trials commonly relies on assumptions about the underlying hazard functions, in practice it is rare to see estimates of those functions.<h4>Methods</h4>I describe conventional and novel methods for estimating the hazard function using discrete and discretized continuous survival models. The conventional approach involves parametric modeling; the novel approach applies Bayesian model averaging to flexible modeling by splines or fractional polynomials. I evaluate the methods in a Monte Carlo study and illustrate them in the analysis of three historical clinical trials.<h4>Results</h4>Although flexible models can capture features of the hazard functions-such as multimodality-that parametric models miss, they are not foolproof. Spline modeling was generally the most reliable, in the sense of yielding good coverage probabilities for the mean and median with modest loss of efficiency. In the examples, the discreteness of the measurements-days, weeks, or months-had little effect on the shape of estimated hazard functions. All three data sets showed some evidence of departure from the proportional hazards assumption, but in only one did a test for proportionality detect this departure.<h4>Conclusion</h4>Flexible parametric models, estimated in the Bayesian model averaging framework, offer a robust approach to recovering the shape of the hazard function. Analyses of three clinical trial databases suggest that visualization of the hazard function can be a valuable adjunct to conventional survival analysis.",Heitjan DF,"Department of Statistics and Data Science, Southern Methodist University, Dallas, TX, USA.","Clinical trials (London, England)",2026-04-24,10.1177/17407745261439661,3.0,visualization(abstract); visual(abstract); data(abstract),Survival analysis; Clinical Trial; Hazard Function; Proportional Hazards Model
42013205,Multi-class classification of autoimmune skin disease by efficient localization of overlapped lesion boundaries using SAM.,"<h4>Background</h4>Detection of Autoimmune skin disease is found challenging due to overlapping features and irregular skin lesion boundaries. Although numerous deep learning models have been proposed for skin disease classification, most are primarily designed for general skin lesions and do not capture the complex and irregular visual characteristics specific to autoimmune skin conditions.<h4>Research design and methods</h4>The proposed study develops a hybrid deep learning model, AutoImmune-HybridNet, that uses the Segment Anything Model for intelligent isolation of lesion regions, and ResNet50 with a deformable attention transformer for adaptively modeling the irregular shapes and spatial patterns of autoimmune skin lesions. A deformable attention transformer is improved with contrastive learning and the focal loss function to enhance feature discrimination among visually similar conditions. Explainability is incorporated with uncertainty estimation to ensure reliable predictions.<h4>Results</h4>The AutoImmune-HybridNet was evaluated on a Human Skin Diseases dataset, and the model achieved an accuracy of 98%, which is better than currently available approaches.<h4>Conclusions</h4>The proposed explainable deep learning framework effectively classifies multiple autoimmune skin diseases while providing an interpretable visualization. Limitations include dataset size and reliance on image-only data, will be addressed in future work using multi-modal clinical information.",Jasmine Gilda A; Sethukarasi T,"Department of Computer Science and Engineering, R.M.K. Engineering College, Tiruvallur, India.",Expert review of clinical immunology,2026-04-21,10.1080/1744666x.2026.2663042,3.0,visualization(abstract); visual(abstract); data(abstract),Deep Learning; Contrastive Learning; Autoimmune Skin Diseases; Focal Loss Function; Segment Anything Model; Deformable Attention Transformer
42007622,Development of a knee joint magnetic resonance imaging (MRI)-based model for finite element analysis (FEA) applications.,"<h4>Introduction</h4>The knee is a biomechanically complex joint supported by multiple anatomical structures, making it vulnerable to multiple injuries. Finite element analysis is a valuable tool for studying joint biomechanics, particularly in pre-operative planning and injury evaluation. However, most models are based on computed tomography, which limits soft tissue visualization. Thus, a magnetic resonance imaging-based finite element model of the knee, incorporating bones, ligaments, tendons, cartilage, and menisci, was developed to improve realism and clinical relevance in biomechanical simulations.<h4>Materials and methods</h4>Magnetic resonance imaging data were obtained from a healthy adult male using a 1.5T scanner and processed using RETOMO and Rhinoceros software for 3D reconstruction and modeling. Meshes were cleaned, optimized, and anatomically validated. All major knee structures were modeled, including the femur, tibia, fibula, patella, cruciate and collateral ligaments, patellofemoral ligaments, quadriceps and patellar tendons, menisci, and articular cartilage.<h4>Results</h4>The resulting model reconstructed both hard and soft tissues of the knee joint with high anatomical fidelity, based on direct MRI segmentation and literature-supported anatomical definitions. The use of magnetic resonance imaging enabled high-resolution identification of soft tissues, while advanced mesh refinement preserved anatomical detail with optimized file management. The inclusion of structures like the anterolateral ligament and patellofemoral ligaments expands the model's clinical relevance in addressing a wider range of knee pathologies.<h4>Conclusion</h4>This magnetic resonance imaging-based finite element analysis model provides a detailed and comprehensive, representation of the healthy human knee, including bones, cartilage, menisci, and tendons. While some ligament attachment points were derived from literature rather than MRI data, the model provides a foundation for future biomechanical studies, surgical planning and personalized treatment simulations.",Vasiliadis AV; Valsamidou K; Chortis A; Chytas D; Noussios G; Paraskevas G; Katakalos K; Vassiou A,"Department of Anatomy, Faculty of Medicine, University of Thessaly, 41500 Larissa, Greece - Orthopaedic Surgery and Sports Medicine Department, FIFA Medical Center of Excellence, Croix-Rousse Hospital, Lyon University Hospital, Lyon, France - Department of Physical Education and Sports Sciences at Serres, Aristotle University of Thessaloniki, 62110 Agios Ioannis-, Serres, Greece.",SICOT-J,2026-04-20,10.1051/sicotj/2026009,3.0,visualization(abstract); visual(abstract); data(abstract),Meniscus; Ligaments; Magnetic Resonance Imaging; Finite Element Analysis; Knee Joint Biomechanics
41213815,Deep-Learning Accelerated Vessel Wall Imaging Using T1-SPACE at Ultra-High-Field Strength MRI.,"<h4>Background and purpose</h4>Current literature on deep learning-accelerated intracranial vessel wall imaging has been largely limited to postprocessing-based approaches at 3T, with comparatively sparse data at 7T. The purpose of the present study was to evaluate the feasibility and technical performance of a postcontrast T1-SPACE sequence using deep learning-based image reconstruction (DLBIR) for intracranial vessel wall imaging (IC-VWI) at 7T, comparing image quality, artifacts, and acquisition time with the standard-of-care (SOC) T1-SPACE sequence.<h4>Materials and methods</h4>In this retrospective single-center study, 36 patients (21 women; mean age, 53.3 ± 16.2 years) underwent IC-VWI at 7T using both SOC T1-SPACE and DLBIR-accelerated T1-SPACE sequences. Two independent neuroradiologists assessed overall image quality (noise, artifacts, sharpness, and overall quality) and wall and lumen visualization along the intracranial vessels using a 4-point Likert scale. A cumulative-logit mixed-effects model (CLMM) of segment ratings was used for intersequence comparison. Segments were also pooled into proximal versus distal vessels and quality was compared using the exact paired sign test. Overall image-quality metrics were compared using paired Wilcoxon tests and Bland-Altman plots. Interreader agreement was summarized using percent agreement.<h4>Results</h4>On segment-level analysis, T1-SPACE<sub>DL</sub> yielded markedly higher ratings than T1-SPACE<sub>SOC</sub> (wall: OR: 22.79 [95% CI: 15.83-32.82]; lumen: OR: 97.00 [95% CI: 66.80-141.00]; both false discovery rate (FDR)-adjusted <i>P</i> < .001). Effects remained large when segments were pooled into proximal and distal segments (for wall, proximal segment OR: 297.00 [95% CI: 40.00-∞] and distal segment OR: 71.00 [28.00-404.00]; for lumen, proximal OR: 82.00 [36.00-339.00] and distal OR: 225.00 [60.00-13350.00]; all FDR-adjusted <i>P</i> < .001)]. Reader-wise Wilcoxon tests showed higher overall image-quality scores across noise, artifacts, sharpness, and overall quality for T1-SPACE<sub>DL</sub> (all <i>P</i> < .001). Interreader agreement was uniformly high with T1-SPACE<sub>DL</sub> when compared with T1-SPACE<sub>SOC</sub>. Bland-Altman analysis demonstrated a positive bias favoring T1-SPACE<sub>DL</sub>. Acquisition time was reduced from 7:30 minutes with T1-SPACE<sub>SOC</sub> to 6:00 minutes (20% reduction) with T1-SPACE<sub>DL</sub>.<h4>Conclusions</h4>Contrast-enhanced T1-SPACE<sub>DL</sub> at 7T may have potential clinical utility for IC-VWI, given the shorter Acquisition time, improved image quality and reduced image artifacts.",Bathla G; Rai P; Chan VEY; Nickel MD; Kollasch P; Dueker K; Fagan AJ; Benson JC; Huston J 3rd; Messina SA,"From the Department of Radiology (G.B., P.R., V.E.Y.C., A.J.F., J.C.B., J.H., S.A.M.), Mayo Clinic, Rochester, Minnesota.",AJNR. American journal of neuroradiology,2026-04-23,10.3174/ajnr.a9097,3.0,visualization(abstract); visual(abstract); data(abstract),
42007823,From needs to app: A user-centred design approach for developing mobile health interventions in oncology care.,"BackgroundChemotherapy management presents multi-dimensional challenges, including severe side effects, treatment non-adherence, and psychological distress, particularly in low- and middle-income countries where healthcare access and digital literacy barriers compound these difficulties. Mobile health (mHealth) interventions offer promising solutions but require systematic, user-centred design approaches.ObjectiveTo employ user-centred design principles in developing a comprehensive mobile health application for chemotherapy patients through mixed-methods needs assessment and iterative co-design processes.MethodsAn exploratory sequential mixed-methods study was conducted at a tertiary cancer centre in South India. Phase 1 involved qualitative exploration using structured questionnaires with patients (n = 10), healthcare providers (n = 9), and caregivers (n = 5). Phase 2 employed a quantitative needs assessment using the validated Cancer Needs Assessment Tool for Chemotherapy Care (CNAT-CC) among 101 patients. Convergent analysis informed iterative co-design of the ""Onco Care"" mobile application.ResultsQualitative analysis revealed five major themes: physical symptom burden, psychological distress, information gaps, home-based management inadequacy, and treatment adherence challenges. Substantial physical symptom burden was observed, particularly related to appetite disturbance, pain, and nausea. The systematic integration resulted in a comprehensive application featuring treatment planning, symptom management, nutrition guidance, peer support, and a healthcare provider dashboard, with cultural adaptations including multilingual support and visual interfaces to address 33.7% illiteracy rates.ConclusionsUser-centred design effectively translated authentic stakeholder needs into evidence-based digital health solutions, providing a replicable methodology for developing comprehensive mHealth interventions that address multi-dimensional challenges in cancer care while ensuring cultural appropriateness and accessibility.",Prakash GH; Kumar D S; Arun V; Pk K; Yadav D; Gopi A; M R,"Division of Public Health, Dept of Allied Health Sciences, MS Ramaiah University of Applied Sciences, Bengaluru, India.",Journal of oncology pharmacy practice : official publication of the International Society of Oncology Pharmacy Practitioners,2026-04-20,10.1177/10781552261443469,2.5,dashboard(abstract); visual(abstract),Chemotherapy; Needs Assessment; Mhealth; Mobile Health; User-centred Design; Mixed-methods Research; Oncology Care; Co-design
42023897,Endoscopic Assistance in Surgery for Insular Lesions: Anatomic Study and Clinical Application.,"<h4>Background and objectives</h4>Endoscopic assistance during microsurgical procedures offers several advantages, particularly by enhancing visualization of anatomical structures that are difficult to access using a conventional operating microscope. However, its role in insular lesion surgery has not been well established. This study evaluate the anatomic feasibility and clinical utility of endoscopic assistance in the microsurgical management of insular lesions.<h4>Methods</h4>A cadaveric study was performed using 6 fixed and 1 fresh human head specimens (14 hemispheres total). Rigid endoscopes with 30° and 45° optics were used to assess the microsurgical anatomy of the insular region. The anatomic findings were applied in 2 clinical cases: a recurrent insular anaplastic astrocytoma and a giant insular cavernoma. In both laboratory and clinical settings, access to the insula was achieved through trans-Sylvian and transopercular approaches, and endoscopic visualization was compared with standard microscopic views.<h4>Results</h4>Angled endoscopes provided superior visualization of deep surgical corridors, including the entire Sylvian fissure, posterior insular lobe, peri-insular sulcus, and origins of lenticulostriate arteries. The 45° endoscope was particularly effective for subpial dissection beneath M2 branches. Endoscopic assistance enabled enhanced anatomic exposure with minimal brain retraction and without the need for head repositioning. In both clinical cases, endoscope-assisted resection was performed safely, with no postoperative neurological deficits.<h4>Conclusion</h4>Endoscopic assistance improves the visualization of challenging anatomic regions in insular surgery, including structures that are often poorly visualized with standard microscopy. Its use may reduce the need for brain retraction and facilitate safer surgical dissection. Further studies are warranted to clarify its role in routine insular lesions.",Signorelli F; Hasanbelliu A; Messina R; De Gennaro L; Speranzon L; Bozzi MT,"Division of Neurosurgery, Department of Translational Biomedicine and Neurosciences (DiBraiN), University ""Aldo Moro"", Bari, Italy.","Operative neurosurgery (Hagerstown, Md.)",2026-04-23,10.1227/ons.0000000000002036,2.5,visualization(abstract); visual(abstract),Insula; Lenticulostriate Arteries; Sylvian Fissure; Endoscopic-assisted Microsurgery
42031338,Comparative analysis of a 3D-printed videolaryngoscope versus the Macintosh model in adult airway management: a randomized clinical trial.,"<h4>Background and objectives</h4>Video Laryngoscopy (VL) provides enhanced glottic visualization in airway management, but its high cost limits adoption. Three-Dimensional (3D) printing offers a cost-effective alternative for producing VL devices. This randomized trial compared a 3D-printed Videolaryngoscope (VL3D) with the standard Macintosh Laryngoscope (MAC) during tracheal intubation in adults.<h4>Methods</h4>This was a randomized, controlled, and assessor-blinded clinical trial. The primary outcome was intubation difficulty, assessed using the Intubation Difficulty Scale (IDS). Secondary outcomes included glottic visualization (Cormack-Lehane grade) and Intubation Time (IT). The final analysis followed a modified intention-to-treat principle.<h4>Results</h4>This study included 52 patients scheduled to undergo general anesthesia with tracheal intubation. Baseline characteristics were comparable between groups. The analysis included 49 patients (VL3D, n = 26; MAC, n = 23). Categorical analysis of the primary outcome showed a higher incidence of moderate-to-severe intubation difficulty in the VL3D group (23.1% vs. 0%, p = 0.032), although median IDS scores were statistically similar. In relation to secondary outcomes, the VL3D provided significantly superior glottic visualization (Cormack-Lehane grade I: 72.0% in the VL3D group vs. 33.3% in the MAC group, p = 0.002). Conversely, the VL3D was associated with a significantly longer intubation time (median 70-seconds vs. 40-seconds, p = 0.005).<h4>Conclusions</h4>The VL3D demonstrated superior glottic visualization but correlated with significantly longer intubation duration and greater procedural difficulty. These findings suggest that additional specialized training or design optimization is necessary before widespread clinical implementation.",Mendes FF; Immich LC; Gross TF; Braga LFM; Aires AG; Braganhol E; Magalhães Mendonça R; Carrazzoni Dos Reis FU; Piva GZ; Gomez VHR; Rodrigues VH; Reguly A; Spinelli LF; Amaral SS; Introíni GO,"Universidade Federal de Ciências da Saúde de Porto Alegre (UFCSPA), Porto Alegre, RS, Brazil; Programa de Pós-Graduação em Tecnologia da Informação e Gestão em Saúde, Universidade Federal de Ciências da Saúde de Porto Alegre (UFCSPA), Porto Alegre, RS, Brazil; Santa Casa de Porto Alegre, Porto Alegre, RS, Brazil; Laboratório de Inovação, Prototipagem, Educação Criativa e Inclusiva (LIPECIN), Universidade Federal de Ciências da Saúde de Porto Alegre (UFCSPA), Porto Alegre, RS, Brazil. Electronic address: florentinomendes@gmail.com.",Brazilian journal of anesthesiology (Elsevier),2026-04-22,10.1016/j.bjane.2026.844757,2.5,visualization(abstract); visual(abstract),Intubation; Intratracheal; Airway Management; Additive Manufacturing; 3D Printing
42029067,Efficient Strategy for Diagnosis-Treatment-Monitoring Integrated Photodynamic Therapy by a Near-Infrared Multifunctional Fluorescent Probe.,"In recent years, photodynamic therapy (PDT) has emerged as a promising alternative to traditional cancer treatment methods owing to its spatiotemporal controllability and minimal systemic toxicity. However, their clinical application is hindered by poor tumor specificity of conventional photosensitizers (PSs). Herein, we developed a novel near-infrared multifunctional fluorescent probe (<b>CMN</b>), which was expected to enable ""diagnosis-treatment-monitoring"" integrated PDT. Probe <b>CMN</b> was capable of targeting cell membranes, as well as the capability of tumor specificity and differentiating normal cells from cancer cells through viscosity response, which enabled its use in tumor diagnosis and real-time monitoring of the treatment process. Meanwhile, upon white light irradiation, <b>CMN</b> with the PDT function can generate reactive oxygen species (ROS), effectively inducing tumor cell death. Importantly, real-time visualization of cell membrane damage was achieved using <b>CMN</b> <i>via</i> dynamic fluorescence imaging, providing direct observation for therapeutic effects during PDT. <i>In vivo</i> studies further confirmed that <b>CMN</b> can perform tumor-specific imaging on tumor-bearing mouse models, and its PDT efficacy in mice can be monitored <i>via in situ</i> tumor visualization. In summary, this ""diagnosis-treatment-monitoring"" integrated photosensitive probe <b>CMN</b> not only enhanced the precision of PDT but also realized the real-time visualization of PDT, possessing significant potential for cancer therapy.",Xu L; Zhu Y; Wang Y; Ou J; Wang Q; Chang Q; Wu S; Wang C; Feng Y; Meng X,"School of Chemistry and Chemical Engineering & Institutes of Physical Science and Information Technology, Anhui Province Key Laboratory of Chemistry for Inorganic/Organic Hybrid Functionalized Materials & Key Laboratory of Structure and Functional Regulation of Hybrid Materials of Ministry of Education, Anhui University, Hefei 230601, P. R. China.",Analytical chemistry,2026-04-24,10.1021/acs.analchem.5c06422,2.5,visualization(abstract); visual(abstract),
42024509,Protocol for an interpretable self-attention artificial neural network framework to predict cancer risk in oral potentially malignant disorders.,"Oral potentially malignant disorders (OPMDs) can directly progress to cancer, necessitating accurate risk prediction to guide clinical intervention. Here, we present a protocol for predicting cancer risk in OPMDs using a customized self-attention artificial neural network (SANN). We describe steps for full preprocessing, defining and training the model, and model validation. We then detail procedures for evaluation and visualization. The model is trained and validated on 1,094 cases and compared with artificial neural networks, random forests, and DeepSurv. For complete details on the use and execution of this protocol, please refer to Li et al.<sup>1</sup>.",Luo S; Zou X; Lin Z; Li J; Zhang M; Zhou Y; Zhao L; Zheng L; Zhang D,"College of Computer Science, Computer Science Graduate Program, University of California, Davis, CA, USA.",STAR protocols,2026-04-22,10.1016/j.xpro.2026.104490,2.5,visualization(abstract); visual(abstract),Cancer; Health Sciences; Computer Sciences
42033927,Photon-Counting Detector CT-Based Virtual Monoenergetic Imaging With Metal Artifact Reduction for Endodontic Diagnostics.,"<h4>Introduction</h4>This ex vivo study aimed to determine the optimal energy level for virtual monoenergetic imaging (VMI) using photon-counting detector computed tomography (PCD-CT) and to evaluate the effectiveness of iterative metal artifact reduction (iMAR) in assessing simulated endodontic challenges and complications.<h4>Methods</h4>Sixteen extracted third molars were simulated with one of eight distinct endodontic diagnostic challenges and imaged using PCD-CT at radiation doses equivalent to standard-dose cone-beam CT. VMIs were reconstructed from 70-190 keV at 10 keV increments, both with and without iMAR. Diagnostic accuracy, depiction quality of endodontic challenges, artifact severity, and visualization of key endodontic anatomical structures were independently assessed by 2 observers using a 5-point visual analogue scale (1 = least favourable, 5 = most favourable). Descriptive statistics were calculated, and inter-reader agreement was analysed using Krippendorff's alpha coefficient.<h4>Results</h4>VMIs achieved excellent diagnostic accuracy (97%) and high-quality visualization of endodontic challenges (median: 5, IQRs: 4-5 or 4.25-5; α = 0.63-1.00) across the entire reconstructed energy spectrum (70-190 keV), with minimal artifacts, particularly at ≥ 110 keV (α = 1.0). Task-specific analysis demonstrated optimal visualization of caries at 70-80 keV and fractured files at 70-100 keV. For other pathologies, VMI at ≥100 keV effectively reduced artifacts without compromising anatomical detail. IMAR did not improve image quality and consistently reduced diagnostic performance.<h4>Conclusions</h4>VMI from PCD-CT provides high-quality imaging with minimal artifacts, well-suited for indication-specific endodontic diagnostics.<h4>Clinical relevance</h4>PCD-CT supports novel, indication-specific workflows in endodontic imaging, potentially enhancing diagnostic precision and long-term treatment follow-up.",Al-Haj Husain A; Dogan S; Mergen V; Demmert TT; Alkadhi H; Flohr T; Essig H; Stadlinger B; Burian E,"Department of Cranio-Maxillofacial and Oral Surgery, University Hospital Zurich, University of Zurich, Zurich, Switzerland; Clinic of Cranio-Maxillofacial and Oral Surgery, Center of Dental Medicine, University of Zurich, Zurich, Switzerland; Department of Cranio-Maxillofacial Surgery, GROW School for Oncology and Reproduction, Maastricht University Medical Centre, Maastricht, The Netherlands. Electronic address: adib.al-hajhusain@usz.ch.",International dental journal,2026-04-23,10.1016/j.identj.2026.109547,2.5,visualization(abstract); visual(abstract),Endodontics; Metal Artifact Reduction; Dental Imaging; Virtual Monoenergetic Imaging; Photon-counting Detector Computed Tomography
42020148,Quantitative Spatial Profiling of Antibody Delivery and Target Engagement Using Optically Labeled Antibodies.,"Visualization of drug distribution in human tumors is critical for optimizing biologic therapeutics, yet current clinical workflows cannot colocalize drugs and biomarkers on the same formalin-fixed, paraffin-embedded section. <b>Methods:</b> We present a reproducible workflow that integrates near-infrared imaging of optically labeled therapeutic antibodies with multiplex immunostaining and computational registration to enable quantitative, single-cell analysis. <b>Results:</b> Using panitumumab-IRDye800CW, we demonstrated heterogeneous accumulation in epidermal growth factor receptor-positive regions and quantified penetration gradients relative to tumor architecture. <b>Conclusion:</b> We established a multiplex imaging platform that enables single-cell analysis of therapeutic antibody delivery and pharmacodynamics in human formalin-fixed, paraffin-embedded tissues.",Tanaka H; Vasiukov G; Grisham CJ; Kazi M; Gowrishankar S; Rosenthal EL,"Department of Otolaryngology-Head and Neck Surgery, Vanderbilt University Medical Center, Nashville, Tennessee hidenori.tanaka@vumc.org e.rosenthal@vumc.org.","Journal of nuclear medicine : official publication, Society of Nuclear Medicine",2026-04-22,10.2967/jnumed.125.271992,2.5,visualization(abstract); visual(abstract),Drug Delivery; Window-of-opportunity Trial; Optically Labeled Therapeutic Antibody; Multiplex Immunofluorescence
41985490,Use of Ultrasound in Face and Neck Rejuvenation.,"<h4>Aim and background</h4>To review the current state of ultrasound energy-based devices and their role in facial and neck rejuvenation.<h4>Historical aspects</h4>High-frequency ultrasound (HIFU) paved the way for the micro-focused and parallel beam ultrasound technology in aesthetics.<h4>Anatomy</h4>Facial and cervical aging reflect multilayered structural changes, as well as reduced collagen production and increased collagen breakdown at the histologic level, resulting in rhytids and skin laxity.<h4>Technology</h4>Micro-focused ultrasound with visualization (MFU-V) is adapted from HIFU, using significantly less ultrasound energy and visualization to precisely target the deep dermis and superficial musculoaponeurotic system (SMAS) at depths ranging from 1.5 to 4.5 mm; synchronous ultrasound parallel beam (SUPERB) technology uses parallel transducers to deliver energy at a precise depth of 1.5 mm to target the mid-dermis.<h4>Patient selection</h4>Ultrasonic facial rejuvenation is ideal for those with mild to moderate skin laxity who desire incremental tightening and textural improvement without surgery.<h4>Techniques</h4>MFU-V can be performed at different tissue depths based on the transducer tip, with various combination protocols described; SUPERB technology delivers energy at a fixed depth.<h4>Postoperative care</h4>Self-limited erythema and edema, sun protection.<h4>Current and future development</h4>The intersection of ultrasonic devices and regenerative medicine is promising.<h4>Conclusion and clinical relevance</h4>MFU-V and SUPERB are ideal noninvasive options for patients with mild to moderate skin laxity.",Liao D; Prasad A; Bloom JD,"Department of Otorhinolaryngology, Head & Neck Surgery, Division of Facial Plastic & Reconstructive Surgery, University of Pennsylvania Health System, Philadelphia, Pennsylvania, United States.",Facial plastic surgery : FPS,2026-04-23,10.1055/a-2854-6601,2.5,visualization(abstract); visual(abstract),
42020231,Transesophageal echocardiography: A comprehensive assessment of the critically ill patient.,"Transesophageal echocardiography (TEE) has become an essential tool in the management of critically ill patients, particularly when transthoracic echocardiography is insufficient. Its use allows to obtain high-quality imaging to assess cardiac function, diagnose the cause of shock, monitor fluid responsiveness, and evaluate venous congestion. It is especially valuable in complex scenarios such as stroke, the postoperative period after cardiac surgery, ECMO support, and during cardiac arrest, as it provides continuous visualization without interrupting chest compressions. Although it is a semi-invasive technique, it has a very favorable safety profile when performed by trained intensivists. Adequate training, including supervision and simulation, is crucial for achieving competence. Besides, TEE allows the examination of pulmonary and abdominal structures, extending its utility beyond the heart. Its incorporation into Intensive Care Medicine has demonstrated significant clinical impact, modifying therapeutic management in a high proportion of patients.",Fraile-Gutiérrez V; Pérez-Torres D; Martin-Villen L; Zapata L; Ochagavia A,"Servicio de Medicina Intensiva, Hospital Universitario Río Hortega de Valladolid, Gerencia Regional de Salud de Castilla y León (SACYL), Valladolid, Spain. Electronic address: vicky_uvi@yahoo.com.",Medicina intensiva,2026-04-21,10.1016/j.medine.2026.502401,2.5,visualization(abstract); visual(abstract),Shock; Ultrasonography; Respiratory insufficiency; Cardiac surgical procedures; Critical Care; Extracorporeal Membrane Oxygenation; transesophageal echocardiography; Hemodynamic Monitoring; Cirugía Cardiaca; Cuidados Críticos; Insuficiencia Respiratoria; Monitorización Hemodinámica; Ecocardiografía; Ecocardiografía Transesofágica; Oxigenación Por Membrana Extracorpórea
42012489,Lanthanide complex-based dual-modal probes for background-free time-gated luminescence and &lt;sup&gt;19&lt;/sup&gt;F magnetic resonance detection of hypochlorous acid in acute kidney injury.,"Acute kidney injury (AKI) is a life-threatening clinical syndrome often triggered by drug-induced nephrotoxicity, yet its early diagnosis remains challenging due to the lack of sensitive and specific biomarkers. Hypochlorous acid (HClO), a highly reactive oxygen species, plays a pivotal role in the oxidative damage that drives AKI progression. To achieve precise <i>in situ</i> monitoring of this pathological event, we designed and synthesized a water-soluble lanthanide complex probe, Ln(SDHH)<sub>3</sub>(DPBT) (Ln<sup>3+</sup> = Eu<sup>3+</sup>, Gd<sup>3+</sup>), as a dual-modal sensing platform for intrinsically background-free detection of HClO <i>via</i> time-gated luminescence (TGL) and <sup>19</sup>F magnetic resonance (MR) sensing. By integrating a sulfonate-functionalized β-diketonate ligand (SDHH) to enhance aqueous solubility and biocompatibility, together with an extended π-conjugated antenna (DPBT) to enable visible-light excitation, this probe overcomes the limitations of traditional lanthanide complex-based probes. Upon exposure to HClO, selective oxidative cleavage of the SDHH ligand induces rapid quenching of Eu<sup>3+</sup> luminescence and simultaneously restores the <sup>19</sup>F NMR signal by eliminating the Gd<sup>3+</sup>-mediated paramagnetic relaxation enhancement (PRE) effect. The probe exhibits an ultrafast response (<7 s), high selectivity and sensitivity (LOD = 87 nM for TGL detection), and exceptional biocompatibility. Leveraging these advantages, Eu(SDHH)<sub>3</sub>(DPBT) successfully enabled high-contrast visualization of endogenous HClO fluctuations in cisplatin-stimulated renal cells and in an AKI mouse model. Collectively, this dual-modal platform provides a robust tool for real-time <i>in situ</i> visualization of HClO, facilitating mechanistic investigations and early diagnosis of oxidative stress-related organ injury.",Duan S; Liu Q; Zhang X; Zhang W; Yuan J; Song B,"School of Chemistry, Dalian University of Technology, Dalian 116024, China. bo.song@dlut.edu.cn.",The Analyst,2026-04-21,10.1039/d6an00197a,2.5,visualization(abstract); visual(abstract),
42029919,Ultrasonography of pediatric cutaneous and subcutaneous masses.,"Cutaneous and subcutaneous lumps are frequently encountered in the pediatric population and are usually benign. Although some lesions can be diagnosed clinically, ultrasound plays a pivotal role in evaluation by delineating lesion morphology, depth, extent, internal composition, and vascularity. Technological advances in high-frequency transducers and image resolution have significantly improved visualization of superficial soft tissues, enhancing diagnostic confidence. Despite substantial overlap in sonographic appearance among different lesions, specific imaging characteristics can help narrow the differential diagnosis and guide management. This review summarizes both common and uncommon pediatric superficial soft tissue masses, emphasizing their tissue of origin, key ultrasound features, and distinguishing findings that assist in accurate characterization and appropriate clinical decision-making. Conditions covered include epidermal inclusion cysts, sebaceous cysts, hair follicle lesions (hidradenitis suppurativa, pilonidal sinus disease, pilomatricomas, trichilemmal cysts), juvenile xanthogranulomas, dermatofibromas, subcutaneous granuloma annulare, and cutaneous leukemia/lymphoma.",Sideris GA; Stever M; Khubchandani M; Xian Z; Callahan MJ; Makris J,"Department of Radiology, Baystate Medical Center, 759 Chestnut Street, Springfield, MA, 01199, USA. siderismd@gmail.com.",Pediatric radiology,2026-04-24,10.1007/s00247-026-06590-6,2.5,visualization(abstract); visual(abstract),Child; Pilonidal Sinus; Granuloma Annulare; Epidermal Cyst; Hidradenitis; Pilomatrixoma
42033639,The emerging role of 4D flow MRI in abdominal interventional radiology.,"Four-dimensional flow magnetic resonance imaging (4D Flow MRI) enables time-resolved three-dimensional visualization and retrospective quantification of vascular hemodynamics within a single volumetric acquisition. Beyond morphology-based imaging, it provides comprehensive assessment of multidirectional flow patterns, collateral redistribution, and treatment-related hemodynamic changes across vascular territories. In abdominal interventional radiology (IR), 4D Flow MRI may offer incremental value in clinical scenarios where morphology alone is insufficient to characterize physiologically relevant hemodynamics. This review summarizes its applications in aortic interventions, portal venous interventions, and hepatic venous outflow disorders. In these settings, 4D Flow MRI may support functional assessment of endoleaks, evaluation of portal flow redistribution, and characterization of venous outflow obstruction and treatment response. Among current applications, endoleak characterization and early assessment of portal hemodynamic change after portal vein embolization, which may reflect subsequent liver hypertrophy, represent particularly promising use cases. However, current evidence remains limited and largely observational. Important technical considerations, including velocity encoding strategy, physiologic variability, metal-related artifacts, and workflow integration, must be addressed. In practical terms, 4D Flow MRI is best regarded as a complementary or problem-solving technique rather than a modality for routine clinical decision-making. Further multicenter validation and outcome-driven studies are required to define its clinical impact in IR practice.",Hyodo R; Horiguchi R; Iima M; Naganawa S,"Department of Radiology, Nagoya University, Nagoya, Japan. hyodo.ryota.w3@f.mail.nagoya-u.ac.jp.",Abdominal radiology (New York),2026-04-25,10.1007/s00261-026-05526-w,2.5,visualization(abstract); visual(abstract),Hemodynamics; interventional radiology; Portal Vein Embolization; Endovascular Aortic Repair; 4D Flow Mri
42033072,Editorial Commentary: Let's Continue the Debate of Hip Capsule Management: Periportal Capsulotomy Without Closure Can Lead to High Rates of Achieving Meaningful Clinical Outcomes.,"Adequate visualization for femoroacetabular impingement syndrome treated by hip arthroscopy is critical to avoid leaving residual structural disease. Proponents of access to the hip via interportal and T-capsulotomy argue that performing a larger capsulotomy allows for appropriate management of intra-articular pathology, with capsular closure required to prevent iatrogenic instability. However, advocates of smaller capsular incisions have recently published literature that suggests management of intra-articular hip pathology with periportal capsulotomy incision confers to high rates of patients achieving meaningful clinical outcomes at midterm follow-up with no need for revision arthroscopy or conversion to total hip arthroplasty. Some periportal capsulotomy proponents argue that superior postoperative outcomes can be achieved without capsular closure, implying that a minimalistic approach to capsular incision does not lead to hip instability if not closed. While the long-standing debate of how to best address capsular management continues on, there is promising evidence that periportal capsulotomy without closure can result in satisfactory outcomes for patients undergoing hip arthroscopy for treatment of femoroacetabular impingement syndrome.",Entessari M; Noel ME; Beck EC,"Atrium Health Wake Forest Baptist, Winson-Salem, North Carolina, U.S.A.",Arthroscopy : the journal of arthroscopic & related surgery : official publication of the Arthroscopy Association of North America and the International Arthroscopy Association,2026-04-24,10.1002/arj.70178,2.5,visualization(abstract); visual(abstract),
42013115,Validation and refinement of existing methods for timed mating and early pregnancy detection in guinea pigs.,"Biomedical research increasingly focuses on early developmental stages to better understand homeostasis, environmental influences, and disease origins, an approach summarised by the concept of the Developmental Origins of Health and Disease. However, studying these processes in humans is challenging, highlighting the need for suitable animal models that closely mimic human pregnancy and early development. Historically, guinea pigs were the preferred model for specific research areas and are now regaining attention in embryological studies due to their physiological similarities to humans. We present an extended and standardized protocol for mating guinea pigs, building upon the methods described by Wilson et al. (2021). In this work, we verified the previously published procedures for monitoring the estrous cycle through observation of the vaginal closure membrane and for confirming pregnancy via ultrasound. In addition, we introduced new methods to improve breeding efficiency and early pregnancy assessment. Specifically, we incorporated vaginal cytology alongside vaginal membrane monitoring to increase the success rate of overnight matings. Extending on the ultrasound descriptions by Wilson et al., we provide new ultrasound-based observations of early pregnancy, including the earliest visualization of the embryonic sac at embryonic day 12 (E12) and examples of embryonic development during the first weeks of gestation. By following these step-by-step instructions, researchers new to guinea pig models can quickly establish the methodology in their laboratories, reducing the need for prolonged trial and error. This approach facilitates the broader use of guinea pigs in developmental and reproductive research, particularly due to their resemblance to humans in pregnancy, embryonic development, and parturition.",Mayer ML; Finkelberg I; Mass E,"Developmental Biology of the Immune System, Life and Medical Sciences (LIMES) Institute, University of Bonn, Bonn, Germany.",PloS one,2026-04-21,10.1371/journal.pone.0347318,2.5,visualization(abstract); visual(abstract),
42012881,Root-Driven Reactive Oxygen Species Controls Multidimensional Arsenic Speciation in the Rice Rhizosphere.,"Arsenic (As) contamination in agroecosystems poses significant risks to food security and human health. The mechanisms of As speciation change in soil within wetland rhizospheres are understood, but their location-precise importance within heterogeneous root-associated microbiomes is uncertain. While microbial processes are often considered dominant drivers of As redox transformations, the role of abiotic factors such as reactive oxygen species (ROS) remains underexplored due to limited <i>in situ</i> evidence. Here, we combined multiple high-resolution <i>in situ</i> techniques to map microscale distributions of As(III)/As(V) and key environmental parameters in rice rhizospheres across three paddy soils. A novel ratiometric fluorescent approach was developed for <i>in situ</i> visualization of ROS. Strong spatial correspondence was observed between ROS hotspots and decreased As(III) (<i>R</i><sup>2</sup> = 0.797), exceeding that for O<sub>2</sub> (<i>R</i><sup>2</sup> = 0.348). Integration of imaging with functional gene analysis (<i>aioA</i>, <i>arsC</i>), sterilization and ROS-quenching experiments, and structural equation modeling indicates that ROS-driven processes play a crucial role under the studied conditions. However, as gene abundance reflects microbial potential rather than activity, microbial contributions cannot be excluded. These findings highlight ROS as a key regulator of As speciation and provide new insights into coupled abiotic-biotic processes in rhizosphere environments.",Liu X; Chu L; Chen H; Williams PN; Sun H; Wang B; Li X; Wang L; Yu H; Zhang S; Zhang L; Ji X; Yang D; Luo J; Gu C,"State Key Laboratory of Pollution Control and Resource Reuse, School of Environment, Nanjing University, Nanjing210023, P. R. China.",Environmental science & technology,2026-04-21,10.1021/acs.est.6c02078,2.5,visualization(abstract); visual(abstract),Reactive oxygen species; Arsenic Species; Rhizosphere Microenvironment; In Situ Spatial Distribution
42026660,Feasibility of nonspinal bony landmark-based image registration in CyberKnife ® robotic radiotherapy for pelvic and femoral bone tumors.,"In stereotactic body radiotherapy for bone metastases using the CyberKnife system, spinal anatomy is generally employed as the alignment reference. However, when treating pelvic tumors such as those in the pubic bone or proximal femur, the spinal reference may be anatomically distant from the target, potentially compromising visualization and localization accuracy. This study evaluated the feasibility of using nonspinal bony landmarks, specifically the pubic bone and femoral neck, as reference points for image registration. Intrafractional positional deviations in six degrees of freedom and the frequency of intrafractional corrections were analyzed according to treatment site, including cases treated with conventional spine-based alignment. Alignment accuracy was visually and numerically verified by the treatment operator before beam delivery. Across all treatment sites, the mean translational and rotational deviations during treatment remained within ±0.5 mm and ± 0.5°, respectively. Furthermore, no substantial differences were observed in the mean frequency of intrafractional corrections among the different alignment approaches. These findings demonstrate that nonspinal tumor-adjacent bony landmarks can provide clinically acceptable accuracy comparable to conventional spine-based registration. To our knowledge, this is the first study to systematically assess the clinical feasibility of this approach in CyberKnife-based pelvic radiotherapy. The proposed method may serve as a practical and reliable alternative to spine-based alignment, particularly when the spine is remote from the target.",Miyabe Y; Yamanaka H; Seki H; Muroi Y; Nakano S; Yamazaki R; Awaya A; Mizoe J,"Sapporo High Functioning Radiotherapy Center, Sapporo Kojinkai Memorial Hospital, 1-16-1 Miyanosawa 2-jo, Nishi-ku, Sapporo-shi, Hokkaido 063-0052, Japan.",Journal of radiation research,2026-04-24,10.1093/jrr/rrag028,2.5,visualization(abstract); visual(abstract),image registration; Bone Metastases; Cyberknife; Stereotactic Radiotherapy
42026222,Comprehensive distribution analysis of cyclosporin A on mice tissues applying mass spectrometry imaging.,"Peptide drugs are playing an indispensable role in clinical therapy, but may exhibit significant dose-dependent toxicities, as observed in polymyxin antibiotics and cyclosporin A (CsA) itself. The spatial distribution of these drugs and their metabolites is crucial for understanding the tissue-specific pharmacokinetics. The goal of our study was to develop and evaluate a mass spectrometry imaging (MSI) workflow using atmospheric pressure matrix-assisted laser desorption and ionization mass spectrometry imaging (AP-MALDI-MSI) with the iMScope QT system for the detection and spatial visualization of CsA in mice organs. Based on the CsA signal sensitivity and consistent detection of the CsA standard in our optimized experimental condition, we chose iMScope QT for subsequent in vivo MSI experiments. Following intraperitoneal injection of CsA into C57BL/6 mice, the brain, kidney, liver, spleen, and intestinal tissues were collected for MSI analysis. Our findings revealed increased accumulation of CsA and monohydroxy CsA in the renal cortex, liver, muscularis externa, and mucosa of the colon. CsA was found in higher amounts in the muscularis externa of the jejunum, whereas monohydroxy CsA was accumulated in the villus tips and penetrated the lumen of the treated mice. CsA was also detected throughout the spleen, but not monohydroxy CsA. The methodology demonstrated high precision (CV < 15%), establishing a robust analytical framework for utilizing AP-MALDI-MSI (iMScope QT) to evaluate the therapeutic efficacy and safety of CsA.",Maniruzzaman M; Islam A; Rahman MF; Rahman MM; Afroz MS; Islam MM; Sakamoto T; Aramaki S; Hirayama S; Baba A; Sato T; Takahashi Y; Kahyo T; Setou M,"Department of Cellular and Molecular Anatomy, Hamamatsu University School of Medicine, 1-20-1 Handayama, Chuo-Ku, Hamamatsu, Shizuoka, 431-3192, Japan.",Analytical and bioanalytical chemistry,2026-04-23,10.1007/s00216-026-06511-4,2.5,visualization(abstract); visual(abstract),Cyclosporin A; Mass Spectrometry Imaging; Spatial Drug Distribution; Mice Organs; Ap-maldi-msi
42002607,"The triangular fibrocartilage complex (TFCC): updated anatomy, variants, and MRI diagnostic pitfalls.","The triangular fibrocartilage complex (TFCC) is a key stabilizer of the ulnar wrist, integrating both the distal radioulnar and ulnocarpal joints. Recent advances in arthroscopic anatomy have led to a three-dimensional, tripartite conceptualization of the TFCC, describing it as comprising three interconnected components: the articular disc, the distal radioulnar ligaments providing primary stability, and a continuous peripheral capsular structure, or ""peripheral wall,"" which encompasses the palmar and dorsal ulnocarpal ligaments, the meniscus homologue, and the extensor carpi ulnaris tendon sheath. Vascular supply is concentrated at the peripheral insertions, while the central disc is relatively avascular, influencing its healing potential. Functionally, the TFCC contributes to both rotational and translational stability of the radioulnocarpal articulation, with the distal radioulnar ligaments serving as the primary stabilizers and the ulnocarpal ligament complex, extensor carpi ulnaris tendon sheath, and interosseous membrane providing secondary support. MRI, particularly three-dimensional isotropic sequences and MR arthrography, allows detailed visualization of the TFCC components, detection of partial or complete tears, and differentiation between normal anatomic variants and pathologic abnormalities. Recognition of normal variations and positional changes related to forearm rotation is essential to avoid diagnostic errors. This review integrates arthroscopic, anatomical, biomechanical, and imaging perspectives, providing a comprehensive understanding of the TFCC and its updated conceptual framework, with direct implications for clinical assessment, surgical planning, and post-treatment follow-up of ulnar wrist injuries.",Bouredoucen H,"Division of Radiology, Department of Imaging and Medical Informatics, Geneva University Hospitals, University of Geneva, Rue Gabrielle-Perret-Gentil 4, 1211, Geneva 14, Switzerland. bour_hich@hotmail.com.",Skeletal radiology,2026-04-20,10.1007/s00256-026-05219-x,2.5,visualization(abstract); visual(abstract),MRI; Anatomical Variants; Distal Radioulnar Joint; Tfcc; Distal Radioulnar Ligaments; Radioulnocarpal Joint Stability
42012571,Clinical nuclear medicine applications of zirconium-89 immuno-PET: a comprehensive review from a radiopharmaceutical perspective.,"<h4>Background</h4>Immuno-positron emission tomography (immuno-PET) imaging is emerging as a highly promising technique for the non-invasive diagnosis of a wide range of pathological conditions, particularly in oncology and immunology. This molecular imaging modality enables the visualization, characterization, and quantification of biological processes at a cellular and molecular level.<h4>Main body</h4>Immuno-PET relies mostly on the administration of monoclonal antibodies (mAb) labeled with positron-emitting radionuclides. These antibodies are specifically designed to bind to antigens that are overexpressed on tumor cells or involved in pathological non-neoplastic processes, such as inflammatory or autoimmune diseases. Numerous disease-associated antigens have been identified and are currently being explored as potential molecular targets for immuno-PET, paving the way for more personalized diagnostic and treatment approaches. This technique offers significant potential in the context of theranostic, as it allows for the simultaneous assessment of both diagnostic and therapeutic parameters. It is particularly useful for predicting and monitoring the pharmacokinetics and biodistribution of targeted therapies, thereby helping to optimize therapeutic efficacy while minimizing adverse effects. Among the various radioisotopes available, zirconium-89 (<sup>89</sup>Zr) has gained attention as a particularly suitable candidate for mAb labeling due to its favorable physicochemical characteristics such as its half-life (78.4 h), which matches well with the slow kinetics of intact antibodies, and its appropriate positron emission profile for high-resolution imaging. Despite the growing interest in immuno-PET and the increasing number of radiolabeling protocols described in the literature, the clinical implementation of <sup>89</sup>Zr-labeled mAbs faces numerous challenges. These include logistical and technical hurdles, but more significantly, regulatory obstacles that vary across countries and between regulatory authorities, particularly within Europe. Such disparities hinder the harmonization of clinical trials and limit access to immuno-PET technologies for many research centers.<h4>Conclusion</h4>In this review, we aim to provide an overview of the current clinical applications of <sup>89</sup>Zr-labeled mAbs, based on published studies and ongoing trials, and highlight the key challenges that need to be addressed to expand access to this powerful imaging modality.",Dubois J; Deshayes E; Kucharczak F; Cadet MM; Zhou J; Paunet T; Fersing C,"Radiopharmacy Department, Montpellier University Hospital, Univ Montpellier, Montpellier, France. julien-dubois@chu-montpellier.fr.",EJNMMI radiopharmacy and chemistry,2026-04-21,10.1186/s41181-025-00418-8,2.5,visualization(abstract); visual(abstract),Radiopharmaceuticals; Clinical Trials; 89Zr; Immuno-pet; Zirconium-89
42031180,Does Tourniquet Use Influence Patient-Reported Outcomes in Obese Patients Undergoing Primary Total Knee Arthroplasty? A Propensity-Matched Study.,"<h4>Background</h4>Obese patients are at increased risk of complications after primary total knee arthroplasty (TKA). Tourniquets are commonly used intraoperatively to reduce bleeding and improve visualization, but their impact on patient-reported outcome measures (PROMs) in obese populations is not well understood. This study aimed to compare PROMs and complication rates after primary TKA in obese patients who did and did not have tourniquet use using a propensity-matched analysis.<h4>Methods</h4>A retrospective review identified 5,197 consecutive patients who underwent primary TKA at a single institution. Patients who had a body mass index (BMI) greater than 30 and at least two years of follow-up were propensity-matched 1:3 based on age, sex, race, BMI, and comorbidities. The 90-day, one-year, and two-year complication rates were recorded. The Knee Injury and Osteoarthritis Outcome Score Physical Function Short Form, Patient-Reported Outcomes Measurement Information System (PROMIS) Global Health-Physical, PROMIS Global Health-Mental, and PROMIS Physical Function Short Form 10a were extracted for both groups. Absolute scores, changes in (delta) scores, and minimal clinically important difference (MCID) achievement were computed and compared. After matching, 281 in the no-tourniquet group and 843 patients in the tourniquet group were available for analysis.<h4>Results</h4>Patients who had TKA without a tourniquet experienced comparable complication rates to patients who received a tourniquet (P > 0.05). There were differences in absolute scores in multiple PROMs (P < 0.05), but similar delta scores and proportions of clinically meaningful improvement and worsening were present in both groups (P > 0.05).<h4>Conclusion</h4>In obese patients undergoing primary TKA, tourniquet use was associated with no differences in 90-day or one- and two-year complication rates or clinically meaningful patient-perceived outcomes. These findings are consistent with prior studies in general TKA populations, which have shown that tourniquet use does not substantially affect complication or patient-reported satisfaction benefits.",Freeman I; Ilyas MH; Mannina C; Sampson W; Li Z; Kwon YM,"Bioengineering Laboratory, Department of Orthopaedic Surgery, Massachusetts General Hospital, Harvard Medical School, Boston, MA, USA.",The Journal of arthroplasty,2026-04-22,10.1016/j.arth.2026.04.061,2.5,visualization(abstract); visual(abstract),Obesity; Complications; Tourniquet; Total Knee Arthroplasty; Patient-reported Outcome Measures
42015871,A Renal-Clearable Tantalum Contrast Agent Enables Precise CT Diagnosis and Subtyping of Acute Kidney Injury.,"Precise diagnosis and subtyping of acute kidney injury (AKI) are crucial for clinical decision-making and prognosis. However, current in vivo imaging techniques lack the necessary precision, sensitivity, and resolution to meet this demand. Here, we report a renal-clearable, tantalum-rich carbon dot (Ta-rCD) contrast agent that enables high-performance computed tomography (CT) imaging for noninvasive visualization and differentiation of multiple AKI subtypes. The Ta-rCDs are synthesized via a simple and efficient air-assisted carbonization method, featuring ultrahigh Ta content (48%), gram-scale production capacity, ultrasmall hydrodynamic size (∼2.8 nm), excellent water solubility (>500 mg mL<sup>-1</sup>), and strong x-ray attenuation capability. Benefiting from their renal-clearable nature, Ta-rCDs avoid long-term retention in vivo while enabling effective renal imaging. Notably, Ta-rCDs enable high-resolution anatomical and functional CT imaging across pre-renal, renal, and post-renal AKI models, facilitating precise detection of renal dysfunction beyond the reach of conventional biochemical markers. Furthermore, this approach allows accurate differentiation of AKI subtypes based on their distinct CT imaging features. In vitro and in vivo studies confirm their favorable biocompatibility. Our work provides a new paradigm for the development of sensitive and high-resolution CT imaging contrast agents and offers a promising method for the accurate diagnosis of kidney diseases.",Shu G; Wei Y; Hou W; Liu N; Pan J; Li D; Sun SK; Liu D; Zhang C,"Department of Radiology, National Clinical Research Center for Cancer, Tianjin's Clinical Research Center for Cancer, Key Laboratory of Cancer Prevention and Therapy, Tianjin Medical University Cancer Institute and Hospital, Tianjin, China.",Small methods,2026-04-22,10.1002/smtd.70664,2.5,visualization(abstract); visual(abstract),Contrast agent; Tantalum; Ct Imaging; Carbon Dots; Acute Kidney Injuries
42017698,Integrated Wireless Sensor System Featuring Liquid-Repellent Interfaces for Reliable Pressure Ulcer Monitoring.,"Continuous interface pressure monitoring is essential for proactive pressure ulcer (PU) prevention, yet the reliability of flexible capacitive sensors is frequently compromised by the accumulation of sweat and biofluids in clinical settings. The fundamental challenge arises from the significant dielectric mismatch between aqueous fluids and sensor materials, where fluid infiltration leads to severe signal distortion. Here, we present a liquid-immune wireless sensor system that leverages a robust superhydrophobic interface to eliminate this interference. The sensor unit features a hierarchical design combining a PDMS/MWCNT interlocking dome-array microstructure for pressure transduction with a spray-coated silica nanoparticle layer. Mechanistically, this surface engineering establishes a stable Cassie-Baxter state, trapping a persistent air plastron that physically isolates the sensing element from high-permittivity contaminants. Consequently, the device achieves a broad detection range (0-1.2 MPa) with a sensitivity of 5.22 × 10<sup>-3</sup> kPa<sup>-1</sup>, while maintaining exceptional signal integrity even after 5000 compression cycles at 1.15 MPa and 24 h immersion in blood and tissue fluids. To realize a clinically viable platform, we integrated the sensor array with a custom smartphone application featuring built-in risk assessment algorithms. This user-centric interface provides intuitive visualization of pressure distributions via dynamic color-coded heatmaps and triggers intelligent alerts based on cumulative pressure-time exposure, offering a practical, artifact-free solution for proactive chronic wound management.",Yu Z; Wang Y; Tian S; Wang M; Liang Y; Dai Z; Zhang Q; Li Y; Zhou B; Qian K,"School of Integrated Circuits, Shandong University, Jinan 250101, China.",ACS applied materials & interfaces,2026-04-22,10.1021/acsami.6c01645,2.5,visualization(abstract); visual(abstract),Capacitive Sensor; Wireless Sensor System; Pressure Ulcer Prevention; Superhydrophobic Surface; Flexible Sensor Array
42027863,Percutaneous transforaminal endoscopic discectomy vs. unilateral biportal endoscopy for far lateral lumbar disc herniation: a retrospective comparative study.,"<h4>Objective</h4>To compare the early clinical efficacy, perioperative parameters, and safety profiles of percutaneous transforaminal endoscopic discectomy (PTED) and unilateral biportal endoscopic (UBE) discectomy in treating single-level far lateral lumbar disc herniation (FLLDH).<h4>Methods</h4>This retrospective cohort study analyzed 81 patients with FLLDH treated between January 2021 and June 2024. Patients were allocated to the PTED group (<i>n</i> = 38) or the UBE group (<i>n</i> = 43) based on the surgical technique received. Perioperative indicators (operative time, incision length, blood loss, hospital stay) and clinical outcomes-assessed by Visual Analogue Scale (VAS) for back/leg pain and the Oswestry Disability Index (ODI) preoperatively and at 1, 3, 6, and 12 months postoperatively-were compared. Statistical analyses included independent samples t-tests, chi-square tests, and repeated-measures ANOVA.<h4>Results</h4>All patients completed 12-month follow-up. The two groups were comparable at baseline (<i>P</i> > 0.05). The PTED group demonstrated significantly shorter operative time (62.4 ± 8.7 vs. 105.3 ± 14.1 min, <i>P</i> < 0.001), smaller incision length (7.8 ± 0.9 vs. 24.6 ± 4.2 mm, <i>P</i> < 0.001), less intraoperative blood loss (18.5 ± 4.3 vs. 68.2 ± 10.5 mL, <i>P</i> < 0.001), and shorter hospital stay (4.8 ± 1.1 vs. 5.9 ± 1.7 days, <i>P</i> = 0.002). Both groups showed significant and sustained improvement in VAS and ODI scores postoperatively (<i>P</i> < 0.05). At 1 month, PTED was associated with lower back pain VAS but slightly higher leg pain VAS and ODI compared to UBE (<i>P</i> < 0.05). From 3 months onward, no significant inter-group differences were observed in any clinical scores (<i>P</i> > 0.05). Repeated-measures ANOVA indicated a different improvement trajectory for back pain between the groups (interaction <i>P</i> = 0.024).<h4>Conclusion</h4>Both PTED and UBE are effective minimally invasive techniques for FLLDH, offering comparable and excellent mid-term clinical outcomes. PTED offers advantages in reduced surgical trauma and faster early recovery, whereas UBE provides superior endoscopic visualization. The choice of technique can be individualized based on patient characteristics and surgical expertise.",Yongjiang L; Chunbo L; Jianyuan W,"Department of Orthopedics, Xinjiang 474 Hospital, Urumqi, Xinjiang, China.",Frontiers in surgery,2026-04-22,10.3389/fsurg.2026.1790170,2.5,visualization(abstract); visual(abstract),comparative study; minimally invasive surgery; Percutaneous Transforaminal Endoscopic Discectomy; Far Lateral Lumbar Disc Herniation; Unilateral Biportal Endoscopy
42007561,A Transformer-ResNet-Integrated Deep Learning Model for Digital Pathology-Based Grading and Risk Stratification of MASLD-Related Liver Fibrosis.,"<h4>Introduction</h4>Metabolic dysfunction-associated steatotic liver disease (MASLD) affects up to 30% of the global population and drives progression to fibrosis, cirrhosis, and liver cancer, yet early-stage identification remains limited by subjective histopathology and low-sensitivity imaging. We aimed to develop and validate a deep learning model integrating Transformer and ResNet architectures using digital histopathology images of human liver biopsies for MASLD-related fibrosis staging and identification of pathological phenotypes associated with advanced fibrosis, with interpretability analyses to support pathology-assisted decision-making.<h4>Methods</h4>Four hundred sixty-seven Masson-stained liver biopsies from Duke (n=338), MHH (n=72), and BI-int (n=57) repositories were digitized at 20× resolution. Fibrosis was scored 0-4 per Younossi criteria. A four-encoder architecture combining 1×1 strided convolutions, multi-head self-attention Transformer blocks, and ResNet residual units was trained with global average pooling and linear classification. Performance metrics included accuracy, confusion matrices, continuous AI scores, and Grad-CAM visualization; analyses were conducted in Python/Jupyter with pandas, Matplotlib, and PyTorch.<h4>Results</h4>Training accuracy reached 0.80 and validation 0.85 without overfitting. Stage-specific accuracy ranged 0.74-0.95, peaking at bridging fibrosis (stage 3). Grad-CAM heatmaps localized model attention to severe fibrotic septa, corroborating advanced fibrotic architectural changes. Continuous AI scores aligned tightly with discrete ground-truth labels, with boundary-adjacent misclassifications reflecting subtle histologic overlap.<h4>Conclusions</h4>The proposed model enables automated and interpretable assessment of MASLD-related fibrosis staging from digital liver biopsy histopathology and provides a quantitative tool for pathology phenotype-based risk stratification. Further clinical translation requires integration of clinical risk factors and validation in longitudinal outcome-based frameworks.",Pan H; Zhang R; Zhou S; Pang Q; Hu X; Wang Y; Jin H; Zhu C; Chen S; Li R; Liu H,"Fourth Department of General Surgery, The Clinical College, Anhui No.2 Provincial People's Hospital, Anhui Medical University, Hefei 230041, Anhui, China.",Clinical and translational gastroenterology,2026-04-20,10.14309/ctg.0000000000001017,2.5,visualization(abstract); visual(abstract),Digital Pathology; Advanced Fibrosis; Transformer; Resnet; Masld; Early Risk Identification And Stratification
42012733,Diagnostic performance and reader confidence of MRI-derived CT-like images in patients with femoral head necrosis.,"Femoral head necrosis (FHN) requires accurate imaging for staging and treatment planning. While MRI is sensitive, conventional sequences may miss subchondral fractures. A CT-like MRI sequence combines CT-like structural detail with soft-tissue contrast. We evaluated its performance for Association Research Circulation Osseous (ARCO) staging compared with MRI and radiography. In this retrospective study, 21 patients (33 hips) with confirmed FHN underwent radiography and MRI, including T1- and T2-weighted sequences and a T1-weighted gradient-echo CT-like sequence. Two musculoskeletal imaging specialists assessed ARCO stage, reader confidence, and image quality. Interrater reliability was evaluated using the intraclass correlation coefficient, intermodality agreement with weighted Cohen's κ, and modality comparisons with Wilcoxon signed-rank tests. CT-like MRI demonstrated higher ARCO staging than radiography (p = 0.004), T1-weighted (p = 0.031), and T2-weighted MRI (p = 0.046). Upstaging compared with conventional modalities occurred in 6 of 33 hips (18.2%). Reader confidence was highest for CT-like MRI (all p ≤ 0.003), and image quality was superior compared with T1- and T2-weighted MRI (both p < 0.001). Agreement in ARCO staging was excellent with T1-weighted and T2-weighted images and substantial with radiography. CT-like MRI improved image quality and diagnostic confidence, enabling more accurate FHN assessment and detection of subchondral collapse missed by conventional MRI. RELEVANCE STATEMENT : CT-like MRI improves detection of early femoral head collapse, enabling more accurate staging and treatment planning. KEY POINTS : Femoral head necrosis requires precise imaging to accurately stage the disease. Conventional MRI may miss early subchondral femoral head fractures. CT-like MRI enhances visualization of bone microstructure, diagnostic confidence and image quality. Improved staging with CT-like MRI may influence clinical management.",Herr FL; Hohmann N; Dascalescu C; Gottfried V; Bormann M; Hoppe BF; Schröder L; Ricke J; Holzapfel BM; Gersing A; Hesse N; Arnholdt J; Reidler P,"Department of Radiology, University Hospital, LMU Munich, Munich, Germany. felix.herr@med.uni-muenchen.de.",European radiology experimental,2026-04-21,10.1186/s41747-026-00714-1,2.5,visualization(abstract); visual(abstract),Radiography; Femur head necrosis; Reproducibility of results; Magnetic Resonance Imaging; Tomography (X-ray Computed)
42025119,[From diagnosis to action: Baseline assessment and universal implementation of integrated care in nursing homes for older adults in Catalonia].,"<h4>Introduction</h4>Integrated social and healthcare for older adults living in nursing homes (RPM) is a strategic priority in Catalonia. To support its implementation, 2innovative instruments were developed: the Checklist for Assessment of Residential Integrated care (CARE-IC), designed to quantify the degree of integration, and a dashboard with specific tracer indicators for RPM.<h4>Objective</h4>To describe both instruments, as well as the baseline diagnosis of the universal rollout and the correlation between the degree of integration and the indicators.<h4>Methods</h4>Observational study conducted in all 1,040 RPM in Catalonia. The degree of integration was assessed using the CARE-IC (0-10 scale). Process and resource utilization outcomes were measured through tracer indicators. ANOVA with post-hoc Tukey tests, descriptive statistics, and Pearson and Spearman correlations were applied.<h4>Results</h4>The mean CARE-IC score was 4.97 (SD±1.69), with high inter- and intraregional variability (P<.001). Indicators revealed intensive resource use: 53.25% of residents had at least one emergency visit and there were 52.6 hospital admissions per 100 residents annually. The degree of integration was significantly associated with the on-site activity of primary care teams (EAP) in the RPM (r=0.75-0.86; P<.05).<h4>Conclusions</h4>The combination of the CARE-IC and the dashboard provides a solid and reproducible diagnosis, allowing the identification of gaps, monitoring of the rollout, and guidance for improvement plans. The Catalan experience, universally applied to more than 1,000 nursing homes, constitutes a pioneering and potentially replicable model.",Blasco M; Barbeta C; Amil P; Rojals C; Gutiérrez C; Contel JC; Abelló J; Plaza A; Amblàs-Novellas J,"Equipo Motor de Atención Integrada Social y Sanitaria (AISS), Barcelona, España; Departament de Salut. Generalitat de Catalunya, Barcelona, España.",Revista espanola de geriatria y gerontologia,2026-04-22,10.1016/j.regg.2026.101781,1.5,dashboard(abstract),Nursing Homes; Health Policy; Integrated Care; Frail Older People; Healthcare Quality Indicators; Atención Integrada; Personas Mayores Frágiles; Residencias De Personas Mayores; Política Sanitaria; Organisational Innovation; Innovación Organizacional; Indicadores De Calidad De La Atención Sanitaria
