pmid,title,abstract,authors,first_author_affiliation,journal,pub_date,doi,score,matched_keywords,api_keywords
42184374,From Design to Accountable Impact for Data Dashboards in Health Care.,"<h4>Unlabelled</h4>Vornhagen and colleagues synthesize design practices for the development of health care dashboards and provide a timely reference for a rapidly expanding class of tools that increasingly mediate clinical decisions and quality improvement. The authors have defined 4 pillars of design with associated practices, establishing a practical approach to the thoughtful development of useful dashboards. Building on these pillars, this commentary proposes accountable dashboarding, defined as making explicit the causal chain linking data sources and governance to visualization, interpretation, action, and measurable outcomes. Dashboards could be treated as sociotechnical interventions in which upstream choices are inseparable from the user interface and downstream decision-making. Evaluation should extend beyond usability and satisfaction to include decision quality and behavioral proxies, unintended consequences, and patient-centered outcomes of dashboard-informed interventions.",Achuff BJ,"Department of Pediatrics, Department of Biomedical Informatics, Vanderbilt School of Medicine, Vanderbilt University Medical Center, 2200 Children's Way, 5121 DOT, Nashville, TN, 37232, United States, 1 615-343-2996.",Journal of medical Internet research,2026-05-25,10.2196/98272,22.7,"visual analytics(kw); visualization(kw,abstract); dashboard(kw,title,abstract); visual(kw,abstract); clinical decision support(kw); data(kw,title,abstract)",Quality improvement; Data Quality; Data Visualization; Clinical Decision Support; Visual Analytics; Implementation Science; Data Governance; Workflow Integration; Health Care Dashboards
42185947,Mito_Plot: open-source pipeline for quantification and visualization of mitochondrial DNA heteroplasmy.,"<h4>Background</h4>Mitochondrial DNA heteroplasmy plays a crucial role in mitochondrial function, aging, and a wide range of human diseases. Recent advances in high-throughput sequencing have enabled large-scale detection of heteroplasmic variants; however, effective cohort-level integration, comparison, and visualization of Mutant Allele Frequency (MAF) values remain challenging. Existing tools often focus on single-sample visualization or require substantial manual preprocessing, limiting their scalability and usability for large cohorts. To address these challenges, we developed Mito_Plot, an open-source computational pipeline designed for standardized quantification and intuitive visualization of Mitochondrial DNA (mtDNA) heteroplasmy across multiple samples.<h4>Results</h4>Mito_Plot accepts standard mitochondrial VCF files and automatically calculates MAF based on allelic depth information. MAF data from multiple samples are aggregated into a unified matrix aligned by genomic position, enabling direct cross-sample comparison. The pipeline provides interactive two-dimensional circular plots that map MAF onto the mitochondrial genome with gene-level annotations, facilitating rapid identification of mutation hotspots and sample-specific patterns. In addition, Mito_Plot offers optional three-dimensional visualizations that enhance exploration of large cohorts by separating variant distributions across samples and genomic regions. Application of Mito_Plot to multi-sample mitochondrial sequencing datasets demonstrated robust handling of both variants with low and high MAF values, efficient processing of large cohorts, and improved interpretability compared with static or single-sample visualizations.<h4>Conclusions</h4>Mito_Plot is a scalable, user-friendly software pipeline for cohort-scale quantification and visualization of mtDNA MAF. By integrating standardized MAF calculation with interactive 2D and 3D visualizations, Mito_Plot facilitates comprehensive exploration of mitochondrial variant landscapes across large datasets. The open-source and modular design of the software supports reproducible research and flexible integration into existing analysis workflows, making Mito_Plot a practical resource for mitochondrial genomics research and clinical investigations.",Nakamura K; Matsumoto N; Okazaki Y,"Diagnostics and Therapeutics of Intractable Diseases, Intractable Disease Research Center, Graduate School of Medicine, Juntendo University, 2-1-1 Hongo, Bunkyo-Ku, Tokyo, 113-8421, Japan.",BMC bioinformatics,2026-05-25,10.1186/s12859-026-06476-2,13.0,"visualization(kw,title,abstract); visual(kw,title,abstract); data(kw,abstract)",Mitochondrial DNA; Data Visualization; Mitochondrial Heteroplasmy; Variant Analysis; Cohort-scale Analysis; Circular Genome
42185582,Global evolution of robot-assisted cholecystectomy research in the era of artificial intelligence: a bibliometric and knowledge-mapping study.,"<h4>Objective</h4>To systematically map the global evolution, collaborative networks, knowledge structure, and emerging research hotspots in robot-assisted cholecystectomy (RAC) using bibliometric and visualization techniques.<h4>Methods</h4>A comprehensive bibliometric analysis was conducted using the Web of Science Core Collection (2005-2025). Publications were retrieved using predefined search strategies and screened according to strict inclusion criteria. CiteSpace, VOSviewer, and R software were employed to analyze publication trends, co-authorship networks, institutional and national collaborations, co-citation patterns, keyword co-occurrence, and research bursts. Knowledge mapping techniques were used to visualize thematic evolution and intellectual structure.<h4>Results</h4>A total of 926 eligible publications were included. Global output demonstrated a continuous and marked increase, particularly after 2016, with citations following a similar upward trajectory, reflecting growing academic impact. The United States dominated both publication output and citation influence, while collaboration networks remained largely regionally clustered with limited cross-national integration. Research was primarily concentrated in high-impact surgical journals, with foundational contributions emphasizing feasibility, safety, and comparative effectiveness. Keyword and co-citation analyses revealed a knowledge structure centered on laparoscopic surgery, bile duct injury, and robotic systems, with emerging clusters highlighting artificial intelligence (AI) and surgical education. Evolutionary trajectory analysis demonstrated a transition from technical feasibility (early stage), to safety and evidence-based evaluation (middle stage), and to training and technological integration (recent stage). Burst detection further identified recent hotspots in AI, cost-effectiveness, and surgical training systems. Emerging evidence also indicates increasing integration of AI-driven systems into RAC, enabling intraoperative decision support, workflow recognition, and early-stage semi-autonomous surgical execution, particularly in standardized procedures such as cholecystectomy.<h4>Conclusion</h4>RAC research has evolved from early exploratory studies toward increasing technological integration and methodological refinement. Although RAC is not currently among the most dominant clinical indications for robotic surgery, it provides a valuable model for studying surgical standardization, training systems, and emerging intelligent surgical technologies. While current applications remain largely assistive, emerging advances in AI and robotic technologies suggest the potential for future development toward more intelligent and partially automated surgical systems. However, most evidence currently remains experimental and has not yet translated into widespread clinical practice. Future research should focus on strengthening global collaboration, improving high-quality evidence generation, and carefully evaluating the safety, feasibility, and clinical applicability of emerging intelligent surgical technologies.",Zhu C; Liu L; Liu N; Zhang R,"Central Laboratory, Clinical Medical Research Center, Linyi People's Hospital, Shandong Second Medical University, Shandong Province, 276000, Linyi, China.",Journal of robotic surgery,2026-05-26,10.1007/s11701-026-03492-5,12.1,"visualization(kw,abstract); visual(kw,abstract); artificial intelligence(kw,title,abstract)",Artificial intelligence; Cholecystectomy; bibliometrics; Robotic Surgery; Visualization Analysis
42216161,The impact of preoperative CT-based 3D visualization model on ureteric access sheath placement failure without pre-stenting.,"<h4>Background</h4>Placement failure of the flexible and navigable suction ureteral access sheath (FANS) with negative pressure suction may occur during retrograde intrarenal surgery (RIRS) due to ureteral stricture, hemorrhage, injury and other factors. This study aimed to investigate the predictive value of parameters from a 3D visualization model based on preoperative computed tomography (CT) for the failure of FANS placement without pre-stenting.<h4>Methods</h4>We retrospectively analyzed the clinical data of 113 patients who underwent RIRS at Chengdu Hospital of Integrated Traditional Chinese and Western Medicine. A 3D visualization model was constructed based on preoperative CT data to measure the lateral ureteral angle, intramural ureteral diameter, intramural ureteral length and pelvic ureteral diameter. A predictive model for failure of FANS placement without pre-stenting was established after univariate and multivariate analyses, and the model performance was evaluated by bootstrap internal validation, calibration curves, decision curve analysis (DCA) etc. RESULTS: Among the 113 patients, significant intergroup differences were observed between the successful placement group (n = 96) and the failed placement group (n = 17) in age (P = 0.010), lateral ureteral angle (P = 0.018), intramural ureteral diameter (P < 0.001) and pelvic ureteral diameter (P = 0.008). No significant intergroup differences were found in body mass index (BMI), stone CT value, stone size, stone number, gender, hydronephrosis, history of ipsilateral lithotripsy, preoperative fever history or intramural ureteral length (P > 0.05). Multivariate analysis identified intramural ureteral diameter (OR = 0.06, 95% CI: 0.01~ 0.29, P < 0.001) and pelvic ureteral diameter (OR = 0.26, 95% CI: 0.08 ~ 0.78, P = 0.017) as protective factors against placement failure, while the lateral ureteral angle (OR = 1.17, 95% CI: 1.04 ~ 1.31, P = 0.006) was a risk factor for placement failure. Due to sample size limitations, the lateral ureteral angle and intramural ureteral diameter were included in the predictive model based on the Bayesian information criterion (BIC). The area under the curve (AUC) of the model was 0.852 (95% CI: 0.763 ~ 0.941), and the AUC of internal validation via Bootstrap resampling (n = 1000) was 0.846 (95% CI: 0.808 ~ 0.860).<h4>Conclusions</h4>The intramural ureteral diameter and lateral ureteral angle measured by the 3D visualization model based on preoperative CT are powerful predictors for the failure of FANS placement without pre-stenting. The constructed predictive model exhibits good performance. However, further validation with multi-center and large-sample studies is still required.",Zhang Y; Hu C; Li H,"Department of Urology, Chengdu Integrated TCM & Western Medicine Hospital(Chengdu First People's Hospital), Chengdu, China.",BMC urology,2026-05-30,10.1186/s12894-026-02197-z,12.0,"visualization(kw,title,abstract); visual(kw,title,abstract); data(abstract)",3d Visualization; Rirs; Fans
42208041,Assigning Article-Level Themes in Bibliometric Analysis: Mode-Based Mapping Approach Using JMIR Aging Publications.,"<h4>Background</h4>Although clustering techniques are commonly used in bibliometric analysis to identify research themes, few studies systematically assign these themes back to individual articles. This gap limits the interpretability of findings and hinders granular, article-level longitudinal analysis.<h4>Objective</h4>This study introduces the Theme Assignment Algorithm for Articles (TAAA), a data-driven framework designed to map clustered themes to individual publications. We demonstrate its utility by identifying dominant research patterns and thematic shifts within JMIR Aging.<h4>Methods</h4>TAAA was applied to 434 JMIR Aging articles published between 2020 and 2025. Keywords were harvested from 3 sources: Web of Science Core Collection (WoSCC) Keywords Plus, author-provided keywords, and abstract-derived terms. These were grouped into thematic clusters using the ""following leader clustering algorithm"". The TAAA, implemented via R and a web-based application, determined each article's primary theme using a statistical model to create a discrete article-level variable. Core themes were identified via h-index computation. Analytical visualization included Kano and Sankey diagrams, alongside volcano plots and heatmaps. The framework's robustness was further tested by applying a ""differentially expressed genes"" analogy to map ""unknown"" core metadata across ""known"" pre/post publication stages using Cohen kappa as the extent of mapping power.<h4>Results</h4>Analysis across the 3 keyword sources yielded 9, 7, and 9 core themes, respectively. The most prominent themes identified were HEALTH (39.4%), OLDER ADULTS (43.1%), and DEMENTIA (25.3%). Notably, DEMENTIA emerged as a consistent core theme across all sources and visual layers, validating the TAAA's ability to capture cross-source thematic coherence. The adaptation of dual heatmaps demonstrated the algorithm's capacity for comparative bibliometric mapping in JMIR Aging. A mapping precision of 0.33 provided quantitative evidence of a 2-stage publication pattern, though the separation between stages was not strictly confined to predefined time intervals.<h4>Conclusions</h4>The TAAA framework provides a replicable, scalable, and interpretable method for article-level thematic assignment. Its ability to uncover consistent research patterns-specifically the dominance of dementia-related studies in JMIR Aging-demonstrates its value for bibliometricians and its potential adaptability to other domains, such as bioinformatics-inspired meta-analyses.",Ho SY; Tsai KT,"Department of Emergency Medicine, Chi Mei Medical Center, No. 901, Chung Hwa Road, Yung Kung Dist, Tainan, Taiwan.",JMIR aging,2026-05-28,10.2196/79906,10.0,"visual analytics(kw); visualization(abstract); visual(kw,abstract); data(abstract); informatics(abstract)",Visual Analytics; Bibliometric Analysis; R Programming; Flca Clustering; Following Leader Clustering Algorithm; Theme Assignment
42210772,Embracing technology to improve peripheral intravenous access and care: A consensus statement from vascular access experts and patients.,"<h4>Background/objectives</h4>To develop expert consensus on peripheral venous access devices (PVAD) and associated care practices, and to formulate guidance recommendations aimed at improving peripheral venous access and management, including the integration of vein visualization technology. This is particularly important for patient populations with peripheral venous depletion, who often present with compromised vasculature that complicates successful PVAD access and increases the risk of complications. Preserving vascular integrity in these patients is essential for maintaining treatment pathways and preventing long-term vascular damage.<h4>Methods</h4>A multi-phase approach to consensus development was used consisting of the following: (1) a literature review, (2) a survey and consultation with a vascular access expert panel (<i>n</i> = 9), and (3) a consultation meeting with patient and public representatives (<i>n</i> = 2).<h4>Results</h4>Survey results and consultation findings from the expert panel demonstrated consensus for 14 of 24 statements. Further analysis resulted in a total of four key problem statements on peripheral venous access and care, and 11 recommendations for future development. Following review by patient and public representatives, three additional recommendations were added, and three existing recommendations were refined. The final consensus statement reflects four problem statements with 14 recommendations.<h4>Conclusion</h4>This expert consensus presents 14 evidence-informed statements designed to strengthen practice, improve patient safety, and enhance clinician confidence and competence. Central to these recommendations is the adoption of routine structured pre-insertion vessel assessment using vein visualization technology where appropriate to minimize vessel trauma, and promote more consistent, high-quality vascular access care.",Spencer TR; Strain B; Hadaway L; Schears G; Steere L; Hopkins T; Weathers E,"Global Vascular Access, LLC, Scottsdale, AZ, USA.",The journal of vascular access,2026-05-29,10.1177/11297298261451300,7.5,"visualization(kw,abstract); visual(kw,abstract)",Technology; Catheterization; Nursing; Peripheral; Health Care Technology; Vascular Access Devices; Vein Visualization
42201543,"Development of a serverless, interactive application for Alzheimer's disease detection and visualization using MRI images.","BackgroundAlzheimer's disease requires early detection for effective intervention with disease-modifying treatments, yet significant implementation barriers persist in clinical practice, including limited computational infrastructure and the gap between research model performance and practical deployment in resource-constrained settings.ObjectivesTo develop and evaluate a computer-aided diagnosis system for classifying cognitive states (AD, MCI, and CN) from structural MRI, with automated preprocessing and cost-effective cloud deployment suitable for resource-constrained healthcare facilities.DesignComputer-aided diagnosis system integrating neural architecture search with serverless cloud infrastructure.MethodsA multi-view MRI analysis model was optimized through neural architecture search, incorporating Universal Inverted Bottleneck blocks and Kolmogorov-Arnold Networks. Automated MRI preprocessing using FSL was deployed through cloud-based serverless functions for scalable image processing. Evaluation used the ADNI dataset (1687 individuals: 368 AD, 625 MCI, and 694 CN). A web application was developed providing patient management, MRI visualization, and automated diagnostic prediction.ResultsThe model achieved 86.7% accuracy and 0.900 AUC in three-class classification with 1.7 million parameters. High specificity was observed across all classes (CN: 91.0%, MCI: 91.8%, AD: 97.3%), with 100% CN-AD specificity ensuring no AD cases were misclassified as cognitively normal. Operational costs were approximately 0.028 USD per diagnosis for typical hospital workloads.ConclusionThis system provides a cost-effective approach for early Alzheimer's diagnosis accessible to resource-constrained environments. Despite challenges in MCI classification, the combination of neural architecture search with serverless deployment demonstrates progress toward clinically deployable automated AD detection. Future work should focus on prospective clinical validation and integration of interpretability features.",Huynh T; Nguyen M; Ha HTT; Ngo L,"School of Biomedical Engineering, International University, Ho Chi Minh City, Vietnam.",The neuroradiology journal,2026-05-27,10.1177/19714009261456608,7.0,"visualization(title,abstract); visual(title,abstract); data(abstract)",Alzheimer’s disease; Fmrib Software Library; Serverless Computing; Neural Architecture Search; Kolmogorov–arnold Networks; Universal Inverted Bottleneck; Mri Images Processing
42210392,Application of SHAP visualization and nomogram based on PET/CT radiomics combined models for risk stratification in high-grade invasive lung adenocarcinoma. ,"This study aimed to develop and validate a PET/CT radiomics combined model integrated with visualization tools for preoperative risk stratification of high-grade invasive lung adenocarcinoma (ILA). A total of 202 ILA patients with 207 pathologically confirmed lesions were retrospectively enrolled and randomly divided into training (70%) and validation (30%) sets. Patients with ≥ 20% micropapillary or solid subtypes were classified as the high-risk group. Multivariate logistic regression was used to develop combined clinical and radiomics models. Model performance was evaluated using ROC, calibration, and decision curve analyses, and visualized with Shapley Additive exPlanations (SHAP) and a nomogram. The combined model demonstrated superior diagnostic performance, with higher AUCs (Delong test, all P < 0.05) and calibration curves (Hosmer-Lemeshow test, all P > 0.05), outperforming the clinical model in both the training and validation datasets. It also provided greater clinical net benefit across the central decision threshold range of 0.15 to 0.85. SHAP analysis identified Radscore and SUVmax (mean SHAP values = 0.35 and 0.2, respectively) as the primary risk factors for high-grade ILA. We validated a PET/CT-based combined model utilizing SHAP analysis and a nomogram for preoperative risk stratification in high-grade ILA. The model exhibits high accuracy, commendable calibration, and clinical benefit. This noninvasive, interpretable instrument facilitates objective risk assessment, personalized decision-making, and precise management for ILA.",Ma N; Du H; Wu Y; Li Z; Li J; Lin X; Yu D; Zhang Y; Dong M,"Department of Nuclear Medicine, Peking University Shenzhen Hospital, Shenzhen, Guangdong Province, 518000, China.",Journal of translational medicine,2026-05-28,10.1186/s12967-026-08338-0,7.0,"visualization(title,abstract); visual(title,abstract); data(abstract)",
42189224,High-resolution intraoral ultrasonography of the intrinsic tongue muscles: detailed anatomical visualization.,"<h4>Purpose</h4>The tongue plays a key role in speech and swallowing, and its intrinsic muscles enable fine coordinated movements. High-resolution ultrasonography is a non-invasive method that allows detailed visualization of tongue structures and blood vessels. This study investigated the morphology of the intrinsic tongue muscles and deep lingual artery by correlating the high-resolution intraoral ultrasonography with known anatomical structures.<h4>Methods</h4>Ultrasonographic examinations were performed on 33 Korean adults (6 males and 27 females; mean age: 34.9 ± 12.3 years) using a B-mode system with a 15 MHz hockey-stick transducer. Five predefined areas on the dorsal and lateral tongue surfaces were systematically scanned. A total of 182 images were acquired to evaluate intrinsic tongue structures and the deep lingual artery. Muscle visualization rates were summarized descriptively, and Fisher's exact test was used to examine age-related differences in visualization status.<h4>Results</h4>The intrinsic tongue muscles (superior longitudinal, transverse lingual, vertical lingual, and inferior longitudinal muscles) were distinctly visualized in layered structure from surface inward. Muscle separation was clear on the dorsal surface, though vertical and transverse lingual muscles appeared in the same layer. Visualization detail decreased slightly in the tongue tip and lateral regions. The deep lingual artery was identified in 70.6% of participants, primarily in the anterior tongue, at a mean depth of 0.9 cm (range, 0.6-1.2 cm). An age-related trend toward lower visibility of the right vertical lingual muscle was observed in older participants (P = 0.123).<h4>Conclusion</h4>High-resolution intraoral ultrasonography successfully provided detailed, anatomically consistent visualization of intrinsic tongue muscles and the deep lingual artery, supporting its utility for both clinical assessment and educational purposes.",Ji HJ; Heo YR; Piao JZ; Gil YC; Hu KS; Kim HJ,"Division in Anatomy and Developmental Biology, Department of Oral Biology, Yonsei University College of Dentistry, Seoul, South Korea.",Surgical and radiologic anatomy : SRA,2026-05-26,10.1007/s00276-026-03908-9,6.5,"visualization(title,abstract); visual(title,abstract)",Inferior Longitudinal Muscle; Superior Longitudinal Muscle; Deep Lingual Artery; High-resolution Intraoral Ultrasonography; Transverse Lingual Muscle; Vertical Lingual Muscle
42210785,Asymmetrically Coordinated Dual-Atom Manganese Contrast Agents Enabling High-Efficiency T1 Enhanced MRI for Precise Tumor Visualization.,"Achieving atomically precise control over paramagnetic coordination environments is challenging because relaxivity's sixth power dependence on metal water distance demands sub-angstrom precision while also requiring rapid water exchange, two inherently competing requirements in conventional systems. Here, leveraging dual-atom coordination engineering as a rational material design strategy, we successfully synthesized a novel dual-atom manganese-based platform featuring a well-defined asymmetric Mn<sub>2</sub>-N<sub>3</sub>O<sub>3</sub> geometry anchored on hierarchical boron nitride (Mn-BN). Notably, this atomic-level engineering achieves T1 relaxivity of 36.27 mM<sup>-1</sup> s<sup>-1</sup> at 3.0 T and 15.86 mM<sup>-1</sup> s<sup>-1</sup> at 7.0 T, approximately 10-fold higher than those of clinical agents. Combining advanced characterizations with theoretical calculations reveals that adjacent asymmetrically coordinated Mn centers generate cooperative electronic effects that lower water adsorption energy and shorten the Mn-H distance, thereby enhancing water exchange and optimizing dipole-dipole interactions. The Mn-BN exhibits specific magnetic resonance imaging (MRI) T1 signals for accurate tumor boundary visualization, meanwhile preferential hepatocyte uptake through specific transporters creates differential enhancement for sensitive liver metastases detection. This work positions dual-atom coordination engineering as an effective materials design strategy for precise enhancement of MRI properties, providing new opportunities for developing advanced contrast agents with tailored biological interactions and extended imaging windows.",Yang D; Li QY; Liang J; Li G; Sun N; Song Q; Zhu H; Li X; Li Z; Dong J; Guo W; Xiao Y; Lee CS; Sun YS,"Department of Radiology, Key Laboratory of Carcinogenesis and Translational Research (Ministry of Education/Beijing), Peking University Cancer Hospital and Institute, Beijing, P. R. China.","Advanced science (Weinheim, Baden-Wurttemberg, Germany)",2026-05-29,10.1002/advs.75644,6.5,"visualization(title,abstract); visual(title,abstract)",Mri Contrast Agents; Asymmetric Coordination Geometry; Dual‐atom Manganese; Hepatocyte‐specific Imaging; Hierarchical Boron Nitride
42185997,Spatial synergy in the digital era: a geo-analytics framework for detecting regional health patterns in urban smart city development.,"<h4>Background</h4>With enhanced digitization of large-scale health and socio-economic data, it has generated new opportunities and challenges in the processes and planning of smart cities in the cities and public health. It is increasingly becoming necessary to have combined analytical frameworks that are able to work out these data into actionable information in dealing with health disparities. The paper hypothesizes a geospatial analytical model, the Spatial Health Information Tool (SHIT), which can be used to study health inequity at the county level in the United States METHODS: The framework was constructed with the help of the CDC PLACES 2024 data that comprised 3,142 counties and 40 health measures. To determine the spatial autocorrelation and geographic hot spots of unfavorable health outcomes, spatial statistical tools, such as Global Moran I, Local Moran I and Getis-Ord statistics were used. DBSCAN was used to perform density-based clustering to identify spatial groups of counties that were similar in their risk profiles. Besides, a random forest regression was also used to assess predictive relations between identified risk factors and health outcomes, which allowed considering the relative significance of determinants that led to health disparities. In an attempt to further encode spatial relationships among neighboring regions, a Graph Neural Network (GNN) was used to encode spatial relationship across counties. Moreover, a composite Health Vulnerability Index was computed by summing up the choice of health indicators into a normalized score in order to determine counties with high cumulative health risk. To enhance the explanatory power of the analytical findings, the Explainable Artificial Intelligence (XAI) methods were included to determine the most significant determinants of health inequalities. This element enables the framework to connect the spatial health patterns with their socioeconomic or behavioral risk factors. The framework has been equipped with interactive visualization modules, such as choropleth maps, scatterplots, spatial queries, and three-dimensional prevalence surface maps as support of the exploratory spatial analysis.<h4>Results</h4>The presented framework was able to find statistically significant spatial clusters of health disparities at the county-level in the U.S and found specific geographic patterns of high disease burden and high prevalence of risk factors. The clustering based on density also demonstrated clusters of counties with comparable vulnerability patterns. The random forest analysis revealed that there are significant predictive relationships between socio-economic and behavioral risk factors and unfavourable health outcomes and some of the major determinants are consistently at the top of feature importance. The predictions of the Graph Neural Network also demonstrated patterns of spatially correlated patterns of health risk between neighboring counties, proving the existence of regional health disparities. Besides that, an index of Health Vulnerability helped identify the counties where several health risk factors are combined, which is a convenient measure to inform the priorities of specific public health interventions. Explainable AI analysis also demonstrated the most important determinants and linked with unfavorable health outcomes and offered a way to interpret the reasons behind the regional health disparities. The interactive modules allowed the stakeholders to visually examine these patterns and relationships in an easy and user-friendly way.<h4>Conclusions</h4>The SHIT framework is a powerful decision-support system that can be used to investigate the issue of health inequities because it combines open health data, spatial statistics, and clustering methods with machine learning in a single and interactive system. The method produces policy-relevant details that might be used to inform specific interventions, equal distribution of resources and infrastructural planning. The present work illustrates the positive value of spatial big data analytics in enhancing smart city management plans and helping to advance the quality and health of the population.",Chauhan R; Jena M; Yafi E; Zuhairi MF,"Artificial Intelligence and IoT lab, Centre for Computational Biology and Bioinformatics, Amity University, Noida, India.",BMC public health,2026-05-25,10.1186/s12889-026-27688-4,6.0,"visualization(abstract); visual(abstract); artificial intelligence(abstract); machine learning(abstract); data(kw,abstract)",Spatial autocorrelation; Dbscan; Random Forest Regressor; Data In Healthcare; Gis-based Decision Support; Geo-spatial Analytics
42186087,Construction of a sports bio mechanical injury prediction and AI warning system based on wearable sensors.,"<h4>Background</h4>Real-time warning and prevention of sports injuries are core challenges in the fields of sports medicine and health management. Traditional methods rely on single sensor data and static threshold rules, which have problems such as single monitoring dimension, high false alarm rate, and insufficient real-time performance, making it difficult to meet the precise prevention and control needs in complex motion scenes.<h4>Methods</h4>In response to the above issues, this study proposes a sports biomechanical injury prediction and real-time warning system based on wearable sensors. Through multimodal data fusion, lightweight model design, and a dynamic adaptive mechanism, the system enables accurate identification and real-time intervention for high-risk movements. The system integrates nine-axis inertial sensors, flexible strain sensors, and plantar pressure sensing arrays to synchronously collect multidimensional biomechanical parameters (e.g., joint kinematics, local tissue deformation, and ground reaction forces). By combining an improved hybrid neural network architecture, extracting spatiotemporal features, and dynamically weighting key action segments, the system significantly enhances the sensitivity and specificity of injury prediction. Through the edge computing optimization strategy, the model is quantized and compressed to 8-bit integer, and the end-to-end delay is controlled at the millisecond level. Power consumption is reduced sufficiently to support embedded deployment.<h4>Results</h4>Experimental validation showed that the dynamic threshold adjustment mechanism reduced both the false alarm rate and the missed alarm rate on the same evaluation set. In basketball stop-jump tasks, the system identified elevated knee valgus risk before the left-knee peak angle reached 16.2° at 400 ms. In long-distance running surveillance, progressive gait asymmetry was detected by Week 3 in the high-risk group, and peak load decreased by 18% after intervention. Together, these findings support the value of synchronized multimodal sensing, serial deep learning, and adaptive warning logic for proactive sports injury prevention.<h4>Conclusions</h4>Future work will focus on multi center data sharing, wearable exoskeleton linkage intervention, and augmented reality visualization feedback under the federated learning framework, further expanding the application scenarios and clinical value of the system.",Feng Y; Ma Z,"Faculty of Sports Science and Technology, BangkokThonburi University, Bangkok, 10170, Thailand.","BMC sports science, medicine & rehabilitation",2026-05-26,10.1186/s13102-026-01761-2,4.0,"visualization(abstract); visual(abstract); data(kw,abstract)",Multimodal Data Fusion; Wearable Sensors; Edge Computing; Dynamic Threshold Adjustment; Real-time Warning System; Sports Biomechanical Injuries
42213562,PRAD++: Towards Robust Periapical Radiograph Analysis through Dataset and Model Advancements.,"With the growing application of deep learning (DL) in dental image analysis, numerous datasets and models have been proposed. Periapical radiographs (PR), as one of the most common imaging modalities in clinical dentistry, play a critical role in endodontics. However, due to the high cost of manual annotation and interpretation challenges caused by poor projection and imaging artifacts, publicly available high-quality PR datasets remain scarce, severely limiting the development of DL-based PR analysis models that rely on large-scale annotated data. To address this issue, we introduce PRAD++, a large-scale PR analysis dataset annotated by clinical experts, consisting of 10,000 PR images with multi-level annotations, including 9 pixel-level segmentation categories and 17 image-level classification labels. Building upon PRAD++, we propose PRNet++, an end-to-end PR analysis network. The framework leverages the Multi-scale Wavelet Convolution (MWCN) network and the Channel Fusion Attention (CFA) mechanism to effectively model and integrate multi-scale features. In addition, an Expert Prior Injection (EPI) loss is designed to incorporate domain-specific dental knowledge into the learning process, refining classification predictions based on segmentation outputs to ensure accuracy and clinical interpretability. Extensive experiments on the PRAD++ dataset demonstrate that PRNet++ consistently outperforms state-of-the-art (SOTA) methods, achieving an average DSC of 81.25% for segmentation, alongside macroand micro-averaged PR-AUCs of 66.58% and 79.10% for classification. Significantly surpassing the runner-up, PRNet++ exhibits enhanced robustness and interpretability in clinically challenging categories. Furthermore, comprehensive ablation and visualization analyses validate the efficacy of individual components and the parameter sensitivity of the EPI loss.",Zhou Z; Zhang Y; Wang P; Guan X; Li T,,IEEE transactions on medical imaging,2026-05-29,10.1109/tmi.2026.3698273,3.8,"visualization(abstract); visual(abstract); data(title,abstract)",
42178936,[Clinical practice guidelines for the application of intelligent technology in spinal surgery (2026 edition)].,"In response to the challenges of insufficient precision and limited safety associated with traditional techniques in the diagnosis and treatment of complex spinal diseases, intelligent technologies-represented by 3D visualization, additive manufacturing (3D printing), surgical navigation and robotics, artificial intelligence, and telemedicine-are driving spine surgery into a new era of precision and personalized treatment. However, there is currently a lack of standardized protocols or guidelines for the clinical application of these intelligent technologies in spine surgery. To standardize and promote their clinical use, this guideline was developed through an initiative led by the Spinal Trauma Group of the Chinese Association of Orthopaedic Surgeons (CAOS) and the Intelligent Orthopaedics Group of CAOS, in collaboration with Shaanxi Medical Doctor Association Professional Committee on Orthopaedic Minimally Invasive Surgery. Multidisciplinary experts participated, formulating recommendations based on evidence-based medicine and multi-center Delphi expert consensus. This guideline systematically summarizes the application scope of intelligent technologies in spine surgery, covering six aspects: 3D visualization, 3D printing, surgical navigation and robotics, artificial intelligence, telemedicine, and the implementation of intelligent technologies. It finally forms 15 recommendations, clarifies the applicable scenarios, evidence levels, and recommendation strength for each technology, and aims to promote their scientific, standardized, and efficient application, provide practical suggestions for medical institutions at different levels, and ultimately enhance the overall clinical diagnosis and treatment level and clinical decision-making support capacity in spine surgery.",; ; ,,Zhonghua yi xue za zhi,2026-05-25,10.3760/cma.j.cn112137-20260207-00414,3.5,visualization(abstract); visual(abstract); artificial intelligence(abstract),
42200731,The expanding horizon: Role of widefield imaging in uveitis.,"Conventional retinal imaging has historically been limited to the posterior pole, capturing only 30-50° field-of-view. The advent of widefield (WF) and ultra-widefield (UWF) imaging (WFI) technology has transformed this landscape, enabling visualization of up to 200° of retina in a single capture. This expanded field-of-view has revealed changes to help document peripheral retinal pathology like vascular leakage, areas of capillary nonperfusion, and early neovascularization, which was previously invisible to standard imaging, fundamentally changing how we stage disease, assess prognosis, and guide treatment decisions. WFI detects subclinical posterior involvement in a substantial proportion of patients initially classified as having anterior uveitis alone, necessitating diagnostic reclassification and treatment escalation in many cases. Beyond improved visualization, WFI has enabled objective quantification of disease burden through metrics such as leakage index and ischemic index. These continuous numerical biomarkers have largely replaced subjective clinical grading, providing standardized endpoints suitable for clinical trials and precision medicine applications. Recent advances in WF optical coherence tomography (OCT) and OCT angiography (OCTA) reveal layer-specific microvascular patterns and quantifiable perfusion deficits, offering unprecedented insight into disease mechanisms. Serial WF examinations document treatment response objectively, allowing clinicians to recognize therapeutic efficacy or failure earlier than subjective clinical assessment alone permits. Integration of quantitative WF metrics with artificial intelligence shows promise for automated objective analysis and prognostic modeling. This narrative review synthesizes the evidence supporting WFI across diagnostic applications, biomarker quantification, treatment guidance, complication detection, and treatment monitoring in uveitis. We examine practical implementation strategies, standardization efforts, and emerging technologies poised to advance the field further.",Sheth JU; Karande S; Meshram B; Saxena D; Tyagi M,"Department of Retina, Uvea, and ROP Services, Shantilal Shanghvi Eye Institute, Mumbai, Maharashtra, India.",Indian journal of ophthalmology,2026-05-27,10.4103/ijo.ijo_2978_25,3.5,visualization(abstract); visual(abstract); artificial intelligence(abstract),Fluorescein angiography; Uveitis; optical coherence tomography; Retinal Vasculitis; Widefield Imaging
42202996,"Social Determinants of Retail Food Safety Inspection Performance: A Franklin County, Ohio Case Study. ","Retail food safety inspections are an essential public health tool for preventing foodborne disease. While data generated through inspections have frequently been analyzed to identify foodborne disease risk factors, few analyses have considered how social determinants of health (SDOH) are associated with retail food safety inspection performance. This study aimed to evaluate various statistical and spatial methods that could be used to understand associations between retail food safety inspection performance and SDOH in Franklin County, Ohio. Data visualization, correlation, and regression approaches were used to explore how community-level SDOH metrics were associated with overall patterns of inspection performance. Correlation approaches for aggregate measures of inspection performance at the census tract level identified few significant associations between inspection performance and SDOH metrics. However, regression models identified several SDOH metrics significantly associated with the number of total or critical violations observed during routine inspections. Notably, associations between inspection performance and SDOH metrics changed when controlling for the inspector, suggesting that inspector variability is important to consider when evaluating associations between retail food safety inspection performance and SDOH. The analyses presented here provide a case study for how associations between inspection performance and SDOH metrics can be investigated. Identifying SDOH metrics associated with poorer food safety inspection performance can inform the allocation of resources to foodborne disease prevention activities.",Howell A; Evans A; Jensen S; Arnold NL; Kowalcyk B,"Department of Food Science and Technology, The Ohio State University, Columbus, Ohio, United States.",Annals of epidemiology,2026-05-26,10.1016/j.annepidem.2026.110124,3.0,visualization(abstract); visual(abstract); data(abstract),
42205875,Spatio-temporal optical coherence imaging and tomography for <i>in vivo</i> applications. ,"Strong scattering in biological tissues limits the achievable imaging depth and produces noiseboth coherent and incoherentthat impairs contrast in volumetric in vivo reconstructions. By dynamically tailoring spatial and temporal coherence to suppress scattered photons, spatio-temporal optical coherence imaging (STOC) enables high-contrast, high-resolution in vivo visualization, with direct applications in ophthalmic diagnostics and complex tissue imaging. The primary aim of this work is to formalize and validate the theoretical foundations and practical implementations of STOC and its three-dimensional volumetric extension, spatio-temporal optical coherence tomography (STOC-T). Specifically, the study seeks to demonstrate their ability to enhance imaging performance in scattering media, benchmark against current optical coherence methods, and assess their readiness for clinical application. This work mainly reviews advances in spatio-temporal optical coherence imaging and tomography, and includes an original description of filtering multiply scattered signals derived from a generalized diffraction model, showing that application of STOC-T obeys the first Born approximation. Spatio-temporal optical coherence Imaging and tomography markedly improved image fidelity in highly scattering media, demonstrated by enhanced fringe contrast and reduced incoherent background across phantoms and biological tissues. STOC-T achieved high-resolution, high-contrast in vivo visualization of challenging structures, including retinal layers and choroidal microvasculature, with markedly improved delineation compared with conventional coherence imaging. Quantitatively, STOC-T extended effective imaging depth while preserving lateral resolution ( ∼5  μm ) and exhibited coherence noise suppression and high phase stability. Performance metrics revealed contrast improvements in retinal ganglion cell soma imaging, with shot-noise-limited sensitivity attainable under appropriate conditions. Practical limitations such as high data volume, camera bandwidth demands, and computational load were identified, alongside potential pathways for further enhancement through optimized phase coding and adaptive acquisition strategies. Spatio-temporal optical coherence imaging and tomography enable high-contrast, deep volumetric imaging with improved resolution by combining phase modulation, spectral sweeping, and coherence control. Validated in vivo, it resolves fine retinal/choroidal structures beyond conventional OCT limitations. Its simple hardware and computational emphasis position it for clinical translation, despite challenges in data volume and acquisition demands.",Wojtkowski M,"International Centre for Translational Eye Research, Warsaw, Poland.",Journal of biomedical optics,2026-05-25,10.1117/1.jbo.31.11.113504,3.0,visualization(abstract); visual(abstract); data(abstract),
42216664,"Bibliometric analysis of natural medicine in the treatment of Alzheimer's disease: Trends, hotspots, and emerging research fields.","BackgroundAlzheimer's disease (AD) is a progressive neurodegenerative disorder whose global prevalence continues to rise, yet treatment options are still limited. Natural medicines, with their potential for multi-target intervention, have become a key direction in AD drug development. However, a systematic overview of research trends in this field based on bibliometric methods is currently lacking.ObjectiveThis study aims to summarize research progress on natural medicines for AD treatment using bibliometric analysis and to identify future research hotspots and trends.MethodsRelevant publications were retrieved from the Web of Science Core Collection. Data visualization and analysis were conducted using VOSviewer, CiteSpace, and R.ResultsA total of 3800 publications were included, involving contributions from 108 countries/regions, 4024 institutions, 18,729 authors, and 706 journals. Publication output showed steady growth, with China and India as the leading contributing countries. Institutions such as the Chinese Academy of Sciences and Kyung Hee University demonstrated high productivity and influence. The research focus has shifted from initial clinical pharmacology and molecular pathology to exploring multi-target mechanisms of natural medicines through network pharmacology and molecular docking. Promising natural agents include Ginkgo biloba, ginseng, curcumin, resveratrol, and Centella asiatica.ConclusionsResearch on natural medicines for AD has progressed steadily over the past two decades, with current emphasis on elucidating multi-target mechanisms using emerging technologies. However, clinical evidence remains limited. Future studies should strengthen multi-omics integration and clinical translation to foster innovative AD prevention and treatment strategies.",Wen T; Zhu T; Zhou LY; Ran Z; Chen L; Wang WJ,"Department of Laboratory Medicine, Shifang People's Hospital, Shifang, China.",Journal of Alzheimer's disease : JAD,2026-05-30,10.1177/13872877261451887,3.0,visualization(abstract); visual(abstract); data(abstract),Alzheimer's disease; Treatment; Bibliometric Analysis; Application Trends; Natural Medicines
42192298,A hybrid SE-ResNet50 deep learning framework for high-accuracy and explainable cotton leaf disease classification.,"Cotton production is highly vulnerable to foliar diseases and pest-induced damage, which significantly reduce yield and compromise fiber quality. Rapid, reliable, and automated disease identification is therefore essential for supporting sustainable crop management. In this study, we propose a hybrid deep learning framework integrating a ResNet50 backbone with Squeeze-and-Excitation (SE) channel attention modules to enhance discriminative feature representation for cotton leaf disease classification. The model is trained on a publicly available disease dataset comprising six classes and optimized using Weighted CrossEntropyLoss, Adam optimization, ReduceLROnPlateau scheduling, and Early Stopping to ensure stable convergence and robust generalization. Experimental results demonstrate outstanding performance, achieving 99.72% training accuracy and 99.31% validation accuracy, with convergence at the 14th epoch. Visualization through Grad-CAM reveals that the model focuses on biologically relevant symptom regions, thereby enhancing interpretability and supporting expert validation. Comparative analysis with state-of-the-art methods shows that the proposed model surpasses existing CNN, transfer learning, and hybrid architectures in both accuracy and model transparency. These results indicate that the proposed SE-ResNet50 framework offers a highly accurate, interpretable, and computationally efficient solution suitable for real-world cotton disease monitoring and precision agriculture applications.Clinical trial registrationThis study is not a clinical trial; therefore, clinical trial registration is not applicable.",Aslan E; Özüpak Y,"Faculty of Engineering and Architecture, Mardin Artuklu University, Mardin, Turkey.",BMC plant biology,2026-05-27,10.1186/s12870-026-08960-6,3.0,visualization(abstract); visual(abstract); data(abstract),Deep Learning; Explainable Ai; Cotton Disease Detection; Se-resnet50
42189261,Empowering prevention: uterine cancer awareness and advocacy in the digital age and world of social media.,"<h4>Purpose</h4>We aim to evaluate the reach, engagement, and evolution of the inaugural Uterine Cancer Awareness Month (UCAM) social media campaign (2023-2024) on Twitter/X, focusing on user participation, content trends, and key influencers.<h4>Methods</h4>We conducted a social network analysis of Twitter/X posts using the hashtags #endometrialcancer, #uterinecancer, and #wombcancer over three years (2022-2024). Data were collected and analysed using NodeXL Pro, utilizing the Clauset-Newman-Moore and Harel-Koren Fast Multiscale algorithms for cluster and layout visualization.<h4>Results</h4>In 2022, 343 users generated 557 interactions, emphasizing health disparities and symptom awareness. The engagement peaked in 2023 with 302 users and 731 interactions, driven by strategic hashtag use and awareness efforts. A decline was noted in 2024 with 237 users and 484 interactions. Word pair analysis showed evolving themes, from general symptom awareness in 2022 to targeted messaging around advanced cases and recurrence in 2024.<h4>Conclusion</h4>The UCAM-social media campaign showed promising initial growth but experienced a decline in engagement by 2024, highlighting the need for sustained and diversified strategies. Our study, which assessed the campaign's impact over a period exceeding one year, a rarity in the current literature, highlights critical insights for future initiatives.",Bilir E; Ahmed W; Derin X; Kacperczyk-Bartnik J; Fotopoulou C; Nasser S,"Department of Gynecologic Oncology, Koç University School of Medicine, Koç Üniversitesi Rumelifeneri Yolu, 34450, Sarıyer, Istanbul, Turkey.",Archives of gynecology and obstetrics,2026-05-26,10.1007/s00404-026-08438-8,3.0,visualization(abstract); visual(abstract); data(abstract),Communication; Endometrial Cancer; Social Network Analysis; Social Media; Digital Media; Uterine Cancers
42217814,Multifunctional saponin-based nanocarriers for targeting oral delivery of hydrophobic drugs: linking molecular architecture with bioavailability enhancement. ,"The oral performance of Biopharmaceutics Classification System (BCS) Class II and IV drugs is primarily limited by poor aqueous solubility and intestinal efflux, resulting in low, variable absorption. Saponins, amphiphilic natural glycosides, have gained recognition as biogenic multifunctional excipients for integrated absorption enhancement strategies. This review synthesizes a comprehensive structure-function-bioavailability (SFB) knowledge base, relating individual saponins and derived nanocarriers' molecular architecture to micelle formation, self-assembly interactions, nanostructure formation, and quantifiable pharmacokinetic (PK) endpoints. Signalling factors including aglycone formulation type, log P, sugar chain length and branching, and HLB govern critical micellar concentration, nanostructure persistence, drug loading, cellular membrane dynamics, and modulation of intestinal efflux. Selected drug-saponin systems are used to compare diverse nanocarrier formats, for example, micelles, nano emulsions, liposomes, solid lipid nanoparticles, and silk-like nanostructures, with individual BCS Class II drugs, using both experimental and theoretical PK data. These nanocarriers achieve nanoemulsion stabilization, mucus penetration, cell membrane disruption, tight junction opening, and efflux pump inhibition, leading to significantly enhanced oral absorption (2-7 × increases in bioavailability, with dose reduction). This work defines the visualization and design rules essential to guide future nanocarrier optimization and clinical translation.",Kumar A; Rathore G; Verma A; Singh RP,"Department of Pharmaceutics, Teerthanker Mahaveer College of Pharmacy, Teerthanker Mahaveer University, Moradabad 244001, Uttar Pradesh, India. Electronic address: avnish.ak2001@gmail.com.",International journal of pharmaceutics,2026-05-29,10.1016/j.ijpharm.2026.127035,3.0,visualization(abstract); visual(abstract); data(abstract),
42218452,The evolution of EBV DNA as a biomarker in nasopharyngeal carcinoma immunotherapy: a bibliometric and knowledge mapping analysis. ,"The treatment response to immunotherapy for nasopharyngeal carcinoma (NPC) exhibits significant interindividual variability. As a biomarker closely associated with NPC, Epstein-Barr virus (EBV) DNA holds substantial importance in this research context. However, there is still an insufficient comprehensive assessment of the current research status and development trends of EBV DNA as a biomarker for NPC immunotherapy in the existing literature. In this study, we conducted a bibliometric analysis of 164 original English articles and reviews on EBV DNA as a biomarker in NPC immunotherapy, utilizing the WoSCC database along with CiteSpace and Bibliometrix software tools. The analysis and visualization were performed from the following aspects: publication trends, country/region distribution, keyword co-occurrence networks, patterns of co-authorship and co-citation, and the evolution of cited journals and themes. Since 2017, research in this area has developed rapidly, with China and the United States being the two main contributors. The primary research hotspots include PD-1 inhibitors, antitumor activity, and exploration of molecular mechanisms. The field showed a clear shift from traditional themes centered on tumor burden, recurrence, radiotherapy, and prognosis toward immunotherapy-related themes, including PD-1, clinical trials, and dynamic monitoring. EBV DNA is increasingly viewed as a dynamic biomarker that integrates viral biology, tumor burden, and treatment response in NPC. Plasma EBV DNA is mainly derived from apoptotic or necrotic EBV-positive tumor cells, making its baseline level a surrogate of systemic tumor burden. Its kinetic changes during immunotherapy indicate tumor control, while fluctuations or elevations reflect combined effects of tumor destruction, viral reactivation and host immunity. Its value in prognostic stratification and dynamic monitoring has been relatively well established. Broader clinical use will require assay standardization and prospective validation.",Chen Y; Chen Q; Zou X; Nong W; Lu T; Xie S; Deng W; Li M; Lan G; Wang G; Qu S,"Department of Otolaryngology & Head and Neck, People's Hospital of Guangxi Zhuang Autonomous Region, No. 6 Taoyuan Road, Qingxiu, Nanning, 530021, Guangxi, China.",Virology journal,2026-05-30,10.1186/s12985-026-03197-z,3.0,visualization(abstract); visual(abstract); data(abstract),
42215801,An in-house fabricated patient-specific pediatric head CT phantom for trauma-oriented emergency imaging: two-scanner validation and expert reader assessment.,"<h4>Purpose</h4>To evaluate an in-house newly fabricated patient-specific pediatric head CT phantom developed for trauma-oriented emergency imaging, with emphasis on multiplanar visual realism, cross-platform interpretability, and expert-reader assessment of diagnostic acceptability.<h4>Methods</h4>A heterogeneous phantom was generated from an anonymized retrospective head CT dataset of a 5-year-old child and designed to preserve emergency-relevant osseous, aerated, orbital, and intracranial anatomy. A complex orbito-nasal midface trauma was incorporated as a trauma-mimicking feature. CT was performed on two clinical multidetector systems from different vendors: a 64-row GE Discovery CT750 HD and an 80-row Canon Aquilion RXL, each using routine pediatric head CT protocols. Ten radiologists independently reviewed axial, coronal, and sagittal reformations in bone and soft-tissue windows using a structured 20-item, 4-domain scoring framework.<h4>Results</h4>Representative multiplanar images showed preserved calvarial contour, skull-base and orbital anatomy, aerated sinonasal spaces, intracranial contour, falcine/midline anatomy, ventricular depiction, posterior fossa appearance, and visualization of the complex orbito-nasal midface trauma. Expert ratings were favorable on both scanners, with higher scores on Canon across all domains. Domain means on Canon versus GE were 4.38 versus 4.02 for osseous realism, 4.32 versus 4.00 for soft-tissue realism, 4.36 versus 4.18 for multiplanar interpretability, and 4.57 versus 4.10 for clinical utility. Overall composite scores were 4.38 on Canon and 4.07 on GE, paired domain-level differences showed higher mean scores for the Canon dataset in all domains, with the largest difference in clinical utility (+ 0.47).<h4>Conclusion</h4>The phantom provided clinically recognizable, trauma-relevant pediatric emergency head CT appearances across multiplanar bone and soft-tissue review and was rated as realistic and diagnostically acceptable by expert readers, supporting its use in protocol evaluation, training, and observer-based emergency radiology research.",Sekkat H; Mouden OE; Madkouri Y; Berrada Y; Khallouqi A; Halimi A; El Rhazouani O,"Sciences and Engineering of Biomedicals, Biophysics and Health Laboratory, Higher Institute of Health Sciences, Hassan First University, Settat, 26000, Morocco. sekkat.isss@uhp.ac.ma.",Emergency radiology,2026-05-30,10.1007/s10140-026-02497-9,3.0,visualization(abstract); visual(abstract); data(abstract),Emergency Radiology; Multiplanar Ct; Expert Reader Assessment; Pediatric Head Ct Phantom; Trauma-oriented Imaging
42218038,Global Research Trends and Thematic Evolution in Voice Rehabilitation Post Laryngectomy: A 20-Year Bibliometric Review and Science Mapping Analysis. ,"Voice rehabilitation post laryngectomy remains an important area of multidisciplinary clinical research. Previous bibliometric studies in this field have provided limited thematic mapping, which constrains understanding of the global research landscape and its development over time. Therefore, this study conducted a 20-year bibliometric and science mapping analysis (2005-2025) using the Scopus database to examine publication trends, intellectual structure, and emerging research themes, offering a complementary perspective to earlier bibliometric work based on the Web of Science Core Collection. Bibliometric performance indicators were analyzed using ScientoPy, while science mapping and network visualization were performed with VOSviewer. The analysis included 306 publications and showed a steady increase in research activity. Hilgers FJM was identified as the most productive and influential author. High-income countries, particularly the United States (USA), the Netherlands, and the United Kingdom (UK), dominated research output, with Italy demonstrating notable recent growth and collaborative strength. US-based journals led dissemination, with the Journal of Voice publishing the most articles. Thematic evolution analysis indicated that early research (2005-2010) primarily focused on voice assessment and pulmonary rehabilitation. This focus is subsequently expanded (2010-2020) to include rehabilitation modalities, functional outcomes, quality of life (QoL), and prosthetic management, with more recent studies increasingly addressing communication-related aspects. Five thematic clusters were identified, with leading keywords including ""laryngectomy"", ""voice prosthesis"", and ""QoL"", while ""laryngeal cancer"" gained prominence in recent years. Overall, this bibliometric review demonstrates sustained global growth and evolving thematic priorities in voice rehabilitation post laryngectomy. The findings provide a strategic framework for future research and for strengthening clinical practice in laryngectomy rehabilitation, centered on four key areas: standardized laryngectomy-specific assessments; optimization of pulmonary rehabilitation; evaluation of functional voice-related outcomes; and communication-related outcomes.",Razali N; Mansor M; Abdul Rahim N; Salim B; Chen XW,"Faculty of Medicine, Universiti Teknologi MARA, Sungai Buloh Campus, Selangor Branch, Sungai Buloh 47000, Selangor, Malaysia.",Journal of voice : official journal of the Voice Foundation,2026-05-30,10.1016/j.jvoice.2026.05.004,3.0,visualization(abstract); visual(abstract); data(abstract),
42189746,Perioperative Outcomes in Factor XI Deficiency: A Systematic Review.,"<h4>Background</h4>Congenital factor XI (FXI) deficiency has a variable bleeding phenotype, and FXI activity alone does not predict perioperative bleeding. Management practices remain heterogeneous, and available evidence derives from case reports, small case series, and retrospective cohorts. This systematic review evaluated perioperative bleeding outcomes and management strategies in FXI-deficient patients undergoing surgical procedures.<h4>Methods</h4>We systematically searched five databases (2016-2024). Two reviewers independently screened studies, extracted data, and assessed methodological quality. Because of heterogeneity among studies, cohort data were synthesized qualitatively. Case reports were summarized descriptively, and an exploratory framework combining FXI category and fibrinolytic risk of the procedure was constructed to illustrate patterns in bleeding outcomes.<h4>Results</h4>Twenty-one studies met inclusion criteria: four retrospective cohorts and seventeen case reports, describing more than 590 procedures. Cohort bleeding rates ranged from 0% to 19%, with major bleeding ≤ 7%. FXI activity showed no consistent association with perioperative bleeding. Procedural factors and personal bleeding history are more often aligned with outcomes. Most case reports involved severe FXI deficiency and used FFP-based prophylaxis, often with antifibrinolytics. Bleeding events in case reports were infrequent. In the exploratory two-dimensional visualization, bleeding appeared more common among patients with FXI ≤ 10 IU/dL undergoing high-fibrinolytic procedures; however, event numbers were small and prophylaxis was widely used, limiting interpretation.<h4>Conclusions</h4>FXI levels alone appear insufficient to predict bleeding risk in FXI-deficient patients. A multifactorial approach, integrating surgical risk and haemostatic strategy, may be required, and further study is needed to optimize preoperative management strategies for FXI-deficient patients.<h4>Clinical trial registration</h4>Clinical trial registration was not applicable for this study.",Al-Housni Z; Mohammed R; Ligia S; Douketis J; Chai-Adisaksopha C; Iorio A; Matino D,"Department of Medicine, McMaster University, Hamilton, Ontario, Canada.",Haemophilia : the official journal of the World Federation of Hemophilia,2026-05-26,10.1111/hae.70321,3.0,visualization(abstract); visual(abstract); data(abstract),Systematic review; Perioperative Care; Fresh Frozen Plasma; Surgical Bleeding; Antifibrinolytic Agents; Factor Xi Deficiency
42186265,Suffering at the end of life in the intensive care unit: a scoping review protocol.,"<h4>Objective</h4>This scoping review, conducted using a concept analysis framework, aims to synthesize the most robust evidence regarding suffering at the end of life (EOL), encompassing its attributes, antecedents, consequences, and empirical referents in nursing and other fields.<h4>Introduction</h4>Suffering is a significant phenomenon during the EOL, particularly in the intensive care unit (ICU). Suffering at the EOL cannot always be well treated or managed. Since various definitions of suffering exist, managing suffering among patients at the EOL in the ICU is complex. Thus, to manage suffering properly in an ICU setting, it is necessary to identify meaningful and suitable attributes.<h4>Eligibility criteria</h4>This review will consider studies that address the concept of suffering at the EOL, particularly in the ICU setting. A search of gray literature will include, but not be limited to, expert opinions, clinical guidelines, dissertations and theses, editorial articles, and reports on policies and strategies in use by professional bodies or organizations.<h4>Methods</h4>This scoping review will follow the JBI methodology for scoping reviews, and concept analysis will be performed using the Avant and Walker framework to map the literature. Nine academic electronic databases will be searched for studies employing quantitative, qualitative, and mixed methods study designs. Articles published in any language from database inception to the present will be included. Two or more reviewers will independently complete title and abstract screening prior to full-text review and data extraction. The Avant and Walker concept analysis framework will be used to map antecedents, attributes, consequences, and referents. Specific tools will also be employed for bibliometric analysis, contextual analysis, and data visualization.<h4>Review registration</h4>OSF https://osf.io/7xzq6/overview.",Yodang Y; Hua R; Tamdee D; Rhiantong J; Bhatarasakoon P,"Faculty of Nursing, Chiang Mai University, Chiang Mai, Thailand.",JBI evidence synthesis,2026-05-26,10.11124/jbies-25-00331,3.0,visualization(abstract); visual(abstract); data(abstract),Intensive Care; End Of Life; Suffering; Concept Analysis; Scoping Review
42185570,Bridging preclinical and clinical fluorescence-guided surgery with advanced cancer vision goggles.,"Near-infrared (NIR) fluorescence-guided surgery (FGS) is limited by operator-dependent acquisition and non-uniform datasets, hindering quantitative comparison between users, devices, and institutions. To address these limitations, we evaluated an advanced wearable Cancer Vision Goggles (CVG) platform that standardizes imaging via dual green-pointer alignment, enabling reproducible acquisition geometry. The preclinical component benchmarked imaging standardization, quantitative robustness, and agreement with established systems, whereas the clinical arm assessed feasibility and performance relative to an FDA-approved system. Performance was evaluated using quantitative endpoints, including tumor-to-nontumor ratio (TNR), normalized intensity maps (NIMs), and Sørensen-Dice (Dice) coefficient spatial overlap. CVG achieved comparable or superior tumor contrast with high spatial overlap, as confirmed by these quantitative analysis metrics. Unlike handheld systems, CVG maintained stable fluorescence detection with no significant change in tumor-to-nontumor ratio from 10 to 60 cm, enabling reproducible quantitative imaging over a broad working-distance range. Extension to human tumors from patients injected with an NIR molecular probe (ClinicalTrials.gov: NCT05576974, 04/08/2025) demonstrated performance equivalent to that of an established FGS system with a substantial footprint in the operating room. In addition, CVG provided practical advantages through standardized single-operator acquisition, reduced operator-dependent variability relative to handheld or cart-based imaging, and quantitative real-time threshold-based visualization. These findings establish a quantitatively validated wearable platform that standardizes FGS from preclinical benchmarking to clinically relevant tumor assessment.",Zhang H; Xu X; Ta C; Zurutuza I; Gautam KS; Hongsermeier C; Blasi N; Voorugonda S; Mukherjee-Roy N; Gao J; Sumer B; Akers WJ; Achilefu S,"Department of Biomedical Engineering, The University of Texas Southwestern Medical Center, Dallas, TX, USA.",Npj imaging,2026-05-25,10.1038/s44303-026-00170-x,3.0,visualization(abstract); visual(abstract); data(abstract),
42202939,Association between surgical volume and postoperative complications following posterior deep infiltrating endometriosis surgery: A nationwide population-based study. ,"Deep infiltrating endometriosis predominantly affects the posterior pelvic compartment and often requires complex surgical procedures, which are associated with a significant risk of postoperative complications. Limited evidence is available regarding the influence of center case volume on surgical outcomes. To assess the association between center case volume and the risk of severe postoperative complications following posterior deep infiltrating endometriosis surgery during the initial hospital stay or upon readmission occurring within 90 days. A population-based cohort study using the French national medico-administrative database (Program of Medicalization of Information Systems - a comprehensive nationwide hospitalization database based on diagnosis-related groups). The study included all hospital stays for posterior deep-infiltrating endometriosis surgery in France between January 1, 2021, and December 31, 2023. The primary outcome was the occurrence of at least one severe postoperative complication during the initial hospital stay or during a readmission within 90 days. Postoperative complications were defined using the International Classification of Diseases, Tenth Revision (ICD-10) codes and classified according to the Clavien-Dindo classification; severe postoperative complications were defined as grade III-V. Annual hospital surgical volume for posterior deep infiltrating endometriosis was categorized into two levels based on spline function visualization derived from successive logistic regression models. The association between hospital volume and outcomes was assessed using multivariate logistic regression with generalized estimating equations to account for the hospital-cluster effect, adjusting for all covariates (i.e., radical or conservative surgery, surgical approach, patient age, previous endometriosis surgery within 3 years, presence of surgical procedures associated, Charlson Comorbidity index [0 vs ≥1], and type of healthcare institution). The intraclass correlation coefficient was calculated to estimate the percentages of complication variability explained by the center effect. Results are presented as adjusted odds ratios (ORs), with their 95% confidence intervals (95% CIs) and p-values. A total of 15,364 hospital stays for posterior deep-infiltrating endometriosis surgery were reported. Among these, 658 (4.3%) involved at least one severe postoperative complication (Clavien grade III-V). The optimal cut point was 40 hospital stays per year. Centers with fewer than 40 hospital stays per year had a severe postoperative complication rate of 318/6,005 (5.3%), compared with 340/9,359 (3.6%) in centers with ≥40 hospital stays per year. In multivariable analysis, a surgical volume ≥40 hospital stays per year was associated with a reduced risk of severe complications (aOR, 0.83; 95% CI, 0.70-0.99; p = 0.03). A center's surgical case volume has a significant positive impact on patient outcomes after posterior deep infiltrating endometriosis surgery. The rates of severe postoperative complications or readmissions within 90 days decreased as center case volume increased.",Pivano A; Pauly V; Pirro N; Boyer L; Berbis J; Agostini A,"Department of Obstetrics and Gynecology, Hôpital La Conception, Aix-Marseille University, Marseille, France. Electronic address: audrey-pivano@hotmail.fr.",American journal of obstetrics and gynecology,2026-05-26,10.1016/j.ajog.2026.05.012,3.0,visualization(abstract); visual(abstract); data(abstract),
42208575,Improving Compton imaging of 478 keV prompt gamma-ray in boron neutron capture therapy with neural network-based event filtering: a simulation study.,"<i>Objective.</i>Boron neutron capture therapy (BNCT) is a promising radiotherapy modality that effectively targets cancer cells through boron neutron capture reactions. Real-time determination and localization of the in vivo boron dose during treatment play an important role in BNCT. This study aims to investigate the feasibility of neural network-based Compton event filtering to enhance 478 keV prompt gamma-ray imaging for BNCT under high-background radiation conditions with a Si/TlBr Compton camera.<i>Approach.</i>Monte Carlo simulations were performed using PHITS to generate signal and noise Compton events under clinically relevant neutron irradiation. Fully connected neural network models were trained to classify signal and noise events. The filtered events were then used for Compton image reconstruction, and quantitative imaging performance was evaluated using event retention rate with<sup>10</sup>B concentration and image quality metrics.<i>Results.</i>The neural network models achieved stable classification performance with area under the ROC curve values exceeding 0.8. The Compton event retention rate shows a strong linear relationship with tumor<sup>10</sup>B concentration, demonstrating the quantitative capability. Image reconstruction results indicate improved image quality in tumor regions, although additional background artifacts were observed.<i>Significance.</i>The proposed neural network-based Compton event filtering method provides an effective preprocessing strategy for data reduction and accelerated reconstruction. While further refinement is required for practical clinical application, this approach represents a promising step toward Compton camera-based prompt gamma-ray imaging for real-time in vivo boron dose visualization in BNCT.",Qiu J; Sakai M; Zhang C; Voulgaris N; Tamaki S; Kusaka S; Murata I,"Division of Sustainable Energy and Environmental Engineering, Osaka University School of Engineering Graduate School of Engineering, Yamada-oka 2-1, Suita, Osaka, 565-0871, Japan, Suita, Osaka, 565-0871, Japan.",Physics in medicine and biology,2026-05-28,10.1088/1361-6560/ae74ae,3.0,visualization(abstract); visual(abstract); data(abstract),Neural networks; Image reconstruction; Monte Carlo simulation; Boron neutron capture therapy; Binary Classification; Compton Camera
42218260,Integrating handcrafted and deep learning MRI signatures: an interpretable framework for predicting chemotherapy benefit in glioma. ,"The molecular and spatial heterogeneity of gliomas severely limits accurate prediction of postoperative adjuvant chemotherapy efficacy, representing a critical bottleneck in achieving personalized treatment decisions. Conventional imaging assessments and single-modality AI models struggle to comprehensively characterize the complex tumor phenotype. Based on preoperative multimodal MRI data from the TCGA-LGG cohort integrated with clinical and survival information from the Genomic Data Commons (GDC), this study extracted 726 radiomics features. Postoperative chemotherapy benefit was operationalized using overall survival (≥24 months vs. <24 months), a pragmatic surrogate endpoint validated in prior low-grade glioma radiomics studies. Two types of deep learning embedding features were generated using segmentation-guided 3D bounding-box and patch-based sampling strategies, combined with a lightweight 3D CNN and a pretrained 3D ResNet-18 (MedicalNet) model. Prediction models were constructed using radiomics alone, deep learning alone, and their fusion, and were evaluated through stratified cross-validation on both a real-world dataset (Dataset 1) and a dataset augmented via PCA-GMM (Dataset 2). Model interpretability was assessed using SHAP attribution analysis, variance analysis, and Grad-CAM visualization. Radiomics and deep learning features exhibited significant information complementarity: the former focused on describing overall tumor volume, morphology, and macro-texture, while the latter excelled at capturing local heterogeneity and subtle spatial infiltration patterns. The fusion model demonstrated optimal performance in predicting postoperative chemotherapy benefit, achieving an AUC of 0.75 on the constrained real-world dataset (Dataset 1) and improving to 0.99 on the more feature-diverse Dataset 2. SHAP analysis revealed key radiomics features driving model predictions, whereas Grad-CAM heatmaps localized model attention to tumor core regions and infiltrative margins-areas highly consistent with the pathological microenvironment associated with drug efficacy. The dual-dataset comparison further confirmed that data quality and feature diversity are core drivers for unleashing model predictive potential and enabling precise drug response phenotyping. This study establishes a transparent and interpretable multimodal AI framework that integrates handcrafted and deep learning MRI features, significantly enhancing the prediction of postoperative chemotherapy benefit in gliomas.",Zhang S; Bao J; Wang Y; Chen L; Guo Y; Cao A; Du P,"Department of Radiology, The Second Affiliated Hospital of Xuzhou Medical University, Xuzhou, China.",NPJ precision oncology,2026-05-30,10.1038/s41698-026-01538-3,3.0,visualization(abstract); visual(abstract); data(abstract),
42186054,Dosimetric comparison of three different radiotherapy regimens for bilateral breast cancer.,"<h4>Objective</h4>To compare the dosimetric characteristics of three radiotherapy techniques-VMAT, HT-5, and HT-2.5-in patients with bilateral breast cancer, and to serve as a reference for clinical plan optimization.<h4>Materials and methods</h4>For 30 patients with bilateral breast cancer, radiotherapy plans were generated using Monaco-based volumetric modulated arc therapy (VMAT) and Tomo-based helical tomotherapy with 5 cm field width (HT-5) and 2.5 cm field width (HT-2.5). The prescription dose was 50 Gy in 25 fractions. The conformity index (CI) and homogeneity index (HI) of the planning target volume (PTV) were evaluated. For organs at risk, the V<sub>5</sub>, V<sub>10</sub>, V<sub>20</sub>, V<sub>30</sub>, and mean dose (Dmean) of the lungs and heart, as well as the Dmean of the left anterior descending coronary artery (LAD), were analyzed. Beam-on time was recorded for each technique. Statistical analysis and data visualization were performed using R (version 4.3.2).<h4>Results</h4>All three techniques met clinical requirements for target coverage. VMAT achieved the highest CI (P < 0.05), with no significant difference in HI (P > 0.05) among the three techniques. HT-2.5 had a slightly lower Whole Lung-Dmean (10.59 ± 1.09 Gy) than VMAT (10.65 ± 0.69 Gy), but the difference was not statistically significant (P > 0.05). Whole Lung-V5% was significantly lower with HT-5 (52.61 ± 4.90%) (P < 0.05) and HT-2.5 (50.23 ± 4.43%) (P < 0.05) compared to VMAT (57.24 ± 5.37%), while VMAT had significantly lower V<sub>10</sub> (P < 0.05)and V<sub>20</sub>(P < 0.05). For the heart, HT-5 and HT-2.5 provided lower Dmean (5.71 ± 1.07 Gy and 5.40 ± 0.94 Gy) (P < 0.05,P < 0.05) and V<sub>5</sub> (24.25 ± 8.25% and 21.88 ± 7.37%) (P < 0.05,P < 0.05) than VMAT (6.37 ± 0.95 Gy and 49.52 ± 13.33%). However, heart V<sub>30</sub> was significantly lower with VMAT compared to HT-5 (P < 0.05) and HT-2.5 (P < 0.05). LAD Dmean was significantly lower with VMAT compared to HT-5 (P < 0.05) and HT-2.5(P < 0.05). Beam-on time was shortest with VMAT (4.5 ± 0.5 min), followed by HT-5 (8.1 ± 0.3 min) and HT-2.5 (14.8 ± 0.6 min).<h4>Conclusion</h4>All three techniques offer acceptable target coverage for bilateral breast cancer. VMAT provides superior target conformity, LAD sparing, and the shortest treatment time. HT-5 and HT-2.5 demonstrate advantages in cardiac protection, with lower heart Dmean and V<sub>5</sub>, while HT-2.5 offers the best reduction in low-dose lung exposure. Considering the combined factors of lung and heart sparing as well as overall treatment time, the Complete block type of 5 cm HT plan can also be recommended for synchronous bilateral breast cancer.",Kong F; Xie L; Wang B; Wang H; Li Y; Dong M; Shen S; Yu Y,"Department of Radiation Oncology, The First Affiliated Hospital of Zhengzhou University, Zhengzhou, 45000, China.",Biomedical engineering online,2026-05-25,10.1186/s12938-026-01574-x,3.0,visualization(abstract); visual(abstract); data(abstract),Helical Tomotherapy; Lad; Bilateral Breast Cancer; Dosimetric Comparison; Vmat
42202857,[Patient Management In Outpatient Primary Care: Online Survey Among Physicians In Primary Care Units And Physiotherapists With A Public Health Insurance Contract In Austria]. ,"Outpatient primary care in Austria is characterized by a pronounced lack of systemic transparency and existing barriers to care along the entire patient journey. This necessitates the improvement of comprehensive patient and resource management through coordinated workflow organization and integrated collaboration. The question arises: How should comprehensive patient management in outpatient primary care be designed and further developed from the perspective of the healthcare professionals involved? An online survey was conducted (June 11, 2025 - June 20, 2025) among physicians (n=123) working in primary care units (PCU) and physiotherapists with a public health insurance contract (n=153). The response rate was n=46 and rr=16.7%, respectively (PVE physicians: n=23, rr=18.7%; physiotherapists: n=23, rr=15.0%). From the perspective of the health professionals, the prioritized objectives of patient management lay in tactical and operational goals such as relief, cure, prevention, coordinated diagnostics, and continuous care. The PVE physicians weighted these overarching goals more highly than the physiotherapists who were also involved, indicating the latter's primary responsibility for comprehensive patient management. Visualization, analysis, and dialogue based on a patient journey are suitable methods for consolidating the identified solutions and areas of action for comprehensive patient management. In this context, important areas of action, such as prevention, home exercise programs, therapy adherence, and coordination and communication between stakeholders and patients, can be assigned concrete potentials for improvement, such as access design, technology use and organizational methods using educational videos, quality-oriented remuneration, AI-supported therapies, and multi-professional quality circles.",Kriegel J; Rebhandl E; Resch F,"Fakultät für Medizintechnik und Angewandte Sozialwissenschaften, Fachhochschule Oberösterreich, Wels, Austria.",Gesundheitswesen (Bundesverband der Arzte des Offentlichen Gesundheitsdienstes (Germany)),2026-05-27,10.1055/a-2853-8719,2.5,visualization(abstract); visual(abstract),
42189527,Covalently labeled fluorescence-MRI dual-modal polystyrene microspheres for imaging and analysis of microplastics in biological systems.,"The widespread accumulation of microplastics (MPs) in the environment and their transfer along food chains pose growing threats to organism health, but MPs' <i>in vivo</i> behaviours remain poorly understood due to the lack of stable and sensitive imaging tools. Herein, we report a robust covalent-labelling strategy for constructing dual-modal polystyrene microspheres (Fl-MRIPSs) for fluorescent and magnetic imaging in biological samples. Two polymerizable functional monomers-a rhodamine dye (RhSt) for fluorescence imaging and a gadolinium complex (DOTASt) for <i>T</i><sub>1</sub>-weighted MRI-were rationally designed and chemically incorporated into the polystyrene matrix <i>via</i> emulsion copolymerization. The resulting Fl-MRIPSs exhibit precise size control, uniform morphology, excellent monodispersity, and high colloidal stability. The covalent anchoring minimizes dye and Gd leakage while maintaining high fluorescence quantum yield, remarkable photostability, and strong MRI relaxivity. The Fl-MRIPSs show efficient cellular internalization with negligible cytotoxicity, enable high-contrast fluorescence visualization in zebrafish and mice, and provide significantly enhanced <i>T</i><sub>1</sub>-weighted MRI contrast in mouse subcutaneous tissue. This work establishes a generalizable, chemically stable dual-modal labelling platform for MPs, offering a powerful tool for elucidating their transport, biodistribution, and potential health risks in living organisms.",Qian D; Liu Y; Song J; Han F; Sun W; Du J; Long S; Fan J; Peng X,"State Key Laboratory of Fine Chemicals, Frontiers Science Center for Smart Materials, Dalian University of Technology, Dalian 116024, China. dujj@dlut.edu.cn.",Nanoscale,2026-05-26,10.1039/d5nr05379j,2.5,visualization(abstract); visual(abstract),
42210830,Nanomaterials for In Vivo Photoacoustic Sensing: Emerging Strategies and Future Outlook.,"Photoacoustic imaging has emerged as a powerful modality for noninvasive, high-resolution visualization of deep tissues. The integration of smart nanomaterials is now extending PAI beyond structural imaging into functional and molecular sensing. In this perspective, we highlight recent advances in the design of stimuli-responsive nanomaterials tailored for in vivo applications, with emphasis on targeting strategies, operation in the NIR-II Window, and sensing specificity. We compare always-on versus activatable probes, summarize key molecular and microenvironmental targets such as pH, reactive oxygen species, metal ions, and enzymes, and discuss how these platforms report on disease progression and therapeutic response. We also outline emerging directions including NIR-II photoacoustic nanomaterials, PAI-guided theranostic probes, and translational pathways from chemistry to the clinic. Together, these innovations are positioning nanomaterial-enabled photoacoustic sensing as a cornerstone technology for precision diagnostics and image-guided therapy in clinical.",Hua Y; Jokerst JV,"Aiiso Yufeng Li Family Department of Chemical and Nano Engineering, University of California San Diego, La Jolla, San Diego, California 92093, United States.",ACS sensors,2026-05-29,10.1021/acssensors.6c00738,2.5,visualization(abstract); visual(abstract),Photoacoustic imaging; Contrast Agents; nanomaterials; In Vivo Sensing; Molecular Diagnostics And Therapeutics
42217693,Sustainable fabrication of fully bio-based wood adhesives via brown-rot fungi depolymerized lignin: a circular approach for agricultural residues. ,"Wood-based panels are extensively utilized in construction, furniture and various interior decoration products. However, over 90% of the adhesives employed in their fabrication are formaldehyde-based, relying not only on non-renewable petroleum resources but also releasing hazardous formaldehyde during use, posing significant risks to environmental safety and human health. This study presented a No-Added-Formaldehyde, fully bio-based adhesive system, fabricated by extracting highly reactive lignin from brown-rotted wood and formulating it into an aqueous suspension. This adhesive was applied to eucalyptus veneers to prepare panels. The optimized hot-pressing parameters (160 °C, 8 min) yielded a robust dry bonding strength of 1.23 MPa. Fluorescence microscopy characterization of the bonding interphase revealed maximum effective and absolute penetration depths. Furthermore, three-dimensional visualization via X-ray computed tomography (X-CT) confirmed the formation of mechanical interlocking structures, adhesive forms a ""glue-nail"" structure at the bonding interface. Fourier transform infrared spectroscopy (FT-IR) and X-ray photoelectron spectroscopy (XPS) demonstrated that the hot-pressing process induced concurrent lignin depolymerization and condensation reactions, leading to the formation of a stable cross-linked network rich in CC bonds. This work provided a promising and sustainable strategy for developing high-performance, eco-friendly wood adhesives.",Zhai S; Zang S; Kan Y; Leng W; Xu Z; Yong Q,"College of Materials Science and Engineering, Jiangsu Co-Innovation Center of Efficient Processing and Utilization of Forest Resources, Nanjing Forestry University, Nanjing, 210037, China. Electronic address: zhais@njfu.edu.cn.",International journal of biological macromolecules,2026-05-29,10.1016/j.ijbiomac.2026.152806,2.5,visualization(abstract); visual(abstract),
42210437,"From phenotype to biology: a multi-modal roadmap of biofluid, tissue, imaging, and digital biomarkers in Parkinson's disease. ","The definition of Parkinson's disease (PD) is undergoing a profound transformation from a ""clinical syndrome"" to a ""biological entity"", with development of two objective biological classification systems, the NSD-ISS (Neuronal Alpha-Synuclein Disease Integrated Staging System) and the SynNeurGe framework. Multimodal diagnostic tools further improve the detection of PD. This review synthesizes advances in three key domains of PD detection. First, fluid and tissue biomarkers, particularly using α-synuclein (αSyn) seed amplification assays, allow detection of synucleinopathy in cerebrospinal fluid, blood, saliva, and skin. This supports pathological diagnosis and differential classification. Extracellular vesicles provide cell-type-specific cargo profiles, while neurofilament light chain indicates neuroaxonal injury. Second, neuroimaging captures in vivo pathology. MRI identifies nigral degeneration (nigrosome-1 loss, iron accumulation, neuromelanin depletion), MRS reveals metabolic and neurotransmitter imbalances, and αSyn positron emission tomography tracers enable direct visualization of aggregation. Third, digital biomarkers derived from wearable devices, videos, and audios quantify real-world motor and non-motor symptoms, enabling continuous, ecological monitoring. Integration of these complementary biomarker streams is essential for biological definition and stratification of PD patients, and development of targeted therapies. Standardization of assays, multicenter validations, and clear guidance on who should be tested, when testing is appropriate, and how results should inform diagnosis, stratification, or monitoring are required for the translation of these methods into clinical practice in PD.",Yu Z; Su D; Li S; Lin S; Ren K; Feng T,"Center for Movement Disorders, Department of Neurology, Beijing Tiantan Hospital, Capital Medical University, Beijing, China.",Translational neurodegeneration,2026-05-28,10.1186/s40035-026-00558-0,2.5,visualization(abstract); visual(abstract),
42192183,YK-4-250 mitigates gastrointestinal radiation syndrome and promotes overall survival following partial body radiation injury.,"Acute gastrointestinal radiation syndrome (GI-ARS) is a significant health threat following high-dose ionizing radiation (IR) exposure, leading to severe morbidity and mortality. The syndrome is characterized by gastrointestinal tissue damage caused by angiotensin II (Ang II) and reactive oxygen species (ROS), resulting in impaired GI function, systemic bacteremia, multi-organ failure, and eventual death. Dysregulation of the renin-angiotensin system (RAS) via Ang II exacerbates ROS production through activation of the Angiotensin II type 1 receptor (AT1R). This underscores the need for agents capable of both scavenging ROS and inhibiting AT1R activity. To address this, we developed YK-4-250, a Tempol-conjugated angiotensin receptor blocker (TCARB). YK-4-250 selectively inhibits the AT1R and exhibits antioxidant properties like Tempol and has a no observed adverse effect level (NOAEL) greater than 100 mg/kg. A single daily oral dose of 20 mg/kg of YK-4-250, administered either prior to or after 50% lethal dose (LD<sub>50</sub>) of partial body irradiation (PBI), improved overall survival significantly (by 25-30% above vehicle group) and enhanced GI function by day 7. Additionally, YK-4-250's paramagnetic properties enable MRI monitoring, allowing visualization of drug delivery to target tissues. These findings suggest that YK-4-250 is a promising candidate for protecting and mitigating radiation-induced injury resulting in improved outcomes in GI-ARS.",Kumar VP; Kong Y; Wang K; Britton-Jenkins AR; Dulan S; Moore LL; Saunders D; May R; Towner R; Ghosh SP; Houchen CW; Brown ML,"Armed Forces Radiobiology Research Institute, Bethesda, MD, 20814, USA.",Scientific reports,2026-05-26,10.1038/s41598-026-53734-7,2.5,visualization(abstract); visual(abstract),Angiotensin II; Reactive oxygen species; Antioxidant; Angiotensin Receptor Blocker; Radiation Mitigator
42192032,Automatic Localization and Classification of Crohn's Disease Activity in Computed Tomography Enterography Images Using Deep Learning.,"Rapid and accurate localization and activity grading of Crohn's disease (CD) lesions on computed tomography enterography (CTE) images enhance the diagnostic efficiency of radiologists. We developed a one-stage model (called CD-YOLO) based on YOLOv5 for the automatic detection and classification of CD lesions. To tackle the challenges of variable sizes and shapes, and boundary blurring in CD lesions, we integrated a suite of specialized modules that not only enhanced the model's feature extraction capability but also enabled the effective fusion of multi-scale features. We retrospectively collected CTE images from 233 patients with pathologically and endoscopically confirmed CD. Patients were divided into training, validation, and testing cohorts at the patient level. The model performance was evaluated using the mAP@0.5, precision, and recall. Gradient-weighted class activation mapping (Grad-CAM) was employed to interpret the model predictions via visualization. The mAP@0.5 of CD-YOLO for detecting active and remission CD was 92.1% and 84.2%, respectively. Compared to YOLOv5s, the mAP@0.5 improved by 2.0% and 4.9% in detecting active and remission CD, respectively. Meanwhile, the missed detection and misdetection lesion rates decreased by 4.9% and 4.18%, respectively. The proposed CD-YOLO framework demonstrated superior performance in CD lesion localization and activity classification and may serve as an effective computer-aided diagnostic tool to support radiologists and gastroenterologists, as well as facilitate clinical teaching.",Wang P; Liu Y; Wang Y,"School of Health Science and Engineering, University of Shanghai for Science and Technology, Yangpu District, 516 Jungong Road, Shanghai, 200093, China.",Journal of imaging informatics in medicine,2026-05-26,10.1007/s10278-025-01838-3,2.5,visualization(abstract); visual(abstract),Computed Tomography Enterography; Crohn’s Disease; Deep Learning; Medical Image Detection
42201298,Differential responses of group 2 innate lymphoid cells and T&lt;sub&gt;H&lt;/sub&gt;2 cells to benralizumab in severe asthma.,"<h4>Background</h4>Severe asthma is a heterogeneous disease with variable treatment responses to biologic therapy. Conventional biomarkers, including blood eosinophil counts and fractional exhaled nitric oxide, only partially capture response heterogeneity.<h4>Objective</h4>We evaluated the cytokine secretion profiles of group 2 innate lymphoid cells (ILC2s) and T<sub>H</sub>2 cells and examined their associations with clinical outcomes after benralizumab therapy.<h4>Methods</h4>We analyzed 70 patients with severe type 2-high asthma enrolled onto the multicenter Tokyo Asthma Study. Cytokine secretion by ILC2s and T<sub>H</sub>2 cells was evaluated by live cell imaging of secretion activity, which enables real-time visualization of cytokine secretion from individual lymphocytes. The frequencies of IL-4-, IL-5-, and IL-13-producing cells were quantified at baseline and after 24 weeks of benralizumab treatment. Clinical responses were primarily assessed by the Asthma Control Questionnaire 5, and patients were classified as experiencing response or not.<h4>Study registration</h4>Japan Registry of Clinical Trials (jRCTs031190237).<h4>Results</h4>In type 2-high asthma, ILC2s and T<sub>H</sub>2 cells exhibited distinct cytokine secretion profiles with no significant correlation between the two cell populations. Benralizumab selectively suppressed IL-5- and IL-13-producing ILC2s but had little effect on T<sub>H</sub>2 cells. Patients with higher baseline frequencies of IL-4-producing T<sub>H</sub>2 cells showed limited clinical improvement after benralizumab therapy. In multivariable logistic regression analysis, baseline IL-4-producing T<sub>H</sub>2 cell frequency was associated with Asthma Control Questionnaire-defined nonresponse after adjustment for blood eosinophil counts and fractional exhaled nitric oxide.<h4>Conclusions</h4>Single-cell functional lymphocyte profiling identifies distinct innate and adaptive type 2 responses to benralizumab and provides complementary information associated with response heterogeneity in severe asthma.",Irie M; Kabata H; Kamatani T; Yamagishi M; Nakamura R; Masaki K; Homma R; Suzukawa M; Sasano H; Harada N; Miyazaki Y; Katsura H; Tagaya E; Terada J; Hojo M; Sugimoto N; Nagase H; Kono Y; Hiranuma H; Gon Y; Miyata J; Uemura S; Shirasaki Y; Fukunaga K,"Division of Pulmonary Medicine, Department of Medicine, Keio University School of Medicine, Tokyo, Japan.",The Journal of allergy and clinical immunology,2026-05-27,10.1016/j.jaci.2026.03.028,2.5,visualization(abstract); visual(abstract),Cytokines; T(h)2 Cells; Ilc2; Benralizumab; Type 2–High Asthma
42186100,Comparing the outcomes of the technology-enhanced learning of sectional anatomy with and without preceding demonstrations: A study about the worked-example effect in anatomy education.,"The examination of anatomical cross-sections can facilitate the understanding of spatial and clinical anatomy. Visualization technologies, with dynamic and interactive displays, can be used to learn sectional anatomy in a mostly self-directed manner. Nevertheless, this study hypothesized that the technology-enhanced learning of sectional anatomy is improved when initiated with explicit anatomical demonstrations-worked examples, as defined in Cognitive Load Theory (CLT) and Cognitive Theory of Multimedia Learning (CTML). Two learning experiments were conducted with Year 1 (N = 110) and Year 2 (N = 59) undergraduate medical students who had to learn the sectional anatomy of the chest and abdomen, respectively. In both experiments, participants were first stratified according to gender and then randomly allocated into Groups A or B. Group A (control) used the website IMAIOS.com in a self-directed manner to learn sectional anatomy. Group B (worked example) watched a demonstration of the sectional anatomy to be learned before using the website. Both groups had 35 min to complete the activity. In both experiments, several measurements (knowledge, mental effort, instructional efficiency, and types of cognitive load) showed that learning was more effective and efficient in Group B than in Group A. No intergroup differences were found in student motivation or in perceptions of IMAIOS.com usability. As predicted in CLT and CTML, worked examples improved the technology-enhanced learning of sectional anatomy. While advanced students may benefit from more self-directed learning approaches, novice learners may require preceding demonstrations to guide their attention and help organize their thinking process.",Fonseca GRBC; Tipoe GL; Ganotice FA Jr,"School of Biomedical Sciences, Li Ka Shing Faculty of Medicine, The University of Hong Kong, Hong Kong, China.",Anatomical sciences education,2026-05-25,10.1002/ase.70267,2.5,visualization(abstract); visual(abstract),Anatomy; Usability; Instructional Efficiency; Worked Example; Cognitive Load Theory; Cognitive Theory Of Multimedia Learning; Self‐determination Theory; Technology‐enhanced Learning
42217657,Genetically Engineered Bacterial Magnetosomes as Optimized Tracers for Magnetic Particle Imaging. ,"Medical imaging relies on tracer materials to enable accurate visualization and diagnosis of diseases. Magnetic Particle Imaging (MPI) is an innovative tomographic modality that offers exceptional sensitivity and temporal resolution. These characteristics make MPI particularly promising for clinical applications such as real-time vascular and perfusion imaging, tumor detection, and intraoperative guidance. However, MPI performance has so far been limited by the quality of available tracers, as conventional chemical synthesis provides only restricted control over the size, shape, and magnetic properties of iron oxide nanoparticles. Biogenic magnetic nanoparticles, so-called magnetosomes, produced by magnetotactic bacteria, represent a compelling alternative. Magnetosome biosynthesis is fully genetically encoded, enabling the natural formation of magnetite nanoparticles with uniform size and morphology, which is difficult to achieve through chemical synthesis. Moreover, genetic engineering of the bacterial production host allows precise tuning of particle characteristics, including size, shape, and magnetic behavior, to meet specific application requirements. In this study, magnetosomes isolated from different Magnetospirillum gryphiswaldense mutant strains, each biomineralizing particles with distinct core diameters, were systematically evaluated as potential MPI tracers. Magnetic particle spectroscopy (MPS) was used to identify the most promising candidates based on their signal properties. These tracers were subsequently subjected to detailed signal analyses and phantom experiments to directly compare their imaging performance. Our findings demonstrate that genetically tailored magnetosomes can substantially improve MPI signal quality, underscoring their potential as next-generation tracers. This work provides a foundation for the rational design of optimized biogenic nanoparticles to advance preclinical and future clinical MPI applications. STATEMENT OF SIGNIFICANCE: Magnetic Particle Imaging (MPI) is a novel imaging technology with high sensitivity and real-time capabilities, making it highly promising for clinical applications such as blood flow monitoring and tumor detection. The performance of MPI strongly depends on the properties of the tracer materials used. However, producing high-quality tracers through conventional chemical synthesis remains challenging. In this study, we introduce an innovative biological approach by using genetically engineered magnetotactic bacteria to produce uniform magnetic nanoparticles, so-called magnetosomes. This strategy allows precise control of particle size, shape, and magnetic properties, resulting in tracers with superior performance. Our findings pave the way for the development of next-generation MPI tracers, advancing both fundamental research and potential clinical translation.",Thieben F; Mickoleit F; Uebe R; Tessaro S; Dziuba MV; Rández-Garbayo J; Magnus T; Ahlborg M; Ackers J; Ludewig P; Schüler D; Knopp T,"Section for Biomedical Imaging, University Medical Center Hamburg-Eppendorf, Hamburg, Germany; Institute for Biomedical Imaging, Hamburg University of Technology, Hamburg, Germany; Fraunhofer IMTE, Fraunhofer Research Institution for Individualized Medical Technology and Engineering, Lübeck, Germany.",Acta biomaterialia,2026-05-29,10.1016/j.actbio.2026.05.048,2.5,visualization(abstract); visual(abstract),
42207978,Soluble-Antigen-Based PET/MR for the Specific Detection of BCMA CAR+ T-Cell Lymphoma.,"Chimeric antigen receptor (CAR) T-cell therapy carries a rare but critical risk of secondary CAR+ T-Cell Lymphoma (CAR-TCL), highlighting the urgent need for precise diagnostic tools. Current noninvasive imaging methods struggle to differentiate CAR-TCL from inflammatory sequelae, while biopsy presents several clinical challenges. In this study, we developed a novel positron emission tomography (PET) imaging probe, [<sup>68</sup>Ga]Ga-BCMA-NOTA, by repurposing the extracellular domain of B-cell maturation antigen (BCMA-ECD) as a specific molecular recognizer for the BCMA-CAR single-chain variable fragment (scFv). Leveraging the high-affinity antigen-antibody interaction, the recombinant BCMA probe was produced with high purity (>98%) and demonstrated nanomolar affinity for the BCMA CAR scFv (<i>K</i><sub>D</sub> = 5.17 nM). The probe was synthesized with excellent radiochemical purity (>95%) and a good radiochemical yield (>50%). In preclinical xenograft models, [<sup>68</sup>Ga]Ga-BCMA-NOTA PET/MR imaging demonstrated high and specific uptake in BCMA CAR-positive tumors (2.56 ± 0.61%ID/g), compared to negligible uptake in BCMA CAR-negative tumors (0.21 ± 0.05%ID/g), with a tumor-to-muscle (T/M) ratio of 16.0 ± 3.8. The uptake was blockable, confirming the probe's target specificity in vivo. Importantly, in a head-to-head comparison, [<sup>68</sup>Ga]Ga-BCMA-NOTA provided significantly superior imaging contrast and a stronger correlation with tumor burden (<i>R</i><sup>2</sup> = 0.93) compared to [<sup>18</sup>F]FDG (<i>R</i><sup>2</sup> = 0.76). This BCMA CAR scFv-specific probe offers a powerful new tool for the precise noninvasive visualization of BCMA CAR-positive malignancies, with significant clinical translational potential for ensuring the long-term safety and monitoring of CAR-T therapies.",Zhou W; Meng Y; Yan Y; Tang L; Yan J; Pan D; Chen C; Xu Y; Wang L; Wang X; Yang M,"Department of Nuclear Medicine, The First Affiliated Hospital of Nanjing Medical University, Jiangsu Province Hospital, Nanjing 210029, P. R. China.",Molecular pharmaceutics,2026-05-28,10.1021/acs.molpharmaceut.6c00097,2.5,visualization(abstract); visual(abstract),Imaging; BCMA; Pet/mr; Car T-cell Therapy; Secondary T-cell Malignancies
42188837,A Target-And-Activate Magnetic Resonance Imaging Strategy for Precision Imaging of Intratumoral Bacteria and Screening Antibiotics to Suppress Breast Cancer Metastasis.,"Intratumoral bacteria facilitate tumor metastasis, yet their precise detection remains a challenge, as nanoprobes accumulate nonspecifically and small-molecule probes lack sufficient sensitivity. Here, we report a Target-and-Activate magnetic resonance imaging (MRI) Strategy by designing a peptide probe, BS-FFGd, to specifically visualize low-abundance intratumoral bacteria and guide antimetastatic therapy. This probe requires dual-specificity for activation: targeting lipoteichoic acid on Gram-positive bacteria, then being cleaved by tumor-associated matrix metalloproteinase-2. The design of BS-FFGd ingeniously integrates supramolecular chemistry with imaging mechanisms. Upon dual activation, the probe triggers in situ self-assembly into nanofibers on bacteria, prolonging rotational correlation time and amplifying T<sub>1</sub> relaxivity from 9.03 to 16.51 mM<sup>-1</sup> s<sup>-1</sup> (1.41 T). In murine models, our probe provided highly specific visualization of intratumoral <i>Staphylococcus aureus</i>, outperforming clinical Gd-DTPA and a targeting-only control by ∼4.7-fold and ∼2-fold in ΔCNR, respectively. MRI signal intensity showed a linear correlation with bacterial load (<i>R</i> = 0.96), achieving a detection limit of 6 × 10<sup>4</sup> CFU. Crucially, BS-FFGd served as a screening platform, successfully identifying moxifloxacin as an effective antibiotic, which suppressed metastatic nodules by ∼3-fold compared to an ineffective antibiotic. This work reports a promising strategy for high-fidelity molecular imaging, linking precise diagnosis to effective antimetastatic therapy.",Wu S; Yang W; Wu Z; Liu D; Liu C; Cui T; Wang H; Yun Y; Yu Y; Zhang B,"Department of Radiology, Tongji Hospital, Shanghai Frontiers Science Center of Nanocatalytic Medicine, The Institute for Biomedical Engineering & Nano Science, School of Medicine, Tongji University, Shanghai 200065, China.",Journal of the American Chemical Society,2026-05-26,10.1021/jacs.6c03081,2.5,visualization(abstract); visual(abstract),
42202287,Developing Customized Personas to Capture Intrinsic Capacity Profiles and Digital Monitoring Intentions in Older Adults: Mixed Methods Study. ,"Integrated Care for Older People (ICOPE), focused on monitoring and optimizing the intrinsic capacity (IC) of older adults, is a new model of geriatric care that is currently being accelerated globally. Digital health technologies are recommended for longitudinal IC monitoring to provide precise and timely interventions. However, little is known about the psychological intentions of engaging in digital monitoring of IC according to the profile heterogeneity of IC among older adults. This study aims to map a set of customized personas to capture the profiles of IC and match psychological intentions that support personalized digital IC monitoring. An explanatory sequential mixed methods study was conducted at 16 sites in Beijing, China. Older adults aged ≥60 years (n=481) were selected to complete the quantitative survey. Latent profile analysis, descriptive statistics, and logistic regression analyses were performed to cluster subgroups using Mplus (Muthén & Muthén) and SPSS (IBM Corp). A subsample of participants from each profile (n=25) was purposively sampled for semistructured interviews. An inductive-deductive content analysis was used to identify similar attributes and to affirm the personas gradually. A joint statistical and thematic visualization method was used to integrate the customized personas. Three profiles of IC patterns emerged: ""multisubdomain decline-IC imbalance group,"" ""multisubdomain moderate-sensory deficit group,"" and ""multisubdomain robust-whole balance group."" The distribution of latent profiles was influenced by age, education, monthly per capita household income, self-rated health, and number of chronic diseases, while positively impacting older adults' functional ability. The following customized personas were captured regarding established themes: ""affects my mood-anxious evader,"" characterized by avoidance and anxiety, low digital interest, and perceived social isolation; ""capitalize on what comes-accommodative adopter,"" pragmatically oriented toward disease detection, with moderate digital openness but limited self-efficacy; and ""more autonomy-active improver,"" who exhibited proactive engagement, high digital literacy, and motivation rooted in self-management and social participation. This study is the first to integrate latent profile analysis with customized qualitative personas to link the heterogeneity of IC with the psychological intentions underlying digital monitoring. The resulting personas model provides an actionable framework for tailoring digital IC monitoring strategies in community-based integrated care. The findings emphasize the need to align monitoring approaches with older adults' IC characteristics, psychological readiness, digital literacy, and social support to enhance engagement in digital IC monitoring.",Xuan Z; Niu Y; Kang R; Xiao Q; Jin S; Zhao J; Wang Y; Chang H,"School of Nursing, Capital Medical University, Beijing, China.",JMIR aging,2026-05-27,10.2196/82867,2.5,visualization(abstract); visual(abstract),
42212942,Ring Indenter Scleral Self-Indentation Versus Assistant-Assisted Indentation for Basal Vitrectomy in Primary Rhegmatogenous Retinal Detachment: A Retrospective Cohort Study.,"<h4>Purpose</h4>To evaluate the safety and efficacy of a ring indenter scleral self-indentation technique for basal vitrectomy under noncontact wide-angle viewing in primary rhegmatogenous retinal detachment (RRD) repair compared with conventional assistant-assisted indentation.<h4>Methods</h4>This single-center retrospective cohort study enrolled 99 eyes of 99 primary RRD patients who underwent pars plana vitrectomy with basal vitreous shaving from August 2023 to May 2025, with ≥6 months follow-up. Patients were divided into study group (52 eyes, surgeon's finger ring scleral self-indentation) and control group (47 eyes, conventional assistant-assisted indentation). Main outcomes: retinal redetachment rate, final BCVA, and shaving-induced retinal breaks (SIRBs) incidence.<h4>Results</h4>The baseline demographic and clinical characteristics were comparable between the two groups. The retinal redetachment rate was 1.92% (1/52) in the study group and 2.13% (1/47) in the control group (P=1.000). Both groups demonstrated significant improvements in BCVA after the surgery compared with the preoperative values (P<0.0001). No significant differences were observed between the two groups in the final BCVA (P=0.365) and BCVA improvement (P=0.168). The incidence of SIRBs was one case in each group (P=1.000). No intraoperative instrument displacement, infusion cannula dislodgement, or anesthesia-related complications occurred in either group.<h4>Conclusions</h4>The ring indenter scleral self-indentation technique is a safe and effective alternative to assistant-assisted indentation for basal vitreous clearance during RRD vitrectomy. This cost-effective technique eliminates the need for assistant support or chandelier illumination, offering the advantages of autonomous and precise manipulation, clear visualization, and manpower conservation.",Pan HR; Liu RW; Liu MQ; Wei JY; Zhang SF; Wu RH; Zhang ZD; Pan QT,"National Clinical Research Center for Ocular Diseases, Eye Hospital, Wenzhou Medical University, 270 Xueyuan Xi Road, Wenzhou, 325027, China.","Retina (Philadelphia, Pa.)",2026-05-29,10.1097/iae.0000000000004891,2.5,visualization(abstract); visual(abstract),rhegmatogenous retinal detachment; Assistant-assisted Scleral Indentation; Peripheral Vitrectomy; Ring Scleral Self-indentation
42185091,Low-Dose Cone-Beam Computed Tomography in Implant Dentistry: A Clinical Validation of Diagnostic Sufficiency.,"<h4>Aim</h4>To validate the diagnostic sufficiency of a low-dose cone-beam computed tomography (CBCT) protocol for dental implant assessment by comparing it to a standard-dose protocol in a clinical setting. The study evaluated linear measurement accuracy, subjective clarity of anatomical landmarks, and the impact on bone microarchitecture assessment.<h4>Materials and methods</h4>This retrospective study analyzed pre-operative (standard-dose) and post-operative (low-dose) CBCT scans from 37 patients (37 standard-dose and 37 low-dose scans for both maxillary and mandibular sites). The low-dose protocol achieved a 76.7% dose reduction by decreasing tube current and exposure time. The diagnostic utility was assessed: 1) subjective clarity scoring of the mandibular canal and maxillary sinus floor; 2) objective linear measurements of key anatomical dimensions; and 3) quantitative analysis of bone microstructural parameters (Tb.N, Tb.Sp, Tb.Th, BV/TV). Reliability assessment was also performed for clarity scoring and quantitative measurements. Statistical comparisons were performed using Chi-square and paired-samples t-tests.<h4>Results</h4>No statistically significant differences were found between the low-dose and standard-dose protocols in the subjective clarity of anatomical structures (P > 0.05) or in the accuracy of linear measurements (P > 0.05). However, all four bone microstructural parameters showed statistically significant differences between the two protocols in both the maxilla and mandible (P < 0.05 for all). Intra- and inter-examiner assessments demonstrated substantial to good consistency across all qualitative (weighted Kappa >0.611) and quantitative (ICC >0.702) parameters.<h4>Conclusion</h4>This study provides clinical evidence that for the specific CBCT unit tested, the optimized low-dose CBCT protocol reduces patient radiation exposure by over 76.7% for dental implant assessment without compromising the diagnostic accuracy required for linear measurements and visualization of key anatomical landmarks. Therefore, for the tested model, the low-dose protocol is sufficient for pre-operative CBCT scanning in implant dentistry. This offers a clinically validated method for enhancing patient safety in this specific context, effectively applying the ALADAIP principle.",Ni R; Luo X; Han N; Hu Z; Lin Z,"Department of Dentomaxillofacial Radiology, Nanjing Stomatological Hospital, Affiliated Hospital of Medical School, Nanjing University, Nanjing, China.",Dento maxillo facial radiology,2026-05-25,10.1093/dmfr/twag035,2.5,visualization(abstract); visual(abstract),Diagnostic Accuracy; bone microstructure; Dental Implant; Low-dose Protocol; Cone-beam Computed Tomography
42204158,Targeting based on patient-specific 7 Tesla MRI connectivity analysis improves deep brain stimulation for Parkinson's disease.,"Deep brain stimulation (DBS) of the subthalamic nucleus (STN) is an effective treatment for Parkinson's disease (PD), yet individual motor outcome remains insufficiently predictable. The effect of DBS depends on modulating brain networks, and this study evaluates whether targeting using patient-specific connectivity with 7-Tesla (7T) MRI probabilistic tractography enhances motor outcome. For connectivity analysis, selective visualization of STN connectivity to the primary cortical motor areas was performed before surgery, and electrode lead placement was directed at the connectivity-derived motor subdivision of the STN. Motor outcome, measured using the Movement Disorders Society Unified Parkinson Disease Rating Scale motor part (MDS-UPDRS part III), of 102 PD-DBS patients for whom 7T MRI connectivity analysis was used for DBS targeting, was compared to a matched control group of 118 PD-DBS patients for whom 7T MRI T2-weighted classical anatomical landmarks were used for targeting. Results of this prospective comparison show that patients operated with connectivity-guided targeting showed significantly more motor improvement compared to the control group: 56 ± 15% vs. 50 ± 20% (p = 0.015), and the connectivity-guided group showed a higher optimal response rate (96% vs. 86%, p = 0.008). Connectivity analysis enabled localization of DBS electrodes in reference to the motor subdivision. The leads that were optimally located inside the motor subdivision showed an average of 60 ± 11% motor improvement. Our findings demonstrate the clinical applicability of 7T MRI probabilistic tractography for visualizing connectivity between the STN and cortical motor areas to enable electrode lead placement directed at the motor subdivision of the STN, introducing patient-specific connectivity analysis guided DBS. This proved to be an individual biomarker for implantation location that increased the effectiveness of DBS in patients with PD.",Wiggerts Y; Schuurman R; de Bie RMA; Beudel M; van der Zwaag W; van den Munckhof P; Bot M,"Department of Neurosurgery, Amsterdam University Medical Center, University of Amsterdam, Amsterdam, the Netherlands. y.wiggerts@amsterdamumc.nl.",NPJ Parkinson's disease,2026-05-27,10.1038/s41531-026-01414-8,2.5,visualization(abstract); visual(abstract),
42207192,Saddle pulmonary embolism detected by transthoracic echocardiography-a case report.,"<h4>Background</h4>Pulmonary embolism (PE) is a potentially life-threatening condition with variable presentation. Transthoracic echocardiography (TTE) is commonly used to identify indirect signs of right ventricular (RV) pressure overload, such as RV dilation, septal flattening, or regional dysfunction. Direct visualization of pulmonary artery thrombi is rare and not routinely assessed.<h4>Case presentation</h4>A 78-year-old white woman presented with sudden-onset dyspnea at rest. She was hemodynamically stable, in sinus rhythm, and showed no evidence of RV pressure overload on electrocardiography or standard TTE views. In a parasternal short axis-pulmonary artery view, a hyperechoic intraluminal structure was identified at the pulmonary artery bifurcation, consistent with a saddle thrombus. Anticoagulation with low molecular weight heparin was promptly initiated. Computed tomography pulmonary angiography (CTPA) confirmed central PE. Cardiac biomarkers were mildly elevated and the pulmonary embolism severity index classified the patient as intermediate-low risk.<h4>Management and outcome</h4>Catheter-guided treatment was considered but deferred due to hemodynamic stability. The patient was monitored, transitioned to oral anticoagulation with apixaban and discharged after 3 days. Follow-up echocardiography showed no RV dysfunction.<h4>Discussion and conclusion</h4>This case demonstrates that targeted bedside TTE can directly visualize central pulmonary thrombi, even in the absence of signs of RV pressure overload. Incorporating a parasternal short-axis view of the pulmonary arteries as a complimentary approach can accelerate the diagnosis, guide early anticoagulation, refine risk assessment and support urgent decision-making in selected patients, particularly when CTPA is delayed or inconclusive. Although operator-dependent and limited by acoustic windows, this approach complements rather than replaces standard European Society of Cardiology (ESC)-recommended pathways, potentially enhancing clinical confidence and time to treatment in selected emergency cases.",Lipa AJ; Domanovits H; Schwameis M,"Department of Emergency Medicine, Medical University of Vienna, Waehringer Guertel 18-20, 1090, Vienna, Austria.",Wiener klinische Wochenschrift,2026-05-28,10.1007/s00508-026-02770-4,2.5,visualization(abstract); visual(abstract),Echocardiography; Pulmonary embolism; Clinical Decision Making; Emergency Department; Parasternal Short Axis View
42192046,Perseus: perception with semantic endoscopic understanding and SLAM.,"<h4>Purpose</h4>Natural orifice surgeries minimize the need for incisions and reduce recovery time compared to open surgery; however, they require higher expertise due to visualization and orientation challenges. To enable reliable scene understanding for surgeon guidance and automation, we propose a perception pipeline that generates semantically informed 3D reconstructions.<h4>Methods</h4>We bring learning-based segmentation, depth estimation, and 3D reconstruction modules together. Through segmentation, we delineate tumor and prostate lobe borders, and through depth estimation and real-time SLAM-based reconstruction, we generate dense 3D point clouds from monocular videos. By propagating 2D labels into 3D space, we create real-time segmented maps of the surgical scenes. Additionally, we use registration with robot poses to solve the scale ambiguity of mapping from monocular images and allow the use of semantically informed real-time reconstructions in robotic surgeries.<h4>Results</h4>We achieve sub-millimeter reconstruction accuracy based on average one-sided Chamfer distances, average pose registration RMSE of 0.9 mm, and an estimated scale within 2% of ground truth. Compared to offline Structure-from-Motion baseline, the proposed SLAM-based approach improves processing time while maintaining or improving reconstruction accuracy. Qualitative evaluations show robustness in challenging scenarios, including submerged prostate experiments and cadaver airway explorations.<h4>Conclusion</h4>We present a modular perception pipeline, integrating semantic segmentation with real-time monocular SLAM for natural orifice surgeries. This pipeline offers a promising solution for scene understanding that can facilitate automation or surgeon guidance. Due to its plug-and-play design and demonstrated generalizability across anatomies and experimental conditions, this framework provides a scalable foundation for future clinical translation.",Acar A; Li F; Stern SS; Al-Zogbi L; Li H; Oguine KJ; Isik D; Burkhart B; d'Almeida JF; Webster RJ 3rd; Oguz I; Wu JY,"Department of Computer Science, Vanderbilt University, 2301 Vanderbilt Place, Nashville, TN, 37235, USA. ayberk.acar@vanderbilt.edu.",International journal of computer assisted radiology and surgery,2026-05-26,10.1007/s11548-026-03717-w,2.5,visualization(abstract); visual(abstract),Notes; 3D reconstruction; Segmentation; Endoscopy; Registration; Depth Estimation
42204556,Effectiveness of a novel pork belly simulation model versus traditional training for ultrasound-guided TAP block in anesthesiology residents. ,"We developed a novel, low-cost pork belly model for simulation training in ultrasound-guided transversus abdominis plane (TAP) block among anesthesiology residents. This study aimed to investigate its effectiveness in clinical teaching. Thirty anesthesiology residents underwent training for ultrasound-guided TAP block. They were allocated to a traditional training group (Group A, n = 15) or a pork belly model simulation training group (Group B, n = 15). Residents in both Group A and Group B received identical theoretical training on ultrasound-guided TAP block. However, residents in Group B additionally underwent simulation training using a pork belly model. Subsequently, all residents performed two TAP block procedures on surgical patients under the supervision of clinical instructors. Finally, each resident was required to independently perform one TAP block procedure, and their entire operational process was evaluated using a standardized scoring scale by instructors who were unaware of the group assignments. Additionally, before and after the training session, all residents were required to complete a subjective questionnaire using a Likert scale to self-assess their general knowledge of abdominal ultrasound, their understanding of TAP blocks, and their confidence in performing TAP blocks. Group B demonstrated significant advantages over Group A, especially in objective performance measures.The standardized scoring results, which revealed that Group B residents exhibited superior ultrasound image quality (p < 0.001) and needle visualization (p < 0.001). Moreover, Group B achieved significantly shorter procedure times (201s vs. 276s, p = 0.002) and a notably higher success rate for independently performing the TAP block procedure (93.3% vs. 26.7%, p < 0.001). For the subjective self-assessment items, Group B showed notable within-group improvements in some areas (abdominal image discrimination, needle guidance, injectate spread assessment; overall confidence, all p < 0.002083), while Group A showed no significant change except in abdominal image discrimination after training. However, the between-group differences did not reach statistical significance after correction; only abdominal image discrimination remained significant after correction (p < 0.002083). Integrating this novel pork belly model into a simulation‑based training strategy is associated with improved technical proficiency and success rate of ultrasound-guided TAP block among resident physicians.",Cheng S; Zeng H; Kang Y; Wu L; Chen S,"Department of Anesthesiology, West China Second University Hospital, Sichuan University, No. 20, Section 3, South Renmin Road, Chengdu City, Sichuan Province, 610041, China.",BMC medical education,2026-05-27,10.1186/s12909-026-09546-4,2.5,visualization(abstract); visual(abstract),
42203446,Indirect Decompression Using the Keyhole Transfacet Full-Endoscopic Lumbar Interbody Fusion: Technical Note and Preliminary Clinical Application. ,"Two widely used full-endoscopic lumbar interbody fusion (FE-LIF) techniques include the facet-preserving trans-Kambin approach, performed via a transforaminal corridor, and the facet-sacrificing endoscopic posterolateral transforaminal lumbar interbody fusion, which utilizes an interlaminar route. More recently, several authors have introduced an emerging transfacet endoscopic approach as an alternative, minimally invasive strategy for LIF. However, the majority of these studies have relied on direct decompression of neural elements, and the effectiveness of indirect decompression following transfacet endoscopic fusion has not yet been established. This study describes a keyhole transfacet FE-LIF technique that employs indirect decompression to decompress neural elements. A limited facetectomy is performed using an endoscopic round burr to create a keyhole transfacet osseous corridor, allowing disc removal, endplate preparation, and interbody cage insertion without direct visualization or manipulation of the exiting or traversing nerve roots. When necessary, supplemental endoscopic direct decompression can be performed following cage placement in the same setting. This study highlights the cases of 4 patients with diverse degenerative lumbar spine pathologies: low-grade degenerative spondylolisthesis, low-grade isthmic spondylolisthesis with severely collapsed disc space, segmental coronal lumbar deformity with severe spinal canal stenosis, and pseudarthrosis following prior lumbar interbody fusion surgery. All patients underwent keyhole transfacet FE-LIF with an indirect decompression technique and had a minimum follow-up of 1 year. This study describes the surgical technique for indirect decompression performed in a prone position using keyhole transfacet endoscopic fusion, presents early clinical application, and reports short-term radiographic observation associated with this technique. The keyhole transfacet endoscopic fusion offers a minimally invasive approach for achieving indirect decompression in the prone position in patients with various lumbar degenerative spinal conditions. In addition, adjunctive direct decompression can be performed in the same setting after cage insertion when indicated.",Tanasansomboon T; Limthongkul W; Singhatanadgige W; Yingsakmongkol W; Kotheeranurak V,"Department of Orthopaedics, Samut Sakhon Hospital, Samut Sakhon, Thailand.",International journal of spine surgery,2026-05-27,10.14444/8900,2.5,visualization(abstract); visual(abstract),
42209120,"First-in-Human Imaging Results of PHAROS: A Versatile High-Resolution TOF/DOI PET Scanner for Brain, Breast, and Extremity Imaging.","We present the design and performance of the newly developed PHAROS-a high-resolution, multifunctional PET system integrating time-of-flight (TOF) and depth-of-interaction (DOI) technologies-and report its first-in-human imaging results for brain and breast applications in multiple patient positions. <b>Methods:</b> The PHAROS system features a movable detector head, transformable patient table, and compact footprint, enabling both seated and supine neuroimaging as well as breast and extremity imaging. The scanner's PET ring comprises 20 detector sectors, each with 3 × 12 block detectors in the evaluated 3-detector-module-ring configuration, providing a 19.6-cm axial field of view. Each block detector consists of 8 × 8 lutetium oxyorthosilicate crystals (1.92 × 1.92 × 15 mm<sup>3</sup>) coupled to dual 4 × 4 silicon photomultiplier arrays for DOI readout. System performance was assessed using a 3-dimensional Hoffman brain phantom and first-in-human studies, including [<sup>18</sup>F]FDG brain imaging, [<sup>18</sup>F]florbetaben amyloid PET, [<sup>18</sup>F]FP-CIT dopamine transporter PET, and prone-position [<sup>18</sup>F]FDG breast imaging. All images were reconstructed with 3-dimensional ordered-subset expectation maximization incorporating TOF and DOI information. <b>Results:</b> In the Hoffman phantom, cortical and subcortical structures were sharply visualized without artifacts, and layered activity patterns were clearly resolved in coronal and sagittal planes. In the [<sup>18</sup>F]FDG brain PET of a healthy volunteer, PHAROS produced high-quality images with well-defined cortical and subcortical uptake patterns and clear gray-white matter contrast. In [<sup>18</sup>F]florbetaben amyloid PET, the amyloid-negative case showed marked gray-white matter contrast and a characteristic spiculated pattern of white matter tracts, whereas the amyloid-positive case exhibited diffuse cortical binding of radiotracer with the relative sparing of the precentral, postcentral, and occipital cortices. Dopamine transporter PET showed reduced bilateral putaminal binding in a patient with Parkinson disease. In prone breast PET, multiple hypermetabolic masses and skin invasion were clearly delineated with high tumor-to-background contrast, also enabling detailed visualization of tumor heterogeneity. <b>Conclusion:</b> These first-in-human results demonstrate that the PHAROS system achieves remarkable spatial resolution and high image quality across diverse applications. Its versatile design, incorporating DOI and TOF technologies, supports a wide range of clinical and research uses, enabling accurate lesion characterization in both neurologic and oncologic settings.",Ko GB; Kim KY; Kang SK; Lee J; Jung R; Kwak DJ; Son JW; Shin SA; Ryoo HG; Kang YK; Kim S; Paeng JC; Byun MS; Shin JH; Cheon GJ; Kim YK; Choi H; Lee JS,"Brightonix Imaging Inc., Seoul, Korea.","Journal of nuclear medicine : official publication, Society of Nuclear Medicine",2026-05-28,10.2967/jnumed.125.271172,2.5,visualization(abstract); visual(abstract),Neuroimaging; Breast Cancer Imaging; Time Of Flight; High-resolution Pet; Depth Of Interaction
42184949,Application of integrated slice-specific dynamic shimming diffusion weighted imaging (DWI) in upper abdomen.,"<h4>Background</h4>To compare image quality between integrated slice-specific dynamic shimming diffusion-weighted imaging (iShim-DWI) and conventional single-shot echo-planar (SS-EPI) DWI in the upper abdomen, and to evaluate performance differences within iShim-DWI using high (800 s/mm<sup>2</sup>) versus ultra-high (1600 s/mm<sup>2</sup>) b-values.<h4>Methods</h4>A cohort of 162 consecutive participants was included. Among them, 110 underwent both iShim-DWI (b = 800 s/mm<sup>2</sup>) and SS-EPI-DWI (b = 800 s/mm<sup>2</sup>), while the remaining 52 received iShim-DWI at both b = 800 s/mm<sup>2</sup> and b = 1600 s/mm<sup>2</sup>. Qualitative assessment focused on image quality features including fat suppression, distortion, artifacts, overall image quality and lesion confidence score. Lesion detection efficiency was compared. Quantitative evaluation included signal intensity (SI), signal-to-noise ratio (SNR), contrast-to-noise ratio (CNR), and ADC-related parameters of normal upper abdominal organs and lesions.<h4>Results</h4>iShim-DWI received significantly higher scores in artifact reduction overall image quality and lesion confidence score compared with SS-EPI-DWI (all P < 0.0001). Fat suppression did not differ significantly between the two sequences (P = 0.0703). Five additional lesions were detected by iShim-DWI that were not visible on SS-EPI-DWI. iShim-DWI yielded significantly higher SNR and CNR for both normal organs (P < 0.001) and lesions (P = 0.0023; 0.0024), along with higher ΔADC and lower ADC variability (SD) compared with SS-EPI-DWI (both P < 0.05). Within iShim-DWI, the b = 800 s/mm<sup>2</sup> protocol provided significantly higher lesion SNR (P = 0.0231) and CNR (P = 0.0438) than b = 1600 s/mm<sup>2</sup>, while lesion confidence scores were similarly high (P > 0.9999).<h4>Conclusions</h4>iShim-DWI provides substantially improved image quality, more stable ADC measurements, and better lesion detection and visualization in the upper abdomen compared with SS-EPI-DWI. In our cohort, iShim-DWI at b = 800 s/mm<sup>2</sup> achieves a favorable balance between lesion contrast and SNR, and may serve as a preferred routine clinical option. Further validation in larger cohorts is warranted.",Zhang Y; Li W; Zhu J; Darwish O; Qiu J; Qin N; Zhang J; Liu J,"Department of Radiology, Peking University First Hospital, Beijing, China.",Magnetic resonance imaging,2026-05-25,10.1016/j.mri.2026.110704,2.5,visualization(abstract); visual(abstract),Diffusion-weighted Magnetic Resonance Imaging; Imaging Quality; Single-shot Epi; Upper Abdomen; Integrated Slice-Specific Dynamic Shimming (Ishim)
42185897,Recent advances in stimuli-responsive nanomaterials for the treatment of acute kidney injury.,"Acute kidney injury (AKI) can be triggered by multiple insults, including ischemia-reperfusion, sepsis, and drug-induced nephrotoxicity. It is characterized by abrupt onset, rapid progression, and rapidly amplifying pathological cascades. Clinically, AKI often manifests as a reduced glomerular filtration rate, elevated serum creatinine or blood urea nitrogen, and oliguria; in severe cases, anuria may occur. Despite substantial heterogeneity in etiology, the pathological evolution of AKI converges on shared, therapeutically actionable hubs. Early microcirculatory dysfunction and an imbalance between oxygen supply and demand precipitate an energy crisis in renal tubules. Subsequent mitochondrial injury amplifies reactive oxygen species (ROS) and H<sub>2</sub>O<sub>2</sub>, creating a positive feedback loop with inflammatory and immune responses. Sustained oxidative stress and inflammation can trigger multiple cell death programs, such as apoptosis, necrosis, and ferroptosis. These processes result in epithelial barrier breakdown, tubular lumen obstruction, and rapid deterioration of renal function. If acute-phase injury is not promptly interrupted, persistent low-grade inflammation and chronic hypoxia may promote fibrotic remodeling, significantly increasing the long-term risk of AKI-to-CKD transition. In recent years, stimuli-responsive nanomaterials have been designed to exploit microenvironmental signals within AKI lesions, such as ROS/H<sub>2</sub>O<sub>2</sub>, pH, hypoxia, enzymes, and reductive molecules, as well as exogenous physical triggers such as ultrasound. These systems follow a paradigm of circulatory quiescence, lesion activation, and intracellular or organelle-targeted release/catalysis, thereby enabling spatiotemporally controlled therapy that balances effective renal exposure with minimal off-target effects. This review is guided by the key pathological hubs of AKI. It systematically summarizes structural designs and activation mechanisms of several types of responsive platforms. These include ROS/oxidative stress responsive systems such as TK, PBAP, and non-classical physicochemical state-switching or self-consuming platforms. They also encompass H<sub>2</sub>O<sub>2</sub>-activatable strategies such as gas-releasing, nanomotor, and nanozyme-based approaches with pathway-selective catalysis and visualization. Additional platforms include pH-responsive release, ultrasound-triggered carriers, and hypoxia-responsive systems. We further distill shared principles of stepwise activation in multi-stimulus synergistic systems. In these systems, tissue-level pH-mediated presentation and penetration are coupled with organelle-level ROS/H<sub>2</sub>O<sub>2</sub>-enabled therapeutic unlocking. Finally, we critically examine key translational challenges, including safety and biodegradability, dose windows, stratification by AKI subtype and disease course, endpoint evaluation frameworks, and scalability and batch-to-batch manufacturing consistency. These considerations provide a framework for the rational design and clinical translation of precision nanotherapeutics for AKI.",Chen S; Yu L; Wu L; Liang S; Yu P; Ma X; Zhang T; Jiang P; Liang T; Gao H,"Graduate School, Guangxi University of Chinese Medicine, Nanning, 530011, Guangxi, China.",Journal of nanobiotechnology,2026-05-25,10.1186/s12951-026-04577-x,2.5,visualization(abstract); visual(abstract),Acute Kidney Injury; Ph-responsive; Hypoxia-responsive; Ros/h2o2; Ultrasound-triggered; Stimuli-responsive Nanomaterials
42214904,Integration of habitat radiomics and 2.5D deep features from &lt;sup&gt;18&lt;/sup&gt;F-FDG PET/CT for noninvasive prediction of PD-L1 TPS ≥ 50% in non-small cell lung cancer.,"<h4>Objective</h4>To develop and evaluate a noninvasive imaging framework based on <sup>18</sup>F-FDG PET/CT for estimating programmed death-ligand 1 (PD-L1) expression status in non-small cell lung cancer (NSCLC) by integrating habitat radiomics and 2.5D deep features.<h4>Materials and methods</h4>This retrospective two-center study included 224 patients with pathologically confirmed NSCLC who underwent pretreatment <sup>18</sup>F-FDG PET/CT and PD-L1 immunohistochemistry. Patients from Hospital 1 were randomly assigned to a training cohort (n = 138) and a test cohort (n = 42), while patients from Hospital 2 served as an independent external validation cohort (n = 44). PD-L1 expression was dichotomized as low (TPS < 50%) or high (TPS ≥ 50%). Radiomics features were extracted from PET and CT images, and habitat subregions were generated using K-means clustering. 2.5D deep features were extracted using a ResNet-50-based feature-extraction strategy with maximum-intensity projections. Prediction models were constructed using support vector machine, XGBoost, logistic regression, random forest, and artificial neural network classifiers, and were evaluated using the area under the receiver operating characteristic curve with 95% confidence intervals, accuracy, sensitivity, specificity, precision, F1 score, and balanced accuracy. SHAP was applied to enhance the visualization and interpretability of the models.<h4>Results</h4>Habitat radiomics demonstrated superior discriminative performance compared with conventional radiomics across cohorts, particularly in the external validation cohort (AUC = 0.840 vs 0.794). The 2.5D deep-feature model achieved the highest discriminative ability in external validation (AUC = 0.918), indicating favorable generalizability. The 2.5D deep-feature model achieved the highest external-validation AUC and F1 score among the representative models (AUC = 0.918; F1 score = 0.783). The combined model achieved the highest AUC in the test cohort (AUC = 0.894) and showed favorable sensitivity in external validation (0.769), although its external-validation AUC and F1 score were slightly lower than those of the 2.5D deep-feature model. SHAP analysis revealed that deep features and habitat radiomics features reflecting intratumoral heterogeneity were the primary contributors to model predictions, whereas conventional metabolic parameters showed limited impact.<h4>Conclusion</h4>In conclusion, the proposed <sup>18</sup>F-FDG PET/CT-based framework integrating habitat radiomics and 2.5D deep features showed promising performance for noninvasive estimation of PD-L1 expression status in NSCLC. The combined model demonstrated balanced predictive performance across the test and external validation cohorts, suggesting its potential as a candidate imaging biomarker. Further validation in larger multicenter studies is warranted. However, further prospective validation incorporating immunotherapy-response and survival outcomes is required before clinical application.",Yang F; Wang D; Wang D; Wang H; Li X; Zhao Y; Shi L; Cai Y; Ke S; Li P,"Department of Nuclear Medicine/PET Center, The Second Affiliated Hospital of Harbin Medical University, No. 246 Xuefu Road, Nangang District, Harbin, Heilongjiang, PR China.",European journal of radiology,2026-05-26,10.1016/j.ejrad.2026.112949,2.5,visualization(abstract); visual(abstract),NSCLC; PD-L1; Pet/ct; Deep Features; Habitat Radiomics
42202271,An AI-Enabled Predictive Harm Response Management Algorithmic Tool to Reduce Adverse Events in Health Care Settings (PreHaRM): Protocol for a Three-Phase Model Development and Pilot-Testing Study. ,"Current data analysis and coordination methods do not effectively support nurses and midwives in risk reduction, as retrospective reporting does not allow real-time insights and precludes proactive, preventive care. Analysis of administrative data within Australia's health care sector to predict risk may help address this shortcoming. Predictive analytics can transform these data into meaningful insights, identifying harm risk profiles that benefit the performance of Australian and international clinical programs. Importantly, these tools may support nurses and midwives in preventing adverse events and predicting high-risk situations. Researchers, in collaboration with local health network staff, will develop a proof-of-concept predictive risk algorithm. The ""predictive harm response management algorithmic tool to reduce adverse events in healthcare settings"" program (project DHCRC-0156) will provide real-time insights via an interactive dashboard, enabling nurses, midwives, and health administration to assess risks and optimize resources in health care settings. This protocol details the algorithm development activities for subproject 1a, predictive risk model development, which aims to develop and pilot-test a predictive harm algorithm across 2 South Australian local health networks. This study aims to identify the clinical harm outcome of interest and relevant data sources per site and build a suitable data solution to model predictors of harm risk and identify actionable clinical, workforce, and environmental factors that affect the harm outcome of interest. This study design includes three phases: (1) model generation, (2) model evaluation, and (3) prototype development. Data linkage by SA-NT DataLink can only proceed following approval from each of the following: the South Australia Department for Health and Wellbeing Human Research Ethics Committee, the University of South Australia Human Research Ethics Committee, and hospital governance committees. The clinical dataset will be split into a training set, a validation set, and a test set. Exploratory data analysis will be undertaken to ascertain features and classify outcomes from the raw dataset. Derived features will be computed, feature correlations will be estimated, and initial feature selection will be performed. Iterative model development will occur over 3 stages, and a dashboard to display these results will be developed. The study commenced on July 19, 2021, and will conclude on December 31, 2025. Finalized results are expected in December 2025. This research will conclude with the development of the algorithm for transferability to health care environments. Research activities will be detailed in publicly available reports and manuscripts prepared for peer-reviewed journals that will be drafted in accordance with existing and appropriate checklists. DERR1-10.2196/75474.",Eckert M; Sharplin G; Mayer W; Grossmann G; Stanek J; Gupta G; Darch L; Stumptner M; Marlow N,"Rosemary Bryant AO Research Centre, College of Health, Adelaide University, Adelaide, South Australia, Australia.",JMIR research protocols,2026-05-27,10.2196/75474,2.0,dashboard(abstract); data(abstract),
