pmid,title,abstract,authors,first_author_affiliation,journal,pub_date,doi,score,matched_keywords,api_keywords
42419466,Global scientific map of ultrasound molecular imaging research: data-driven bibliometrics and visualization depth analysis.,"<h4>Background</h4>As an emerging medical imaging technology, ultrasound molecular imaging (USMI) has made significant progress in tumor diagnosis, drug delivery, and treatment monitoring in recent years. With the deepening of research, the number of publications in this field has increased rapidly, but systematic analysis and summarization remain limited. Using data-driven bibliometric methods and visualization techniques, this study comprehensively analyzes the research trends, core academic contributions, collaboration networks, and hotspots in USMI to reveal its structural evolution and technological frontiers.<h4>Methods</h4>Publications related to ultrasound molecular imaging (USMI) published between January 2004 and July 2025 were retrieved from the Web of Science Core Collection (WoSCC). Bibliometric analyses were performed using CiteSpace 6.4.R1 to identify influential authors, institutions, and research themes, and to visualize the temporal evolution and structural characteristics of global research trends.<h4>Results</h4>A total of 296 papers from 22 countries were analyzed, showing an increasing annual publication trend since 2007. The United States, China, and Switzerland emerged as the leading contributors, while Stanford University, the Chinese Academy of Sciences, and Oregon Health & Science University were key research institutions. Current hotspots focus on probe development, microbubble-nanobubble integration, and multimodal imaging fusion. Emerging keywords such as drug delivery, targeted therapy, and AI-based imaging indicate a gradual shift from fundamental research toward clinical application. The evolution of research themes also suggests a preliminary translational pathway-from molecular probe design and preclinical validation to early clinical trials, exemplified by the VEGFR2-targeted contrast agent BR55 and PSMA-directed nanobubbles, which provide a feasible route for USMI to enter precision diagnosis and theranostics.<h4>Conclusion</h4>This study provides a global and data-driven overview of USMI research, highlighting its technological evolution and clinical potential. By linking bibliometric evidence with translational demand, the findings offer insights into how ultrasound molecular imaging may progress from laboratory innovation to clinical implementation, supporting future roadmap development for targeted imaging and precision medicine.",Zeng X; Lu H,"Department of Medical Imaging, Chongqing University of Technology Affiliated Central Hospital, Chongqing, 400054, China.","Seminars in ultrasound, CT, and MR",2026-07-08,10.1053/j.sult.2026.06.011,12.8,"visualization(kw,title,abstract); visual(kw,title,abstract); data(title,abstract)",Visualization; bibliometrics; Ultrasound Molecular Imaging; Precision Medicine; Clinical Translation; Research Hotspots
42420145,Non-Visualization of the Appendix Without Inflammatory Features on MRI Excludes Acute Appendicitis in Children and Young Adults.,"<h4>Rationale and objectives</h4>This is a single-center retrospective study to determine whether the absence of inflammatory features in the right lower quadrant excludes appendicitis in children and young adults in the context of a non-visualized appendix on MRI.<h4>Materials and methods</h4>IRB approved retrospective review of MRI appendicitis exams performed at our institution from July 2024 to July 2025. Variables collected included: a) patient demographics; b) MRI findings including the visualization of the appendix and presence of appendicitis; c) follow-up imaging within 7 days (CT, MRI, US); d) diagnosis on follow-up imaging; e) surgical diagnosis and pathology findings. Categorical variables were summarized using counts and percentages. Diagnostic performance was assessed using the Negative Predictive Value (NPV).<h4>Results</h4>A total of 1025 MRI examinations were reviewed. The appendix was not visualized in 265 (25.5%), 257/265 (97.0%) of which had no inflammatory features. Two (0.8%) cases were reported as perforated appendicitis without visible appendix. Six (2.3%) cases had inflammation present: four attributed to an alternate cause and two reported as possible appendicitis. Of the 257 cases with non-visualization of the appendix and no inflammatory findings, 253 patients had no surgery. The remaining 4 had surgical intervention for unrelated findings: two for ovarian torsion, one for intrauterine device expulsion and one for cholelithiasis. No patient was found to have appendicitis, equating to a NPV of 100% (257/257).<h4>Conclusion</h4>MRI with non-visualization of the appendix and absence of inflammatory findings can safely be managed as negative for acute appendicitis, with appropriate clinical follow-up.",Kim MGH; Trout AT; Ayyala RS,"Cincinnati Children's Hospital Medical Center Department of Radiology, USA (M.G.H.K., A.T.T., R.S.A.). Electronic address: mishka.hookim@cchmc.org.",Academic radiology,2026-07-08,10.1016/j.acra.2026.06.030,11.5,"visualization(kw,title,abstract); visual(kw,title,abstract)",Appendicitis; Magnetic Resonance Imaging; Follow-up Imaging; Inflammatory Features; Non-visualization
42429128,Construction of a Glutathione-Gated Intelligent Nanoclassifier for Spatioselective Visualization of Dual CircRNAs and Synergistic Photodynamic Therapy.,"Circular RNAs (circRNAs) are key endogenous regulators of tumorigenesis and progression, and their high interspecies diversity and strong sequence homology pose a great challenge for simultaneous, live-cell differentiation of multiple circRNA variants. Herein, we construct an intelligent nanoclassifier (DB-CHA@PAN) by assembling disulfide bond (DB)-modified catalytic hairpin assembly (CHA) probes onto programmable cruciform framework-based nanoparticles (PAN) for spatioselective visualization of dual circRNAs and synergistic photodynamic therapy. Upon entering cancer cells, GSH cleaves disulfide bonds to initiate multiple rounds of circRNAs-fueled cyclic CHA cascades, inducing spatial separation of photosensitizer (PS)/BHQ3 and Cy3/BHQ2 pairs and consequently recovery of PS photodynamic activity and Cy3 fluorescence signal. Released PS can generate abundant singlet oxygen (<sup>1</sup>O<sub>2</sub>) upon light irradiation, inducing oxidative damage and apoptosis. This intelligent nanoclassifier enables attomolar-level detection of circCDYL and circHIPK3 in vitro and simultaneous imaging of circCDYL and circHIPK3 in living cells. It can quantify circRNA levels at single-cell sensitivity, discriminate circRNAs from mismatched variants with single-base resolution, and even diagnose breast/lung cancer across entire clinical spectrum with 100% accuracy. Moreover, it can real-time track circRNAs dynamics in living cells and MCF-7 tumor-bearing nude mice, and significantly enhance therapeutic efficacy via synergistic photodynamic activation, with promising applications in clinical diagnostics and therapeutics.",Liu Q; Ma W; Wang LJ; Zhang CY,"School of Chemistry and Chemical Engineering, State Key Laboratory of Digital Medical Engineering, Southeast University, Nanjing, China.",Angewandte Chemie (International ed. in English),2026-07-10,10.1002/anie.6302768,11.5,"visualization(kw,title,abstract); visual(kw,title,abstract)",Photodynamic therapy; Circular Rna; Cancer Diagnosis And Staging; Intelligent Nanoclassifier; Spatioselective Visualization
42434882,Intelligent detection technologies for microbes and disease biomarkers.,"Microbial communities play a critical role in human health, and their metabolic activities are directly implicated in the pathogenesis and progression of various diseases. Conventional detection methods for microbes and biomarkers, however, are hampered by limitations including poor real-time performance, high invasiveness, low specificity, and limited capacity for multi-parameter parallel detection, which severely restrict their application in clinical and scientific research. In recent years, the deep integration of interdisciplinary fields such as synthetic biology, nanotechnology, optical imaging, and artificial intelligence has catalyzed the rapid development of intelligent detection technologies. These innovations provide novel solutions for achieving highly sensitive, noninvasive, real-time, and multi-modal detection of microbes and disease biomarkers. This review systematically summarizes the breakthroughs in these technologies for microbial visualization and disease biomarker tracking, with a focus on four core strategies: physical information-based sensing (e.g. photoacoustic imaging, acoustic reporter genes), specific probe labeling (fluorescent, isotopic, nanomaterial-based probes), genetically engineered biosensors, and bioluminescence imaging. Collectively, these approaches not only enable real-time <i>in vivo</i> monitoring of microbial dynamics but also hold substantial promise for biomarker detection. Finally, we discuss the pivotal challenges confronting their clinical translation, aiming to provide a valuable reference for advancing precision medicine, personalized health monitoring, and microbiome research.",Liu S; Yang Y; Pan Y; Fan J; Xu Q; Lü P,"School of Biological Science and Technology, Jiangsu University, Zhenjiang, China.",Critical reviews in microbiology,2026-07-11,10.1080/1040841x.2026.2701195,8.5,"visualization(kw,abstract); visual(kw,abstract); artificial intelligence(abstract)",Biosensors; Disease Biomarkers; Intelligent Detection; Microbial Visualization
42435278,Deep fused explainable neural architecture for the automatic recognition of therapeutic medicinal plants.,"<h4>Background</h4>Medicinal plants have been utilized for centuries for their beneficial properties and significant impact on traditional medical systems worldwide. Indian medicinal plants and their therapeutic properties have recently gained increased attention from the global healthcare community. Accurate identification and classification of medicinal plants ensure proper therapeutic applications. However, botanists manually identify these plants, which is subjective, labor-intensive, and time-consuming.<h4>Objective</h4>The main objective of this study is to develop an accurate and automated classification of these medicinal plants for diverse applications such as conservation initiatives, quality assurance, and the formulation of novel herbal treatments.<h4>Methods</h4>A Deep Fused Explainable Neural Architecture termed MedPlantNet is proposed for robust recognition of medicinal plant leaves. The deep discriminative features are extracted from the medicinal plant images using a fine-tuned Deep Convolutional Neural Network (DCNN). A customized Support Vector Machine is developed to efficiently classify these extracted deep features. To enhance model interpretability, a meta-visualization framework incorporating Grad-CAM and Occlusion Sensitivity visualization is implemented to identify the regions of the image that contribute to the classification decisions. We utilized the Mendeley benchmark Medicinal plant leaf database with 30 classes to train and evaluate the model.<h4>Results</h4>To assess the effectiveness of the proposed model, accuracy, specificity, sensitivity, and AUC are calculated. The proposed system outperforms existing state-of-the-art (SOTA) algorithms for medicinal plant classification, achieving an optimal maximum validation accuracy of 99.87% and AUC of 1. To further validate the generalizability external validation was performed on Bangladeshi medicinal plant dataset and MedLeaves dataset where the proposed model MedPlantNet attained 99.27% and 99.80% validation accuracy respectively.<h4>Conclusion</h4>MedPlantNet provides an automatic framework for medicinal plant identification based on deep feature extraction, classification and explainable visualization techniques. The results obtained indicate its potential utility in supporting biodiversity conservation, quality assurance and herbal medicine research.",Govindaraj P; Sasikaladevi N,"SASTRA University, Thanjavur, India.","Daru : journal of Faculty of Pharmacy, Tehran University of Medical Sciences",2026-07-11,10.1007/s40199-026-00624-y,8.0,"visualization(kw,abstract); visual(kw,abstract); data(abstract)",Medicinal plants; Customized Support Vector Machine; Deep Fused Explainable Neural Architecture; Meta-visualization
42424556,Health Atlas: Tutorial of a Visualization Tool and Data Resource for Place-Based Social and Structural Determinants of Health.,"<h4>Unlabelled</h4>Places have a significant impact on health. Thus, examining place-based structural and social determinants can help inform effective public health interventions. HealthAtlas.ucsf.edu provides a single online platform to explore multiple domains of place-based data. The initial California-only version of Health Atlas was launched in April 2020, and a national version was launched in October 2024. An artificial intelligence-assisted search function was integrated in January 2026. Health Atlas includes data on over 200 variables across 5 topical domains: demographics, socioeconomic, neighborhood, environment, and health and health care. The data were either (1) obtained from the American Community Survey, CDC PLACES, and other public sources or (2) obtained through collaboration with research partners. Users can visualize and aggregate data for 7 geographic levels: census tract, zip code tabulation area, county, congressional district, core-based statistical area, public use microdata area, and state. Most variables are available across all 50 states in the United States, the District of Columbia, and Puerto Rico. Users can explore Health Atlas to better understand the relationship between selected variables via maps, histograms, scatterplots, and summary plots. Users can select custom areas to suit specific needs. Customizable datasets can be downloaded for further use. Health Atlas provides freely available, user-friendly data and tools to support researchers, community organizations, government entities, and other public health professionals. We envision that Health Atlas will contribute to evidence-based, community-based initiatives; impactful health equity research; and effective public health programs.",Oh DL; Kemper-McIsaac KE; Meltzer D; Brelsford E; Taylor K; Dixit DV; Nickerson A; Desai R; Shariff-Marco S; Lyles C; Gomez S; Pletcher MJ; DeRouen MC,"Department of Epidemiology and Biostatistics, University of California, San Francisco, 550 16th St., Floor 2, San Francisco, CA, 94143, United States, 1 415-476-2300.",Journal of medical Internet research,2026-07-09,10.2196/89065,7.3,"visualization(title); visual(title,abstract); artificial intelligence(abstract); data(title,abstract)",Environment; Demography; Neighborhood characteristics; Socioeconomic Factors; Public Health; Social Environment; Social Determinants Of Health
42417273,Business intelligence in health marketing and mental health: A structural topic modeling study.,"Mental health disorders represent a major global challenge, driving demand for scalable, evidence based strategies in early diagnosis, prevention, and population surveillance. Business intelligence (BI) research in this domain remains conceptually and methodologically fragmented, impeding interdisciplinary synthesis. This study investigates: the main themes in BI applications for mental health and healthcare over the past 30 years; patterns within and across abstracts of BI relevant articles, including integration potential; and themes with the strongest citation. By doing so, we contribute to health marketing scholarship by synthesizing fragmented BI applications into a Service-Dominant Logic SDL informed, market-shaping intelligence perspective. This reframing is an interpretive synthesis: it is informed by the STM findings and developed through their integration with established health marketing theory, rather than being a direct empirical output of the topic model. Using structural topic modeling (STM) on 2,227 peer reviewed articles from the Web of Science Core Collection (1990-2025), after PRISMA based screening of 20,634 records, the analysis reveals 20 latent topics that trace the evolution of BI, data mining, and dashboard analytics in mental health. We contribute to the literature by offering a novel perspective on Business Intelligence in health marketing, showing how fragmented analytical streams can be synthesized into a Service Dominant Logic informed Mental Health Intelligence Platform under conditions of interdisciplinary fragmentation and temporal evolution Results reveal a shift from individual psychological foci toward systemic, computational approaches underpinning Mental Health Intelligence Platforms (MHIPs). This study outlines a research agenda for empirically evaluating Mental Health Intelligence Platform MHIP designs in future health marketing research.",Alsodi O; Alhur M; Grigoriou N; Mostafa MM; Ferreiro-Seoane FJ,"Business Intelligence Department, School of Business, Alzaytoonah University of Jordan, Amman, Jordan.",Health marketing quarterly,2026-07-08,10.1080/07359683.2026.2696145,6.0,"dashboard(kw,abstract); data(kw,abstract)",data mining; Mental health; Dashboards; Health Marketing; Business Intelligence
42424983,Bed occupancy forecast for decision-making during periods of high hospital pressure.,"<h4>Background</h4>Sudden increases in hospital demand can degrade healthcare services and impact local populations, and are characterised by high bed occupancy. Adaptive policies involving weekly resource and staff allocation can mitigate these effects, but selecting adaptive strategies requires forecasting tools that are seamlessly integrated within hospital decision-making processes.<h4>Objective</h4>To develop and deploy a forecasting tool predicting imminent bed capacity saturation to support short-term adaptive policies.<h4>Methods</h4>We involved two major hospitals in the healthcare system centred around Bristol (England). We used routinely collected hospital-level aggregated and environmental data to predict the risk of bed capacity saturation up to seven days ahead. Risk was defined as the probability of crossing a predefined bed occupancy threshold for individual or aggregated days, and was computed from forecast ensembles, combining bed occupancy forecasts from different statistical and machine learning base models selected via cross-validation. We explored different weighting schemes to obtain forecast ensembles. The tool was deployed in a multi-centre operational setting scheduled to update predictions on a daily basis. We devised a dashboard condensing all relevant information to efficiently communicate risk predictions to decision-makers.<h4>Results</h4>We identified hospital-specific subsets of base models for forecast ensembles. When evaluating risk prediction performance, ensembles were more reliable than individual base models. We did not find substantial performance differences between ensemble weighting schemes, hence we used a linear combination with equal weights during deployment. Feedback from senior managers suggests that our tool could help support adaptive policies.<h4>Conclusion</h4>We developed and deployed a tool to support short-term, high-level adaptive responses to impending hospital capacity saturation. The tool is efficient yet simple and will be extended to include more hospitals. This work contributes to improving data integration and analysis for efficient resource management and decision-making.",Palacios ER; Howlett N; Lo YTE; Roy S; Wood R; Smith T,"Department of Mathematical Sciences, University of Bath, Claverton Down, Bath, BA2 7AY, United Kingdom. Electronic address: erp65@bath.ac.uk.",International journal of medical informatics,2026-07-06,10.1016/j.ijmedinf.2026.106585,6.0,"dashboard(kw,abstract); machine learning(abstract); data(abstract)",Decision support system; time series; Hospital Information Systems; Ensemble Learning; Hospital Bed Capacity; Forecasting Algorithms; Dashboard Systems
42415360,"Long Distance Non-Contact Dermoscopy: Technological Foundations, Clinical Applications, and Future Directions.","Recent advances in dermoscopic imaging have expanded diagnostic capabilities beyond conventional contact devices. Non-contact modalities, including short- and long-distance dermoscopy, preserve vascular morphology, avoid compression artifacts, and enable high-fidelity evaluation of pigmentary and structural patterns across diverse anatomical sites. Improvements in optical engineering, extended depth-of-field acquisition, and artificial intelligence (AI)-enhanced reconstruction now allow non-contact systems to approach the image quality and dermoscopic feature visualization of standard dermoscopy. When integrated with high-resolution total body photography, these modalities support automated lesion mapping, longitudinal monitoring, and early detection of melanoma and other skin cancers. This review synthesizes current evidence on the technological foundations and clinical implications of non-contact dermoscopy and proposes a conceptual framework distinguishing short-distance and long-distance dermoscopic imaging modalities within digital dermatology workflows.",Ferrera N; Caño A; Campos R; Carrera C; Garcia R; González-Villà S; Hayat H; Lenoir C; Nazari S; Podlipnik S; Puig S; Quintana J; Ricart N; Roth B; Saha A; Serra L; Ventura M; Malvehy J,"Department of Dermatology, Hospital Clínic Barcelona, IDIBAPS, University of Barcelona, Barcelona, Spain.",International journal of dermatology,2026-07-07,10.1111/ijd.70560,5.5,"visualization(abstract); visual(abstract); artificial intelligence(kw,abstract)",Melanoma; Artificial intelligence; Dermoscopy; Total Body Photography; Digital Dermatology; Long‐distance Dermoscopy; Non‐contact Dermoscopy
42414487,Quantifying cortical lesions in multiple sclerosis MRI datasets using multi-contrast post-processing and deep learning.,"<h4>Background</h4>Multiple sclerosis (MS) is a chronic neurological disease affecting both white and gray matter of the central nervous system. Despite the well-established involvement of cortical lesions in MS, feasibility limitations in their visualization on typical magnetic resonance imaging (MRI) protocols prevent their evaluation in nearly all clinical trials. Recently, several post-processing methods, including synthetic contrasts and artificial intelligence (AI)-based approaches, have shown potential for enhancing cortical lesion detection on conventional MRI data. These methods have the potential to reanalyze existing clinical-trial data to answer key mechanistic questions about both MS development and about treatment effects.<h4>Methods</h4>We sought to evaluate the feasibility of combining and extending existing methods into a unified framework for analysis using the data from the large, multicenter, phase 3 ORATORIO trial (full n = 732, age=44.6 ± 8.0; development subset n = 80, age=46.6 ± 7.1). We specifically evaluated three of the most promising of them - fluid-attenuated inversion recovery squared (FLAIR<sup>2</sup>), T1/T2 ratio, and artificial intelligence-derived double inversion recovery (AI-DIR) - and introduced a new combined contrast called multi-modal cortical lesion enhanced (MMCLE). We also harnessed transformer-based semantic segmentation to improve automated detection and delineation of these lesions.<h4>Results</h4>At baseline, we detected 14.8 + /-20.72 lesions per participant, with 86.0% true positive rate and 8.4% false positive rate across subjects for blinded MMCLE, using simultaneous review of all contrasts as the reference. High reproducibility was observed across field strengths and acquisition types (ICC 88.8-92.5%).<h4>Conclusions</h4>We confirmed that cortical lesions can be clearly visualized and quantified with these methods. Using deep learning, we also confirmed that the simultaneous use of multiple contrasts improves quantification.",Dwyer MG; Bergsland N; Bartnik A; Jakimovski D; Noteboom S; Schoonheim MM; Steenwijk MD; Pei J; Clayton D; Zivadinov R,"Buffalo Neuroimaging Analysis Center, Department of Neurology, Jacobs School of Medicine and Biomedical Sciences, University at Buffalo, State University of New York, Buffalo, NY, USA. mgdwyer@buffalo.edu.",Communications medicine,2026-07-07,10.1038/s43856-026-01683-7,4.8,"visualization(abstract); visual(abstract); artificial intelligence(abstract); data(title,abstract)",
42418279,Comparative Evaluation of APAFIX and 10% Formalin for Human Histologic Tissue Preservation: A Pilot Study.,"Formalin has long served as the standard fixative in histopathology; however, its limitations-such as antigen masking, nucleic acid degradation, and carcinogenicity-have prompted the search for safer alternatives. APAFIX, a formalin-free fixative, was developed to maintain diagnostic integrity while improving safety in routine tissue handling. This pilot study was conducted to compare the efficiency of the APAFIX solution with formalin in preserving human histologic tissue architecture and cellular morphology as assessed by routine Hematoxylin and Eosin (H and E) staining. Ten human biopsies from different tissue origins underwent standard H and E staining using the routine paraffin technique after 6 to 8 hours of postfixation in either APAFIX or 10% formalin. A blinded pathology review evaluated key histologic parameters, nuclear detail, lymphocyte visualization, fibrous tissue integrity, and overall tissue architecture, using a 10-point scoring system. Results revealed that APAFIX fixing solution was as effective as formalin fixation in terms of tissue quality during processing and sectioning, and in preserving architectural and cellular morphology. APAFIX solution showed enhanced nuclear detail and lymphocyte visualization with occasional fixation artifacts, such as pseudolipomatosis, observed in epithelial tissue. Formalin was more effective in preserving fibrous and epithelial areas. Overall, APAFIX demonstrated sufficient diagnostic performance across the studied pathologic biopsies. APAFIX is a promising formalin-free alternative for histologic tissue fixation, offering enhanced preservation of critical cellular features and eliminating health hazards associated with formalin. Further large-scale studies are warranted to validate its application across broader diagnostic settings and specialized staining techniques.",Qinna NA; Abu-Farsakh HA; Ghanim BY; AlDabet G; Earl J; Mansouri Y; Muhammad SS; Siddiqui QU; Naseer MA; Mushtaq M,"Division of Pharmacology and Pharmaceutical Technology, Faculty of Pharmacy and Medical Sciences, University of Petra, 11196, Amman, Jordan.",Applied immunohistochemistry & molecular morphology : AIMM,2026-07-08,10.1097/pai.0000000000001337,4.5,"visualization(abstract); visual(kw,abstract)",Cytology; Histology; fixation; Formalin-fixed Paraffin-embedded; Tissue Processing; Lymphocyte Visualisation; Nuclear Detail
42410987,Multisignal Collaborative Detection of Thiram Based on Dual-Functional Iron-Based Metal Organic Frameworks.,"To address the thiram (Tr) residue risks to food safety and human health, a ratiometric fluorescence/colorimetric dual-mode detection method was developed using dual-functional iron-based metal organic frameworks (Fe-MOFs) with blue fluorescence and peroxidase-like activity. Fe-MOF catalyzed H<sub>2</sub>O<sub>2</sub>-mediated oxidation of o-<i>p</i>henylenediamine (OPD) to 2,3-diaminophenazine (DAP), quenching Fe-MOF's fluorescence via the internal filtration effect (IFE). Tr inhibited the catalysis, enabling fluorescence recovery and reducing the absorbance of DAP. The dual-mode method achieved a detection limit of 0.18 μM, far below the allowable maximum residue level (MRL) of 21 μM. Simultaneously, on-site visualization analysis was realized via the RGB method based on the color changes under UV/sunlight. Applied to the detection of apple, cabbage, corn, bean sprout, and soil, the dual-mode/RGB methods showed consistent results, effectively avoiding false positives through cross-verification of multiple signals and enhancing detection accuracy.",Wang X; Zhang K; Yu Y; Hu X; Wang L; Guo M; Cao Y; Lin B,"Guangzhou Key Laboratory of Analytical Chemistry for Biomedicine, School of Chemistry, South China Normal University, Guangzhou, Guangdong 510006, China.",Journal of agricultural and food chemistry,2026-07-06,10.1021/acs.jafc.5c16449,4.5,"visualization(abstract); visual(kw,abstract)",thiram; Iron-based Metal Organic Frameworks; Dual-mode Method; Rgb-based Visual Detection; Multisignal Collaboration
42430397,Design and validation of a key performance indicator dashboard for equity in community and retail pharmacy services in Pakistan.,"<h4>Background</h4>Community and retail pharmacies are essential to primary healthcare delivery in Pakistan; however, significant disparities in workforce distribution, medicine availability, and service quality persist between urban and rural settings. The absence of standardized performance monitoring systems limits the ability to identify and address these inequities.<h4>Objective</h4>To design, develop, and validate a key performance indicators (KPI) dashboard for monitoring equity in community and retail pharmacy service delivery in Pakistan.<h4>Methods</h4>A multi-phase methodological study was conducted. Phase I involved qualitative needs assessment using semi-structured interviews with pharmacists, technicians, and administrators (n = 28) to identify service gaps. Phase II employed a modified Delphi technique with expert panel consensus to refine KPIs. Phase III included dashboard development using Microsoft Power BI. Phase IV comprised validation through content validity index (CVI) assessment and usability testing using the System Usability Scale (SUS). Quantitative data were analyzed using descriptive statistics, while qualitative data were analyzed thematically.<h4>Results</h4>Eleven KPIs across workforce, efficiency, quality, safety, availability, and equity domains were finalized. Significant disparities were observed between urban and rural pharmacies, including higher stock-out duration (13.1 vs 6.2 days), lower counseling rates (55% vs 78%), and poorer workforce ratios (1:120 vs 1:65). The dashboard demonstrated high usability (SUS score: 82.5) and strong content validity (S-CVI/Ave: 0.89).<h4>Conclusion</h4>The developed KPI dashboard provides a feasible and scalable tool for real-time monitoring of pharmacy performance and equity. Its implementation can support evidence-based decision-making and improve equitable pharmaceutical service delivery in Pakistan.",Hammad M; Arif R; Khan AZ; Nasir A,"Department of Community Health Sciences, Sohail University, Karachi, Pakistan.",PloS one,2026-07-10,10.1371/journal.pone.0349972,4.4,"dashboard(title,abstract); data(abstract)",
42426075,A deep learning model to predict objective response to TACE and TKI-based therapy in HBV-related uHCC.,"TACE and TKI-based combination therapy shows promise for unresectable hepatocellular carcinoma (uHCC), but inter-patient heterogeneity requires reliable biomarkers for personalized management. We developed a deep learning model to predict objective response and progression-free survival (PFS) in HBV-related uHCC. We retrospectively analyzed 243 patients, partitioned into training (clinical n = 168; radiomics n = 106) and test (n = 75) datasets. Three models were constructed: a Clinical Model (C-Model), a Machine Learning Radiomics Model (ML-Model) utilizing 1,479 CT features, and a Deep Learning Model (DL-Model) based on ResNet-50. Model interpretability was addressed via Grad-CAM. Performance was evaluated using AUC and Kaplan-Meier analysis. In the test dataset, the DL-Model achieved a superior AUC of 0.851 (95% CI: 0.747-0.954), significantly outperforming the C-Model (AUC = 0.586, P < 0.05) and exceeding the ML-Model (AUC = 0.709). Survival analysis showed the DL-Model was the only framework capable of robust prognostic stratification; predicted responders had significantly prolonged PFS (P = 0.011). Grad-CAM analysis revealed a spatial dichotomy: responders exhibited focal, centralized tumor activation, whereas non-responders showed multifocal, peripheral activation patterns. The DL-Model provides a reliable, interpretable tool for predicting tumor response and PFS in uHCC patients receiving TACE and TKI-based therapy. The Grad-CAM visualization offers spatial insights into tumor heterogeneity, facilitating personalized treatment adjustments.",Ding Z; Wu M; Zeng Z; Fang G; Huang Z; Liu X; Chen Z; Zhou Y; Yu Y; Lai Z; Zeng Y,"Department of Hepatopancreatobiliary Surgery, Mengchao Hepatobiliary Hospital of Fujian Medical University, Jintang Road 66, Fuzhou, China.",Scientific reports,2026-07-09,10.1038/s41598-026-60928-6,4.0,visualization(abstract); visual(abstract); machine learning(abstract); data(abstract),Hepatocellular carcinoma; Objective Response; Deep Learning; Radiomics; Grad-cam
42410602,Acceptable diet and dietary diversity across countries in infants aged 6-23 months: a multi-country big data analysis from 1999 to 2021.,"<h4>Background</h4>The aim of this study was to determine the prevalence of minimum dietary diversity, zero vegetable or fruit consumption, egg and/or food consumption and minimum acceptable diet in 6-23 months children by income status in countries and regions worldwide.<h4>Method</h4>This study is a retrospective secondary data analysis. In our study, the prevalences of minimum dietary diversity, zero vegetable or fruit consumption, egg and/or meat and food consumption and minimum acceptable diet were analyzed. Descriptive statistical analyses were performed using Python, and results were visualized using Flourish (a web-based data visualization platform), stratified by WHO and World Bank regional classifications and individual wealth quintiles. In this study, statistics published by the World Health Organization were used as data source. The data were analyzed with Python program and visualized using a web 2.0 tools.<h4>Results</h4>Sub-Saharan Africa (SSA) had the lowest rates of minimum dietary diversity (MDD: ~21%) and minimum acceptable diet (MAD: ~14%) across all wealth quintiles, while Latin America and the Caribbean (LAC) had the highest rates (MDD: ~48%; MAD: ~40%). The highest proportions of infants who did not consume any vegetables or fruits were observed in South Asia (~ 51% in the lowest wealth quintile) and SSA (~ 48%), while LAC had the lowest rates (~ 27%). SSA also had the lowest egg and/or meat consumption rates (~ 35% in the lowest wealth quintile), whereas LAC reported the highest (~ 69%). In SSA, nutritional inadequacy was present across all income levels regardless of wealth quintile. In LAC, dietary adequacy was higher than other regions across all income levels.<h4>Conclusion</h4>In our study, especially in Sub-Saharan Africa, undernutrition in infants aged 6-23 months was found at all income levels, while in Latin America & Caribbean, the nutritional status at all income levels was higher than in other regions.",Aydin MA; Camli A; Kiyici M; Emrem M; Ulker I; Yildiz M,"Department of Nursing, Faculty of Health Sciences, Erzurum Technical University, Erzurum, Turkey.","Journal of health, population, and nutrition",2026-07-06,10.1186/s41043-026-01359-x,3.8,"visualization(abstract); visual(abstract); data(title,abstract)",Dietary Diversity; Acceptable Diet; 6–23 Months; Infants Nutrition; Early Childhood Diet
42421421,Developing a Community Response Plan for Community-Driven Wastewater Surveillance and Monitoring of Infectious Cancers in a Tribal Nation.,"In rural Tribal communities, timely detection of infectious diseases remains a significant public health challenge. The Wastewater Monitoring for Wellness Project, a collaboration between a Tribal health department, Tribal college, in-state university and the state health department, began a community-driven wastewater surveillance pilot study on the Rocky Boy's Indian Reservation to detect pathogens linked to cancer (i.e., <i>Helicobacter pylori</i> and human papillomavirus). Using a Community-Based Participatory Research approach, the project developed a community response plan, educational materials, and a data dashboard to translate wastewater findings into public health action. The community response plan outlined roles, communication strategies, and response protocols to inform health care interventions and raise community awareness. This work addresses unmet surveillance of infectious cancers, promotes Tribal data sovereignty, and supports ethical surveillance practices. The project demonstrates that wastewater surveillance, when grounded in local partnerships with community-centered priorities and with respect for Tribal data sovereignty, can be an effective tool for early disease detection and prevention in Tribal public health systems.",Price F; Mitchell B; Hopkins B; Belcourt G; Walk ST; Eagleman L; Russette H,"EmpowerMT, Missoula, MT, USA.",Health promotion practice,2026-07-08,10.1177/15248399261463710,3.0,"dashboard(abstract); data(kw,abstract)",Public Health; Native American; Data Sovereignty; Wastewater Surveillance; Infectious Cancers; Community Response Plan
42431590,Role of MRI-based synthetic CT and low-dose CT for the assessment of structural damage in axial spondyloarthritis - a review.,"Structural lesions, including erosions, sclerosis, and pathological new bone formation, are key features of disease progression in axial spondyloarthritis (axSpA) and are associated with irreversible functional impairment. Reliable imaging methods are therefore essential for accurate assessment and monitoring. Radiography remains the recommended method for evaluating structural damage; however, it is limited by poor visualization of the thoracic spine and early sacroiliitis, as well as having low sensitivity to change. Magnetic resonance imaging (MRI) enables early detection of inflammatory lesions but has limitations in assessing cortical bone and subtle structural damage. Computed tomography (CT) is the reference standard for visualizing structural bone changes, but its use has been limited in axSpA due to high radiation exposure. Recent advances in low-dose CT and MRI-based synthetic CT have introduced new opportunities for more sensitive and comprehensive structural damage assessment. Low-dose CT provides high-contrast visualization of structural lesions in both the sacroiliac joints (SIJs) and the entire spine, including regions not adequately visualized by radiography, and has demonstrated superior diagnostic performance and sensitivity to structural progression. Synthetic CT, generated from MRI data using a deep-learning reconstruction method, enables CT-like visualization of bone without ionizing radiation and allows combined assessment of inflammatory and structural lesions within a single examination. Emerging evidence supports its diagnostic accuracy and reliability, particularly in the SIJs, but the method has also shown promise for assessment of spinal structural damage. Together, these modalities are expected to substantially improve assessment of disease progression and treatment effects, although further longitudinal studies are needed to establish their role in clinical practice and research.",Willesen ST; Møller JM; Østergaard M,"Copenhagen Center for Arthritis Research, Center for Rheumatology and Spine Diseases, Rigshospitalet, Glostrup, Denmark; Department of Clinical Medicine, Faculty of Health and Medical Sciences, University of Copenhagen, Copenhagen, Denmark. Electronic address: simone.willesen@regionh.dk.",Joint bone spine,2026-07-10,10.1016/j.jbspin.2026.106097,3.0,visualization(abstract); visual(abstract); data(abstract),Spine; Magnetic Resonance Imaging; computed tomography; Axial Spondyloarthritis; Sacroiliac Joints; Structural Damage; Synthetic Ct
42412889,Enhancing medical Q&amp;A systems with multimodal knowledge graphs and dual-layer attention mechanisms.,"Medical intelligent question-answering (QA) systems have become important tools for improving the efficiency of healthcare services, and recent research has increasingly emphasized performance optimization and multimodal integration. However, existing systems still face several challenges in intent recognition, entity extraction, and multimodal knowledge fusion, particularly reduced accuracy in multi-label classification, heavy reliance on large-scale annotated data, and limited support for cross-modal retrieval. To address these issues, this study proposes a medical intelligent QA framework that integrates a dual-layer attention mechanism, a large language model, and a multimodal medical knowledge graph to improve system understanding and response generation in complex clinical scenarios. Specifically, we develop a text-based intent recognition model with a dual-layer attention architecture, in which a global contextual attention module is introduced to capture long-range semantic dependencies and improve multi-label classification performance. In addition, an instruction-tuned large language model is employed for zero-shot medical entity recognition, thereby reducing dependence on manually annotated datasets. Building on this foundation, we construct a multimodal medical knowledge graph comprising more than 15,000 associated medical images and develop a visualization-oriented retrieval interface using Flask and ECharts. Experimental results show that the proposed intent recognition model achieves a peak Micro-F1 of 94.42% on multiple benchmark datasets, outperforming several baseline methods. The LLM-based entity recognition module achieved competitive recall in medical entity extraction, demonstrating strong capability in identifying medical entities. User evaluation results further indicate that the system is effective and practical across a variety of medical query types. This study provides a feasible framework for advancing medical QA systems through improved intent recognition, low-resource entity extraction, and multimodal knowledge integration.",Qiu G; Yuan Q; Wang Y; Qu P; Jia W,"Key Laboratory of Advanced Manufacturing Technology, Ministry of Education, Guizhou University, Guiyang, China.",PloS one,2026-07-07,10.1371/journal.pone.0353112,3.0,visualization(abstract); visual(abstract); data(abstract),
42426739,The promise of virtual and augmented reality for optimizing community engagement in driving health equity solutions.,"<h4>Background</h4>A growing number of studies have highlighted the importance of data visualization when utilizing mixed-methods approaches within community-based participatory research (CBPR). One such CBPR-derived method - Our Voice - employs a citizen-science (CS) framework that leverages mobile technology to improve health outcomes for residents from diverse communities. Virtual reality (VR) and augmented reality (AR) are two cutting-edge technologies that have been cited as potential tools to enhance data visualization and solution-building processes in Our Voice and similar community-facing methods. However, their utilization in such projects remains limited. In the present study, we report the first integration of VR and AR into two Our Voice projects and examine their feasibility and perceived utility within community-engaged settings.<h4>Methods</h4>VR/AR technology was integrated into two Our Voice projects: (1) a project with adult unpaid care workers in Ciudad Bolívar, Bogotá, Colombia, and (2) a project with high school students in Half Moon Bay, CA, United States. In both settings, 360-degree simulations were integrated into a newly refined five-step Our Voice method, which included an ""Imagine"" step. Post-surveys assessed community members' attitudes toward VR/AR using a six-point Likert scale. Data were descriptively analyzed.<h4>Results</h4>Research using the Our Voice method revealed the integration of VR/AR resulted in citizen scientists and local stakeholders reporting VR/AR enhanced their ability to visualize community-level facilitators and barriers to leading healthy lives. Additionally, participants reported an increase in confidence in the potential of VR/AR to facilitate the development of innovative community-facing solutions to various issues around their neighborhoods.<h4>Conclusions</h4>The findings from these pilot investigations suggest that VR/AR holds the promise in contributing to relevant advocacy changes across diverse communities, stakeholders, and problem areas. Future studies should explore developing user-friendly software that bridge data visualization and digital solution-building for broader community and organizational engagement.",Doueiri ZN; Banchoff A; Gómez-García LM; Foldenauer C; Aladino PG; Zamora AN; Sarmiento OL; King AC,"Department of Epidemiology and Population Health, Community Engagement and Implementation Coordinator, Our Voice: Citizen Science for Health Equity Initiative, Stanford University School of Medicine, 1701 Page Mill Road, Palo Alto, CA, 94304, USA. doueirizakn@gmail.com.",BMC public health,2026-07-09,10.1186/s12889-026-28409-7,3.0,visualization(abstract); visual(abstract); data(abstract),Virtual reality; Mixed Methods; Vulnerable Populations; Community Engagement; Augmented Reality; Social Determinants Of Health; Citizen Science; Health Equity; Our Voice
42423738,C2 nerve root sectioning in C1-C2 arthrodesis: a single-surgeon series of 31 patients.,"<h4>Purpose</h4>C1-C2 instability can result from trauma, degenerative changes, neoplasms, or congenital abnormalities. Atlantoaxial stabilization is a complex surgical procedure due to the unique anatomy of C1 and C2 and the wide range of motion of this segment. This study evaluates the safety and utility of C2 nerve root sectioning to facilitate visualization of the C1 screw entry point, reducing the risk of intraoperative neurological and vascular injury.<h4>Methods</h4>We retrospectively reviewed a single-surgeon (CM) series of 31 patients undergoing C1-C2 arthrodesis between 2009 and 2025, with intraoperative sectioning of the C2 nerve roots. Demographic, clinical, and surgical data were collected, including age, sex, diagnosis, operative time, use of neuronavigation, vascular injury, postoperative neurological deficits, and C2-related symptoms. The Harms technique involved bilateral C1 lateral mass screws and C2 pedicle screw fixation. C2 nerve roots were sectioned distal to the dural sac after placement of a metal clips, in order to improve intraoperative visualization and control venous bleeding.<h4>Results</h4>No patients developed C2 numbness, hypoesthesia, or occipital anesthesia following C2 roots sectioning and no intraoperative vascular injuries or postoperative neurological deficits occurred. Postoperative CT confirmed optimal screw placement in all cases. The most frequent causes of instability were post-traumatic type II odontoid fractures, followed by odontoid fractures involving the C2 body and C1, neoplastic lesions, cranio-cervical junction cyst, and degenerative instability.<h4>Conclusion</h4>C2 nerve roots sectioning during C1-C2 arthrodesis is safe and provides optimal exposure of the C1 screw entry point, reducing intraoperative risks, with no C2-related deficits or numbness observed in our series of 31 patients.",Mandelli C; Mura C; Mortini P,"IRCCS Ospedale San Raffaele, Milan, Italy. mandelli.carlo@hsr.it.","European spine journal : official publication of the European Spine Society, the European Spinal Deformity Society, and the European Section of the Cervical Spine Research Society",2026-07-09,10.1007/s00586-026-10155-4,3.0,visualization(abstract); visual(abstract); data(abstract),Harms; C1-c2 Fusion; C1-c2 Instability; C2 Nerve Roots Section
42435050,Classification of SARS-CoV-2 Variants Through the Epistatic Circos Plots with Convolutional Neural Networks.,"The COVID-19 pandemic has profoundly affected global health, driven by the remarkable transmissibility and mutational adaptability of the SARS-CoV-2 virus. Although five variants of concern, Alpha, Beta, Gamma, Delta, and Omicron, have been identified, the classification task in this study is formulated using four classes: Alpha, Delta, Omicron, and Else, reflecting the sequence availability and temporal coverage of the dataset. Here, we develop an integrative framework that combines direct coupling analysis (DCA), Circos-based visualization, and convolutional neural networks (CNNs) to characterize lineage-specific epistatic signatures from large-scale SARS-CoV-2 genomic sequences. DCA-inferred pairwise mutational couplings were transformed into Circos images, which were then used as inputs for CNN-based classification models. The proposed framework achieved robust variant classification, with the best-performing model reaching a weighted-average [Formula: see text] of [Formula: see text] and an AUC close to 1. Additional temporal holdout analyses showed that the framework retained reasonable predictive capability across evolutionary time, yielding a weighted-average [Formula: see text] of 87.85%.",Jing B; Zhang KR; Zeng HL; Aurell E,"School of Science, Nanjing University of Posts and Telecommunications, Nanjing, 210023, China.",Journal of molecular evolution,2026-07-11,10.1007/s00239-026-10329-0,3.0,visualization(abstract); visual(abstract); data(abstract),Epistasis; Direct Coupling Analysis (Dca); Convolution Neural Network; Sars-cov-2; Circos Plots
42435496,Alternative Diagnostic Methods for Post-operative Lymphatic Fistula in Head and Neck Surgeries - A Narrative Review.,"<h4>Introduction</h4>A rare but potentially life-threatening complication of head and neck procedures is post-operative lymphatic fistula. While conventional diagnosis relies on clinical signs, simple biochemical tests, and imaging, these methods have limitations. This narrative review provides an overview of emerging alternative diagnostic techniques for post-operative lymphatic fistulas in head and neck surgeries.<h4>Methods</h4>A comprehensive search of PubMed, Embase, Scopus, and Web of Science databases was performed, and all prospective and retrospective studies, case series with, and randomized controlled trials that reported the new diagnosis, methods or radiographic presentation, and management of post-operative chylous leaks in head and neck surgeries were included. The quality of articles assessed using SANRA criteria.<h4>Results</h4>The alternative modalities identified include lymphangiography/lymphoscintigraphy, near-infrared imaging, ultrasound approaches, cross-sectional imaging, biosensors, and lymphatic biomarkers. Each of these techniques offers distinct advantages in terms of anatomical visualization, functional assessment, safety, point-of-care use, cost, availability, and treatment guidance. Nevertheless, they also possess specific limitations that must be considered.<h4>Conclusions</h4>The choice of diagnostic methods should be individualized based on the clinical context, resources, and expertise available. Further research is necessary to refine these novel techniques and establish their role in clinical practice. To translate these innovations into improved patient care, it is essential for clinicians, radiologists, and biomedical engineers to collaborate closely. Therefore, a comprehensive understanding of post-operative lymphatic fistulas and the emerging diagnostic options is imperative for head and neck surgeons to effectively manage this challenging complication.",Shafaeipour A; Shahsavand A; Jalaeefar A; Esmaeilian S; Moosaie F; Shirkhoda M,"Department of General Surgery, Subdivision of Surgical Oncology, Cancer Research Center, Cancer Institute of Iran, Tehran University of Medical Sciences, Tehran, Iran.",The Journal of surgical research,2026-07-11,10.1016/j.jss.2026.06.045,3.0,visualization(abstract); visual(abstract); data(abstract),Diagnosis; Head And Neck; Chylous Fistula
42414724,Cross-Center Online Generalization Algorithm with Unadversarial Consistency for Fetal Heart Ultrasound View Recognition.,"Fetal congenital heart disease (FCHD) remains a leading cause of infant mortality globally, yet the clinical deployment of deep learning models for automated fetal echocardiographic view recognition faces performance degradation due to domain shifts across medical centers. This study aims to develop a cross-center online adaptation framework to enhance model generalization in heterogeneous clinical environments without requiring target-domain labels. We propose a novel framework integrating three core components: (1) a dual-branch architecture with unadversarial perturbation-based consistency regularization to enforce feature invariance, (2) uncertainty-aware loss weighting via evidential deep learning (EDL) to prioritize high-uncertainty samples, and (3) selective fine-tuning of Batch Normalization (BN) layers to adapt domain-sensitive parameters efficiently. The framework dynamically adjusts model parameters during inference using unlabeled test data, avoiding costly retraining. Evaluated on multicenter fetal echocardiography datasets, the framework improved mean recognition accuracy by 0.88-2.55% across six deep learning models. DenseNet achieved the highest external test accuracy of 82.29%, outperforming baseline models. Feature visualization via t-SNE and heatmaps confirmed enhanced discriminative capability, while confusion matrices revealed reduced misclassification rates for challenging views (e.g., RVOT vs. 3VV/3VT). This work establishes a label-free adaptation strategy to address domain shifts in fetal ultrasound, demonstrating robust generalization across diverse clinical settings. By bridging AI innovation with practical deployment requirements, the framework offers a scalable solution to standardize prenatal screening quality, particularly benefiting resource-limited regions. Future efforts will extend validation to dynamic video analysis and broader multicenter datasets.",Liu Y; Liang T; Tian J; Jiang N; Chen C; Zhang Y; Zhang Z,"Department of Pediatric Cardiology, Shanghai Children's Medical Center, Shanghai Jiao Tong University School of Medicine, Shanghai, China.",Journal of imaging informatics in medicine,2026-07-07,10.1007/s10278-026-02100-0,3.0,visualization(abstract); visual(abstract); data(abstract),Fetal Echocardiography; Online Adaptation; Domain Adaptation; Evidential Deep Learning; Standard View Recognition
42407154,Wearable sensors for intelligent sweat monitoring based on extended-gate stretchable organic transistors.,"Non-invasive sweat analysis holds significant promise for personalized health monitoring, yet existing technologies face limitations in mechanical compatibility, signal fidelity, and multimodal detection. Here, a multimodal sensing platform based on a stretchable organic field-effect transistor (OFET) array is presented to address these challenges. The OFET device exhibits excellent stretchability and operational stability, retaining stable electrical performance after 1000 stretching cycles at 30% strain and showing no significant threshold voltage drift under 3 h of bias stress. With extended-gate electrodes functionalized with selective membranes and enzymes, the system detects Na<sup>+</sup>, K<sup>+</sup>, Ca<sup>2+</sup>, glucose, and lactate over physiologically relevant ranges (1 - 100 mM, 1 - 100 mM, 0.1 - 10 mM, 50 - 250 μM, and 5 - 25 mM, respectively), demonstrating high sensitivity, selectivity, and accuracy. Specifically, the ion sensors exhibited detection errors below 4.5%, while the glucose and lactate sensors showed remarkably low response variations with relative standard deviations (RSD) of only 2.16% and 1.18%, respectively. The sensor retains reliable performance in artificial sweat, demonstrating strong resilience to complex biofluid matrices. Integrated with a miniaturized flexible circuit and wireless module, our platform enables real-time data acquisition, processing, and visualization via a mobile application. This work establishes a robust foundation for future wearable diagnostic systems capable of continuous, multi-parameter physiological monitoring.",Wang W; Yang A; Yang H; Zhang X; Li S; Kong X; Yang H,"State Key Laboratory of Advanced Materials for Intelligent Sensing, Key Laboratory of Organic Integrated Circuit, Ministry of Education & Tianjin Key Laboratory of Molecular Optoelectronic Sciences, Department of Chemistry, School of Science & Institute of Molecular Aggregation Science, Tianjin University, Tianjin, 300072, China.",Talanta,2026-07-06,10.1016/j.talanta.2026.130259,3.0,visualization(abstract); visual(abstract); data(abstract),Ofet; Integrated Circuit; Stretchable Transistors; Extended-gate; Sweat Detection
42413239,Digital Analysis of Upper Airway Morphology in Obstructive Sleep Apnea Syndrome Using Cone Beam Computed Tomography.,"<h4>Introduction and aims</h4>Obstructive sleep apnea syndrome (OSAS) is one of the most common sleep disorders, which poses a serious burden on the quality of life of the population. The incidence rate of OSAS in the population is very high and most cases have not been confirmed in time. In addition, many patients do not fully alleviate the symptoms of upper respiratory tract stenosis after receiving treatment. Therefore, OSAS patients need timely diagnosis and effective intervention.<h4>Methods</h4>Basic clinical data and sleep breathing parameters were collected from OSAS patients diagnosed in the otolaryngology department. Subsequently, these patients underwent cone beam computed tomography (CBCT) examination in the stomatology department to screen upper airway parameters. Correlation analyses between awake upper airway characteristics and sleep breathing events were performed, culminating in the construction of a numerical upper airway assessment model for OSAS patients.<h4>Results</h4>Three-dimensional (3D) reconstruction of CBCT images enabled direct visualization of upper airway anatomical morphology. The upper airway in OSAS patients demonstrated anatomical stenosis compared to healthy individuals, which correlated with alterations in sleep breathing parameters. The digital model, integrating sleep breathing parameters and upper airway measurements, effectively explained these variations.<h4>Conclusion</h4>This numerical model, based on sleep breathing and upper airway characteristics, is primarily for early screening and risk stratification of OSAS. Validated in an otolaryngology setting, it guides referral for definitive diagnosis through polysomnography (PSG) and detailed clinical evaluation, within which its predictions must be interpreted.",Zeng Y; Gao Z; Zhang Y; Yang Q; Ge W; Li M; Wang X; Yu Y; Xie X; Li S,"Department of Stomatology, The Second Xiangya Hospital, Central South University, Changsha, China; Department of Otorhinolaryngology Head and Neck Surgery, The Second Xiangya Hospital, Central South University, Changsha, Hunan, China.",International dental journal,2026-07-07,10.1016/j.identj.2026.109539,3.0,visualization(abstract); visual(abstract); data(abstract),Three-dimensional reconstruction; Obstructive Sleep Apnea Syndrome; Cone beam computed tomography; Upper Airway Anatomical Stenosis
42426537,Endoscopic endonasal infrachiasmatic approach to intra-third ventricle craniopharyngiomas: surgical outcomes and limits to complete resection.,"<h4>Purpose</h4>To evaluate the surgical outcomes of the endoscopic endonasal infrachiasmatic approach (EEIA) for intra-third ventricle craniopharyngiomas (IVC) and to define the anatomical limits of tumor resection through this corridor.<h4>Methods</h4>We retrospectively analyzed 21 cases of IVCs (17 primary and 4 recurrent) who underwent EEIA between 2016 and 2025. Clinical data were obtained from the institution's database. Surgical outcomes and anatomical limits of tumor resection were examined.<h4>Results</h4>Gross total resection (GTR) was achieved in 18 cases and subtotal resection (STR) in 3 cases. Among patients with preoperative visual and cognitive impairment, improvements were noted in 69.2% and 88.9%, respectively. Tumor margins extending beyond the anterior suprachiasmatic limit of visualization of the infrachiasmatic corridor (IC), corresponding to the chiasma-clival line (CCL), limited safe dissection. Furthermore, tumor adherence to adjacent vasculature and mammillary bodies represented an additional limitation.<h4>Conclusion</h4>The EEIA may enable aggressive resection of IVCs while preserving and improving visual and cognitive function. Complete resection is limited by the geometry of the operative corridor and tumor adherence to vital structures. The CCL may serve as a practical marker of the anterior suprachiasmatic limit of the corridor and aid in preoperative planning, particularly in identifying cases that may require alternative or staged approaches.",Hazunga R; Morisako H; Nagahama A; Ikegami M; Liew BS; Goto T,"Department of Neurosurgery, Graduate School of Medicine, Osaka Metropolitan University, 1-4-3 Asahi-machi, Abeno-ku, Osaka, 545-8585, Japan.",Pituitary,2026-07-09,10.1007/s11102-026-01729-y,3.0,visualization(abstract); visual(abstract); data(abstract),Third ventricle; Craniopharyngioma; Surgical Outcomes; Endoscopic Endonasal Approach; Extent Of Resection; Infrachiasmatic Approach
42426149,Effect of pressure-controlled tourniquet use on peripheral intravenous catheterization in adult patients: a randomized controlled clinical trial.,"Peripheral intravenous catheterization (PIVC) is a common invasive procedure in hospital setting. When it fails, patients may endure discomfort and experience delays in treatment and laboratory testing. This study aimed to assess whether a pressure-controlled tourniquet (PCT) influences the success rate of PIVC in hospitalized patients. This parallel group randomized controlled clinical trial enrolled 148 eligible patients, who were randomly allocated to either the PCT or the elastic tourniquet (ET) group. The primary outcome was the First Attempt Insertion Success (FAIS) rate. Data were analyzed with SPSS 27.0.1.0. The FAIS rate for PIVC was 91.7% in the PCT group and 82.9% in the ET group, but this difference was not statistically significant (p = 0.11). Comparison of time to PIVC insertion between the two groups showed that the time was significantly (p = 0.003) shorter in the PCT group (26.59 ± 13.08 s) compared to the ET group (32.88 ± 13.89 s). Sex was a significant predictor of catheter placement success, with men being approximately 1.5 times more likely than women to achieve successful placement. A history of comorbid conditions and elevated body mass index were independently associated with a significantly lower likelihood of successful peripheral venous catheter placement (p < 0.001). The PCT significantly improved vein palpability compared to the ET, with success rates of 98.6% and 89.5%, respectively. The use of a PCT during PIVC may improve vein visualization and palpation, potentially enhancing patient comfort and reducing the time required for successful catheter placement. Although no significant difference in initial success rates was observed between the PCT and ET groups, the findings suggest that PCT may offer clinical advantages, particularly when considering patient-specific factors such as sex and pre-existing medical conditions that influence catheterization outcomes.",Sayyad-Ghobadi T; Tabari-Khomeiran R; Sedghi-Sabet M; Atrkar-Roushan Z,"Department of Medical-Surgical Nursing, School of Nursing and Midwifery, Guilan University of Medical Sciences, Rasht, Iran.",Scientific reports,2026-07-09,10.1038/s41598-026-61928-2,3.0,visualization(abstract); visual(abstract); data(abstract),Blood pressure; Tourniquet; Adult Catheterization; Patients With Difficult Venous Access; Peripheral Vein Access
42425588,"The Orphaned Innovation: Cost, Structural Barriers, and Global System Shifts Prompting Reimbursement Reform in Endoscopic Spine Surgery-Insights From 1.2 Million Cases.","<h4>Background</h4>Endoscopic spine surgery (ESS) is increasingly recognized for its clinical efficacy and patient-centered advantages, including reduced morbidity and faster recovery. However, despite growing global interest, its adoption remains highly variable, shaped more by systemic, economic, and institutional forces than by technical limitations.<h4>Objective</h4>To evaluate global adoption barriers to ESS using psychometrically validated tools and identify region-specific structural disparities through Rasch analysis and differential item functioning (DIF).<h4>Methods</h4>A cross-sectional global survey was conducted among 1834 spine surgeons. Of the 1040 individuals who began the survey, 438 (42.6%) from 46 countries completed the survey. A 27-item instrument assessed access, reimbursement, training infrastructure, and institutional support for ESS. Rasch rating scale modeling was used to test internal validity, unidimensionality, and item fit. DIF analysis and 1-way analysis of variance were performed to detect region-specific biases in item responses. Respondents were stratified by country and region, including China, India, Brazil, the United States, Latin America, and Europe.<h4>Results</h4>Collectively, the responding surgeons reported an extrapolated cumulative experience of 1,286,496 endoscopic spine procedures, suggesting that responses were anchored in substantial clinical experience. Rasch analysis confirmed acceptable model fit. DIF analysis revealed strong regional disparities. Surgeons in China and India reported high institutional support, better training access, and fewer reimbursement obstacles, suggesting high system adaptability. Conversely, respondents from the United States and Latin America cited limited training integration, poor reimbursement, and institutional inertia. Europe exhibited a structural stalemate driven by low surgeon compensation and excessive bureaucratic gatekeeping. Despite these differences, surgeon and patient interest in ESS remained uniformly high across regions, identifying shared global momentum for minimally invasive innovation.<h4>Conclusions</h4>The global diffusion of ESS is hindered less by clinical limitations than by systemic inertia and fragmented policy frameworks. Countries with flexible, market-responsive systems (eg, China and India) are emerging as innovation leaders, while historically dominant regions (eg, United States and Europe) risk stagnation without structural reform. ESS serves as a diagnostic lens for broader health system adaptability, highlighting the urgent need for investment in training, reimbursement reform, and institutional endorsement. This study provides level II evidence that endoscopic lumbar decompression is a surgical work comparable to open techniques and should be valued accordingly. Grounded in more than 1.2 million cases and expert consensus, this study supports policy recommendations to retire Current Procedural Terminology 62380 and to adopt reimbursement frameworks based on surgical work rather than visualization method.<h4>Level of evidence</h4>While this study cannot be reclassified in the strict Oxford Centre for Evidence-Based Medicine hierarchy, the authors employ the following analogy: Rasch/DIF methods filter bias in the same way randomization filters bias in clinical trials. While it relies on self-reported surgeon data rather than direct clinical outcomes, the application of Rasch modeling and DIF analysis strengthens internal validity and minimizes measurement bias. Importantly, surgeon responses were anchored in an extrapolated cumulative experience of more than 1.28 million endoscopic spine procedures, reflecting deeply internalized clinical judgment rather than anecdotal opinion. These methodological features distinguish the study from unvalidated descriptive surveys and support its classification as higher-level clinical evidence-offering a filtered and reliable lens into global surgical practice patterns and systemic barriers to ESS adoption. Based on its cross-sectional observational design enhanced by validated psychometric methodology, the authors consider this survey study a psychometrically validated, high-quality observational survey study.<h4>Clinical relevance</h4>This study identifies structural and systemic barriers that limit global adoption of ESS and highlights key targets-such as training, reimbursement, and institutional support-for improving access and accelerating safe implementation.",Lewandrowski KU; Lorio MP; Alfaro H; Bae J; Basil GW; Beall DP; Bergamaschi JP; Brito M; Burkhardt BW; Calderaro AL; Canales-Nájera JA; Cantu-Leal R; Longoria RC; Cruz ELC; Choi G; Cornips E; Costa HRT; Ricárdez JAC; Datar G; Darwono B; Derman P; Dowling Á; Duarte J; García Chávez A; Gardocki RJ; Hagel V; Harhangi BS; Hellinger S; Avila JMJ; Lee JH; Hofstetter CP; Huang M; Hussain NS; Ito K; Ivanic G; Kashlan O; Kim HS; Kim JL; Kim P; Kim SW; Knight M; Konakondla S; Kotheeranurak V; Krishnan A; Kwon B; Li ZZ; Lombardi LA; Mahan MA; González FM; Mindea S; Miramontes V; Montemurro N; Morgenstern C; Oertel J; Ogunlade J; Solís MP; Pestonji MD; Quillo-Olivera J; Quiñones BOB; León JFR; Žanko RS; Song K; Telfeian A; Vaccaro AR; Yang H; Yeung C; Yoon JW; Zhang X; Hasan S,"Division of Personalized Pain Research and Education, Center for Advanced Spine Care of Southern Arizona, Tucson, AZ, USA business@tucsonspine.com.",International journal of spine surgery,2026-07-08,10.14444/8908,3.0,visualization(abstract); visual(abstract); data(abstract),Endoscopy; Medical education; Spine/surgery; Reimbursement Mechanisms; Practice Patterns; Health Policy; Minimally Invasive Surgical Procedures; Health Services Accessibility; Cross-cultural Comparison; Diffusion Of Innovation
42406031,Keratins and desmosomal proteins: Utility for molecular subtype identification in muscle-invasive bladder cancer.,"Keratins (CK) and desmosomal proteins are associated with prognosis in many cancers, and CK5, CK14 and CK20 are recognized as surrogate markers for molecular subtyping of muscle-invasive bladder cancer (MIBC). We analyzed the correlation between protein clustering and MIBC subtypes. We retrieved samples of muscle-invasive UC from patients treated with radical cystectomy without prior neoadjuvant therapy at two institutions. Immunohistochemical staining with tissue microarrays was performed for keratins (CK5, CK7, CK8, CK10, CK13, CK14, CK17, CK18, CK19, CK20), desmogleins (DSG2, DSG3) and desmocollin 3 (DSC3), and outcomes were evaluated using the H-Score. Molecular classification subgroups were defined according to CK5 and CK20 expression; for a subset of cases, the MDACC molecular classification was also available. Clinical data were retrieved from medical records. Hierarchical clustering with Euclidean distance, classification trees and principal component analysis was used for data visualization. We identified protein clustering patterns for luminal and basal subtypes in 232 analyzed samples. DSG2 groups were independent from DSC3 and DSG3 clustering in the luminal subtype. The molecular clusters were comparable in matched primary tumour and lymph node metastases (LNM) samples, and the protein expression correlated moderately with each other. CK5 (PT (90 [IQR 8.3-265, LNM (30.8 [IQR 6.7-155]; p = 0.011)), CK17 (PT (145 [IQR 42.5-222.5]),LNM (47.5 [IQR 14.2-110]; p = 0.005), DSG2 ( PT (55 [IQR 15-105]), LNM (32.1 (7.5-75.8)); p = 0.004), and DSC3 (PT (20.8 [IQR 0-71.7]), LNM (3.8 [IQR 0-43.3]; p = 0.013) expression were lower in LNM. Limitations include the absence of patients treated with neoadjuvant therapy and the risk of overfitting. We concluded that distinct keratin and desmosomal protein patterns are linked to cancer subtypes, and remain consistent in LNM. These findings indicate potential for keratins and desmosomal proteins to guide muscle-invasive bladder cancer subtype classification with possible prognostic implications, necessitating further research.",Scherping AK; Tomasik B; Luzha J; Schostak M; Jandrig B; Fehr A; Hartmann A; Abele N; Eckstein M; Ströbel P; Miszczyk M; Shariat SF; Kunc M; Garbers C; Czapiewski P,"Institute of Pathology, University Medical Center Bonn (UKB), Venusberg-Campus 1, 53127, Bonn, Germany. anna.scherping@ukbonn.de.",Virchows Archiv : an international journal of pathology,2026-07-06,10.1007/s00428-026-04639-3,3.0,visualization(abstract); visual(abstract); data(abstract),Molecular Subtype; Keratins; Muscle-invasive Bladder Cancer; Desmosomal Proteins
42414957,"Comparison of perioperative outcomes, efficacy, and safety between single-port and biportal endoscopic surgery for lumbar disc herniation: a systematic review and meta-analysis.","<h4>Background</h4>Minimally invasive endoscopic spine surgery, primarily including Single-Port endoscopic surgery and unilateral biportal endoscopy (UBE), has been widely adopted for treating lumbar disc herniation (LDH). While Single-Port techniques utilize a single channel for both visualization and instrumentation, UBE employs two independent portals, offering distinct technical advantages. This systematic review and meta-analysis aimed to compare the perioperative outcomes, efficacy, and safety of these two procedures to provide evidence for individualized minimally invasive surgical selection.<h4>Methods</h4>Included studies were identified via systematic searches of five electronic databases (PubMed, Web of Science, Embase, Cochrane Library, Scopus) up to March 2026. Two reviewers independently screened studies, extracted data, and assessed quality using the Newcastle-Ottawa Scale. Meta-analysis was performed using RevMan 5.4.<h4>Results</h4>Twenty four studies (2096 patients: 953 UBE, 1143 Single-Port) were included. The Single-Port group had shorter operation time, less blood loss, earlier ambulation, and shorter hospital stay (all P < 0.0001), while UBE had fewer fluoroscopies (P < 0.0001). Short-term visual analog scale (VAS)/Oswestry Disability Index (ODI) differences were below minimal clinically important difference (MCID) and clinically insignificant; mid-/long-term outcomes were comparable. Complication rates (OR = 1.10, 95% CI [0.77, 1.58], P = 0.59) and Macnab excellent and good rates (OR = 0.95, 95% CI [0.64, 1.41], P = 0.80) were similar.<h4>Conclusions</h4>Single-Port and UBE have comparable mid-to-long-term efficacy and safety for LDH. Single-Port appears to have advantages in several perioperative outcomes (e.g., operation time and hospital stay), while UBE requires fewer fluoroscopies, though these findings are accompanied by high heterogeneity. Clinical selection should be individualized based on lesion complexity, surgeon experience, and rehabilitation needs.<h4>Trial registration</h4>PROSPERO, CRD420251253159.",Yu Q; Zhao Z; Liu S,"Department of Spine Surgery, Honghui Hospital, Xi'an Jiaotong University, Xi'an, Shaanxi, 710054, China. 2205010780@stu.com.",BMC musculoskeletal disorders,2026-07-07,10.1186/s12891-026-10139-x,3.0,visualization(abstract); visual(abstract); data(abstract),Meta-analysis; Lumbar disc herniation; Systematic review; Unilateral Biportal Endoscopy; Single-port Endoscopic Surgery
42414775,Mid-to-long-term follow-up study on the application of cystic duct patency test and cystic duct exploration in laparoscopic cholecystectomy for calculous cholecystitis: Xinjiang-Gu laparoscopic cystic duct exploration.,"<h4>Background</h4>Laparoscopic cholecystectomy (LC) is standard for gallstones, but residual cystic duct and common bile duct (CBD) stones occur due to lack of systematic intraoperative cystic duct exploration. This study evaluated the mid-to-long-term efficacy and safety of a modified procedure-Xinjiang-Gu Laparoscopic Cystic Duct Exploration and Lithotomy-in reducing residual biliary stones.<h4>Methods</h4>This retrospective cohort study enrolled patients undergoing LC for gallstones (08/2021-09/2023).<h4>Exclusion criteria</h4>biliary malignancy, intraoperative CBD exploration, prior bilioenteric anastomosis, incomplete data. Patients were divided into control (conventional LC, n = 562) and test (LC with cystic duct exploration/lithotomy, n = 150) groups. Test group procedures included transverse cystic duct incision, direct bile visualization, milking, patency test (saline gravity drop), intraoperative cholangiography, and transcystic ureteroscope insertion for CBD exploration/stone removal.<h4>Primary outcome</h4>symptomatic residual biliary stones detected during clinical follow-up. Median follow-up: test 40 months, control 37 months. Kaplan-Meier and log-rank tests were used.<h4>Results</h4>Baseline characteristics were comparable except age and follow-up. Intraoperative cystic duct stone diagnosis: control 100% milking; test 35.9% milking, 41.0% patency test, 23.1% endoscopy (P = 0.005). Test group identified 9 (6.0%) preoperatively undetected CBD stones (all treated) vs. 0 in control (P < 0.001). Freedom from symptomatic residual stones: test 100% (0/150; one-sided 97.5% CI 0-2.88%) vs. control 97.15% (16/562 developed symptomatic stones; 95% CI 1.76-4.57%) (P = 0.037). Symptomatic primary CBD stones occurred in 0 vs. 6 patients (1.07%) (P = 0.169). No differences in bile leakage, bile duct injury, or symptoms. Kaplan-Meier curve showed better symptomatic-residual-stone-free survival for test group (log-rank χ<sup>2</sup> = 4.331, P = 0.037).<h4>Conclusions</h4>In this retrospective cohort study, the integration of cystic duct patency testing, direct exploration, and stepwise transcystic endoscopic stone management was associated with a significantly lower incidence of symptomatic residual biliary stones after LC compared with conventional LC, with a favorable safety profile on mid-to-long-term follow-up. These findings warrant confirmation in prospective randomized trials.",Abilimiti X; Dawulietihan D; Maitibake M; Liu Y; Zhou J; Liu C; Han Y; Qin Z; Gu H,"Department of Hepatic and Laparoscopic Surgery, The First Affiliated Hospital of Xinjiang Medical University, No. 1 Xinyi Road, Urumqi, 830054, Xinjiang, China.",Surgical endoscopy,2026-07-07,10.1007/s00464-026-13066-z,3.0,visualization(abstract); visual(abstract); data(abstract),Laparoscopic Cholecystectomy; Transcystic Common Bile Duct Exploration; Residual Stone; Cystic Duct Exploration; Cystic Duct Patency Test; Xinjiang-gu Procedure
42412109,Should occult contralateral inguinal hernias be repaired during unilateral TAPP? A systematic review and single-arm meta-analysis.,"<h4>Aim</h4>Occult inguinal hernias (OIH) are frequently detected during laparoscopic repair of unilateral inguinal hernias due to direct visualization of the contralateral groin. However, the optimal management of these asymptomatic defects remains debated. This systematic review and single-arm meta-analysis aimed to evaluate the clinical characteristics and postoperative outcomes of contralateral OIH repaired during transabdominal preperitoneal (TAPP) repair.<h4>Methods</h4>A systematic review was conducted following PRISMA guidelines. PubMed, Embase, and Scopus were searched from inception to February 2026 for studies including adult patients undergoing TAPP repair with intraoperative identification of contralateral OIH. Due to heterogeneous reporting and inconsistent measures of dispersion, comparative meta-analysis was not feasible. A single-arm meta-analysis was therefore performed only on patients undergoing contralateral OIH repair. Data were synthesized with random-effects models for dichotomous outcomes. Continuous variables were pooled using inverse-variance methods. Weighted pooled estimates were calculated for baseline characteristics.<h4>Results</h4>Five retrospective cohort studies published between 2018 and 2025 were included, comprising 4,485 total patients, of whom 873 (19.5%) had occult inguinal hernias identified intraoperatively and subsequently repaired. The majority of repairs were performed using laparoscopy, with robotic approach reported in two studies. Mean patient age was 52.6 ± 14.0 years, mean BMI was 23.4 ± 3.9 kg/m², and > 90% of patients were male. Operative time ranged from 90.3 ± 30.9 to 132 ± 44.1 min, with a pooled mean of 116.9 min (95% CI 59.6-174.2) under a random-effects model (I² = 97.2%). Overall postoperative complications were reported in four studies, totaling 39 events among 819 patients (4.7%), with a pooled complication rate of 13% (95% CI 6-26%; I² = 31%). Surgical site infections (SSI) were rare, with 4 events among 873 patients (0.4%), corresponding to a pooled SSI rate of 1% (95% CI 1-2%; I² = 0%). Surgical site occurrences (SSO) were reported in 32 of 819 patients (3.6%), with a pooled rate of 12% (95% CI 4-29%; I² = 46.7%). Recurrence was reported in one study, with 9 cases (2.2%) during a mean follow-up of 30 months, and no reoperations or mortality were reported.<h4>Conclusion</h4>Occult inguinal hernias are identified in approximately one in five patients undergoing minimally invasive inguinal hernia repair. Repair of these defects during TAPP appears safe, with low surgical site infection rates, low complication rates, and no reported mortality or reoperation across available studies. Although contralateral repair may modestly increase operative time and short-term postoperative burden, it may reduce the likelihood of future symptomatic hernia development and the need for a second operation. Substantial heterogeneity and limited long-term recurrence data highlight the need for prospective studies to better define the role of routine contralateral exploration and repair.",Morais MC; de Almeida DPA; Souza E Silva T; Nogueira R; Camacho D; Cavazzola LT; Malcher F; Lima DL,"Department of Surgery, Lenox Hill Hospital, New York, NY, USA.",Hernia : the journal of hernias and abdominal wall surgery,2026-07-07,10.1007/s10029-026-03773-w,3.0,visualization(abstract); visual(abstract); data(abstract),
42410555,Biomechanical advantages of double-column bridging plate-augmented PFNA for complex subtrochanteric femoral fractures: a finite element analysis.,"<h4>Background</h4>For complex subtrochanteric femoral fractures with lateral wall involvement, PFNA augmented with a lateral plate is commonly used; however, conventional reconstruction plates have limitations including poor anatomical conformity and insufficient anti-rotational capability. Whether a novel double-column bridging plate combined with PFNA can provide superior biomechanical performance under both normal and osteoporotic bone conditions requires validation.<h4>Methods</h4>CT data of the left femur from one healthy adult volunteer were collected. Mimics 19.0, Geomagic Wrap 2017, and Creo 6.0 software were used to construct a Seinsheimer Type IV subtrochanteric femoral fracture finite element model along with PFNA, conventional reconstruction plate, and double-column bridging plate internal fixation device models. The study subjects were divided into three groups: Model A (PFNA alone), Model B (PFNA + conventional reconstruction plate), and Model C (PFNA + double-column bridging plate). Each model was further subdivided into a healthy bone subgroup and an osteoporotic bone subgroup, in which the elastic modulus of bone elements was uniformly reduced to 60% of the healthy value. Hypermesh 2014 software was used for mesh generation, and Abaqus 6.14 software was used to complete material property assignment, loading, and boundary condition settings before performing finite element simulation calculations. Maximum displacement, maximum torsional angle, maximum stress of internal fixation and fracture fragments were compared among the three models, and interfragmentary motion (IFM) visualization analysis was used to evaluate fracture site stability.<h4>Results</h4>Under healthy bone conditions, Model C achieved the lowest maximum displacement (4.06 mm), torsional angle (2.15°), and intramedullary nail stress (344.6 MPa), representing reductions of 19.8% and 36.7% compared with Model A. The double-column bridging plate carried a higher stress (442.5 MPa vs. 254.5 MPa for the conventional plate), reflecting more active load sharing. At Contact Surface 2, Model C achieved a mean IFM distance of only 0.021 mm, markedly lower than Model A (0.139 mm) and Model B (0.103 mm). Under osteoporotic conditions, all models showed increased displacement and nail stress alongside decreased bone fragment stress, yet Model C consistently maintained superior performance, with the lowest nail stress (407.9 MPa, 26.8% reduction vs. Model A) and the smallest mean IFM distance at Contact Surface 2 (0.012 mm vs. 0.167 mm and 0.138 mm for Models A and B).<h4>Conclusion</h4>This finite element analysis suggests that PFNA combined with the double-column bridging plate may offer biomechanical advantages over PFNA alone or PFNA with conventional reconstruction plate fixation in Seinsheimer Type IV subtrochanteric femoral fractures, with these computational advantages largely preserved under simulated osteoporotic conditions. The findings should be regarded as hypothesis-generating and require validation through in vitro biomechanical and clinical studies.",Li W; Luo B; Sheng X; Zhong C; Zeng X; Li Y; Xu Z; Wa Q; Li G,"Department of Joint Surgery and Sports Medicine, Zhejiang Provincial People's Hospital Bijie Hospital (The First People's Hospital of Bijie), No.112, Guanghui Road, Bijie, Guizhou, 551700, China.",BMC musculoskeletal disorders,2026-07-07,10.1186/s12891-026-10152-0,3.0,visualization(abstract); visual(abstract); data(abstract),Biomechanics; Finite Element Analysis; Subtrochanteric Femoral Fracture; Interfragmentary Motion; Double-column Bridging Plate
42426392,Augmented reality-assisted cholangioscopy for biliary interventions: initial clinical experience in four cases.,"<h4>Background</h4>To evaluate the feasibility, safety, and workflow integration of augmented reality (AR)-assisted visualization using the Apple Vision Pro headset during live biliary interventions incorporating cholangioscopy.<h4>Materials and methods</h4>In this single-center, IRB-approved pilot study, four biliary interventions were performed by a single attending interventional radiologist wearing an AR headset. Cholangioscopic video output from the SpyGlass™ DS system was transmitted via HDMI/SDI encoders over a local area network and rendered as virtual displays within the headset. The AR interface functioned as the primary visualization modality for guidance during each procedure.<h4>Results</h4>Four complex biliary cases were performed-all procedures were technically successful (100%) without complications (0%). AR-assisted visualization enabled continuous intraprocedural integration of cholangioscopy without technical failure, latency-related interruption, or breach of sterility. Qualitative operator feedback suggested improved procedural continuity, enhanced visualization during balloon dilation and stent deployment, and reduced need for repetitive head movement between monitors. The system was successfully incorporated into the standard sterile procedural workflows.<h4>Conclusion</h4>AR-assisted cholangioscopy during live biliary interventions is technically feasible and safe in this initial clinical experience. Spatial computing platforms may provide workflow consolidation and ergonomic advantages during complex procedures.",Abu Zahra S; Riaz A; Kundu A; Lewandowski RJ; Gordon AC,"Department of Radiology, Northwestern University, 676 N. St. Clair Suite 800, Chicago, IL, 60611, USA.",Surgical endoscopy,2026-07-09,10.1007/s00464-026-13023-w,2.5,visualization(abstract); visual(abstract),Virtual reality; Cholangioscopy; interventional radiology; Augmented Reality
42406515,Photon-counting detector computed tomography for temporal bone: does higher resolution matter?,"<h4>Purpose of review</h4>Photon-counting detector computed tomography (PCD-CT) represents a major technological advancement in computed tomography, offering improved spatial resolution, reduced image noise, and increased dose efficiency compared with conventional energy-integrating detector CT (EID-CT). Because many clinically relevant structures within the temporal bone are submillimeter in size, the temporal bone represents an ideal region for determining whether these technical improvements translate into meaningful clinical benefits. This review evaluates the emerging literature on PCD-CT in temporal bone imaging and examines whether higher spatial resolution meaningfully impacts clinical decision-making.<h4>Recent findings</h4>Recent studies demonstrate improved visualization of middle ear anatomy, ossicular prostheses, cochlear implant electrode arrays, and superior semicircular canal dehiscence with PCD-CT compared with conventional CT. Improved spatial resolution and reduced metal artifact have been shown to enhance assessment of prosthesis positioning, cochlear duct measurements, and differentiation of true versus near semicircular canal dehiscence. However, given the recent availability of PCD-CT, most studies to date have focused on cadaveric studies, phantom studies, or patient studies evaluating image quality rather than diagnostic accuracy or clinical outcomes.<h4>Summary</h4>PCD-CT provides substantially improved visualization of submillimeter temporal bone structures and may improve diagnostic confidence in select clinical scenarios. Nevertheless, evidence demonstrating improved clinical outcomes remains limited, and further clinical studies are needed to define the role of PCD-CT in routine temporal bone imaging.",Epperson MV; Leng S; Lane JI; Carlson ML,Department of Otolaryngology-Head and Neck Surgery.,Current opinion in otolaryngology & head and neck surgery,2026-07-07,10.1097/moo.0000000000001145,2.5,visualization(abstract); visual(abstract),Superior Semicircular Canal Dehiscence; Temporal Bone Imaging; Ultra-high-resolution Computed Tomography; Photon-counting Detector Computed Tomography; Cochlear Implant Imaging
42411992,Predicting the Path to Attrition: Multidomain Risk Assessment in Diabetic Foot Ulcer Offloading Randomized Controlled Trials.,"<h4>Objective</h4>To test whether measured baseline wound, functional, and psychosocial metrics predict attrition from a diabetic foot ulcer randomized controlled trial (RCT) using an offloading device.<h4>Research design and methods</h4>In a 12-week RCT, participants were randomized to removable, removable plus education, or smart removable (feedback-enabled) boots. A secondary analysis projected baseline variables onto a unified attrition-risk scale using a normalization framework and radar visualization, with higher values indicating greater risk. Multivariable logistic regression estimated predictors; discrimination was assessed using the receiver operating characteristic area under the curve (AUC).<h4>Results</h4>Of 210 participants, 76 (36%) withdrew or were lost to follow-up. Slower gait (odds ratio [OR] 1.16) and higher depressive symptoms (OR 1.52) independently predicted attrition. Integrated smart boot metrics demonstrated strong discrimination (AUC 0.81).<h4>Conclusions</h4>Baseline clinical, functional, and psychosocial variables, integrated through risk-normalized radar visualization, may guide retention strategies. Lower withdrawal in the smart boot group may reflect reinforcement through real-time adherence reminders.",Khandan A; Dehghan Rouzi M; Armstrong DG; Najafi B,"Department of Surgery, Center for Advanced Surgical and Interventional Technology, David Geffen School of Medicine, University of California, Los Angeles, CA.",Diabetes care,2026-07-07,10.2337/dc26-0658,2.5,visualization(abstract); visual(abstract),
42432228,Recording skin oxygenation by dual-wavelength ultra-bandwidth optoacoustic mesoscopy.,"Microvascular oxygenation is a key physiological marker implicated in many health conditions, ranging from cardiovascular disease and diabetes to cancer, systemic inflammation, or sepsis, where microvascular-level dysfunction often precedes overt pathology. Ultra-wideband raster-scan optoacoustic mesoscopy (RSOM) offers unprecedented non-invasive visualization of tissue microvasculature, achieving three-dimensional (3D) resolution in the 10-30 micrometer range (axial, lateral). Nevertheless, the lack of availability of suitable multi-wavelength illumination sources has generally limited RSOM to single-wavelength studies of microvasculature morphology. Herein, we present a dual-wavelength ultra-wideband RSOM (DW RSOM) system for dynamic mapping of cutaneous microvascular oxygenation by integrating two diode-pumped solid-state lasers at 515 nm and 532 nm. The system was evaluated on healthy volunteers during post-occlusive reactive hyperemia (PORH) tests on the forearm and proximal nailfold (DRKS00037749 registered on 26th August 2025 on the German Clinical Trials Register). The system recorded 3D oxygenation changes, including ischemic decline, hyperemic overshoot, and recovery, consistent with invasive blood gas analyzer (BGA) measurements. Extracted parameters, such as oxygenation gradients and recovery times, correlated with expected vascular reactivity metrics. These findings validate DW RSOM as a portable prototype for the in vivo assessment of microvascular oxygenation in humans at a single microvessel level. By providing quantitative, layer-resolved imaging of skin microcirculation, DW RSOM offers a promising platform for extending single-wavelength RSOM to studying microvascular dysfunction and supports future clinical translation of optoacoustic technologies toward bedside vascular diagnostics.",Aguirre J; Berezhnoi A; Hindelang B; Gasteiger C; He H; Darsow U; Biedermann T; Ntziachristos V,"Chair of Biological Imaging, Central Institute for Translational Cancer Research (TranslaTUM), School of Medicine and Health & School of Computation, Information and Technology, Technical University of Munich, Munich, Germany.",Npj imaging,2026-07-10,10.1038/s44303-026-00184-5,2.5,visualization(abstract); visual(abstract),
42411971,Long-lasting concordance between imaging-guided and clinical-based STN-DBS programming enhances motor and axial outcomes in Parkinson's disease: A 3-year single-center study.,"IntroductionSubthalamic deep brain stimulation (STN-DBS) improves Parkinson's disease motor symptoms. Directional leads can extend the therapeutic window, despite further increasing programming complexity. Lead placement visualization software can facilitate STN-DBS programming, especially in contact selection process. We investigated the extent and impact on motor outcomes of the concordance between imaging-suggested (IGP) and standard clinical-programming (CP) selected stimulation contacts three years after surgery.MethodsThirty-five PD patients with bilateral STN-DBS were enrolled. Lead localization was reconstructed using Brainlab™. For each electrode, the predicted optimal vertical contact and, when applicable, directionality was identified and compared with stimulation parameters clinically activated three years post-surgery. Concordance, agreement and similarity IGP/CP metrics were calculated for both contact level and directionality. Postoperative changes in motor symptom severity were compared between concordant and discordant IGP/CP groups.ResultsThree years after surgery, IGP/CP concordance was 77.6% for active stimulation contact level and 66.7% for directionality. IGP reliably identified contacts and directional segments avoided by CP for chronic stimulation (negative predictive value 0.85 and 0.72, respectively). No significant difference was found in motor outcomes based on IGP/CP contact level concordance. Nonetheless, superior benefit in overall motor function and axial impairment (including speech) were reported in patients with clinically-activated directional stimulation concordant with that suggested by visual reconstruction.ConclusionsVisualization software can simplify STN-DBS programming, especially by reducing the number of contacts warranting systematic clinical testing via monopolar review. Moreover, the combination of visualization and directional stimulation technologies can further improve outcomes, especially of those symptoms, like axial/speech impairment, often challenging subthalamic chronic stimulation.",Rigon L; Bove F; Izzo A; Montano N; De Biase A; D'Alessandris QG; Genovese D; Calarco A; Calabresi P; Piano C; Bentivoglio AR,"Department of Neurorehabilitation, IRCCS San Camillo Hospital, Venice, Italy.",Journal of Parkinson's disease,2026-07-07,10.1177/1877718x261428281,2.5,visualization(abstract); visual(abstract),Deep brain stimulation; Subthalamic Nucleus; Axial Symptoms; Speech Disturbances; Directional Stimulation; Image-Guided Programming
42405964,"Exploring the potential health risks of groundwater arsenic and its spatial distribution in three districts (Patna, Bhojpur and Saran) of Bihar, India.","Groundwater arsenic contamination and associated health risks are a major concern worldwide, particularly in South and Southeast Asia. The present investigation is a first time attempt to assess the potential health risks of groundwater arsenic and its spatial distribution in Patna, Bhojpur and Saran districts of Bihar, a high arsenic endemic region in India. Arsenic was quantified in groundwater samples using the Atomic Absorption Spectrophotometer along with visualization of its spatial distribution through Inverse Distance Weighted method. It was followed by the analysis of water quality of collected samples following standard protocols. The potential health risks of arsenic exposure were calculated following USEPA guidelines. Bhojpur district emerged with highest percentage (53.34%) of groundwater samples having arsenic above WHO permissible limit (0.010 mg/l) followed by Saran district (28.58%) and Patna district (22.54%). Areas with high arsenic level were more extensive in the Bhojpur district than Saran and Patna districts and were confined to the regions close to river Ganga representing northwestern, northeastern and southeastern regions of Bhojpur, Patna and Sonepur region of Saran districts respectively. The physico-chemical parameters exhibited high alignment with arsenic mobilization in three districts. The health risks (both non-cancer and cancer) were high in all the three districts with more severity in Bhojpur district. Assessment by risk thermometer also corroborated the existence of high risk in Bhojpur district compared to Saran and Patna districts. Both non-cancer and cancer risks were higher among children than adults in all the three districts.",Khan PK; Kumar P; Kumari A; Jha DK; Ashique F; Kumar A,"Department of Zoology, Patna University, Patna, Bihar, 800005, India. parimal_khan@yahoo.co.in.",Environmental geochemistry and health,2026-07-06,10.1007/s10653-026-03315-4,2.5,visualization(abstract); visual(abstract),Spatial distribution; Health risk; Cancer Risk; Groundwater Arsenic; Non-cancer Risk; Risk Thermometer
42412103,Mitochondrial Redox Cascade-Directed Covalent NIR Fluorogenic Imaging of Therapy-Induced Senescence Integrates Tumor and Host Responses.,"Concurrent and longitudinal imaging of therapeutic responses alongside therapy-induced damage to normal tissues during cancer treatment is of substantial clinical significance for treatment optimization and improved outcomes. However, existing approaches are largely limited to isolated imaging readouts, and, more fundamentally, there is a lack of a mechanistically shared biological denominator linking tumor response and normal tissue injury. Here, we present therapy-induced cellular senescence (TICS) as a chemically addressable, process-level surrogate and introduce a mechanistically guided covalent molecular imaging strategy for an integrated therapeutic assessment. Through systematic analysis, we reveal oxidative protein sulfenylation as a conserved biochemical feature of senescence across diverse stress models and leverage this insight to develop a dual-triggered NIR fluorogenic probe (Mito-CYD). By integrating selective covalent capture of sulfenylated proteins with MAO-A-mediated enzymatic orthogonal decaging, Mito-CYD effectively overcomes diffusion-induced signal loss inherent to conventional noncovalent probes and enables in situ visualization of senescence-associated mitochondrial dynamics with markedly enhanced signal-to-noise ratios and stable imaging over 24 h across multiple TICS models under metabolic turnover. Longitudinal tracking with Mito-CYD in tumor xenografts and cardiac injury models further demonstrates strong correlations between senescent cell burden with disease progression, therapeutic response, and treatment-related organ injury. This work establishes a mitochondrial redox-chemistry-directed covalent imaging paradigm for <i>in vivo</i> senescence visualization, providing a unified chemical framework for mechanistic investigation and personalized treatment of cancer and senescence-associated pathologies.",Xie Y; Li J; Wu L; Hu H; Yu L; Da J; Liu Y,"Molecular Science and Biomedicine Laboratory (MBL), State Key Laboratory of Chemo and Biosensing, College of Chemistry and Chemical Engineering, Aptamer Engineering Center of Hunan Province, Hunan University, Changsha, Hunan 410082, China.",Analytical chemistry,2026-07-07,10.1021/acs.analchem.6c02651,2.5,visualization(abstract); visual(abstract),
42412995,"Radon and Radium Levels in Soil and Associated Indoor and Outdoor Radon Radiation Hazards in the Raparin Area, Sulaymaniyah, Iraqi Kurdistan.","Radioactive gases naturally present in terrestrial environments, particularly radon, have substantial implications for atmospheric quality and represent considerable health hazards for surrounding communities. Surface disturbance activities, including mining and construction excavation, can amplify the emission of these gaseous radionuclides, consequently elevating exposure risks. This investigation provides a thorough radiological evaluation of terrestrial samples obtained from various locations throughout the Raparin district in the Kurdistan Region of Iraq. The research focuses on determining the activity levels of radon and radium within soil matrices. Alpha particle emissions from radon decay were quantified using CR-39 solid-state nuclear track detectors. Track visualization and enhancement were achieved through chemical treatment using 6.25 N sodium hydroxide solution at 70 °C for 6 h. Microscopic examination of etched tracks enabled precise radon concentration calculations. Findings revealed radon activity concentrations spanning 139 to 395 Bq m-3, with radium levels ranging from 0.24 to 0.61 Bq kg-1. These measurements remained within established international safety guidelines. Health risk assessment involved calculating radiation hazard parameters, including annual effective doses, lifetime cancer probability estimates, and organ-specific dose distributions for both interior and exterior exposure conditions. The investigation confirms that alpha-emitting radionuclide concentrations in analyzed samples fall below recommended safety benchmarks, indicating minimal radiological risk in the Raparin region. These results establish fundamental baseline information essential for public health planning and radon management strategies throughout Iraqi Kurdistan.",Qadr HM; Salih NF; Amin AAM,"Department of Physics, College of Science, University of Raparin, Sulaymaniyah, Ranya 46012, Iraq.",Health physics,2026-07-07,10.1097/hp.0000000000002165,2.5,visualization(abstract); visual(abstract),Soil; Cancer; Radon; Effective dose
42434885,Bibliometric analysis of research hotspots and trends in cancer patients returning to work (2004-2024).,"BackgroundReturn to work (RTW) is a critical aspect of recovery and social reintegration for cancer survivors. With increasing survival rates, understanding the research landscape in this field has become essential.ObjectiveThis study aims to systematically identify research hotspots, emerging trends, and development directions in the field of return to work among cancer patients through bibliometric analysis.MethodsRelevant literature published between January 1, 2004, and May 31, 2024, was retrieved from the Web of Science （WoS） Core Collection. Bibliometric analysis and knowledge mapping were performed using CiteSpace for visualization.ResultsA total of 1370 relevant publications were retrieved, with 767 English articles included in the visualization analysis after screening. These publications originated from 54 countries, with more than 30 articles from 10 countries or regions. The top three countries in terms of publication volume were the Netherlands, the United States, and Australia. The leading institutions were the University of Amsterdam, Vrije Universiteit Amsterdam, and Academic Medical Center Amsterdam. The most prolific author was Frings-Dresen, M.H.W. The top five keywords were ""Return to work,"" ""Breast cancer,"" ""Survivors,"" ""Quality of life,"" and ""Employment."" Keyword cluster analysis revealed 15 clusters, divided into four major categories: Population and Disease Types (cancer survivorship, cancer patients, head and neck cancer, colorectal cancer, breast cancer survivors), Health Promotion and Work Ability (return to work, work ability, health promotion, functional outcome), Health Economics and Injury Compensation (supervisor, health economics, disability pension, sick leave), and Research Types (scoping review). An emergent analysis of keywords indicates a shift from early terms like ""quality of life,"" ""rehabilitation,"" and ""sick leave"" to ""needs,"" ""burden,"" ""impairment,"" and ""management.""ConclusionBreast cancer is the most common focus within studies on cancer patients returning to work, with colorectal and head and neck cancers gaining attention. Research is increasingly focused on the economic burden's impact on cancer survivors. Effective interventions could include employer-level initiatives, vocational counseling, patient education, psychological support, and multidisciplinary measures combining biofeedback-assisted behavioral training or physical exercise.",Chen R; Shi L; Chen P; Luo B; Jiang M; Zhang H,"State Key Laboratory of Oncology in South China, Guangzhou, China.","Work (Reading, Mass.)",2026-07-11,10.1177/10519815261467009,2.5,visualization(abstract); visual(abstract),Rehabilitation; Scientometrics; Quality of life; OCCUPATIONAL HEALTH; Employment; Vocational Rehabilitation; Return To Work; Cancer Survivors
42423360,The Role of RCM and LC-OCT in Genodermatoses Associated with Skin Cancer: A Narrative Review.,"Patients with genodermatoses, such as nevoid basal cell carcinoma syndrome, recessive dystrophic epidermolysis bullosa, familial atypical multiple mole and melanoma syndrome, xeroderma pigmentosum and ichthyosis with confetti, face a high risk of skin malignancies. While dermoscopy significantly improves diagnostic accuracy compared to clinical examination, its specificity remains limited when evaluating ambiguous lesions in these complex patients. This narrative review examines the role of reflectance confocal microscopy and line-field confocal optical coherence tomography in high-risk populations. By enabling the in vivo visualization of histologic-like features at cellular resolution, these noninvasive imaging technologies overcome the limitations of dermoscopy. The analysis of illustrative cases demonstrates that integrating these tools enhances both sensitivity and specificity, allowing for a precise differentiation between true malignancies and benign mimics. While reflectance confocal microscopy remains the standard for melanocytic criteria, line-field confocal optical coherence tomography complements it by overcoming depth limitations. Consequently, the use of combined noninvasive imaging supports a more conservative management strategy, potentially reducing the number of unnecessary excisions while ensuring the timely detection of skin cancer in patients with rare genetic syndromes.",Piscazzi F; Carrera C; Riera-Monroig J; Puig S; Malvehy J; Anker J; Ardigò M,"Department of Biomedical Sciences, Humanitas University, Pieve Emanuele (MI), Italy; Dermatology Unit, IRCCS Humanitas Research Hospital, Rozzano (MI), Italy.",Acta dermato-venereologica,2026-07-09,10.2340/actadv.v106.adv-2026-0385,2.5,visualization(abstract); visual(abstract),
42425155,Monte Carlo-based prediction models for nanodroplet-mediated proton range verification.,"<h4>Objective</h4>Radiation-sensitive nanodroplets were recently proposed for in vivo proton range verification. Specifically, the ultrasound contrast generated by radiation-induced droplet vaporization enables visualization of radiation deposition. Here, we developed and validated an in silico model to predict the nanodroplet radiation response from the original treatment plan, ultimately enabling contrast-mediated treatment verification.&#xD;&#xD;Approach. By combining the theory of radiation-induced nucleation of superheated emulsions with Monte Carlo simulations, we determined the effective fluence of ionizing particles contributing to the nanodroplet vaporization response. This fluence we assumed to be linearly proportional to the number of vaporization events. The resulting model performance was compared to experimental observations in phantoms and healthy rats.&#xD;&#xD;Main Results. The modelled effective fluence closely mimicked the vaporization distributions in phantoms, with a sub-millimeter range retrieval performance at body temperature. We also demonstrated the possibility to apply the model directly to preclinical CT scans, yielding promising qualitative agreement with the radiation-induced contrast.&#xD;&#xD;Significance. The presented prediction model forms an essential step towards clinical implementation of nanodroplet-mediated proton range verification. Moreover, the simplicity and generalizability of the model enables its use for a wide range of radiotherapy applications.&#xD.",Carlier B; van der Heyden B; Heymans S; Piot W; Giammanco A; Collado-Lara G; Bomhals A; Himmelreich U; Sterpin E,"Department of Imaging and Pathology, KU Leuven, UZ Herestraat 49, Leuven, 3000, Belgium.",Physics in medicine and biology,2026-07-09,10.1088/1361-6560/ae88ac,2.5,visualization(abstract); visual(abstract),Monte Carlo Simulations; Ultrasound Imaging; Proton Therapy; Nanodroplets; Proton Range Verification
42433441,Recent advances in fluorescent probes for guided surgery of head and neck carcinomas.,"Head and neck squamous cell carcinoma (HNSCC) rank as the sixth most common cancer worldwide. Traditional treatments include surgery, radiation, and chemotherapy, with surgery being the primary option for early-stage disease. However, achieving clear surgical margins is a major challenge, as incomplete removal of tumor cells increases the risk of recurrence and metastasis, negatively affecting patient survival. This often requires extensive tissue removal, leading to complications such as swallowing and speech difficulties. However, it is difficult for surgeons to accurately distinguish the tumor tissue and its boundary with the naked eye. Consequently, fluorescence-guided surgery (FGS) has attracted increasing attention in recent years. FGS presents a promising solution by providing high sensitivity, real-time visualization of tumor margins, allowing for more precise and less invasive procedures, thereby preserving patient function and improving quality of life. This review presents a structured overview of recent fluorescent probe development for HNSCC surgery, with additional context on foundational advances and recent clinical applications. Across the reviewed studies, EGFR-targeted probes achieved reported tumor-to-background ratios (TBRs) of up to 7.1, PARP-targeted probes up to 10.3, FAP-targeted probes approximately 5.9, GLUT1-targeted probes approximately 2.1, and Hsp70-targeted probes approximately 2.6. Among these approaches, EGFR-targeted probes currently represent the most clinically advanced class, with agents such as panitumumab-IRDye800CW and cetuximab-IRDye800CW already evaluated in clinical studies. In contrast, activatable probes and dual-modality imaging agents represent emerging strategies with the potential to further improve tumor specificity and intraoperative contrast.",Karabínoš P; Pola R; Etrych T,Institute of Macromolecular Chemistry AS CR Heyrovského nám. 1888/2 162 00 Prague 6 Czech Republic karabinos@imc.cas.cz pola@imc.cas.cz etrych@imc.cas.cz.,RSC advances,2026-07-10,10.1039/d6ra04409c,2.5,visualization(abstract); visual(abstract),
42412044,A G-Quadruplex-Activated Near-Infrared Chemiluminescent Probe for In Situ Hepatic Imaging of the Hepatitis C Virus Genome.,"Real-time monitoring of viral replication is essential for infectious disease diagnosis and antiviral drug development. The G-quadruplex (G4), a conserved regulatory element within viral genomes, represents a significant endogenous biomarker for tracking viral activity. However, imaging viral G4s in deep tissues remains a challenge for current optical technologies due to severe photon attenuation and autofluorescence. Herein, we report Lumin680, the first near-infrared (NIR) chemiluminescent probe directly activated by conserved viral G4 conformations. Its chemiluminescence was triggered by parallel G4, emitting in the NIR optical window (680 nm) with a 104.6-fold signal enhancement. Notably, the luminescence of Lumin680 could penetrate up to 1.2 cm of biological tissue, outperforming traditional G4 fluorescent probe. In vivo, Lumin680 enabled the rapid visualization of orthotopic hepatitis C virus (HCV) genome RNA-presenting mini-organ within 5 min post-intravenous administration. Furthermore, the chemiluminescent intensity of Lumin680 quantitatively mapped the therapeutic efficacy of clinical direct-acting antivirals (DAAs) at both the cellular and whole-animal levels, exhibiting high concordance with the gold-standard quantitative RT-PCR (qPCR). This study not only provides a powerful G4 specific chemiluminescent tool but also establishes a novel paradigm for the non-invasive, in situ diagnosis and precise therapeutic monitoring of viral infections.",Li W; Du S; Li Z; Wang J; Li H; Zhu H; Kuang S; Nie Z,"State Key Laboratory of Chemo and Biosensing, College of Chemistry and Chemical Engineering, Hunan Provincial Key Laboratory of Biomacromolecular Chemical Biology, Hunan University, Changsha, P. R. China.",Angewandte Chemie (International ed. in English),2026-07-07,10.1002/anie.7647795,2.5,visualization(abstract); visual(abstract),Hepatitis C virus (HCV); Deep Tissue Imaging; Living Imaging; G‐quadruplex (G4); Near‐infrared Chemiluminescent Probe
42429215,Zwitterionic Nanoplatform-Mediated Photopyroptosis for Abscopal Effect-Enhanced Cancer Immunotherapy.,"Cancer immunotherapy is limited by weak durable systemic immunity, especially against distant untreated lesions. Pyroptosis is a highly immunogenic programmed cell death modality, yet clinical translation is limited by insufficient spatiotemporal control and the risk of excessive inflammation. Photodynamically induced pyroptosis can address these constraints via precise, localized, and on-demand activation within tumors. Beyond local cytotoxicity, rapid membrane rupture accelerates exposure and release of tumor-associated antigens, danger-associated molecular patterns, and inflammatory mediators, reprogramming the tumor immune microenvironment toward an immunostimulatory state. This cascade promotes antigen-presenting cell recruitment and maturation, enhances antigen presentation, and strengthens T cell-driven systemic immunity, potentially extending therapeutic efficacy to nonirradiated tumors through a pyroptosis-associated abscopal effect. Herein, we present zwitterionic nanogels for the delivery of the FDA-approved photosensitizer verteporfin, leveraging its intrinsic fluorescence for imaging-guided irradiation and its mitochondrial localization for near-infrared-triggered photopyroptosis. The zwitterionic nanogels improve verteporfin solubility, pharmacokinetics, and tumor accumulation, and their intrinsic fluorescence supports real-time tumor visualization and irradiation guidance. Upon near-infrared activation, mitochondrial oxidative stress triggers gasdermin-mediated pyroptosis, inducing immunogenic cell death and activating systemic antitumor immune responses. In brief, this work presents a mitochondria-targeted zwitterionic nanoplatform that integrates imaging-guided photopyroptosis with systemic cancer immunotherapy for abscopal effect-enhanced tumor suppression.",Sheng S; Huang Y; Yang L; Zhang Y; Liu Y; Wang Y; Zhu Y; Peng H; Yang W,"State Key Laboratory of Molecular Engineering of Polymers, Department of Macromolecular Science, Fudan University, Shanghai, China.","Small (Weinheim an der Bergstrasse, Germany)",2026-07-10,10.1002/smll.74558,2.5,visualization(abstract); visual(abstract),Cancer Immunotherapy; Verteporfin; Abscopal Effect; Mitochondria Targeting; Zwitterionic Nanogels; Photopyroptosis
42418676,Ultrarapid Kinetic Antimicrobial Susceptibility Testing from Blood Using Single-Cell Scattering Phenotypic Imaging.,"Bloodstream infections (BSIs) demand rapid antimicrobial susceptibility testing (AST) to guide early targeted therapy. However, current workflows rely on prolonged blood culture enrichment, delaying phenotypic guidance by 48-72 h. Here, we present a kinetic, single-cell nanoscale scattering phenotypic imaging platform that enables ultrarapid AST directly from complex blood samples. The large-volume imaging architecture provides mm<sup>3</sup>-scale observation with single-cell sensitivity. It allows simultaneous visualization and enumeration of tens to thousands of bacteria as individual nanoscale optical scatters without isolation, labeling, or microfluidic trapping. We introduce a growth-inhibition kinetic model that extracts effective growth parameters from dynamic single-cell population trajectories, enabling robust, mechanism-independent phenotypic classification across antibiotic classes. Using this approach, minimum inhibitory concentrations and categorical susceptibility are determined within 2-3 h for samples containing ≥10<sup>3</sup> CFU mL<sup>-1</sup> and within <8 h for ultralow loads (∼2-10 CFU mL<sup>-1</sup>) using only a brief preparatory growth step, without conventional blood culture. Applied to clinical blood-culture-positive BSI samples, the platform achieved 96% categorical agreement across 11 antibiotics in 100 tests, demonstrating reliability in clinically complex matrices. We further validated feasibility in whole blood by testing spiked samples across 2-10<sup>7</sup> CFU mL<sup>-1</sup>, confirming broad operating range, high detection sensitivity, and resilience to blood matrix interference. This reagent-minimal, imaging-only workflow enables clinically actionable AST turnaround within hours, offering a practical foundation for earlier precision therapy and improved antimicrobial stewardship in critical infection management.",Xu J; Zhang Y; Hong Y; Li M; Cui B; Ma J; Sun L; Yu Y; Liu Q; Wang D; Chen Y; Zhang F,"Biosensor National Special Laboratory, Department of Biomedical Engineering, Zhejiang University, Hangzhou 310027, China.",ACS sensors,2026-07-08,10.1021/acssensors.6c00743,2.5,visualization(abstract); visual(abstract),Bloodstream Infection; Kinetic Growth Analysis; Large-field Single-cell Imaging; Scattering Phenotypic Imaging; Ultrarapid Antimicrobial Susceptibility Testing
42420332,Decoding cytokine interactions for psoriasis therapy through computational repurposing of antihypertensive drugs.,"Psoriasis is a chronic, immune-mediated skin disorder characterized by excessive inflammation and the overexpression of pro-inflammatory cytokines, including IL-6, IL-1β, IL-17 A, and IFN-γ. Despite the availability of targeted therapies, current treatments often entail high costs, limited accessibility, and adverse side effects. Drug repurposing-utilizing approved medications for novel indications-offers a cost-effective strategy to accelerate the development of alternative therapies with established safety profiles. Twelve FDA-approved antihypertensive drugs-including ACE inhibitors, angiotensin receptor blockers, beta-blockers, and calcium channel blockers-were computationally evaluated for anti-inflammatory potential in psoriasis. Target cytokines were identified using network analysis via STRING and Cytoscape. Molecular docking was performed against IL-6, IL-1β, IL-17 A, and IFN-γ. The top-performing ligands underwent further analysis using ADMET prediction, BOILED-Egg visualization, Density Functional Theory (DFT) calculations, and molecular dynamics (MD) simulations to assess pharmacokinetics, electronic properties, and protein-ligand complex stability. Apremilast, a clinically approved anti-psoriatic agent, served as the reference drug. Lisinopril, Ramipril, Amlodipine, and Atenolol emerged as top candidates based on docking scores and pharmacokinetic profiles. Among them, Lisinopril exhibited the strongest binding affinity across all four cytokines, comparable to or exceeding that of Apremilast. Amlodipine demonstrated the highest electronic reactivity, and all selected drugs showed favorable ADMET properties. MD simulations over 200 ns confirmed the dynamic stability of the Lisinopril-IL-6 complex. Lisinopril has shown potential as a molecular candidate through detailed computational analysis of cytokine interactions. However, these results are purely predictions and should be viewed with caution, especially considering reports of potential ACE inhibitor-related psoriasis worsening. Further thorough laboratory, animal, and clinical studies are necessary to assess its practical application and safety in treating psoriasis.",Chakith MRS; Pradeep S; Raj R; Reddy P; Kolachi KY; Dharmashekara C; Maheshwari NC; Kollur SP; Abass KS; Stupin V; Satish AM; Shivamallu C; Silina E,"Department of Pharmacology, JSS Medical College, JSS Academy of Higher Education & Research, Mysuru, Karnataka, India.",Scientific reports,2026-07-08,10.1038/s41598-026-47049-w,2.5,visualization(abstract); visual(abstract),Cytokines; Molecular docking; MD simulation; Lisinopril; Psoriasis; Antihypertensive drugs; DFT; Admet; Drug Repurposing; Apremilast
42418357,FETAL (Fetus Establish Tracheal Access for Lifeguard) as a Complementary Maneuver for Tracheal Deviation Secondary to Complications of Pulmonary Sequestration: Case Report and Technical Description.,"<h4>Introduction</h4>Bronchopulmonary sequestration (BPS) is a congenital pulmonary malformation that, in severe cases, can lead to fetal hemodynamic compromise, hydrothorax, mediastinal shift, and an increased risk of neonatal airway obstruction. Objective ultrasound-based parameters such as the congenital pulmonary airway malformation volume ratio (CVR), mediastinal shift, and the tracheoesophageal displacement index (TEDI) have been proposed as key predictors of perinatal complications. The EXIT (Ex Utero Intrapartum Treatment) procedure enables secure airway management in neonates at risk of severe obstruction.<h4>Case presentation</h4>We report the case of a 27-year-old pregnant patient at 29 weeks gestation diagnosed with left extra lobar BPS, with a CVR of 1.7, associated hydrothorax, and mediastinal shift. The fetus underwent laser ablation of the feeding vessel and thoracoamniotic shunting, with improvement in ultrasound parameters. At 36 weeks, persistent residual hydrothorax and a TEDI of 16 were documented, prompting a planned EXIT procedure. An endoscopic-guided intubation technique, termed FETAL (Fetus Establish Tracheal Access for Lifeguard), was developed and successfully employed for airway access. The neonate underwent definitive postnatal surgical resection with favorable postoperative recovery.<h4>Discussion</h4>This case illustrates the importance of a stepwise management strategy guided by objective sonographic predictors. An initially elevated CVR supported the indication for fetal intervention with laser ablation and thoracoamniotic shunting. The persistence of hydrothorax and a high TEDI score subsequently indicated the need for advanced airway management via EXIT. The FETAL technique, developed by our team, enabled guided endoscopic intubation with direct visualization, reducing the risk of inadvertent esophageal intubation. This sequence of clinical decisions reflects a personalized, multidisciplinary and evidence-based approach.<h4>Conclusion</h4>A structured strategy allowed timely intervention at each stage of fetal management, optimizing the perinatal outcome. The FETAL technique represents a safe and effective alternative for fetal airway management during EXIT in selected cases at high risk of tracheal obstruction.",Molina-Giraldo S; Cantor-Guarnizo J; Sánchez-Mayorca I; Salazar-Sierra J; Rojas-Borda F; Gutierrez-Olaya N; Leonardo Vargas C; García-Gutierrez R; Pinto-Quiñonez M; Aragón RL,,Fetal diagnosis and therapy,2026-07-08,10.1159/000553316,2.5,visualization(abstract); visual(abstract),
42420994,Clinical significance of coexisting Hashimoto's thyroiditis in differentiated thyroid cancer: a retrospective cohort study.,"<h4>Background</h4>The association between Hashimoto's Thyroiditis (HT) and the clinicopathological behavior of Differentiated Thyroid Cancer (DTC) remains controversial. In particular, whether coexisting autoimmune thyroiditis independently influences invasive tumor characteristics after adjustment for tumor-related factors remains unclear. This study aimed to evaluate the relationship between HT and clinicopathological features of DTC, with a focus on tumor size, lymph node metastasis, and pathological indicators of tumor aggressiveness.<h4>Methods</h4>This retrospective observational study included 198 patients with histologically confirmed DTC who underwent thyroidectomy between June 2023 and March 2025. Patients were stratified according to the presence or absence of Hashimoto's Thyroiditis. Tumor size, lymph node metastasis, capsular invasion, and extrathyroidal extension were compared between groups. Tumor aggressiveness was defined as capsular invasion and/or extrathyroidal extension. Multivariate logistic regression analysis was performed to assess independent associations. Model performance was evaluated using receiver operating characteristic (ROC) analysis and nomogram visualization.<h4>Results</h4>Patients with coexisting HT presented with significantly smaller tumors compared with those without HT (median tumor size: 9 mm vs. 12 mm; p = 0.003). Lymph node metastasis was observed less frequently in the HT group than in the non-HT group (4.1% vs. 46.8%; p < 0.001). In multivariate analysis, tumor size was independently associated with tumor aggressiveness (odds ratio [OR] = 1.49, 95% confidence interval [CI]: 1.11-1.99; p = 0.008), whereas HT was not independently associated with aggressive pathological features (OR = 1.10, 95% CI: 0.70-1.73; p = 0.692). The predictive model demonstrated limited discriminative ability (AUC = 0.587), although calibration was acceptable.<h4>Conclusions</h4>Hashimoto's Thyroiditis is associated with smaller tumor size and a lower prevalence of lymph node metastasis in patients with Differentiated Thyroid Cancer. However, HT is not an independent predictor of pathological tumor aggressiveness after adjustment for tumor size. These findings suggest that HT may influence disease presentation but should not be considered a standalone prognostic factor for invasive tumor behavior.<h4>Trial registration</h4>Not applicable. This study was a retrospective observational cohort study and did not involve prospective clinical trial registration.",Zia SH; Ying L; Wenwen Z; Jiazheng L; Khan AN; Raja MS; Maqbool H; Zhao L,"Department of Thyroid and Breast Surgery, The Affiliated Hospital of Xuzhou Medical University, Xuzhou, Jiangsu Province, 221002, PR China.",BMC endocrine disorders,2026-07-08,10.1186/s12902-026-02404-w,2.5,visualization(abstract); visual(abstract),Retrospective Study; Papillary Thyroid Carcinoma; lymph node metastasis; Differentiated Thyroid Cancer; Hashimoto’s Thyroiditis; Tumor Aggressiveness
42430729,Real-Time Integration of Patient-Reported Outcomes in Breast Cancer Surgery: Feasibility of the BREAST-Q REACT.,"Patient-reported outcomes (PROs) are central to evaluating quality of life after breast cancer surgery, yet they rarely inform real-time perioperative care. We developed the BREAST-Q Real-time Engagement and Communication Tool (REACT), a dashboard that contextualizes individual BREAST-Q scores against reference values and generates prompts for timely intervention when scores fall below the 25 th percentile. This study evaluated the feasibility of implementing REACT into routine surgical workflows and gives an early examination of impact. Between November 2024 and February 2025, a single center randomized feasibility trial was conducted among women undergoing breast-conserving surgery or mastectomy with immediate reconstruction. Participants were randomized 1:1 to standard feedback or feedback enhanced with REACT. Feasibility endpoints included recruitment, survey completion, and actionability of referrals. Of 82 patients screened, 69 enrolled (84.1%). Among those with low BREAST-Q scores (N = 25), 52% received timely referrals, meeting predefined feasibility criteria. At six-weeks postoperatively, median BREAST-Q Physical Well-Being of the Chest scores were higher in the REACT group than in controls (76 versus 60, p = 0.026), with physical-therapy referrals occurring more often (33% versus 24%) and earlier (1.7 months versus 3.2 months). However, survey completion was limited by an institutional electronic-medical-record transition, limiting follow up data beyond 6 weeks. BREAST-Q REACT proved feasible, actionable, and potentially related to earlier intervention and improved short-term recovery. Embedding real-time PRO dashboards into perioperative care represents a scalable model for patient-centered surgical practice and demonstrates the potential of PROMs to evolve from retrospective research data into actionable clinical tools.",Gabay AJ; Abu El Hawa A; Boe L; Dinh-Do D; Rakauskas A; Kim M; Stern CS; Mehrara BJ; Tadros A; Nelson JA,"Plastic and Reconstructive Surgery Service, Department of Surgery, Memorial Sloan Kettering Cancer Center, New York, NY, USA.",Plastic and reconstructive surgery,2026-07-09,10.1097/prs.0000000000013319,2.0,dashboard(abstract); data(abstract),Breast Reconstruction; Patient-reported Outcomes; Breast Conserving Surgery; Breast-q
42435322,Factors Affecting Implementation of the EQUIPPED Medication Safety Program for Older Veterans in the Emergency Department: A Qualitative Analysis.,"<h4>Background</h4>EQUIPPED (Enhancing Quality of Prescribing Practices for Older Veterans Discharged from the Emergency Department) is a program developed within the Veterans Affairs (VA) health system that aims to reduce the prescription of potentially inappropriate medications (PIMs) for people aged 65 and over. A recent trial evaluated implementation of EQUIPPED via (1) academic detailing, which involves one-on-one provider guidance and coaching, or (2) dashboards that monitor providers' PIM prescribing rates. Evidence suggests better implementation among academic detailing sites, but qualitative evidence is lacking.<h4>Objective</h4>Our objective is to identify individual and organizational factors that affect EQUIPPED implementation and to compare these factors across the program's two audit and feedback arms.<h4>Methods</h4>Four academic detailing sites and three dashboard sites (comprising a total of 28 interviewees) were included in this qualitative analysis between May 2019 and June 2022; each site submitted regular site adaptation reports and participated in a series of interviews (1) at baseline, (2) after 6-8 months of implementation, and (3) a year after the first interview. Thematic analysis was done using constructs from the Organizational Theory of Implementation Effectiveness; reports from participating sites were also compared and analyzed using a categorization matrix.<h4>Results</h4>Respondents from both arms underlined the importance of change valence, innovation-values fit, and situational factors, such as ongoing accreditation, in fostering a favorable implementation climate for EQUIPPED. A unique challenge for academic detailing sites was the lack of resources and time to implement the mentoring intervention; dashboard sites encountered difficulties in sustaining momentum and motivation among providers. Common challenges included the prompt development and approval of medication order sets.<h4>Conclusion and recommendations</h4>Results suggest the importance of implementation climate, alignment with shared individual and organizational values, and seamless integration of EQUIPPED implementation within existing workflows.<h4>Trial registration</h4>ClinicalTrials.gov identifier: NCT04004936.",Lopez JCF; Morris IJ; Vaughan CP; Burningham ZR; Kelleher JL; Vandenberg AE; King HA; Hastings SN; Stevens MB; Jackson GL,"Department of Population Health Sciences, Duke University, Durham, North Carolina, USA.",Journal of the American Geriatrics Society,2026-07-11,10.1111/jgs.70587,1.5,dashboard(abstract),Emergency Departments; Medication Safety; Implementation Science; Older Veterans
42409427,Enhancing malaria-in-pregnancy monitoring: stakeholder experiences and data integration into the BornFyne-PNMS digital platform in Cameroon.,"Malaria in pregnancy (MiP) is a significant public health concern in high-burden malaria countries and a key predictor of high-risk pregnancies in Cameroon. One of the challenges of the National Malaria Control Programme (NMCP) in Cameroon is to generate reliable, timely, accurate and actionable data to inform decision-making, effective monitoring and planning. Discussions with the NMCP at the Ministry of Public Health (MoPH) identified poor data quality, lack of clear guidelines, manual data processing at the district level and delays in feedback on data as key bottlenecks in effective implementation of malaria control in Cameroon. This paper documents the data gaps for MiP identified by the digital health platform, BornFyne, project team in collaboration with the MoPH. We outlined lessons learnt in identifying and defining MiP-related indicators through stakeholder engagement across various levels, and identifying priority MiP elements for health facility registers for integration into the BornFyne digital platform. These lessons and insights will provide valuable guidance for other countries looking to incorporate malaria-related content into their antenatal care packages and/or to integrate similar content into their digital health platforms, and suggestions for strengthening the WHO digital adaptation kit MiP content.",Tasségning AM; Shiroya V; Ngo V; Wanda F; Ndiforchu V; Fobellah N; Ateba M; Bomba D; Tabebot A; Ebongo Z; Conserve DF; Kasonde M; Tamrat T; Barreix M; Muliokela RK; Tizi NB; Yaya S; Nkangu M,"Health Promotion, Health Promotion Alliance of Cameroon, Yaoundé, Cameroon.",BMJ global health,2026-07-06,10.1136/bmjgh-2025-020527,1.3,"data(title,abstract)",Public Health; Maternal Health; Health Policy; Global Health; Health Systems
