pmid,title,abstract,authors,first_author_affiliation,journal,pub_date,doi,score,matched_keywords,api_keywords
42680983,"Digital stent enhancement for coronary stent optimization during PCI: evidence, applications, and future directions.","Stent underexpansion remains a major contributor to restenosis and stent thrombosis following percutaneous coronary intervention (PCI), yet intravascular imaging is not used routinely in many settings. Digital stent enhancement (DSE) offers an angiography-based approach to improve visualization of metallic stents through real-time image processing, enabling rapid assessment of stent expansion and deployment abnormalities. In this review, we describe the underlying principles and commercially available DSE systems, summarize diagnostic performance data with emphasis on detection of stent underexpansion, and highlight where DSE may complement IVUS and OCT. Finally, we review emerging innovations, including three-dimensional stent reconstruction, and propose future research priorities to define clinical impact.",Corradetti S; Collet C; Stalikas N; Kechichian A; Buytaert D; Arai T; Hada M; Munhoz D; Barbato E; Sonck J; Wilgenhof A,"Cardiovascular Center Aalst, AZORG, Aalst, Belgium. corradettisara@gmail.com.",Cardiovascular intervention and therapeutics,2026-09-01,10.1007/s12928-026-01340-9,8.0,"visualization(kw,abstract); visual(kw,abstract); data(abstract)",Percutaneous coronary intervention; Stent Underexpansion; Stent Visualization; Digital Stent Enhancement; Enhanced Stent Imaging
42696309,A Novel Tool to Create Digital Twin Temporal Bone Models for Virtual and 3D-Printing: Proof-of-Concept and Evaluation.,"<h4>Objective</h4>To develop a haptic software tool for creating digital twin models for virtual or physical interaction based on cone beam (CB) computed tomography (CT) temporal bone imaging and to evaluate the quality of resulting 3D-printed models.<h4>Background</h4>Temporal bone surgery involves drilling near critical structures with anatomic variation. Patient-specific models for rehearsal and surgical planning might be clinically valuable but require processing of clinical imaging data into accurate ""digital twins"". This processing remains a major obstacle to widespread clinical adoption.<h4>Methods</h4>This technical proof-of-concept study utilized clinical CBCT of a cadaver head. The imaging data were processed using the VES-tool, a custom-developed visualization engine that uses haptic interaction for guided processing with tools for segmentation of anatomical structures, hole patching, and cleaning. Resulting digital twins were 3D-printed for mastoidectomy by 2 surgeons. The models were evaluated with the Mowry questionnaire by primary surgeons and, using video-based assessment, by 5 additional experts.<h4>Results</h4>The VES-tool was iteratively developed to guide processing into digital twin models with features supporting interactive segmentation. The resulting 3D-printed models were rated at 48 and 50 points by the 2 primary surgeons, respectively, exceeding the established 40-point cutoff for educational benefit. Video-based panelists rated models lower (average 31.8 points), although 3 of 5 scored the models above the modified 30-point cutoff for video-based rating.<h4>Conclusions</h4>VES-tool effectively converts clinical imaging into high-quality digital twins rated as highly useful for surgical practice. This pipeline facilitates patient-specific surgical rehearsal and the creation of diverse anatomic libraries for otosurgical training.",Mikkelsen PT; Omari A; Frithioff A; Frederiksen TW; Reznitsky M; Sørensen MS; Andersen SAW,"Department of Otorhinolaryngology-Head and Neck Surgery, Copenhagen Hearing and Balance Center, Rigshospitalet, Copenhagen.","Otology & neurotology : official publication of the American Otological Society, American Neurotology Society [and] European Academy of Otology and Neurotology",2026-09-04,10.1097/mao.0000000000005062,8.0,"visualization(kw,abstract); visual(kw,abstract); data(abstract)",Simulation; Segmentation; Otology; Temporal Bone Surgery; 3D Visualization And Interaction; Patient-specific 3D-printing
42700285,Research trends and hotspots in stroke-related sleep disorders from 2016 to 2025: a bibliometric and visualization analysis. ,"This study conducted a bibliometric and visualization analysis of research on stroke-related sleep disorders from 2015 to 2026. It aims to elucidate the current research landscape, identify key hotspots, and discern potential future trends within this field. We retrieved relevant publications on stroke-related sleep disorders from the Web of Science Core Collection database for the period from January 1, 2016, to December 31, 2025. Using Citespace (Version 6.2.R4), we generated and visualized knowledge maps encompassing analyses of authors, countries, institutions, keywords, co-cited references, co-cited authors, and co-cited journals. A total of 607 publications were ultimately included. The annual publication count demonstrated a general upward trend over the past decade. Publication output peaked in 2025 with a transient decline in 2019. The United States emerged as the most productive country, followed closely by China. Network analyses revealed strong collaborative relationships among countries, institutions, and authors, shaping influential research clusters represented by scholars such as Devin L. Brown and Ronald D. Chervin. Among institutions, Harvard University contributed the most publications and exhibited a notably high centrality (0.06). Keyword co-occurrence analysis identified eight major thematic clusters and 20 keywords with the strongest citation bursts, with ""ischemic stroke"" and ""apnea"" emerging as the predominant core keywords. Sleep apnea, particularly obstructive sleep apnea (OSA) and insomnia, remains the most extensively investigated sleep disorder in stroke populations. Hypertension emerged as one of the most frequent keywords among the identified influencing factors. Acute ischemic stroke represented the most common stroke type linked to sleep disturbances. Future investigations are likely to emphasize the identification of underlying pathophysiological mechanisms, systematic exploration of influencing factors, and the development of robust risk prediction models, ultimately aiming to inform clinical decision-making and improve long-term patient outcomes.",Wang Y; Liu Y; Dan Y; Zhou J; Zhang Q; Xu Q; Wang Y,"Department of Rehabilitation Medicine, Shenzhen Second People's Hospital, The First Affiliated Hospital of Shenzhen University, NO.3002 Sungang West Rd, Futian District, Shenzhen, Guangdong, 518035, China.",Sleep & breathing = Schlaf & Atmung,2026-09-05,10.1007/s11325-026-03802-z,7.0,"visualization(title,abstract); visual(title,abstract); data(abstract)",
42675476,Teaching ophthalmic microsurgical skills: conventional microscopy versus heads-up visualization.,"<h4>Background</h4>To compare training effects between conventional operating microscope and a3D heads-up system using the EyeSi<sup>®</sup> simulator (Haag-Streit, Köniz, Switzerland) in medical students and residents without prior microsurgical experience.<h4>Methods</h4>In a prospective single-center crossover study, 16 medical students with ophthalmological exposure and 16 residents completed standardized cataract and vitrectomy modules on the EyeSi<sup>®</sup> simulator using both a conventional ocular microscope and a 3D display. Objective performance parameters and subjective evaluations (questionnaire) regarding safety, handling, comfort, learning progress, as well as interaction were assessed.<h4>Results</h4>In the vitrectomy simulation, no significant difference in scores was found between visualization systems (p = 0.126), whereas in the cataract simulation, the conventional microscope achieved significantly higher scores (p = 0.023). The overall task scores did not differ significantly (p = 0.376). Subjectively, the 3D system was rated superior regarding control (p = 0.013), instrument handling (p = 0.033), movement precision (p < 0.001), comfort, and instructor interaction (p < 0.001). Students tended to prefer the 3D system, whereas residents more often preferred the conventional microscope, although this difference was not statistically significant (p = 0.183). All participants reported that skills acquired with the 3D system could be perceived transferability to the conventional microscope.<h4>Conclusion</h4>The 3D display achieved comparable simulator performance in the vitrectomy module but lower performance in the cataract module compared with the conventional microscope, while offering perceived didactic and ergonomic advantages. The differing preferences between students and residents may suggest a possible habituation effect due to prior slit-lamp use and familiarity with conventional visualization techniques. As digital visualization systems are becoming increasingly integrated into contemporary ophthalmic surgery, early exposure to heads-up technology during simulator-based training may help familiarize trainees with modern visualization techniques. Future clinical studies are required to determine whether these simulator-based findings translate into improved operative performance.",Eckardt F; Gerhardt M-; Priglinger S,"Department of Ophthalmology, LMU University Hospital, LMU Munich, Munich, Germany. Franziska.eckardt@med.uni-muenchen.de.",BMC medical education,2026-08-31,10.1186/s12909-026-10269-9,6.5,"visualization(title,abstract); visual(title,abstract)",Retina; Cataract; Ophthalmology; Three-dimensional Surgery
41698819,Impact of Scan Location on Visualization Characteristics of the Lateral Rectus-Superior Rectus Band with High-Resolution MR Imaging.,"<h4>Background and purpose</h4>Degeneration of lateral rectus-superior rectus (LR-SR) band has been implicated in the pathogenesis of acquired strabismus conditions, including the sagging eye syndrome. The purpose of this study was to analyze the imaging features of this band as imaged with magnetic resonance imaging at different orbital scan locations. To analyze the imaging features of the LR-SR band as imaged with MRI at different orbital scan locations.<h4>Materials and methods</h4>The LR-SR band features of patients who underwent high-resolution MRI for nonorbital pathology were evaluated at predefined locations by 2 independent readers. Analyzed features included: 1) visibility, 2) continuity, and 3) superotemporal bowing of LR-SR band in a binary manner at 2.5 mm anterior (zone I), at (zone II), and posterior (zone III) to the globe-optic nerve junction.<h4>Results</h4>Forty-eight orbits of 26 patients with an age range of 58-86 years were included. Visualization of the LR-SR band was significantly higher in zone I (89.6%) compared with zone II (79.2%) (<i>P</i> = .03) and with zone III (47.9%) (<i>P</i> < .001). Among the orbits in which the LR-SR band was visualized, band continuity was most frequently observed in zone I (94.7%), compared with zone II (68.4%) (<i>P</i> = .002) and in zone III (52.2%) (<i>P</i> < .001). Superotemporal bowing was detected with higher frequency posteriorly, rising from 21.1% in zone I to 47.4% in zone II (<i>P</i> = .002) and to 56.5% in zone III (<i>P</i> < .001). A higher degree of reproducibility for LR-SR band visibility and continuity was noted in anterior scan locations.<h4>Conclusions</h4>The LR-SR band is most consistently visualized on coronal MR images obtained anterior to the globe-optic nerve junction, while degenerative changes are more frequently observed in posterior scan locations. Establishing and reporting a standardized coronal imaging plane referenced to a consistent anatomic landmark may improve reproducibility and comparability of the LR-SR band across studies and allow for more robust clinical interpretation.",Tomaras N; Ozgen B; Patel R; Azar NF; Mocan MC,"From the College of Medicine (N.T.), University of Illinois at Chicago, Chicago, Illinois.",AJNR. American journal of neuroradiology,2026-09-02,10.3174/ajnr.a9235,6.5,"visualization(title,abstract); visual(title,abstract)",
42692081,Artificial Intelligence-Assisted Cone-Beam Computed Tomography Analysis in Alveolar Ridge Preservation: A Narrative Review.,"<h4>Abstract</h4>Alveolar ridge preservation (ARP) after tooth extraction depends on accurate three-dimensional bone assessment to optimize implant placement and prosthetic outcomes. Cone-beam computed tomography (CBCT) provides high-resolution volumetric imaging, yet manual interpretation remains operator-dependent and poorly standardized. Artificial intelligence (AI) may automate CBCT-based assessment, but its clinical role in ridge preservation remains insufficiently defined. This narrative review with structured thematic synthesis, reported in accordance with the Scale for the Assessment of Narrative Review Articles (SANRA), examined AI applications in CBCT analysis relevant to ARP, explicitly distinguishing technical performance from clinical usefulness. A structured search of PubMed/MEDLINE, Web of Science, and Scopus (January 2026) identified English-language studies published between 2012 and 2026. Articles were appraised using adapted Joanna Briggs Institute (JBI) criteria and synthesized thematically. Thirty-three articles were retained: 17 AI-focused primary studies forming the core synthesis, seven conventional (non-AI) CBCT-based ARP or implant studies, and nine reviews providing background context. AI-driven segmentation of teeth and alveolar bone consistently achieved Dice similarity coefficients above 0.90 with markedly reduced processing times, and selected architectures generalized across CBCT devices and populations. Multimodal CBCT-intraoral-scan fusion enabled crown-root-bone visualization, while deep-learning image enhancement supported diagnostic quality at reduced radiation doses. However, these findings reflect technical (geometric) accuracy: no included study linked AI output to patient-centered ARP outcomes such as implant survival, aesthetics, complications, or need for re-augmentation. External validation on independent datasets was reported in only four AI studies, and reporting metrics were heterogeneous. Current evidence therefore supports the technical feasibility of AI-assisted CBCT analysis for ridge preservation and implant planning, but not yet its clinical effectiveness. Translation will require prospective multicenter studies with patient-centered endpoints, standardized reporting, cost-effectiveness evaluation, and clear regulatory pathways.",Tengku Ahmad Noor TNE; Khurshid Z; Nugraha AP; Ramadhani NF; Noor E,"Centre of Studies for Periodontology, Faculty of Dentistry, Universiti Teknologi MARA (UiTM), Sungai Buloh, Selangor, Malaysia.",European journal of dentistry,2026-09-03,10.1055/s-0046-1827029,5.6,"visualization(abstract); visual(abstract); artificial intelligence(title,abstract); data(abstract)",
42696799,"Digital Predictive Technologies for Fall Risk Assessment, Prediction, and Prevention in Long-Term Care: A Scoping Review.","<h4>Objectives</h4>This scoping review aimed to map the available evidence on digital predictive technologies for fall risk assessment, prediction, and prevention support among older adults in long-term care settings.<h4>Design</h4>Scoping review.<h4>Setting and participants</h4>Included studies focused on older adults or residents in long-term care settings, including nursing homes, residential aged care facilities, assisted living facilities, skilled nursing facilities, and other institutional or residential long-term care environments.<h4>Methods</h4>A comprehensive search was conducted in PubMed, Scopus, Web of Science, and CINAHL for English-language original studies published from 2016 to 2026. Additional records were identified through manual reference searching and citation tracking. Eligible studies examined digital predictive technologies, including artificial intelligence, machine learning, deep learning, wearable sensors, inertial measurement units, passive sensors, Internet of Things-based systems, electronic health record-based prediction models, Minimum Data Set-based analytics, predictive dashboards, and clinical decision-support systems. Data were synthesized descriptively and narratively following the Preferred Reporting Items for Systematic Reviews and Meta-Analyses extension for Scoping Reviews guidance.<h4>Results</h4>A total of 2030 records were identified from electronic databases, and 15 additional records were identified through manual reference searching and citation tracking. After 845 duplicates were removed, 1185 database records were screened, and 60 reports were assessed for eligibility. Eleven studies met the eligibility criteria. The included studies used diverse technologies and data sources, including electronic health records, Minimum Data Set records, medication data, functional assessments, fall history, vital signs, wearable sensors, inertial sensors, passive sensors, and dashboard-linked data streams. Prediction windows varied from daily fall probability to 90-day, 3-month, and 6-month fall risk prediction. Reported outcomes included fall risk probability, future falls, recurrent falls, major falls, and fall rates. Model performance varied across studies, with evidence ranging from proof-of-concept findings to moderate or good discrimination. However, most studies focused on model development, validation, feasibility, or early implementation, and only limited evidence directly evaluated fall reduction or sustained clinical outcomes.<h4>Conclusions and implications</h4>Digital predictive technologies show emerging potential to support fall risk assessment and prevention planning in long-term care. However, the evidence base remains small, heterogeneous, and largely developmental. These technologies should be viewed as decision-support tools that complement, rather than replace, clinical judgment and nursing assessment. Future research should prioritize prospective validation, workflow integration, ethical governance, cost effectiveness, staff response, resident-centered outcomes, and real-world effects on fall reduction in diverse long-term care settings.",Hikmat R; Yosep I; Tumanggor RD; Novera M; Sukardin S; Mailani F,"Faculty of Nursing, Prince of Songkla University, Songkhla, Thailand. Electronic address: rohman23001@mail.unpad.ac.id.",Journal of the American Medical Directors Association,2026-09-04,10.1016/j.jamda.2026.106433,5.5,dashboard(abstract); artificial intelligence(abstract); machine learning(abstract); data(abstract); electronic health record(abstract),Predictive modeling; Nursing Home; Fall Risk; Long-term Care; Geriatric Safety; Digital Predictive Technologies
42674269,State-Aware Contactless Respiratory Volume Monitoring for Breath-Hold-Guided Radiotherapy.,"<h4>Purpose</h4>Respiratory motion increases setup uncertainty in thoracic and abdominal tumor radiotherapy and elevates dose exposure to organs at risk (OARs), such as the heart and lungs. Deep inspiration breath-hold (DIBH) can reduce OARs dose, but clinical deployment requires accurate, real-time, low-burden monitoring of breath-hold stability and tidal volume. This study proposes a contactless tidal volume estimation system for DIBH-guided radiotherapy.<h4>Methods</h4>A depth camera captured three-dimensional thoracoabdominal surface motion to construct a surface-based volumetric surrogate. A state-aware, surrogate-guided time-series regression model incorporating dynamic state gating, steady-state anchor modeling, adaptive baseline correction, and subject-specific calibration was developed for tidal volume estimation. In this prospective model-development and pilot internal-validation study, synchronized depth-camera data and tidal volume signals from an Active Breathing Coordinator (ABC) system were collected from 22 volunteers. ABC-derived tidal volume served as the reference signal, and performance was evaluated using subject-independent leave-one-subject-out cross-validation. Real-time respiratory feedback was provided through a head-mounted visualization interface.<h4>Results</h4>Predicted tidal volume strongly correlated with the ABC reference signal (pooled r=0.968; subject-level Fisher z-transformed mean r=0.966, 95% CI: 0.954-0.975, p<0.001), with an overall MAE of 0.098 L. Phase-specific MAE/MAPE were 0.1059 L/17.27% during breath hold and 0.0967 L/16.68% during normal breathing. GPU-side algorithmic latency was 12.55 ms per frame.<h4>Conclusion</h4>The proposed contactless framework enables stable tidal-volume estimation and real-time visual feedback during DIBH while minimizing patient encumbrance, supporting low-burden respiratory monitoring for radiotherapy workflows.",Yang J; Li Z; Zhang S; Wang H; Zhang H; Zhang Y; Tu X; Ni X,"The Second People's Hospital of Changzhou, the Third Affiliated Hospital of Nanjing Medical University; Jiangsu Province Engineering Research Center of Medical Physics; Medical Physics Research Center, Nanjing Medical University; Key Laboratory of Medical Physics in Changzhou, Changzhou, China. Electronic address: yangjiahao@stu.njmu.edu.cn.","International journal of radiation oncology, biology, physics",2026-08-31,10.1016/j.ijrobp.2026.08.037,5.0,"visualization(abstract); visual(kw,abstract); data(abstract)",Radiotherapy; Deep Inspiration Breath-hold; Real-Time Visual Feedback; Tidal Volume Estimation; Contactless Respiratory Monitoring; State-aware Modeling
42701043,Dual-Approach AI for Pediatric Supracondylar Fractures: Multiclass Radiograph Classification with Explainable AI and Diagnostic Meta-analysis of AI-Based Computational Approaches. ,"Pediatric supracondylar fractures (SCFs) are the most common elbow injury in children, yet radiographic diagnosis remains challenging due to complex developmental anatomy, with initially missed fracture rates of 17-77%. Prior artificial intelligence (AI) studies have been limited to binary classification frameworks without Gartland subtype differentiation, and no diagnostic test accuracy meta-analysis specific to supracondylar fractures exists. This study aimed to develop the first multiclass deep learning model for SCF detection and Gartland classification and to systematically compare diagnostic performance across AI-based computational diagnostic approaches, including deep learning architectures and radiomics-based machine learning, through meta-analysis. A retrospective cohort of 1082 pediatric elbow radiographs (2004-2018) was analyzed using YOLOv11 Nano for multiclass classification (No-SCF, Gartland Type I-III; class distribution: No-SCF n=576, Type I n=21, Type II n=125, Type III n=360). Data augmentation mitigated class imbalance, though the limited Type I sample may constrain generalizability for non-displaced fractures. Three patient-level validation strategies were employed: random split (80:10:10), stratified 5-fold cross-validation, and leave-one-out cross-validation. NormEnsemble-HiResCAM explainable AI (XAI) provided visualization of decision-making patterns. A Preferred Reporting Items for a Systematic Review and Meta-analysis of Diagnostic Test Accuracy Studies (PRISMA-DTA)-compliant meta-analysis synthesized data from four studies (2232 images) encompassing convolutional neural network (CNN)-based and radiomics-based approaches using random-effects modeling. Multiclass accuracy without bone segmentation was 90.98%, 93.12%, and 90.81% across random split, stratified k-fold, and leave-one-out cross-validation, respectively; binary accuracy was 88.89%, 92.83%, and 88.46%. Bone segmentation integration consistently improved accuracy across all strategies (multiclass +3.9 throughout; binary +6.2 to +10.2% points). Meta-analysis revealed pooled sensitivity of 92.0% (95% confidence interval [CI]: 87.0-96.0%) and specificity of 85.0% (95% CI: 77.0-92.0%; I²=92.9%). CNN-based algorithms showed numerically higher specificity than the single included radiomics study, though this comparison warrants caution. YOLOv11 achieved the highest specificity (98.0%) and diagnostic odds ratio (365.00). XAI visualizations demonstrated anatomically stratified attention across fracture grades: physeal-centered activation for normal/Type I, expanded physeal activation for Type II, and fragment-boundary foci for Type III. YOLOv11 Nano provided the first multiclass deep learning framework for pediatric SCF Gartland subtype classification with strong diagnostic performance. Meta-analysis demonstrated moderate diagnostic performance across included studies, though findings remain preliminary given the limited evidence base and substantial heterogeneity. Prospective multicenter validation is required before clinical deployment.",Lin CW; Setiawan F; Hikmahtiyar S; Lai PC; Kuan FC; Hsu KL; Lin WC; Chen PY; Huang MT; Lin CJ; Lee SY; Wu PT; Lin KC; Shih CA,"Department of Biomedical Engineering, College of Engineering, National Cheng Kung University, Tainan, Taiwan (C.-W.L, F.S.); Medical Device Innovation Center, National Cheng Kung University, Tainan, Taiwan (C.-W.L); Institute of Gerontology, College of Medicine, National Cheng Kung University, Tainan, Taiwan (C.-W.L); Institute of Medical Informatics, College of Electrical Engineering and Computer Science, National Cheng Kung University, Tainan, Taiwan (C.-W.L); Department of Biotechnology and Bioindustry Sciences, College of Bioscience and Biotechnology, National Cheng Kung University, Tainan, Taiwan (C.-W.L).",Academic radiology,2026-09-05,10.1016/j.acra.2026.08.048,5.0,visualization(abstract); visual(abstract); artificial intelligence(abstract); machine learning(abstract); data(abstract),
42690223,PPGLomics: An Interactive Platform for Pheochromocytoma and Paraganglioma Transcriptomics.,"Pheochromocytoma and paraganglioma (PPGL) are rare neuroendocrine tumors with unique biological behavior and remarkably high heritability, yet dedicated bioinformatics resources for these diagnoses remain limited. Existing cancer multi-omics platforms are pan-cancer in scope, often lacking the disease-specific annotations, granularity, and cross-database harmonization required for meaningful stratification and hypothesis generation. Here we introduce PPGLomics, an interactive web-based platform designed for comprehensive PPGL transcriptomics analysis. PPGLomics v1.0 integrates two major datasets, the TCGA-PCPG cohort (n=160) spanning multiple molecular subtypes, and the A5 consortium SDHB cohort (n=91) with detailed clinicopathological and molecular annotations. The platform provides basic and clinical scientists, as well as a broad range of healthcare professionals, with tools for differential expression analysis, correlation analysis, survival analysis, and visualization, including boxplots, heatmaps, volcano plots, and Kaplan-Meier survival plots, enabling exploration of gene expression patterns across PPGL subtypes without requiring bioinformatics expertise. PPGLomics v1.0 is freely available at https://alkaissilab.shinyapps.io/PPGLomics.",Alkaissi H; Gordon CM; Pacak K,"Eunice Kennedy Shriver National Institute of Child Health and Human Development, National Institutes of Health , Bethesda, MD, USA.",Endocrine-related cancer,2026-09-03,10.1530/erc-26-0140,4.0,visualization(abstract); visual(abstract); data(abstract); informatics(abstract),
42693487,Accelerating the development of bioelectronic medicine: outcomes and innovations from the NIH SPARC initiative.,"The NIH Common Fund's SPARC (Stimulating Peripheral Activity to Relieve Conditions) program was launched in 2015 to catalyze bioelectronic medicine by advancing foundational knowledge of the autonomic nervous system (ANS) and enabling clinical translation of novel bioelectronic medicines. While the program officially ended in 2025, activities related to the program are still ongoing through no-cost extensions, data sharing, and derivative efforts. We provide here an overview of the major outcomes of SPARC under its four focus areas: Anatomical and Functional Mapping, Technology Development, Translational Research, and Data/Modeling Infrastructure. In the Anatomical and Functional Mapping focus areas, teams generated cross-species, cross-organ ANS connectivity datasets, detailed nerve anatomy, along with detailed maps and connectivity resources to support query, visualization, and hypothesis-generation. Under the Technology Development focus area, teams developed new tools for recording and stimulating autonomic pathways and built computational pipelines for realistic neuromodulation simulations. Within the Translational Research, teams conducted pre-clinical and clinical proof-of-concept studies and used prize-driven efforts to accelerate clinically ready neuromodulation solutions. Data/Modeling Infrastructure teams built a durable open-science ecosystem enabling FAIR sharing, exploration, and reuse of SPARC datasets, models, and workflows by the broader community. Together, SPARC's integrated approach has lowered barriers to precision neuromodulation research and established reusable resources to sustain the field beyond the program.",Patel B; Pikov V; Damaser MS; Boline J; Tappan SJ; Nickerson DP; Ward MP; Gunalan PK; Neufeld E; Ludwig KA; Grethe JS; Wagenaar JB; Martone ME,"FAIR Data Innovations Hub, California Medical Innovations Institute, San Diego, CA, USA. bpatel@calmi2.org.",Bioelectronic medicine,2026-09-04,10.1186/s42234-026-00213-z,4.0,"visualization(abstract); visual(abstract); data(kw,abstract)",Vagus; Device; Data; Consortium; Bioelectronic Medicine; Autonomic Neuromodulation
42669440,[Cognitive reshaping and systemic reconstruction of liver surgery empowered by digital intelligence].,"In recent years, a cluster of digital intelligence technologies, represented by artificial intelligence, three-dimensional visualization, augmented reality and optical imaging, has been reshaping the cognitive foundation and clinical practice of liver surgery. From the frontier perspective of medical-engineering integration, this article systematically reviews eight major advances and breakthroughs in digital intelligence-empowered liver surgery, encompassing preoperative precision diagnosis, intelligent three dimensional planning, augmented reality combined with fluorescence navigation, multimodal optical imaging, intraoperative dynamic perception, large language model-based decision support, personalized prognosis prediction, and standardized ecosystem development. The clinical value of these advances is thoroughly examined in terms of tumor diagnosis, navigational decision-making, postoperative management, and homogeneous promotion. This review aims to provide a theoretical reference for the intelligent transformation of hepatobiliary surgery.",Wu XW; Zeng SL; Fang CH,"First Department of Hepatobiliary Surgery, Department of General Surgery, Zhujiang Hospital, Southern Medical University; Institute of Digital Intelligence Minimally Invasive Surgery, Zhujiang Hospital, Southern Medical University; Guangdong Provincial Clinical and Engineering Center of Digital Medicine; South China Institute of National Engineering Research Center of Innovation and Application of Minimally Invasive Instruments; Guangdong Engineering Research Center for Innovation and Application of Digital Intelligent Minimally Invasive Diagnosis and Treatment Equipment, Guangzhou 510280, China.",Zhonghua wai ke za zhi [Chinese journal of surgery],2026-08-31,10.3760/cma.j.cn112139-20260427-00170,3.5,visualization(abstract); visual(abstract); artificial intelligence(abstract),
42676075,Consistency in North Korean Medical Academic Research Topics During the COVID-19 Pandemic: A Text Mining Analysis.,"<h4>Background</h4>The coronavirus disease 2019 (COVID-19) pandemic triggered a global shift in medical research priorities, with increased emphasis on infectious disease response and public health. However, little is known about whether similar changes occurred in the People's Republic of Korea (North Korea), a country with limited transparency and access to health data. This study aimed to assess thematic changes in North Korean medical academic research before and during the COVID-19 pandemic by analyzing article titles using text mining techniques.<h4>Methods</h4>We extracted 8,818 paper titles from six major North Korean medical academic journals published between 2017 and 2022 and categorized them into two periods: pre-pandemic (2017-2019) and pandemic (2020-2022). Morpheme analysis was performed to break down text data into meaningful units, frequency analysis and word cloud visualization were applied to identify and intuitively describe the most frequently occurring terms, and latent dirichlet allocation (LDA) topic modeling was performed to identify latent topics formed by words that frequently occur simultaneously within the article's title. In addition, the framework of the analysis was divided into two categories: disease and health care service, and the subject-specific changes in each area were analyzed.<h4>Results</h4>During the pandemic, as expected, an increasing proportion of topics related to new infectious diseases was observed. However, the core structure of the research topic remained essentially unchanged over the two periods. In particular, as before the pandemic, surgical treatment-related words accounted for the largest proportion. In LDA thematic modeling, treatment-oriented topics such as drug prescription formed a key group. The majority of COVID-19-related articles tended to focus on clinical management and quarantine rather than basic science or vaccine development.<h4>Conclusion</h4>While the world is focusing on vaccine and quarantine research, the medical research in North Korea maintained a strong focus on solving immediate problems, such as surgical and drug treatment, rather than shifting significantly toward pandemic-specific research. This means that medical academic research in North Korea tends to adhere to the existing research system rather than responding to external crises. In conclusion, identifying this pattern provides essential insights for predicting North Korea's capacity to respond and its limitations in the event of another health crisis in the future.",Lee EH; Choi M; Park H; Han JH; Yu S; Sempungu JK; Lee YH,"Program in Public Health, Graduate School, Korea University, Seoul, Korea.",Journal of Korean medical science,2026-08-31,10.3346/jkms.2026.41.e227,3.0,visualization(abstract); visual(abstract); data(abstract),North Korea; Text Mining; Covid-19; Medical Research Trends
42693552,Ultrasonographic Evaluation of Cavum Septum Pellucidum Dimensions and Morphology in the Second Half of Pregnancy: A Prospective Cross-Sectional Study.,"<h4>Objective</h4>To determine normative ultrasonographic dimensions, morphology, and visualization rate of the cavum septum pellucidum (CSP) in structurally normal singleton fetuses between 19 and 40 weeks of gestation and to assess correlations with gestational age and fetal biometric parameters.<h4>Methods</h4>This prospective cross-sectional study enrolled 600 consecutive singleton pregnancies with normal fetal anatomy at Beheshti Hospital, Isfahan, Iran (2024-2025). Transabdominal ultrasound was performed in standard ISUOG-recommended axial planes. CSP visualization status, morphology (rectangular, triangular, oval, square, or circular), length, and width were recorded together with biparietal diameter (BPD) and head circumference (HC). Data were analyzed using descriptive statistics, Pearson's and Spearman's correlations, and chi-squared tests.<h4>Results</h4>The CSP was visualized in 552 of 600 fetuses (92.0%). Mean CSP length was 8.27 ± 2.94 mm and mean width was 6.60 ± 2.74 mm, with rectangular morphology predominating (71.7%). Mean length increased modestly from 7.01 ± 2.62 mm (19-23 weeks) to 8.67 ± 2.98 mm (32-35 weeks) then stabilized, whereas width remained relatively stable. Weak positive correlations were observed between CSP length and gestational age (r = 0.132, p = 0.002) and HC (r = 0.156, p < 0.001); however, the small effect sizes indicate limited explanatory and clinical significance. No significant correlations were observed for width or morphology with biometric parameters. Nonvisualization (8.0%) occurred exclusively at or after 19 weeks.<h4>Conclusion</h4>This study provides contemporary, population-specific normative data for fetal CSP in the second and third trimesters in an Iranian cohort. CSP length shows modest gestation- and HC-dependent growth, while width and morphology remain largely independent of standard biometry.",Shirazinezhad S; Khanjani S; Ghorbani SR; Elhaie M,"Department of Radiology, School of Medicine, Isfahan University of Medical Sciences, Isfahan, Iran.",Journal of clinical ultrasound : JCU,2026-09-03,10.1002/jcu.70396,3.0,visualization(abstract); visual(abstract); data(abstract),Reference values; Ultrasonography; Fetal development; Prenatal; Cavum Septum Pellucidum
42685792,Diagnostic and Therapeutic Standing Needle Arthroscopy of the Distal Interphalangeal Joint in 36 Horses.,"<h4>Objective</h4>The objective of this study is to describe the technique, complications, and outcomes of standing needle arthroscopy of the distal interphalangeal joint (DIPJ) in horses.<h4>Study design</h4>This is a retrospective study.<h4>Animals</h4>Five cadaver forelimbs; 36 client-owned horses.<h4>Methods</h4>A 1.9-mm needle arthroscope was used to evaluate the DIPJ in cadaver limbs and clinical cases. Horses underwent diagnostic and/or therapeutic arthroscopy under standing sedation and local anaesthesia. Data collected included signalment, diagnostic imaging findings, intraoperative findings, complications, and outcomes to 12 weeks postoperatively.<h4>Results</h4>Arthroscopy was successfully performed in all cadaver limbs, with consistent visualization of the anatomical features in dorsal and palmar recesses. In clinical cases (12 fragment removals, 24 diagnostic procedures), cartilage defects and capsular tears were frequently identified. Osteochondral fragments were removed successfully in all cases. Complications were minor, consisting of intra-articular bleeding (15 mild, 4 moderate). No infections or major adverse effects occurred. All horses were discharged uneventfully, with no complications reported at 12 weeks.<h4>Conclusion</h4>Standing needle arthroscopy of the DIPJ is a safe, minimally invasive technique providing diagnostic and therapeutic benefits while avoiding risks of general anaesthesia.",Maleas G,"Equine Orthopaedics, Equine Clinic Equuria GbR, Germany, Emstek.",Veterinary and comparative orthopaedics and traumatology : V.C.O.T,2026-09-02,10.1055/a-2939-6277,3.0,visualization(abstract); visual(abstract); data(abstract),
42690533,Lightweight Transformer-based knowledge distillation framework for high-dimensional spatiotemporal radiomics in breast cancer risk prediction.,"Breast cancer exhibits significant spatiotemporal heterogeneity. Traditional radiomics approaches usually rely on low-temporal-resolution imaging and discrete image phases, failing to capture the rapid and continuous kinetic evolution within the tumor microenvironment. Although ultrafast dynamic contrast-enhanced magnetic resonance imaging captures precise contrast agent permeation, current methodologies lack systematic, dedicated computational frameworks to extract these high-dimensional dynamic features. To bridge this gap, this study developed and validated a robust two-stage spatiotemporal radiomics framework for high-dimensional feature selection and predictive modeling. First, a novel gradient-dynamics-based feature selection algorithm was designed to robustly identify highly discriminative kinetic trajectory patterns and overcome the dimensionality curse of time-series data. Second, a lightweight Transformer-based predictive network incorporating a self-attention knowledge distillation mechanism was deployed to capture deep representational knowledge and enhance the differentiation between benign and malignant lesions. Experimental results demonstrated that the proposed framework outperformed traditional baseline models using delta features or pharmacokinetic parameters, achieving an area under the curve of 0.959 ± 0.022 and an accuracy of 92%, an 8% improvement over conventional temporal radiomics models (P < 0.05). Furthermore, through the visualization of attention heat maps, the model provides highly interpretable evidence of the critical enhancement phases and spatiotemporal evolutionary patterns that drive model decisions. This framework introduces a viable, visually interpretable, and quantitative tool for characterizing tumor heterogeneity, demonstrating its potential to assist in personalized clinical decision-making for breast cancer.",Huang H; Zhou H; Huang K; Yang J; Ying P; Lai P; Lin Y; Gao Y,"School of Biomedical Engineering, Shenzhen University Medical School, Shenzhen University, Shenzhen, 518060, China.","Visual computing for industry, biomedicine, and art",2026-09-03,10.1186/s42492-026-00231-3,3.0,visualization(abstract); visual(abstract); data(abstract),Breast cancer; Tumor Heterogeneity; Precision Medicine; Deep Learning; Spatiotemporal Radiomics; Knowledge Distillation
42666786,Educational Utility of a Full-Skull 3-Dimensional Model for Skull Base Surgery Training.,"<h4>Background and objectives</h4>Skull base surgery requires precise 3-dimensional (3D) anatomic understanding and advanced drilling techniques within a confined operative space. Although cadaveric dissection remains the gold standard for training, its availability is limited. This study aimed to evaluate the educational utility of a commercially available full-skull 3D model for skull base surgery training.<h4>Methods</h4>A full-skull 3D model reproducing the cranial base and brain was used in a hands-on training session involving 8 neurosurgeons, including 2 residents and 6 board-certified surgeons. Multiple skull base approaches were practiced. In addition, a patient-specific tumor model generated from clinical imaging data was incorporated to simulate pathological anatomy. Participants completed a questionnaire using a 5-point Likert scale to assess bone hardness, anatomic accuracy, realism, drilling sensation, safety and usability, and overall satisfaction.<h4>Results</h4>Overall satisfaction with the model was high across all evaluation categories. Anatomic accuracy, realism, and usability received high mean scores. Overlay visualization of individual responses demonstrated consistent trends without reliance on inferential statistics. Qualitative feedback indicated that the model was particularly useful for understanding spatial orientation and approach selection, whereas limitations were noted regarding tactile realism, including uniform bone hardness and dural texture.<h4>Conclusion</h4>The full-skull 3D model demonstrated substantial educational value as a supplementary training tool for skull base surgery. By enabling repeated practice, approach comparison, and patient-specific simulation, this model may complement cadaver-based training, particularly for early-stage neurosurgeons. Further studies with larger cohorts are warranted to establish its role within structured skull base education programs.",Kuga D; Yoshimoto K,"Department of Neurosurgery, Graduate School of Medical Sciences, Kyushu University, Fukuoka, Japan.",Neurosurgery practice,2026-09-02,10.1227/neuprac.0000000000000283,3.0,visualization(abstract); visual(abstract); data(abstract),Surgical simulation; 3-dimensional model; Skull Base Surgery; Patient-specific Model; Neurosurgical Education
42691745,Assessment of image quality and feasibility of Photon-Counting detector CT for the Non-Contemporaneous follow-up of intracranial aneurysms treated with flow diverter stents.,"<h4>Background</h4>Noninvasive imaging is essential for long-term surveillance of flow diverter-treated intracranial aneurysms. We evaluate the image quality and feasibility of photon-counting detector CT (PCD-CT) in a real-world, non-contemporaneous follow-up setting, comparing it with intraoperative baseline DSA and flat-panel detector CT (VasoCT).<h4>Methods</h4>This retrospective cohort study included 30 patients (32 aneurysms) followed with PCD-CT (median: 6.5 months) after flow diverter treatment. Three neurointerventionalists, blinded to clinical data, assessed stent lumen visibility and diagnostic confidence using a 5-point Likert scale. Quantitative metrics included signal-to-noise ratio, contrast-to-noise ratio, relative metal artifact width, and radiation doses. A mixed linear model identified predictors of image quality.<h4>Results</h4>PCD-CT stent lumen visibility (4.6 ± 0.7) was significantly higher than baseline DSA (3.0 ± 0.5, P < 0.001) and VasoCT (3.1 ± 1.2, P < 0.001). Diagnostic confidence scores were significantly higher for DSA (5.0 ± 0.0) and PCD-CT (4.8 ± 0.6) than for VasoCT (3.4 ± 1.0, both P < 0.001), while PCD-CT was slightly but significantly lower than DSA (P = 0.031). Inter-observer agreement was excellent (ICC ≥ 0.945). PCD-CT effective dose (0.79 ± 0.07 mSv) was higher than localized DSA (0.13 ± 0.02 mSv) and VasoCT (0.55 ± 0.08 mSv) due to whole-brain coverage. Mixed model identified PCD-CT as the strongest positive predictor for lumen visibility (β = 1.65, P < 0.001), and this advantage remained robust across different aneurysm morphologies and the predominant stent designs evaluated in this cohort.<h4>Conclusion</h4>PCD-CT provides superior stent lumen visualization compared to baseline imaging, while maintaining a sub-millisievert radiation dose. It represents a promising non-invasive surveillance tool, though prospective validation of its diagnostic accuracy for in-stent stenosis is required.",Gao JP; Bian Y; Zhang RJ; Liu XF; Wang XH; Lv B; Du ZH; Hu XH; Zhao J; Cui JJ; Cao XY; Yao HX; Wang J,"Department of Neurology, The First Medical Center of PLA General Hospital, Beijing, China; Department of Vascular Surgery, The First Medical Center of PLA General Hospital, Beijing, China.",European journal of radiology,2026-08-31,10.1016/j.ejrad.2026.113203,3.0,visualization(abstract); visual(abstract); data(abstract),Intracranial aneurysm; Image Quality; Computed Tomography Angiography; Flow Diverter; Flat-panel Ct
42697180,The Science of Modern Breast Implants: A Qualitative and Quantitative Comparison of Silicone Breast Devices.,"<h4>Background</h4>Breast implants remain the cornerstone of aesthetic and reconstructive breast surgery, yet surgeon device selection is frequently driven by manufacturer marketing, social media, and brand loyalty rather than objective scientific data.<h4>Objectives</h4>To provide a comprehensive, side-by-side qualitative and quantitative comparison of current-generation silicone gel breast implants from the four major United States manufacturers, characterizing each device's gel, shell, and gel-shell interface properties.<h4>Methods</h4>Two unopened, current-generation implants were obtained from each of Allergan (Inspira Responsive, Inspira SoftTouch), Mentor (MemoryGel BOOST, MemoryGel Xtra), Motiva (Ergonomix, Round), and Sientra (106/HSC, 107/HSC+). Eight assessment methods were applied: still-photo tilt-table analysis, time-in-motion video analysis, gel-shell pinch-roll testing, BTC 2000 biomechanical gel evaluation, tensiometer gel-shell peel testing, in vivo high-resolution ultrasound imaging, blinded patient tactile assessment, and matrix usability scoring.<h4>Results</h4>Mentor MemoryGel BOOST demonstrated the most form-stable gel across all five BTC 2000 parameters, the longest pinch-roll endpoint, and the longest tensiometer peel time with significant retained gel, indicating the strongest gel-shell interaction. Despite this form stability, BOOST was the third-highest-rated implant on blinded patient tactile assessment, with MemoryGel Xtra ranked first. Sientra 106 was consistently the least form-stable. Allergan implants demonstrated the highest ultrasound shell visualization clarity. Allergan also achieved the highest matrix usability score, reflecting broad profile diversity across aesthetic and reconstructive applications.<h4>Conclusions</h4>Current silicone gel breast implants demonstrate measurable, manufacturer-specific differences in gel behavior, shell properties, gel-shell interaction, sonographic appearance, and clinical applicability. These findings support a paradigm shift toward science-driven implant selection and provide objective data to guide surgeon decision-making.",Alameddine K; Tomur S; Adams WP,"Department of Plastic Surgery, University of Texas Southwestern Medical Center, Dallas, TX, USA.",Aesthetic surgery journal,2026-09-04,10.1093/asj/sjag185,3.0,visualization(abstract); visual(abstract); data(abstract),
42697000,T1-weighted volumetric subtraction imaging in MRI-guided laser interstitial thermal therapy for cerebral cavernous malformations: A technical note.,"<h4>Background</h4>Cerebral cavernomas are vascular malformations that can cause neurological problems such as hemorrhage and seizures. MRI is the preferred imaging modality, but hemosiderin deposits in cavernomas often lead to signal loss artifacts, complicating treatment planning. MRI-guided laser interstitial thermal therapy (MRIg-LITT) is an innovative, minimally invasive technique that offers a new approach to treating these lesions, but confirming ablation on MRI may be challenging due to these artifacts.<h4>Methods</h4>We evaluated six patients (4 females, 2 males; median age 29 years old) with symptomatic cerebral cavernomas treated with MRIg-LITT. The procedure involved immediate post-treatment imaging to assess lesion reduction and edema. A volumetric T1-weighted subtraction technique was employed after ablation to enhance visualization of contrast enhancement.<h4>Results</h4>Thermal ablation was assessed by diffusion hyperintensity and gadolinium-enhanced peripheral rings, despite susceptibility artifacts. T1-weighted volumetric subtraction sequences effectively minimized artifacts and improved visualization of the lesions. No hemorrhagic complications occurred, and expected post-LITT edema was managed with corticosteroid therapy.<h4>Conclusion</h4>T1-weighted volumetric subtraction sequences reduce magnetic susceptibility artifacts and improve visualization of the post-ablation enhancing rim in MRIg-LITT for cerebral cavernomas. Their clinical impact on treatment assessment remains to be determined.",Broutin C; Constans JM; Lefranc M,"Department of Radiology, Amiens Picardie University Hospital, Amiens, France. Electronic address: broutin.cyril@chu-amiens.fr.",Journal of neuroradiology = Journal de neuroradiologie,2026-09-04,10.1016/j.neurad.2026.101600,2.5,visualization(abstract); visual(abstract),MRI; Neurosurgery; Radiology; Cavernoma; Laser Interstitial Thermal Therapy; Technical Note
42700541,A new teaching method of direct fundoscopy for daily clinical practice. ,"Direct Fundoscopy (DF) is a vital clinical skill used in ophthalmology, neurology, and emergency care. Despite its importance, many medical students graduate without mastering DF, often due to limited practical training and insufficient understanding of ophthalmoscope use. This study proposes a teaching methodology, incorporating theoretical instruction, ophthalmoscope practice, and peer-to-peer simulated examinations in small groups, to enhance students' understanding of direct ophthalmoscopy and improve their ability to apply this knowledge in clinical settings. The aim of this study is to describe an effective methodology for teaching DF, fostering the development of confident and competent future physicians capable of performing this essential examination. Medical students, divided into groups of five, participated in a supervised DF training period that included both theoretical and practical components. The instruction covered ophthalmoscope operation, proper positioning relative to the patient, and techniques for visualization of the posterior pole of the eye. Students first practiced the complete examination procedure using a poster, followed by peer-to-peer examinations to build confidence. Questionnaires were administered before and after the training to assess students' competence in performing direct fundoscopy. Following the training, the percentage of students able to visualize any structure of the eye fundus significantly increased from 68.5% to 98.6% (p < 0.0001). Similarly, significant improvements were observed in the visualization of all major retinal structures (p < 0.0001), with the exception of the fovea (p = 0.62). Students also reported a marked increase in their confidence in performing the examination. The implementation of a standardized teaching methodology was associated with improvement in skills for performing DF when applied to medical students previosly naive to the method.",Shiokawa A; Monteiro MLR; Massuda R; Carriello M; Fiorentin AB; Schramm MV; Sato MT,"Universidade Federal do Parana (UFPR), Curitiba, Brazil. Electronic address: shiokawaline@gmail.com.","Clinics (Sao Paulo, Brazil)",2026-09-05,10.1016/j.clinsp.2026.101085,2.5,visualization(abstract); visual(abstract),
42687827,Quantitative morphometry of the cervix using deep learning and geometric area estimation techniques.,"<h4>Objective</h4>Estimation of the actual cervix area observed during the colposcopy is a critical step towards accurate diagnosis, as hidden areas may lead to malignancy in the future. In the present study, an automated algorithm was developed that uses a deep learning segmentation model combined with geometric area estimation techniques to evaluate the percentage of the cervix visualized during colposcopy by the clinician in real-time.<h4>Methods</h4>The colposcopy images from 110 patients were examined with standardized Cusco bivalve specula and were manually annotated to train the segmentation model for YOLOv8s-seg training (100 epochs, batch size 16, learning rate 0.001, COCO pretrained weights). After segmentation, four computational methods: Grid-based method, pixel-based method, convex hull-based method, and a hybrid weighted model integrating these three metrics via weighted averaging, were applied to estimate the percentage of cervix visualized. The estimated cervical visualization scores generated by the proposed methods were validated against the expert visualization scores independently by three gynecologists, who provided independent visual assessments as the clinical reference standard. Agreement was evaluated using Pearson correlation (r), coefficient of determination (R<sup>2</sup>), and P values.<h4>Results</h4>The hybrid model demonstrated a higher correlation with the expert consensus with the Pearson's coefficient r = 0.7231, R<sup>2</sup> = 0.52288, P < 0.0001, residual sum of squares = 36.34. Individual methods gave a moderate performance with grid-based (r = 0.497, R<sup>2</sup> = 0.247), pixel-based (r = 0.503, R<sup>2</sup> = 0.253), and convex hull-based (r = 0.108, R<sup>2</sup> = 0.012, P = 0.261). Hybrid fusion achieved synergistic improvement over single methods with medians closely matching expert assessment (~85%-90%).<h4>Conclusion</h4>This automated hybrid approach demonstrated significant correlation with the clinician grading by addressing a combination of key different image quality metrics during colposcopy and proposing an efficient and an empirical tool for real-time estimation of cervix visualization.",Anantharaju A; Keerthana A; Mishra S; Kala N; Ragunathan R; Sreekumaran Nair N; Gunaseelan K; Pal UM,"Department of Obstetrics and Gynecology, Jawaharlal Institute of Postgraduate Medical Education and Research, Puducherry, India.",International journal of gynaecology and obstetrics: the official organ of the International Federation of Gynaecology and Obstetrics,2026-09-03,10.1002/ijgo.71333,2.5,visualization(abstract); visual(abstract),Computer aided diagnosis; Medical Image Analysis; Deep Learning; Cervix Area Estimation; Geometric Area Estimation
42671093,"Recent advances: Augmented reality, robotics, and navigation in oculoplasty and orbit.","Oculoplasty and orbital surgeries demand high precision due to confined anatomy and nearby critical structures. Recent innovations in orbital surgeries include augmented reality, robotic assistance, and computer-assisted navigation. These technologies are increasingly being explored to enhance surgical accuracy, improve outcomes, and reduce complications. Augmented reality provides real-time visualization of patient-specific anatomy, supporting preoperative planning and intraoperative guidance. Robotic systems offer tremor-free manipulation, enhanced dexterity in restrictive spaces, and minimally invasive reconstructions. Navigation enables accurate localization of deep orbital structures, thereby aiding orbital surgery. This review aims to provide current evidence on clinical practices, advantages, and limitations of newer technologies.",Gaur N; Neha N,"Department of Ophthalmology, AIIMS Bilaspur, Himachal Pradesh, India.",Indian journal of ophthalmology,2026-08-31,10.4103/ijo.ijo_3233_25,2.5,visualization(abstract); visual(abstract),Robotics; Recent advances; Navigation; Augmented Reality; Oculoplasty
42692784,Standardized assessment of leptomeningeal collaterals: a comparative review.,"Leptomeningeal collaterals (LMCs) strongly influence outcomes in acute ischemic stroke (AIS), but their small caliber makes visualization challenging with computed tomography angiography (CTA) and magnetic resonance angiography (MRA). Digital subtraction angiography (DSA) remains the gold standard for anatomical and functional LMC assessment but is invasive and typically reserved for patients undergoing mechanical thrombectomy. Several grading systems have been proposed to noninvasively assess LMCs on acute-phase CTA and MRA. However, no consensus exists on which system best captures the complex anatomy of LMCs, and considerable variability in interrater reliability, standardization, and clinical feasibility. Here, we review collateral grading systems based on single-phase CTA, the most widely used acute stroke imaging modality, and compare them with DSA-based collateral scoring. We summarize the relevant literature on the clinical importance of LMCs and their impact on treatment outcomes in AIS. Because automated, reproducible collateral scoring could provide clinicians with more objective ratings of LMCs but has not yet entered clinical routine, we also discuss the potential benefits and implications of incorporating automated collateral scoring into routine brain imaging and clinical practice.",Güntert M; Otto L; Gassner G; Morra F; Lambride C; Liebeskind DS; Wegener S; Baazaoui H,"From the Department of Neurology (M.G., L.O., G.G., C.L., S.W., H.B.), Neuroradiology (F.M.), Neuroscience Center Zurich (C.L., S.W.), ETH University Hospital Zurich and University of Zurich, Zurich, Switzerland; Department of Neuroradiology (F.M.), EOC Ospedale Regionale di Lugano, Lugano, Switzerland; ARTORG Center for Biomedical Engineering Research (C.L.), University of Bern, Bern, Switzerland and UCLA Department of Neurology (D.S.), Neurovascular Imaging Research Core, UCLA Comprehensive Stroke Center, Los Angeles, CA, USA.",AJNR. American journal of neuroradiology,2026-09-03,10.3174/ajnr.a9623,2.5,visualization(abstract); visual(abstract),
42686369,When gastric point-of-care ultrasound is indeterminate: an educational review and suggested reporting framework.,"Gastric point-of-care ultrasound (POCUS) is increasingly used to support aspiration-risk assessment when fasting history, comorbidities, medication exposure, or procedural urgency make clinical assessment uncertain. Its value depends on more than identifying gastric contents when images are clear. A useful examination must be attempted, completed, interpreted, and connected to a safe clinical decision. This article uses a focused secondary analysis of the 65 studies included in the original narrative review of gastric POCUS in medically complex patients to examine how indeterminate and non-interpretable examinations are reported. In the 65-study narrative-review evidence base, 32 studies reported at least one indeterminate or non-interpretable examination, 24 reported no or zero such examinations, and nine had unclear or non-numeric reporting. The main reporting concern is that studies often do not clearly identify scans that were not performed, scans that were started but not completed, images that were technically inadequate, results that were uncertain despite visualization, and interpretable diagnostic findings. Clinically, an indeterminate gastric POCUS examination is non-diagnostic and should cause the clinician to either rely on the original aspiration-risk assessment and management plan or choose a more cautious plan when the clinical situation warrants. A clearer reporting pathway can make future gastric POCUS studies easier to interpret, compare, teach, and apply safely.",Haskins SC; Arzola C; Bronshteyn Y; Kalagara H; Hardman D; Panzer O; Weber MM; Heinz E; Boublik J; Cubillos J; Hernandez N; Zimmerman J; Perlas A,"Department of Anesthesiology, Critical Care & Pain Management, Hospital for Special Surgery, New York City, New York, USA haskinss@hss.edu.",Regional anesthesia and pain medicine,2026-09-02,10.1136/rapm-2026-108202,2.5,visualization(abstract); visual(abstract),Technology; Ultrasonography; Diagnostic Imaging
42679743,Dual-response mitochondria-targeted fluorescent probe for Hypochlorous acid and viscosity: Applications in liver injury diagnosis and environmental monitoring.,"Hypochlorous acid (HClO) is widely used in disinfection yet poses severe threats to environmental safety and human health, while abnormal cellular microenvironmental viscosity is closely linked to oxidative stress-mediated liver pathogenesis. Herein, a mitochondria-targetable, dual-channel near-infrared fluorescent probe TPTY-Q-HClO was rationally constructed for simultaneous and selective sensing of HClO and viscosity. The probe employs dimethylthiocarbamate as the HClO-specific recognition site and a quaternized quinoline moiety for mitochondrial targeting, with viscosity response governed by the twisted intramolecular charge transfer (TICT) mechanism. It exhibits excellent sensitivity toward HClO with a detection limit of 16.1 nM, excellent anti-interference capability, and a favorable linear viscosity response from 1.50 to 474 cP. The probe enables real-time visualization of HClO overproduction and microenvironmental viscosity elevation in drug-induced liver injury (DILI) and nonalcoholic fatty liver disease (NAFLD) models, establishing a direct correlation between HClO-mediated oxidative stress and liver damage. Furthermore, portable test strips were developed for rapid on-site screening of HClO residues in environmental water and dairy products, achieving satisfactory recoveries (94.70% to 105.84%). The probe was also successfully applied for in situ imaging of HClO in plant tissues. This work provides a robust, versatile tool for environmental hazard monitoring, food safety screening, plant physiological assessment, and liver disease pathogenesis research, holding great promise for broad applications in environmental health and biomedical diagnosis.",Hou P; Zhang Q; Liu J; Ren H; Qi P; Hou H; Chen S,"College of Pharmacy, Qiqihar Medical University, Qiqihar 161006, PR China.",Bioorganic chemistry,2026-08-31,10.1016/j.bioorg.2026.110455,2.5,visualization(abstract); visual(abstract),Viscosity; Environmental Surveillance; Hepatic System; Hypochlorous Acid (Hclo); Dual-channel Sensing
42686492,Fusion-Assisted PI-RADS v2.1 Assessment on Prostate mpMRI: A Multi-reader Observer Performance Study.,"<h4>Rationale and objectives</h4>Although PI-RADS v2.1 offers a standardized assessment framework, substantial inter-reader variability persists in the evaluation of score-related imaging features. In particular, differentiating benign hyperplastic nodules from malignant lesions within the transition zone poses a major clinical challenge. The aim of the study was to determine the impact of using an mpMRI fusion imaging technique to improve the diagnostic performance of PI-RADS v2.1 for prostate cancer (PCa).<h4>Materials and methods</h4>This multicenter retrospective study included 327 patients. The study utilized a sparse representation-based algorithm to generate fusion images, combining pseudo-color ADC maps reflecting tumor cellular density with the anatomical details of T2WI. An expert fellowship-trained urogenital radiologist interpreted all 327 scans based on PI-RADS v2.1. Two radiologists evaluated the cases under both conventional reading and fusion-assisted reading modes to compare reading times and diagnostic performance.<h4>Results</h4>Fusion imaging facilitates enhanced visualization of tumor lesions. Apart from facilitating better tumor visualization, the fusion approach greatly streamlined the reading process and cut down interpretation time. The technique substantially reduced reading times (in Center 1, the average time decreased from 114.94 s to 94.84 s). Regarding diagnostic performance, the accuracy of the senior radiologist in Center 1 increased from 81.59% to 93.86%, and the agreement (Kappa value) improved from 0.632 to 0.877. Furthermore, the fusion technique effectively narrowed the experience gap between readers. As a cognitive aid, T2WI-ADC fusion imaging significantly improves the detection of transition zone lesions and diagnostic performance.<h4>Conclusion</h4>The application of mpMRI fusion imaging as a supplementary diagnostic modality is conducive to narrowing inter-reader discrepancies and improving agreement across readers at different experience levels.",Shi D; Chen Y; Ming S; Cheng P; Wang B; Li J; Wang M; Zhang W; Ruan Y; Du M; Yang Y; Zhang Y; Cao W; Chen L; Chen X; Wei W,"Department of Radiology, The First Affiliated Hospital of USTC, Division of Life Sciences and Medicine, University of Science and Technology of China, Hefei, Anhui 230001, China (D.S, S.M, P.C, J.L, Y.R, M.D., Y.Z., W.C., W.W.).",Academic radiology,2026-09-02,10.1016/j.acra.2026.08.045,2.5,visualization(abstract); visual(abstract),Image fusion; prostate cancer; Multiparametric Mri; Inter-reader Agreement
42701566,Arthroscopic Fixation of Posterior Cruciate Ligament Tibial Avulsion Fractures With Single-Suture and Dual EndoButtons via the Lateral Aspect of the Anterior Cruciate Ligament. ,"Arthroscopic techniques have gradually replaced open surgery as a routine method for treating posterior cruciate ligament tibial avulsion fractures. However, traditional arthroscopic surgery is associated with problems such as limited visualization, unstable fixation, and unsatisfactory reduction. By comparing various methods reported in the literature and integrating clinical experience, our team has developed an optimized technique to address current surgical challenges. Using dual posteromedial portals, we adopt a ""single-suture"" method, in which the same epidural needle and a single suture are employed to encircle the posterior cruciate ligament via the lateral aspect of the anterior cruciate ligament, with dual EndoButtons applied for fixation. This technique not only precisely avoids the meniscofemoral ligaments and anterior cruciate ligament but also eliminates the need for separating the anterior cruciate ligament and posterior cruciate ligament, thus simplifying the procedure and reducing surgical injuries in the whole fixation process. It enhances fixation stability and surgical efficiency and preserves the posterior septum to promote postoperative functional recovery.",Yang S; Wu S; Li Z; Dong C; Dong J,Hebei Medical University Third Hospital Shijiazhuang China.,Arthroscopy techniques,2026-09-05,10.1002/atn2.70219,2.5,visualization(abstract); visual(abstract),
42699607,Experimentally induced mood changes and simultaneously changing heart rate variability (HRV). ,"To investigate the relationship between rapidly changing emotional states and simultaneously measured heart rate variability (HRV). Eighty-two healthy subjects underwent a mood induction procedure while ECG recordings were made. The subjects were asked to look at an image for 30 s and then instructed to visualize the image again with closed eyes for 1 min. RR intervals were calculated as the time between two adjacent R-peaks. HRV was calculated by taking the square root of the mean absolute differences between RR intervals for each 10-s segment. This value was then logarithmically transformed. Following a series of validation analyses, the relationship between mood changes and HRV was assessed. A first positively loaded image corresponded with higher levels of HRV compared to a first negatively loaded image. For the second image of opposite emotional valence, no reversal of HRV could be demonstrated. In contrast, the HRV level measured during the first image continued during the visualization phase of the second image. This study provides evidence that experimentally manipulated mood covaries with HRV. However, when mood states change rapidly, the relationship with HRV is not detectable. Several post-hoc explanations are provided. Possible implications for clinical practice are discussed.",Vroemen M; Marsman A; van Amelsvoort T; Lousberg R,"Department of Psychiatry and Neuropsychology, Maastricht University, Maastricht, the Netherlands.",Health psychology and behavioral medicine,2026-09-03,10.1080/21642850.2026.2709754,2.5,visualization(abstract); visual(abstract),
42685685,A dual-branch time-frequency fusion network for EEG-based classification of Alzheimer's disease and frontotemporal dementia.,"BackgroundAlzheimer's disease (AD) and frontotemporal dementia (FTD) exhibit substantial overlap in clinical manifestations and patterns of brain functional degeneration, which poses significant challenges for automated classification based on electroencephalography (EEG).ObjectiveThis study aims to develop an EEG-based framework capable of simultaneously capturing temporal dynamics and frequency-related characteristics of EEG signals for discrimination among AD, FTD, and cognitively normal (CN) subjects.MethodsA Dual-Branch Time-Frequency Fusion Network (DBTF-Net) based on routine clinical resting-state EEG recordings acquired under eyes-closed conditions is proposed. The model employs parallel temporal and frequency branches to process raw EEG time-series signals and their corresponding time-frequency representations. A global temporal dependency construction mechanism is introduced in the temporal branch to capture both local temporal patterns and long-range temporal dependencies. Feature-level fusion is then performed across the two branches to achieve a collaborative representation of multidimensional brain functional information. The proposed method was systematically evaluated on one three-class classification task (AD versus FTD versus CN) and multiple binary classification tasks.ResultsExperimental results from five-fold cross-validation at the epoch level show the classification accuracies of DBTF-Net as 86.36%±4.28%, 83.01%±6.15%, 92.13%±10.35%, and 88.74%±7.69%% for AD versus FTD versus CN, AD versus CN, FTD versus CN, and AD versus FTD, respectively.ConclusionsThe proposed DBTF-Net leverages temporal and time-frequency information in EEG signals and provides classification of AD and FTD. Visualization analysis further indicates that the model attends to disease-relevant discriminative patterns in time-frequency representations, enhancing the interpretability of its classification decisions.",Yang X; Li X; Wang C; Duan A; Zhou J; Wang J; Jiang Z; Li M,"School of Medical Technology and Engineering, Henan University of Science and Technology, Luoyang, China.",Journal of Alzheimer's disease : JAD,2026-09-02,10.1177/13872877261483197,2.5,visualization(abstract); visual(abstract),Electroencephalography; Alzheimer's disease; Frontotemporal Dementia; Transformer; Dual-branch Network
42672013,Integrating anatomy learning: A comparative study of anatomical digital resource and flipped model with sectra.,"<h4>Background</h4>Innovative modalities have been administered in educating Anatomy to medical undergraduates, specifically Neuroscience because of its clinical significance. For building strong foundation in Anatomy, focus is shifting towards adaptation of digital resources for delivery of content such as three-dimensional (3D) digital resources like 3 D Sectra Visualization Table (SVT). However, lack of dimensional details and relationship of displayed Neuroanatomy images and limited applicability of its digital dissection features necessitate an adjunct teaching strategy to complement the deficiencies in Sectra visualization table. Therefore, to bring about meaningful learning in Neuroanatomy, a model of flipped classroom was designed with existing three-dimensional digital Anatomy resource (3D SVT) and observed the comparison between two approaches on students' academic performance.<h4>Objectives</h4>The study was designed to accomplish the following two objectives: To compare the effect of flipped classroom teaching strategy combined with a 3 D digital Anatomy resource (SVT) and 3D digital Anatomical resource (SVT) alone on students academic performance in Neuroanatomy through pre and post-test scores To assess medical students' perceptions of the flipped classroom model integrated with digital anatomy resources in the context of learning Neuroanatomy.<h4>Methods</h4>A Quasi- experimental study was conducted on two thirty-three medical students. Second year MBBS students were randomly divided into two groups. Group I (Experimental group) was exposed to the flipped classroom with digital anatomical resource while Group II (Control group) was taught through the 3D Sectra session. A pre and the posttest was held before and after each session. A five-point Likert scale questionnaire was administered to evaluate students' perception of the flipped classroom integrated model with Sectra (3 D digital resource). In the present study pre and post test scores of students for two groups were reported, within group comparison was made using Wilcoxon sign rank test and between group comparison was done using Mann Whitney U test. Comparison of test scores was also done with respect to gender.<h4>Results</h4>The results of the study revealed that after exposure to flipped classroom with 3D digital resource, a significant increase in the posttest score of interventional Group was observed in comparison to control Group post test score after receiving session with 3D resource alone (p < 0.001). However, with regards to gender, both male and female students give an average similar performance giving no significant difference in their performance. The reliability coefficient for perceptions of experimental group students after exposure to flipped model showed the overall Cronbach's alpha of 0.94.<h4>Conclusion</h4>The study showed the flipped classroom with 3D digital resource approach significantly improved students' test scores compared to the sessions with 3D resource alone. Moreover, a general positive perception of the new teaching approach was reported by students of flipped classroom.",Abdul Haq A; Ijaz Haider S; Rafi S; Khan N; Butt F; Rehman DE,"Department of Anatomy, Dow Medical College, Dow University of Health Sciences, Karachi, Sind, Pakistan.",PloS one,2026-08-31,10.1371/journal.pone.0356693,2.5,visualization(abstract); visual(abstract),
42680683,Annular Repair Using an All-Suture Anchor Under Unilateral Biportal Endoscopy: Technical Note and Case Series.,"<h4>Objective</h4>Large annular defects after lumbar discectomy remain a major risk factor for recurrent herniation, particularly when the annular tear is located adjacent to the bony endplate, for which no well-established endoscopic repair strategy is currently available. To evaluate the feasibility and early clinical outcomes of a novel endoscopic annular-repair technique using an all-suture anchor implanted into the superior surface of the inferior vertebral endplate, performed entirely through unilateral biportal endoscopy (UBE), for closure of large annular defects near the endplate after lumbar discectomy.<h4>Methods</h4>We present a novel annular repair technique performed entirely under UBE using an all-suture anchor implanted into the superior surface of the inferior vertebral endplate, which is particularly suitable for lumbar disc herniation (LDH) cases involving downward migration of disc fragments. A monofilament shuttle is advanced across the annular tear, enabling passage of high-strength sutures that approximate the torn annulus to bone. We developed a bone-to-annulus repair method in which a monofilament shuttle is passed across the annular tear under direct UBE visualization to deliver high-strength braided sutures through the defect; these sutures are then secured to an all-suture anchor placed in the endplate, tension-tested, and the knot buried within the annulus. The technique was applied in a preliminary consecutive series of five patients presenting with 5-6 mm full-thickness annular defects discovered intraoperatively during UBE discectomy. Procedural time, intraoperative complications, and early clinical and radiographic outcomes were recorded, follow-up included one-month clinical assessment and imaging.<h4>Results</h4>The annular repair was technically feasible in all five cases, with the repair step adding a mean of 16 min to the standard discectomy. There were no intraoperative complications related to anchor placement or suture passage. All patients reported rapid relief of radicular symptoms and were mobilized early postoperatively. At one-month follow-up, clinical examination and imaging demonstrated intact annular repairs with no evidence of recurrent herniation or implant migration.<h4>Conclusion</h4>The described UBE all-suture anchor technique enables direct bone-to-annulus fixation and safe closure of moderate (5-6 mm) full-thickness annular defects through standard endoscopic portals. Early results indicate technical feasibility, safety, and promising short-term clinical outcomes. Further biomechanical validation and longer-term, larger-cohort studies are required to determine its effectiveness in reducing recurrent LDH.",Shi P; Liu J; Li C; Gao M; Chang S; Ma X; Xiang H,"Department of Spinal Surgery, The Affiliated Hospital of Qingdao University, Qingdao, China.",Orthopaedic surgery,2026-09-01,10.1111/os.70415,2.5,visualization(abstract); visual(abstract),Lumbar disc herniation; Annular Repair; Unilateral Biportal Endoscopy; All‐suture Anchor
42685826,MRI Distortion Correction Produces Geometrically Relevant Shifts in Cisternal Trigeminal Nerve Localization: Implications for Gamma Knife Radiosurgery.,"<h4>Objective</h4>Gamma Knife radiosurgery (GKRS) for trigeminal neuralgia (TN) requires millimeter-scale accuracy because a single 4-mm collimator targets the cisternal trigeminal nerve (CTN). MRI is essential for CTN visualization but is vulnerable to geometric distortion, particularly near the skull base. This study evaluated whether CT-based MRI distortion correction produces geometrically relevant changes in CTN localization.<h4>Methods</h4>Forty adult patients with normal intracranial anatomy who underwent cranial MRI and CT were retrospectively analyzed. Bilateral CTN segmentations were performed on uncorrected and distortion-corrected MRI by two independent raters. Segmentation masks were exported to 3D Slicer to extract center-of-mass (CoM) coordinates. The primary endpoint was patient-level 3D Euclidean CoM shift between corrected and uncorrected MRI. Dice Similarity Coefficient (DSC), axis-specific displacement, threshold positivity, inter-rater reliability, and Bland-Altman agreement were also assessed.<h4>Results</h4>The mean patient-level 3D shift was 1.12 ± 0.34 mm. All patients had at least one side-rater observation exceeding 0.5 mm, and 28 of 40 patients (70.0%) had at least one observation exceeding 1.0 mm. Mean DSC was 0.84 ± 0.03, indicating high but incomplete volumetric overlap. Displacement was anisotropic, with absolute magnitudes ordered as |ΔY| > |ΔX| > |ΔZ|. Inter-rater reliability was excellent, with ICC(A,1) values ranging from 0.927 to 0.988.<h4>Conclusion</h4>CT-based MRI distortion correction produces measurable, anatomically structured shifts in CTN localization. These shifts are non-negligible relative to the 4-mm GKRS collimator. Their clinical consequences remain unknown; dosimetric and outcome studies in treated cohorts are required to determine whether correction alters nerve dose coverage or clinical results.",Duzkalir AH; Duzkalir HG; Yildirim DC; Askeroglu MO; Peker S,"Department of Neurosurgery, Koc University Hospital, Istanbul, Turkey.",Neuro-Chirurgie,2026-09-02,10.1016/j.neuchi.2026.101874,2.5,visualization(abstract); visual(abstract),Trigeminal neuralgia; Gamma Knife Radiosurgery; Cisternal Trigeminal Nerve; Computed Tomography-based Distortion Correction; Magnetic Resonance Imaging Distortion
42666764,Subtonsillar Approach to a Polylobulated Posterior Inferior Cerebellar Artery Aneurysm: A Case Illustration.,"<h4>Background and importance</h4>Dysplastic and polylobulated aneurysms of the posterior inferior cerebellar artery (PICA) present significant technical challenges because of their irregular geometry and proximity to the lower cranial nerves and brainstem perforators. When endovascular options carry elevated risks, microsurgical clip reconstruction remains a definitive treatment to restore the vascular architecture.<h4>Clinical presentation</h4>A 46-year-old woman presented for the elective surgical management of an unruptured, polylobulated left PICA aneurysm. She had a history of subarachnoid hemorrhage secondary to a ruptured anterior communicating artery aneurysm, which was successfully clipped alongside an unruptured right middle cerebral artery aneurysm in November 2024. Interdisciplinary case discussion considered endovascular treatment, including flow-diverting stents; however, the patient was unwilling to take dual antiplatelet therapy (aspirin and clopidogrel), and digital subtraction angiography demonstrated complex polylobulated morphology with multiple small perforators arising from the aneurysm base, making endovascular therapy high-risk. Microsurgical intervention was chosen because the surgical approach allowed for direct visualization and safe control of the aneurysm and surrounding neurovascular structures. A left medial suboccipital craniotomy with a subtonsillar approach was used. Stepwise reconstruction was performed using 2 straight mini clips (Aesculap No. 710 and 720) under continuous intraoperative neuromonitoring, including somatosensory evoked potentials, motor evoked potentials, and cranial nerve IX-XII electromyography. Multimodal verification, including microvascular Doppler, aneurysm puncture, and indocyanine green videoangiography, confirmed complete aneurysm obliteration and preservation of the parent vessel and perforators. The patient was discharged on postoperative day 4 without neurological deficits. Follow-up at 3 months confirmed favorable clinical and radiological outcome.<h4>Conclusion</h4>For complex PICA aneurysms, a systematic approach incorporating subtonsillar exposure and multimodal intraoperative verification helps ensure complete exclusion while protecting the local neurovascular circulation.",Liu H; Bai J; Muhammad S,"Department of Neurosurgery, Düsseldorf University Hospital, Heinrich-Heine University Düsseldorf, Düsseldorf, Germany.",Neurosurgery practice,2026-09-02,10.1227/neuprac.0000000000000285,2.5,visualization(abstract); visual(abstract),Indocyanine Green Videoangiography; Posterior Inferior Cerebellar Artery; Microsurgical Clipping; Suboccipital Craniotomy; Clip Reconstruction; Polylobulated Aneurysm
42692291,Supraorbital Keyhole Neuroendoscopic Evacuation for Selected Basal Ganglia Intracerebral Hemorrhage: A Preliminary Technical Case Series.,"<h4>Objective</h4>To explore optimized minimally invasive strategies for the treatment of spontaneous intracerebral hemorrhage (sICH) in the basal ganglia, this study describes the technical feasibility and preliminarily experience of the supraorbital keyhole (SOK) approach combined with neuroendoscopic hematoma evacuation in anatomically selected patients.<h4>Methods</h4>This preliminary technical report retrospectively analyzed 5 consecutive patients with basal ganglia sICH who were admitted between September 2025 and February 2026 and met predefined anatomical selection criteria, including a hematoma long axis parallel to the midline. Intraoperatively, neuronavigation was used to plan the surgical trajectory, and hematoma evacuation and hemostasis were performed under direct visualization through a small supraorbital bone window.<h4>Results</h4>The results showed that all 5 procedures were completed successfully. The median operative time was 245 min (range, 125-285 min), and the median intraoperative blood loss was 50 mL. The median hematoma evacuation rate was 90% (mean, 74%), with 3 patients (60%) achieving an evacuation rate of ≥90%. No postoperative rebleeding in the operative field or cerebrospinal fluid leakage was observed. One patient with severe ventricular casting developed postoperative intracranial infection and had an unfavorable short-term outcome (Glasgow Outcome Scale score 2). At follow-up, the remaining 4 patients had GOS scores of 3-4.<h4>Conclusions</h4>In this small preliminary series, the SOK approach combined with neuroendoscopic techniques appears technically feasible for anatomically selected basal ganglia sICH. Further validation of its safety and clinical effectiveness in larger retrospective studies is warranted.",Kaishu L; Guangce D; Bochao L; Yuehua W; Xiaofeng D; Beixuan G; Minmin Z; Yuanpeng X; Zhenmin M; Qiang Y; Lei A; Jianwei Z; Wenzhong H; Han G,"Department of Neurosurgery, The affiliated Qingyuan hospital (Qingyuan people's hospital), Guangzhou medical University.",World neurosurgery,2026-09-03,10.1016/j.wneu.2026.125279,2.5,visualization(abstract); visual(abstract),
42671665,"Dose control in robot-assisted seed brachytherapy: challenges, current status, and future directions.","Seed brachytherapy treats a range of localized solid tumors, where efficacy and normal-tissue sparing depend on precise dose control. Advancing it from geometry-controlled execution toward autonomous, dose-controlled delivery is obstructed by the irreversibility of implantation: once released, a seed fixes its dosimetric contribution permanently. Errors arising from plan-to-anatomy mismatch, placement imprecision, and limited intraoperative assessment therefore become embedded in the realized dose distribution, beyond postoperative correction. Correction is available only during the procedure, which places the robot in the path from a computed dose strategy to a verified outcome. Real-time imaging aids visualization, yet the feedback it supports falls short in resolution, in latency, or in its coupling to execution, and does not close the loop. This narrative review maps the technologies for robot-assisted closed-loop dose control onto a five-layer control architecture. The architecture is organized around robotic execution as the physical core of the loop (actuation), together with the layers built upon it: intraoperative sensing and anatomical updating (perception); real-time dose computation (computation); adaptive replanning (decision); formal safety assurance (supervision). Each layer has advanced, though none has reached the threshold for clinical deployment. We identify the bottlenecks and propose a roadmap driven by real-time seed localization resolved for orientation, intraoperative contour recovery, near-real-time dose surrogates, irreversibility-aware replanning, and formally verifiable safety architectures. Beyond brachytherapy, these requirements point toward verifiable autonomy in image-guided interventional surgery, where irreversible actions require robotic execution under provable safety guarantees.",Zhang Y; Gao G; Zhang F; Lin L; Huang T,"Key Laboratory of Advanced Manufacturing and Intelligent Technology, Harbin University of Science and Technology, Harbin, 150080, China. zhangyd@hrbust.edu.cn.",Journal of robotic surgery,2026-08-31,10.1007/s11701-026-03868-7,2.5,visualization(abstract); visual(abstract),Adaptive Treatment Planning; Closed-loop Dose Control; Intraoperative Dose Verification; Robot-assisted Seed Brachytherapy
42680083,Identification of MDV and REV Using RPA-CRISPR/Cas12a Combined with Fluorescence and Lateral Flow Assays.,"Marek's disease virus (MDV) and reticuloendotheliosis virus (REV) are two major immunosuppressive oncogenic viruses that severely threaten the global poultry industry. Field co-infection of these two pathogens is prevalent, accompanied by highly similar pathological lesions, making conventional diagnostic technologies incapable of rapid on-site differential identification. Recombinase polymerase amplification (RPA) coupled with the CRISPR/Cas12a system represents an innovative platform for rapid nucleic acid detection. In this study, target-specific crRNAs were designed against the conserved unique genes of MDV and REV, respectively, to establish a CRISPR-based diagnostic system capable of differentiating the two viruses for the first time. Comprehensive optimization of RPA reaction composition, buffer formulation and incubation temperature improved the overall detection performance. Three independent visual signal readout modalities were supported by this assay, including real-time fluorescence quantification, naked-eye fluorescence visualization under blue light, and lateral flow assay (LFA). Sensitivity evaluation demonstrated that the limit of detection (LOD) reached 1×10<sup>0</sup> copies/μL for MDV and 1×10<sup>1</sup> copies/μL for REV. Specificity assays verified that the system only generated specific positive signals in response to target viruses without cross-reactivity against other common avian oncogenic viruses and their subgroups. Blind testing of 30 clinical chick fecal specimens revealed that the assay achieved a 100% positive detection rate for both viruses when referenced to qPCR and RT-qPCR, with outstanding diagnostic efficacy and perfect detection consistency. Collectively, the developed RPA-CRISPR/Cas12a assay overcomes the limitations of traditional diagnostic methods and holds great promise for on-site routine screening in poultry farms and epidemiological surveillance of MDV and REV.",Han R; Xiao N; Wang J; Wu Z; Wang X; Tang X,"College of Animal Science and Technology, Guangxi University, Nanning, Guangxi, 530004, China.",Analytical biochemistry,2026-09-01,10.1016/j.ab.2026.116240,2.5,visualization(abstract); visual(abstract),MDV; RPA; Rev; Rapid detection; Lfa; Crispr/cas12a
42674319,"Engineering peptide-drug conjugates for targeted cancer therapy: design principle, theranostic imaging, and translational challenges.","Peptide-drug conjugates (PDCs) are emerging as a next-generation class of targeted therapeutics designed to overcome key limitations associated with conventional chemotherapy and antibody-drug conjugates (ADCs). By integrating a tumor-homing peptide, a cleavable or stimuli-responsive linker, and a potent cytotoxic payload, PDCs offer enhanced tumor selectivity while maintaining structural simplicity and synthetic flexibility. Compared to bulky monoclonal antibody-based systems, PDCs possess significantly smaller molecular size, enabling improved tumor penetration, rapid tissue diffusion, and reduced immunogenicity. Recent advances in peptide engineering have facilitated the development of ligands targeting integrins, G protein-coupled receptors, and other tumor-overexpressed biomarkers, promoting receptor-mediated internalization and intracellular drug release. Linker chemistry plays a pivotal role in therapeutic performance, with enzyme-sensitive, redox-responsive, and pH-cleavable linkers enabling site-specific drug activation within the tumor microenvironment. Despite their promise, PDCs face challenges including rapid renal clearance, proteolytic degradation, and limited circulation half-life. Strategies such as cyclization, PEGylation, and albumin-binding modification have been explored to enhance stability and pharmacokinetics. Furthermore, emerging theranostic PDC platforms incorporate imaging moieties or radiolabels, enabling real-time visualization of tumor targeting, biodistribution, and treatment response. Such dual-functional systems facilitate biomarker-guided patient stratification and image-guided precision therapy. This review comprehensively discusses the structural design principles, delivery barriers, pharmacokinetic considerations, applications, imaging advancements, and current clinical landscape of PDCs, highlighting their advantages over ADCs and outlining future directions for precision oncology. Collectively, PDCs represent a promising and versatile platform poised to redefine targeted cytotoxic delivery in cancer therapy.",Kumar A; Sharma R; Yadav AK,"Department of Pharmaceutics, National Institute of Pharmaceutical Education and Research (NIPER) Raebareli (An Institute of National Importance under the Department of Pharmaceuticals, Ministry of Chemicals and Fertilizers, GOI), A Transit Campus at Bijnor-Sisendi Road, Near CRPF Base Camp, Sarojini Nagar, Lucknow, Uttar Pradesh 226002, India.",Advanced drug delivery reviews,2026-08-31,10.1016/j.addr.2026.115960,2.5,visualization(abstract); visual(abstract),Tumor; Imaging; Controlled release; Drug Delivery; Targeted Therapeutics; Peptide-drug Conjugates
42696013,Laser speckle flowgraphy (LSFG) in retinal vein occlusion and central serous chorioretinopathy: a systematic review of the recent literature.,"<h4>Purpose</h4>Laser Speckle Flowgraphy (LSFG) is a non-invasive imaging technology that quantitatively evaluates retinal and choroidal blood flow by analyzing speckle patterns generated by laser light scattering. Compared with OCT-A, which provides detailed visualization of retinal and choroidal microvascular architecture, LSFG offers dynamic quantitative information on ocular blood flow. This systematic review summarizes the application of LSFG in two major vascular diseases: retinal vein occlusion (RVO), and central serous chorioretinopathy (CSCR).<h4>Methods</h4>This second part of a PRISMA-guided systematic review evaluates LSFG in RVO and CSCR, including studies published in English retrieved throughout a comprehensive literature search (2010-2025) conducted in PubMed, Cochrane Library and EMBASE.<h4>Results</h4>Twenty-nine studies (966 eyes: 700 RVO, 266 CSCR) were analyzed. Across retinal vein occlusion, LSFG consistently showed that lower retinal mean blur rate (MBR) associates with higher VEGF/other cytokines, greater ischemia, and worse visual prognosis, while higher baseline or early post-injection MBR predicts better central macular thickness reduction, fewer recurrences, and superior visual recovery. total capillary resistance correlated with clinical severity and visual outcomes. In CSCR, elevated choroidal MBR during the acute phase and its reduction after photodynamic therapy highlighted choroidal hyperperfusion as a key pathogenic mechanism.<h4>Conclusions</h4>LSFG captures rapid, reproducible, and non-invasive functional perfusion and vascular-resistance dynamics in RVO and CSCR, complementing OCT-A structural microvascular metrics. Despite heterogeneity and the lack of meta-analysis, LSFG integration into multimodal imaging appears clinically valuable for early diagnosis, risk stratification, treatment monitoring, and the support of individualized care pathways in retinal and choroidal vascular disorders.",Bellucci C; Virgili M; Romano A; Carta A; Mora P,"Ophthalmology Unit, University of Parma, Parma, Italy.",Graefe's archive for clinical and experimental ophthalmology = Albrecht von Graefes Archiv fur klinische und experimentelle Ophthalmologie,2026-09-04,10.1007/s00417-026-07461-4,2.5,visualization(abstract); visual(abstract),Retinal Vein Occlusion; Central Serous Chorioretinopathy; Choroidal Blood Flow; Laser Speckle Flowgraphy; Retinal Perfusion; Ocular Hemodynamics
42692260,Paragangliomas and Pheochromocytomas: Integrating Developmental Biology With Translational Technologies. A Narrative Review.,"Pheochromocytomas and paragangliomas (PGLs) are rare neural crest-derived neuroendocrine neoplasms with highly variable clinical behavior and limited therapeutic options in metastatic disease. From a pathology perspective, diagnosis and risk assessment have traditionally relied on histomorphology and immunohistochemistry. However, conventional parameters remain insufficient to reliably predict biological behavior. Over the past decade, genomic and transcriptomic profiling have refined molecular classification, yet genotype-based stratification alone does not fully explain heterogeneity in tumor progression, immune composition, or treatment response. This review examines the evolution of experimental and analytical approaches to PGLs through a pathology-centered lens. We first discuss how advances in developmental biology and molecular classification have reshaped understanding of tumor heterogeneity beyond morphology. We then highlight the growing recognition of the tumor microenvironment as a critical determinant of tumor behavior. In this context, spatially resolved protein profiling, including multiplex immunofluorescence (mIF), has emerged as an important extension of traditional immunohistochemistry, enabling simultaneous visualization of immune and tumor cell populations within preserved tissue architecture. These approaches provide functional insight that cannot be derived from bulk genomic analyses alone. Despite these advances, translation into therapeutic innovations has been hampered by the lack of physiologically relevant human model systems. Early two-dimensional cell cultures and rodent models provided foundational mechanistic insights but fail to recapitulate human tumor architecture and microenvironmental interactions. The recent establishment of patient-derived PGL organoids represents a significant step forward, preserving chromaffin lineage features and enabling ex vivo pharmacologic interrogation. Taken together, the progression from histopathological assessment to spatial immune profiling and advanced three-dimensional human modeling defines a conceptual framework in which functional therapeutic testing may become integrated into future pathology-driven translational research in PGLs.",de Bresser CJM; de Krijger RR,"Department of Vascular Surgery, University Utrecht Medical Center, Utrecht, The Netherlands.","Modern pathology : an official journal of the United States and Canadian Academy of Pathology, Inc",2026-09-03,10.1016/j.modpat.2026.101051,2.5,visualization(abstract); visual(abstract),Pheochromocytoma; Molecular classification; neural crest; Tumor Microenvironment; Extra-adrenal Paraganglioma; Sympathoadrenal Development; Patient-derived Organoids; Multiplex Immunofluorescence; Spatial Profiling; Immune Stratification
42675280,A Temporal-Consistency Segmentation-Inpainting Virtual Subtraction for Roadmap Imaging.,"Digital subtraction angiography (DSA) roadmap imaging is widely used in endovascular interventions, but conventional mask-based subtraction is often affected by device contamination and motion-related misregistration. Existing mask-free methods commonly rely on unconstrained image synthesis, with limited interpretability and temporal stability. This study developed an interpretable virtual subtraction framework that uses temporal information to improve guidewire visualization and background reconstruction without a physical mask. A temporal-consistency segmentation-inpainting framework was developed to generate device-only subtraction images from consecutive fluoroscopic frames. A motion-adaptive spatiotemporal attention module adjusted temporal feature aggregation according to inter-frame guidewire motion. Historical frames were aligned and combined through confidence-weighted aggregation to guide mean-reverting stochastic differential equation-based background inpainting. An explicit temporal-consistency objective was used to reduce fluctuations between consecutive reconstructed backgrounds. The framework was evaluated on clinical fluoroscopic sequences acquired at three hospitals through comparisons with recent guidewire segmentation and synthetic DSA generation methods, component-wise ablation studies, sensitivity analyses, and quantitative image-quality assessment. The proposed segmentation network achieved a Dice coefficient of 0.917 and a guidewire breakage rate of 3.7%. Background reconstruction achieved a peak signal-to-noise ratio of 31.9 dB and a structural similarity index of 0.925. Additional experiments showed that five input frames at 15 fps provided the best balance between segmentation accuracy and guidewire continuity, while five historical reference frames and 50 reverse-process sampling steps provided a favorable balance between reconstruction quality and inference time. The proposed framework enables mask-free virtual subtraction by integrating temporal information into guidewire segmentation and background reconstruction. It improves guidewire continuity and promotes stable background reconstruction while retaining an interpretable and spatially constrained processing pipeline for DSA roadmap imaging.",Zheng C; Mao W; Liu Y; Jiang C; Shi Z; Yao T; Ma C; Qi P,"Department of Control Science and Engineering, College of Electronics and Information Engineering, and Shanghai Institute of Intelligent Science and Technology, Tongji University, Shanghai, China.",Journal of imaging informatics in medicine,2026-08-31,10.1007/s10278-026-02211-8,2.5,visualization(abstract); visual(abstract),Digital Subtraction Angiography; Temporal Consistency; Roadmap Imaging
42677498,(Holo-PACS): use of holograms to improve provider acumen when reading clinical radiographic scans.,"<h4>Background and purpose</h4>Vascular Neurology (VN) fellowship education in CTA interpretation is critical, given the increased opportunities for tissue salvage via neurointervention. Holo-Stroke-CTA 3D visualization has already shown improved accuracy and satisfaction for vessel occlusion detection. Our aim in this present analysis was to determine if focused education in CTA reading, including addition of Holo-Stroke-CTA and immediate access to clinical PACS images during team meetings (Holo-PACS), would improve fellow and team education.<h4>Methods</h4>Four VN fellows scored 3 sets of de-identified CTAs (DICOM Group-A (<i>n</i> = 12), DICOM Group-B (<i>n</i> = 12), and Holo-Stroke-CTA Group-C (<i>n</i> = 24) to assess for LVOs/MeVOs. After each set, a training session was given. Concurrently, Holo-PACS, accessing our enterprise PACS system via secure Intranet, was utilized in weekly team conferences. Likert surveys assessed satisfaction. Wilcoxon Signed Rank was used for non-parametric, and Exact Binomial Test was used for preference comparisons.<h4>Results</h4>The overall correct percentage was 63% DICOM Group A vs. 97% Group C Holo-PACS. MCA (75%,94%), ICA (75%,100%), and Basilar (100%,100%) locations scored high, with marked improvement for ACA (13%,100%), and PCA (38%,94%). Likert satisfaction overall was 47% DICOM vs. 94% Holo-PACS. 'Satisfaction' scores were (55%,90%), 'Immersion' (34%,96%), 'Ease of Use' (53%,87%), 'Accuracy' (55%,93%), 'Technology Advancement' (42%,98%), and 'Enthusiasm' (45%,97%).<h4>Conclusions</h4>The Holo-PACS initiative, including focused CTA education and implementing both Holo-Stroke-CTA and secure connection to PACS imaging using Holo-PACS during weekly team meetings, resulted in an improved ability to interpret CTAs and robust immersive satisfaction. Holo-PACS is becoming integral to our stroke education and training, and may serve as a model for vascular neurology fellowship training programs.",Meyer BC; Shifflett B; Liu W; Agrawal K; Meyer DM; Bavarsad Shahripour R; Modir R; Hemmen TM; Batarseh S; D'Souza M; Hu T; Phan C; Radonich A; Weibel N,"Neurosciences, University of California San Diego, La Jolla, California, USA.",Neurological research,2026-09-01,10.1080/01616412.2026.2714537,2.5,visualization(abstract); visual(abstract),Stroke; CTA; Education; Satisfaction; Fellowship; Augmented Reality; Hologram
42675364,Measuring the Health of Philadelphia's City Council Districts.,"Analyzing data by geopolitical districts, like congressional districts, is increasing in popularity in public health monitoring and evaluation but remains relatively rare compared to geographies such as census tracts and counties. In this study, we use city council districts in the City of Philadelphia to illustrate the utility and importance of investigating public health metrics by local political districts. We report on two metrics-tree canopy coverage and health insurance coverage-by city council district and census tract. We discuss the variation within and between districts to show heterogeneity across the city. Lastly, we discuss ways that data can be made accessible to the public through an online dashboard to support advocacy with local politicians.",Rushovich T; Bolli A; Schnake-Mahl A; Hernandez SM,"Drexel Dornsife School of Public Health, Urban Health Collaborative, Philadelphia, USA. tr842@drexel.edu.",Journal of urban health : bulletin of the New York Academy of Medicine,2026-08-31,10.1007/s11524-026-01141-8,2.0,dashboard(abstract); data(abstract),Philadelphia; Political Determinants Of Health; City Council Districts
